{
  "type": "FeatureCollection",
  "features": [
    {
      "type": "Feature",
      "geometry": { "type": "Point", "coordinates": [76.3158446, 9.9055973] },
      "properties": { "highway": "street_lamp" },
      "geohash": "t9y22e782"
    },
    {
      "type": "Feature",
      "geometry": { "type": "Point", "coordinates": [76.3166579, 9.9102304] },
      "properties": { "highway": "street_lamp" },
      "geohash": "t9y22sh57"
    },
    {
      "type": "Feature",
      "geometry": { "type": "Point", "coordinates": [76.3164993, 9.9092782] },
      "properties": { "highway": "street_lamp" },
      "geohash": "t9y22egvx"
    },
    {
      "type": "Feature",
      "geometry": { "type": "Point", "coordinates": [76.30958, 9.8952126] },
      "properties": { "highway": "street_lamp" },
      "geohash": "t9y223qgy"
    },
    {
      "type": "Feature",
      "geometry": { "type": "Point", "coordinates": [76.3074221, 9.9015123] },
      "properties": { "highway": "street_lamp" },
      "geohash": "t9y226t27"
    },
    {
      "type": "Feature",
      "geometry": { "type": "Point", "coordinates": [76.3100789, 9.894737] },
      "properties": { "highway": "street_lamp" },
      "geohash": "t9y223r31"
    },
    {
      "type": "Feature",
      "geometry": { "type": "Point", "coordinates": [76.3070027, 9.9028144] },
      "properties": { "highway": "street_lamp" },
      "geohash": "t9y226v04"
    },
    {
      "type": "Feature",
      "geometry": { "type": "Point", "coordinates": [76.3077786, 9.8989511] },
      "properties": { "highway": "street_lamp" },
      "geohash": "t9y226j9s"
    },
    {
      "type": "Feature",
      "geometry": { "type": "Point", "coordinates": [76.3103916, 9.8942719] },
      "properties": { "highway": "street_lamp" },
      "geohash": "t9y223pw3"
    },
    {
      "type": "Feature",
      "geometry": { "type": "Point", "coordinates": [76.3120418, 9.8886807] },
      "properties": { "highway": "street_lamp" },
      "geohash": "t9y2280tx"
    },
    {
      "type": "Feature",
      "geometry": { "type": "Point", "coordinates": [76.3116867, 9.8896073] },
      "properties": { "highway": "street_lamp" },
      "geohash": "t9y22827p"
    },
    {
      "type": "Feature",
      "geometry": { "type": "Point", "coordinates": [76.3119115, 9.8890172] },
      "properties": { "highway": "street_lamp" },
      "geohash": "t9y2280xs"
    },
    {
      "type": "Feature",
      "geometry": { "type": "Point", "coordinates": [76.3121141, 9.8884357] },
      "properties": { "highway": "street_lamp" },
      "geohash": "t9y2280u3"
    },
    {
      "type": "Feature",
      "geometry": { "type": "Point", "coordinates": [76.3118369, 9.8892295] },
      "properties": { "highway": "street_lamp" },
      "geohash": "t9y22828f"
    },
    {
      "type": "Feature",
      "geometry": { "type": "Point", "coordinates": [76.3126979, 9.8920365] },
      "properties": { "highway": "street_lamp" },
      "geohash": "t9y228c1q"
    },
    {
      "type": "Feature",
      "geometry": { "type": "Point", "coordinates": [76.3106462, 9.8884428] },
      "properties": { "highway": "street_lamp" },
      "geohash": "t9y222psq"
    },
    {
      "type": "Feature",
      "geometry": { "type": "Point", "coordinates": [76.3123106, 9.8911369] },
      "properties": { "highway": "street_lamp" },
      "geohash": "t9y2288uj"
    },
    {
      "type": "Feature",
      "geometry": { "type": "Point", "coordinates": [76.3137548, 9.8965623] },
      "properties": { "highway": "street_lamp" },
      "geohash": "t9y2299gx"
    },
    {
      "type": "Feature",
      "geometry": { "type": "Point", "coordinates": [76.3268757, 9.8906547] },
      "properties": { "highway": "street_lamp" },
      "geohash": "t9y22be91"
    },
    {
      "type": "Feature",
      "geometry": { "type": "Point", "coordinates": [76.3289892, 9.8864902] },
      "properties": { "highway": "street_lamp" },
      "geohash": "t9y20zv0f"
    },
    {
      "type": "Feature",
      "geometry": { "type": "Point", "coordinates": [76.3272821, 9.8903595] },
      "properties": { "highway": "street_lamp" },
      "geohash": "t9y22b7zd"
    },
    {
      "type": "Feature",
      "geometry": { "type": "Point", "coordinates": [76.3276256, 9.9031239] },
      "properties": { "highway": "street_lamp" },
      "geohash": "t9y22fu1f"
    },
    {
      "type": "Feature",
      "geometry": { "type": "Point", "coordinates": [76.3217869, 9.9152613] },
      "properties": { "highway": "street_lamp" },
      "geohash": "t9y22tpbd"
    },
    {
      "type": "Feature",
      "geometry": { "type": "Point", "coordinates": [76.3217428, 9.9153777] },
      "properties": { "highway": "street_lamp" },
      "geohash": "t9y22tpc3"
    },
    {
      "type": "Feature",
      "geometry": { "type": "Point", "coordinates": [76.5280721, 9.6098132] },
      "properties": { "highway": "street_lamp", "lamp_type": "fluorescent" },
      "geohash": "t9wqtmqj1"
    },
    {
      "type": "Feature",
      "geometry": { "type": "Point", "coordinates": [76.8562627, 9.0924943] },
      "properties": { "highway": "street_lamp", "lamp_type": "electric" },
      "geohash": "t9weszjp8"
    },
    {
      "type": "Feature",
      "geometry": { "type": "Point", "coordinates": [75.5683701, 11.8580699] },
      "properties": { "highway": "street_lamp" },
      "geohash": "tdjerwenq"
    },
    {
      "type": "Feature",
      "geometry": { "type": "Point", "coordinates": [76.1480587, 10.6295744] },
      "properties": { "highway": "street_lamp", "lamp_type": "electric" },
      "geohash": "t9yhkz13f"
    },
    {
      "type": "Feature",
      "geometry": { "type": "Point", "coordinates": [76.144601, 10.6255393] },
      "properties": { "highway": "street_lamp", "survey:date": "2016-07-15" },
      "geohash": "t9yhkwqf3"
    },
    {
      "type": "Feature",
      "geometry": { "type": "Point", "coordinates": [76.1473485, 10.6324402] },
      "properties": { "highway": "street_lamp", "name": "streetlight" },
      "geohash": "t9yhkz8f3"
    },
    {
      "type": "Feature",
      "geometry": { "type": "Point", "coordinates": [76.3276198, 9.8934404] },
      "properties": { "highway": "street_lamp" },
      "geohash": "t9y22ch16"
    },
    {
      "type": "Feature",
      "geometry": { "type": "Point", "coordinates": [76.3290842, 9.8938598] },
      "properties": { "highway": "street_lamp" },
      "geohash": "t9y22cj5u"
    },
    {
      "type": "Feature",
      "geometry": { "type": "Point", "coordinates": [76.3100637, 9.9109697] },
      "properties": { "highway": "street_lamp" },
      "geohash": "t9y22kpr9"
    },
    {
      "type": "Feature",
      "geometry": { "type": "Point", "coordinates": [76.3121432, 9.9126632] },
      "properties": { "highway": "street_lamp" },
      "geohash": "t9y22s8c3"
    },
    {
      "type": "Feature",
      "geometry": { "type": "Point", "coordinates": [76.3095554, 9.9137315] },
      "properties": { "highway": "street_lamp" },
      "geohash": "t9y22kwzt"
    },
    {
      "type": "Feature",
      "geometry": { "type": "Point", "coordinates": [76.3296161, 9.8940379] },
      "properties": { "highway": "street_lamp" },
      "geohash": "t9y22cjsb"
    },
    {
      "type": "Feature",
      "geometry": { "type": "Point", "coordinates": [76.3298702, 9.8940926] },
      "properties": { "highway": "street_lamp" },
      "geohash": "t9y22cjtq"
    },
    {
      "type": "Feature",
      "geometry": { "type": "Point", "coordinates": [76.3309249, 9.8942926] },
      "properties": { "highway": "street_lamp" },
      "geohash": "t9y22cnqr"
    },
    {
      "type": "Feature",
      "geometry": { "type": "Point", "coordinates": [76.3285618, 9.8901343] },
      "properties": { "highway": "street_lamp" },
      "geohash": "t9y22bky0"
    },
    {
      "type": "Feature",
      "geometry": { "type": "Point", "coordinates": [76.3296027, 9.8903072] },
      "properties": { "highway": "street_lamp" },
      "geohash": "t9y22bmx0"
    },
    {
      "type": "Feature",
      "geometry": { "type": "Point", "coordinates": [76.3317691, 9.8905797] },
      "properties": { "highway": "street_lamp" },
      "geohash": "t9y22bx0g"
    },
    {
      "type": "Feature",
      "geometry": { "type": "Point", "coordinates": [76.3316307, 9.8912098] },
      "properties": { "highway": "street_lamp" },
      "geohash": "t9y22bwur"
    },
    {
      "type": "Feature",
      "geometry": { "type": "Point", "coordinates": [76.3315861, 9.8923633] },
      "properties": { "highway": "street_lamp" },
      "geohash": "t9y22bygn"
    },
    {
      "type": "Feature",
      "geometry": { "type": "Point", "coordinates": [76.3314027, 9.8931094] },
      "properties": { "highway": "street_lamp" },
      "geohash": "t9y22byzd"
    },
    {
      "type": "Feature",
      "geometry": { "type": "Point", "coordinates": [76.3311383, 9.8935468] },
      "properties": { "highway": "street_lamp" },
      "geohash": "t9y22cndh"
    },
    {
      "type": "Feature",
      "geometry": { "type": "Point", "coordinates": [76.3311255, 9.8943015] },
      "properties": { "highway": "street_lamp" },
      "geohash": "t9y22cnwk"
    },
    {
      "type": "Feature",
      "geometry": { "type": "Point", "coordinates": [76.6748707, 8.9584354] },
      "properties": {
        "highway": "street_lamp",
        "highway_1": "traffic_signals",
        "junction": "yes",
        "name": "Mukkada Junction"
      },
      "geohash": "t9wdbybft"
    },
    {
      "type": "Feature",
      "geometry": { "type": "Point", "coordinates": [76.3568329, 10.1077663] },
      "properties": { "highway": "street_lamp", "name": "High Mast Lamp" },
      "geohash": "t9y398165"
    },
    {
      "type": "Feature",
      "geometry": { "type": "Point", "coordinates": [76.8873322, 8.5650472] },
      "properties": { "highway": "street_lamp" },
      "geohash": "t9w8tx5xh"
    },
    {
      "type": "Feature",
      "geometry": { "type": "Point", "coordinates": [76.8801929, 8.5585226] },
      "properties": { "highway": "street_lamp" },
      "geohash": "t9w8tqn3n"
    },
    {
      "type": "Feature",
      "geometry": { "type": "Point", "coordinates": [76.3188973, 9.9033732] },
      "properties": { "highway": "street_lamp" },
      "geohash": "t9y22dver"
    },
    {
      "type": "Feature",
      "geometry": { "type": "Point", "coordinates": [76.3124946, 9.9026069] },
      "properties": { "highway": "street_lamp" },
      "geohash": "t9y22d9nf"
    },
    {
      "type": "Feature",
      "geometry": { "type": "Point", "coordinates": [76.3120604, 9.9025295] },
      "properties": { "highway": "street_lamp" },
      "geohash": "t9y22d8wr"
    },
    {
      "type": "Feature",
      "geometry": { "type": "Point", "coordinates": [76.3110047, 9.9023414] },
      "properties": { "highway": "street_lamp" },
      "geohash": "t9y226xvr"
    },
    {
      "type": "Feature",
      "geometry": { "type": "Point", "coordinates": [76.2119946, 10.5245065] },
      "properties": { "highway": "street_lamp", "lamp_type": "electric" },
      "geohash": "t9y5y5zvs"
    },
    {
      "type": "Feature",
      "geometry": { "type": "Point", "coordinates": [76.3194224, 9.9096893] },
      "properties": { "highway": "street_lamp" },
      "geohash": "t9y22sn05"
    },
    {
      "type": "Feature",
      "geometry": { "type": "Point", "coordinates": [76.320858, 9.9134544] },
      "properties": { "highway": "street_lamp" },
      "geohash": "t9y22sxnh"
    },
    {
      "type": "Feature",
      "geometry": { "type": "Point", "coordinates": [76.3350076, 9.901802] },
      "properties": { "highway": "street_lamp" },
      "geohash": "t9y23496n"
    },
    {
      "type": "Feature",
      "geometry": { "type": "Point", "coordinates": [76.3359796, 9.8992472] },
      "properties": { "highway": "street_lamp" },
      "geohash": "t9y23445m"
    },
    {
      "type": "Feature",
      "geometry": { "type": "Point", "coordinates": [76.3280605, 9.902706] },
      "properties": { "highway": "street_lamp" },
      "geohash": "t9y22fsrk"
    },
    {
      "type": "Feature",
      "geometry": { "type": "Point", "coordinates": [76.3281704, 9.9022845] },
      "properties": { "highway": "street_lamp" },
      "geohash": "t9y22fskz"
    },
    {
      "type": "Feature",
      "geometry": { "type": "Point", "coordinates": [76.3287887, 9.8976381] },
      "properties": { "highway": "street_lamp" },
      "geohash": "t9y22cucv"
    },
    {
      "type": "Feature",
      "geometry": { "type": "Point", "coordinates": [76.3207284, 9.8959776] },
      "properties": { "highway": "street_lamp" },
      "geohash": "t9y229x01"
    },
    {
      "type": "Feature",
      "geometry": { "type": "Point", "coordinates": [76.3191187, 9.8898256] },
      "properties": { "highway": "street_lamp" },
      "geohash": "t9y228muk"
    },
    {
      "type": "Feature",
      "geometry": { "type": "Point", "coordinates": [76.3205974, 9.9103577] },
      "properties": { "highway": "street_lamp" },
      "geohash": "t9y22snun"
    },
    {
      "type": "Feature",
      "geometry": { "type": "Point", "coordinates": [76.3128096, 9.8980528] },
      "properties": { "highway": "street_lamp" },
      "geohash": "t9y229ck3"
    },
    {
      "type": "Feature",
      "geometry": { "type": "Point", "coordinates": [76.3210859, 9.9038616] },
      "properties": { "highway": "street_lamp" },
      "geohash": "t9y22dzq4"
    },
    {
      "type": "Feature",
      "geometry": { "type": "Point", "coordinates": [76.3207555, 9.9036664] },
      "properties": { "highway": "street_lamp" },
      "geohash": "t9y22dzj4"
    },
    {
      "type": "Feature",
      "geometry": { "type": "Point", "coordinates": [76.3281667, 9.8991302] },
      "properties": { "highway": "street_lamp" },
      "geohash": "t9y22fh6x"
    },
    {
      "type": "Feature",
      "geometry": { "type": "Point", "coordinates": [76.3336965, 9.9034689] },
      "properties": { "highway": "street_lamp" },
      "geohash": "t9y234beb"
    },
    {
      "type": "Feature",
      "geometry": { "type": "Point", "coordinates": [76.3142015, 9.8912609] },
      "properties": { "highway": "street_lamp" },
      "geohash": "t9y228dkc"
    },
    {
      "type": "Feature",
      "geometry": { "type": "Point", "coordinates": [76.331348, 9.8843152] },
      "properties": { "highway": "street_lamp" },
      "geohash": "t9y20zqu3"
    },
    {
      "type": "Feature",
      "geometry": { "type": "Point", "coordinates": [76.3336414, 9.8851287] },
      "properties": { "highway": "street_lamp" },
      "geohash": "t9y21p83n"
    },
    {
      "type": "Feature",
      "geometry": { "type": "Point", "coordinates": [76.3340137, 9.8852888] },
      "properties": { "highway": "street_lamp" },
      "geohash": "t9y21p89z"
    },
    {
      "type": "Feature",
      "geometry": { "type": "Point", "coordinates": [76.3342638, 9.8853818] },
      "properties": { "highway": "street_lamp" },
      "geohash": "t9y21p8ft"
    },
    {
      "type": "Feature",
      "geometry": { "type": "Point", "coordinates": [76.3338258, 9.884427] },
      "properties": { "highway": "street_lamp" },
      "geohash": "t9y21p2sg"
    },
    {
      "type": "Feature",
      "geometry": { "type": "Point", "coordinates": [76.330142, 9.8838113] },
      "properties": { "highway": "street_lamp" },
      "geohash": "t9y20zmcm"
    },
    {
      "type": "Feature",
      "geometry": { "type": "Point", "coordinates": [76.3307843, 9.8837041] },
      "properties": { "highway": "street_lamp" },
      "geohash": "t9y20zq2s"
    },
    {
      "type": "Feature",
      "geometry": { "type": "Point", "coordinates": [76.3309221, 9.8834039] },
      "properties": { "highway": "street_lamp" },
      "geohash": "t9y20znrp"
    },
    {
      "type": "Feature",
      "geometry": { "type": "Point", "coordinates": [76.3310163, 9.8831078] },
      "properties": { "highway": "street_lamp" },
      "geohash": "t9y20znt3"
    },
    {
      "type": "Feature",
      "geometry": { "type": "Point", "coordinates": [75.8451277, 11.538966] },
      "properties": { "highway": "street_lamp" },
      "geohash": "tdjctuser"
    },
    {
      "type": "Feature",
      "geometry": { "type": "Point", "coordinates": [76.5284116, 9.6097894] },
      "properties": { "highway": "street_lamp", "lamp_type": "electric" },
      "geohash": "t9wqtmqm1"
    },
    {
      "type": "Feature",
      "geometry": { "type": "Point", "coordinates": [76.5289094, 9.6097701] },
      "properties": { "highway": "street_lamp" },
      "geohash": "t9wqtmqsu"
    },
    {
      "type": "Feature",
      "geometry": { "type": "Point", "coordinates": [76.5296793, 9.6096075] },
      "properties": { "highway": "street_lamp" },
      "geohash": "t9wqtmrhn"
    },
    {
      "type": "Feature",
      "geometry": { "type": "Point", "coordinates": [76.5286725, 9.6097821] },
      "properties": { "highway": "street_lamp" },
      "geohash": "t9wqtmqmp"
    },
    {
      "type": "Feature",
      "geometry": { "type": "Point", "coordinates": [76.3092651, 9.8975825] },
      "properties": { "highway": "street_lamp" },
      "geohash": "t9y223y9w"
    },
    {
      "type": "Feature",
      "geometry": { "type": "Point", "coordinates": [76.3125989, 9.899065] },
      "properties": { "highway": "street_lamp" },
      "geohash": "t9y22d14h"
    },
    {
      "type": "Feature",
      "geometry": { "type": "Point", "coordinates": [76.3320677, 9.9070085] },
      "properties": { "highway": "street_lamp" },
      "geohash": "t9y22gx2d"
    },
    {
      "type": "Feature",
      "geometry": { "type": "Point", "coordinates": [76.3331636, 9.9071565] },
      "properties": { "highway": "street_lamp" },
      "geohash": "t9y235817"
    },
    {
      "type": "Feature",
      "geometry": { "type": "Point", "coordinates": [76.3327862, 9.9070576] },
      "properties": { "highway": "street_lamp" },
      "geohash": "t9y22gxbf"
    },
    {
      "type": "Feature",
      "geometry": { "type": "Point", "coordinates": [76.3328663, 9.9064956] },
      "properties": { "highway": "street_lamp" },
      "geohash": "t9y22grvs"
    },
    {
      "type": "Feature",
      "geometry": { "type": "Point", "coordinates": [76.3145556, 9.8950051] },
      "properties": { "highway": "street_lamp" },
      "geohash": "t9y2296dd"
    },
    {
      "type": "Feature",
      "geometry": { "type": "Point", "coordinates": [76.3153508, 9.89382] },
      "properties": { "highway": "street_lamp" },
      "geohash": "t9y22955s"
    },
    {
      "type": "Feature",
      "geometry": { "type": "Point", "coordinates": [76.315375, 9.8927868] },
      "properties": { "highway": "street_lamp" },
      "geohash": "t9y228gjt"
    },
    {
      "type": "Feature",
      "geometry": { "type": "Point", "coordinates": [76.3152999, 9.8930815] },
      "properties": { "highway": "street_lamp" },
      "geohash": "t9y228gp7"
    },
    {
      "type": "Feature",
      "geometry": { "type": "Point", "coordinates": [76.3152757, 9.8935518] },
      "properties": { "highway": "street_lamp" },
      "geohash": "t9y229544"
    },
    {
      "type": "Feature",
      "geometry": { "type": "Point", "coordinates": [76.3147131, 9.8944825] },
      "properties": { "highway": "street_lamp" },
      "geohash": "t9y2294xt"
    },
    {
      "type": "Feature",
      "geometry": { "type": "Point", "coordinates": [76.3146628, 9.8946021] },
      "properties": { "highway": "street_lamp" },
      "geohash": "t9y22968h"
    },
    {
      "type": "Feature",
      "geometry": { "type": "Point", "coordinates": [76.3145381, 9.8957872] },
      "properties": { "highway": "street_lamp" },
      "geohash": "t9y2296x1"
    },
    {
      "type": "Feature",
      "geometry": { "type": "Point", "coordinates": [76.3143557, 9.8961069] },
      "properties": { "highway": "street_lamp" },
      "geohash": "t9y229d3j"
    },
    {
      "type": "Feature",
      "geometry": { "type": "Point", "coordinates": [76.1981663, 10.228022] },
      "properties": { "highway": "street_lamp", "lamp_type": "led" },
      "geohash": "t9y4jvvy9"
    },
    {
      "type": "Feature",
      "geometry": { "type": "Point", "coordinates": [76.5640989, 9.3783534] },
      "properties": {
        "highway": "street_lamp",
        "lamp_type": "municipal_fled_light"
      },
      "geohash": "t9wmq722b"
    },
    {
      "type": "Feature",
      "geometry": { "type": "Point", "coordinates": [76.563653, 9.378113] },
      "properties": { "highway": "street_lamp" },
      "geohash": "t9wmq5pzq"
    },
    {
      "type": "Feature",
      "geometry": { "type": "Point", "coordinates": [76.5633395, 9.3777965] },
      "properties": { "highway": "street_lamp" },
      "geohash": "t9wmq5ptx"
    },
    {
      "type": "Feature",
      "geometry": { "type": "Point", "coordinates": [76.4096056, 9.9181049] },
      "properties": { "highway": "street_lamp" },
      "geohash": "t9y26txc0"
    },
    {
      "type": "Feature",
      "geometry": { "type": "Point", "coordinates": [76.3114549, 9.9047382] },
      "properties": { "highway": "street_lamp" },
      "geohash": "t9y22e073"
    },
    {
      "type": "Feature",
      "geometry": { "type": "Point", "coordinates": [76.7892073, 9.2676318] },
      "properties": { "highway": "street_lamp" },
      "geohash": "t9wserh5y"
    },
    {
      "type": "Feature",
      "geometry": { "type": "Point", "coordinates": [76.3266252, 9.9030677] },
      "properties": { "highway": "street_lamp" },
      "geohash": "t9y22fg3e"
    },
    {
      "type": "Feature",
      "geometry": { "type": "Point", "coordinates": [76.5289556, 9.4449297] },
      "properties": { "highway": "street_lamp", "name": "Anjuvilaku" },
      "geohash": "t9wmtrqst"
    },
    {
      "type": "Feature",
      "geometry": { "type": "Point", "coordinates": [75.3394623, 11.9774177] },
      "properties": { "highway": "street_lamp" },
      "geohash": "tdjs4kkt8"
    },
    {
      "type": "Feature",
      "geometry": { "type": "Point", "coordinates": [75.3398873, 11.9771127] },
      "properties": { "highway": "street_lamp" },
      "geohash": "tdjs4kkgd"
    },
    {
      "type": "Feature",
      "geometry": { "type": "Point", "coordinates": [75.3399756, 11.9766982] },
      "properties": { "highway": "street_lamp" },
      "geohash": "tdjs4kkck"
    },
    {
      "type": "Feature",
      "geometry": { "type": "Point", "coordinates": [75.3390979, 11.9785816] },
      "properties": { "highway": "street_lamp" },
      "geohash": "tdjs4ksk2"
    },
    {
      "type": "Feature",
      "geometry": { "type": "Point", "coordinates": [75.339312, 11.9778615] },
      "properties": { "highway": "street_lamp" },
      "geohash": "tdjs4ks2j"
    },
    {
      "type": "Feature",
      "geometry": { "type": "Point", "coordinates": [75.3388537, 11.9789659] },
      "properties": { "highway": "street_lamp" },
      "geohash": "tdjs4ksnd"
    },
    {
      "type": "Feature",
      "geometry": { "type": "Point", "coordinates": [75.3388767, 11.9795579] },
      "properties": { "highway": "street_lamp" },
      "geohash": "tdjs4ku1g"
    },
    {
      "type": "Feature",
      "geometry": { "type": "Point", "coordinates": [75.338797, 11.9803854] },
      "properties": { "highway": "street_lamp" },
      "geohash": "tdjs4kunc"
    },
    {
      "type": "Feature",
      "geometry": { "type": "Point", "coordinates": [75.3385334, 11.9806208] },
      "properties": { "highway": "street_lamp" },
      "geohash": "tdjs4m5b5"
    },
    {
      "type": "Feature",
      "geometry": { "type": "Point", "coordinates": [75.3388536, 11.9813432] },
      "properties": { "highway": "street_lamp" },
      "geohash": "tdjs4mhh6"
    },
    {
      "type": "Feature",
      "geometry": { "type": "Point", "coordinates": [75.7972404, 11.3168983] },
      "properties": { "highway": "street_lamp" },
      "geohash": "tdjbku1ve"
    },
    {
      "type": "Feature",
      "geometry": { "type": "Point", "coordinates": [75.7972167, 11.3188625] },
      "properties": { "highway": "street_lamp" },
      "geohash": "tdjbku9c5"
    },
    {
      "type": "Feature",
      "geometry": { "type": "Point", "coordinates": [76.2854967, 11.2804593] },
      "properties": { "highway": "street_lamp" },
      "geohash": "tdn0pvt3k"
    },
    {
      "type": "Feature",
      "geometry": { "type": "Point", "coordinates": [76.3167533, 9.9051341] },
      "properties": { "highway": "street_lamp" },
      "geohash": "t9y22ehjt"
    },
    {
      "type": "Feature",
      "geometry": { "type": "Point", "coordinates": [76.3163361, 9.9057566] },
      "properties": { "highway": "street_lamp" },
      "geohash": "t9y22e7c5"
    },
    {
      "type": "Feature",
      "geometry": { "type": "Point", "coordinates": [76.3204011, 9.9170674] },
      "properties": { "highway": "street_lamp" },
      "geohash": "t9y22tqg4"
    },
    {
      "type": "Feature",
      "geometry": { "type": "Point", "coordinates": [76.3211338, 9.9096469] },
      "properties": { "highway": "street_lamp" },
      "geohash": "t9y22ezrg"
    },
    {
      "type": "Feature",
      "geometry": { "type": "Point", "coordinates": [76.3215541, 9.9085582] },
      "properties": { "highway": "street_lamp" },
      "geohash": "t9y22ez9t"
    },
    {
      "type": "Feature",
      "geometry": { "type": "Point", "coordinates": [76.3228779, 9.8953792] },
      "properties": { "highway": "street_lamp" },
      "geohash": "t9y22c2sg"
    },
    {
      "type": "Feature",
      "geometry": { "type": "Point", "coordinates": [76.205256, 10.2006447] },
      "properties": { "highway": "street_lamp" },
      "geohash": "t9y4n0fzp"
    },
    {
      "type": "Feature",
      "geometry": { "type": "Point", "coordinates": [76.2052684, 10.2005054] },
      "properties": { "highway": "street_lamp" },
      "geohash": "t9y4n0fyr"
    },
    {
      "type": "Feature",
      "geometry": { "type": "Point", "coordinates": [76.2051835, 10.2004235] },
      "properties": { "highway": "street_lamp" },
      "geohash": "t9y4n0fvv"
    },
    {
      "type": "Feature",
      "geometry": { "type": "Point", "coordinates": [76.2052843, 10.2003713] },
      "properties": { "highway": "street_lamp" },
      "geohash": "t9y4n0fvr"
    },
    {
      "type": "Feature",
      "geometry": { "type": "Point", "coordinates": [76.2051906, 10.2003138] },
      "properties": { "highway": "street_lamp" },
      "geohash": "t9y4n0fvj"
    },
    {
      "type": "Feature",
      "geometry": { "type": "Point", "coordinates": [76.2052947, 10.2002574] },
      "properties": { "highway": "street_lamp" },
      "geohash": "t9y4n0ghb"
    },
    {
      "type": "Feature",
      "geometry": { "type": "Point", "coordinates": [76.2052012, 10.2001966] },
      "properties": { "highway": "street_lamp" },
      "geohash": "t9y4n0fum"
    },
    {
      "type": "Feature",
      "geometry": { "type": "Point", "coordinates": [76.2053008, 10.2001286] },
      "properties": { "highway": "street_lamp" },
      "geohash": "t9y4n0gh0"
    },
    {
      "type": "Feature",
      "geometry": { "type": "Point", "coordinates": [76.2052083, 10.2000596] },
      "properties": { "highway": "street_lamp" },
      "geohash": "t9y4n0fgw"
    },
    {
      "type": "Feature",
      "geometry": { "type": "Point", "coordinates": [76.205309, 10.1999986] },
      "properties": { "highway": "street_lamp" },
      "geohash": "t9y4n0g52"
    },
    {
      "type": "Feature",
      "geometry": { "type": "Point", "coordinates": [76.2052171, 10.1999165] },
      "properties": { "highway": "street_lamp" },
      "geohash": "t9y4n0ffy"
    },
    {
      "type": "Feature",
      "geometry": { "type": "Point", "coordinates": [76.2053233, 10.1998281] },
      "properties": { "highway": "street_lamp" },
      "geohash": "t9y4n0g42"
    },
    {
      "type": "Feature",
      "geometry": { "type": "Point", "coordinates": [76.2052324, 10.1997523] },
      "properties": { "highway": "street_lamp" },
      "geohash": "t9y4n0fcy"
    },
    {
      "type": "Feature",
      "geometry": { "type": "Point", "coordinates": [76.2053371, 10.199681] },
      "properties": { "highway": "street_lamp" },
      "geohash": "t9y4n0g13"
    },
    {
      "type": "Feature",
      "geometry": { "type": "Point", "coordinates": [76.2052539, 10.1996128] },
      "properties": { "highway": "street_lamp" },
      "geohash": "t9y4n0fcp"
    },
    {
      "type": "Feature",
      "geometry": { "type": "Point", "coordinates": [76.2053496, 10.199537] },
      "properties": { "highway": "street_lamp" },
      "geohash": "t9y4n0g09"
    },
    {
      "type": "Feature",
      "geometry": { "type": "Point", "coordinates": [76.2052655, 10.1994428] },
      "properties": { "highway": "street_lamp" },
      "geohash": "t9y4n0fbp"
    },
    {
      "type": "Feature",
      "geometry": { "type": "Point", "coordinates": [76.2053636, 10.1993554] },
      "properties": { "highway": "street_lamp" },
      "geohash": "t9y4n0ep9"
    },
    {
      "type": "Feature",
      "geometry": { "type": "Point", "coordinates": [76.2052714, 10.1992922] },
      "properties": { "highway": "street_lamp" },
      "geohash": "t9y4n0dzp"
    },
    {
      "type": "Feature",
      "geometry": { "type": "Point", "coordinates": [76.205372, 10.1992163] },
      "properties": { "highway": "street_lamp" },
      "geohash": "t9y4n0en9"
    },
    {
      "type": "Feature",
      "geometry": { "type": "Point", "coordinates": [76.2052689, 10.1990974] },
      "properties": { "highway": "street_lamp" },
      "geohash": "t9y4n0dyp"
    },
    {
      "type": "Feature",
      "geometry": { "type": "Point", "coordinates": [76.2053306, 10.1989786] },
      "properties": { "highway": "street_lamp" },
      "geohash": "t9y4n0ej2"
    },
    {
      "type": "Feature",
      "geometry": { "type": "Point", "coordinates": [76.2052568, 10.1988941] },
      "properties": { "highway": "street_lamp" },
      "geohash": "t9y4n0duz"
    },
    {
      "type": "Feature",
      "geometry": { "type": "Point", "coordinates": [76.2053427, 10.1987555] },
      "properties": { "highway": "street_lamp" },
      "geohash": "t9y4n0eh1"
    },
    {
      "type": "Feature",
      "geometry": { "type": "Point", "coordinates": [76.2052729, 10.1986275] },
      "properties": { "highway": "street_lamp" },
      "geohash": "t9y4n0dgr"
    },
    {
      "type": "Feature",
      "geometry": { "type": "Point", "coordinates": [76.2053413, 10.1985346] },
      "properties": { "highway": "street_lamp" },
      "geohash": "t9y4n0e4c"
    },
    {
      "type": "Feature",
      "geometry": { "type": "Point", "coordinates": [76.2052708, 10.1984469] },
      "properties": { "highway": "street_lamp" },
      "geohash": "t9y4n0dfr"
    },
    {
      "type": "Feature",
      "geometry": { "type": "Point", "coordinates": [76.205314, 10.1983209] },
      "properties": { "highway": "street_lamp" },
      "geohash": "t9y4n0e18"
    },
    {
      "type": "Feature",
      "geometry": { "type": "Point", "coordinates": [76.2054159, 10.1982492] },
      "properties": { "highway": "street_lamp" },
      "geohash": "t9y4n0e14"
    },
    {
      "type": "Feature",
      "geometry": { "type": "Point", "coordinates": [76.205523, 10.1981874] },
      "properties": { "highway": "street_lamp" },
      "geohash": "t9y4n0e0t"
    },
    {
      "type": "Feature",
      "geometry": { "type": "Point", "coordinates": [76.2056194, 10.1981317] },
      "properties": { "highway": "street_lamp" },
      "geohash": "t9y4n0e0r"
    },
    {
      "type": "Feature",
      "geometry": { "type": "Point", "coordinates": [76.2057097, 10.1980812] },
      "properties": { "highway": "street_lamp" },
      "geohash": "t9y4n0e21"
    },
    {
      "type": "Feature",
      "geometry": { "type": "Point", "coordinates": [76.2057973, 10.1980315] },
      "properties": { "highway": "street_lamp" },
      "geohash": "t9y4n07rg"
    },
    {
      "type": "Feature",
      "geometry": { "type": "Point", "coordinates": [76.2058999, 10.1979775] },
      "properties": { "highway": "street_lamp" },
      "geohash": "t9y4n07rw"
    },
    {
      "type": "Feature",
      "geometry": { "type": "Point", "coordinates": [76.2052094, 10.1983676] },
      "properties": { "highway": "street_lamp" },
      "geohash": "t9y4n0dcy"
    },
    {
      "type": "Feature",
      "geometry": { "type": "Point", "coordinates": [76.2051017, 10.1984341] },
      "properties": { "highway": "street_lamp" },
      "geohash": "t9y4n0df5"
    },
    {
      "type": "Feature",
      "geometry": { "type": "Point", "coordinates": [76.204995, 10.1985066] },
      "properties": { "highway": "street_lamp" },
      "geohash": "t9y4n0df9"
    },
    {
      "type": "Feature",
      "geometry": { "type": "Point", "coordinates": [76.2048202, 10.1986256] },
      "properties": { "highway": "street_lamp" },
      "geohash": "t9y4n0dem"
    },
    {
      "type": "Feature",
      "geometry": { "type": "Point", "coordinates": [76.2046819, 10.1987097] },
      "properties": { "highway": "street_lamp" },
      "geohash": "t9y4n0dec"
    },
    {
      "type": "Feature",
      "geometry": { "type": "Point", "coordinates": [76.2045549, 10.1987857] },
      "properties": { "highway": "street_lamp" },
      "geohash": "t9y4n0dkn"
    },
    {
      "type": "Feature",
      "geometry": { "type": "Point", "coordinates": [76.2044258, 10.1988647] },
      "properties": { "highway": "street_lamp" },
      "geohash": "t9y4n0dke"
    },
    {
      "type": "Feature",
      "geometry": { "type": "Point", "coordinates": [76.2042713, 10.1989517] },
      "properties": { "highway": "street_lamp" },
      "geohash": "t9y4n0dm0"
    },
    {
      "type": "Feature",
      "geometry": { "type": "Point", "coordinates": [76.2041297, 10.1990477] },
      "properties": { "highway": "street_lamp" },
      "geohash": "t9y4n0dju"
    },
    {
      "type": "Feature",
      "geometry": { "type": "Point", "coordinates": [76.2039897, 10.1991419] },
      "properties": { "highway": "street_lamp" },
      "geohash": "t9y4n0dn3"
    },
    {
      "type": "Feature",
      "geometry": { "type": "Point", "coordinates": [76.2038485, 10.1992258] },
      "properties": { "highway": "street_lamp" },
      "geohash": "t9y4n09yy"
    },
    {
      "type": "Feature",
      "geometry": { "type": "Point", "coordinates": [76.2037164, 10.1993088] },
      "properties": { "highway": "street_lamp" },
      "geohash": "t9y4n09z7"
    },
    {
      "type": "Feature",
      "geometry": { "type": "Point", "coordinates": [76.2035934, 10.1993909] },
      "properties": { "highway": "street_lamp" },
      "geohash": "t9y4n09zb"
    },
    {
      "type": "Feature",
      "geometry": { "type": "Point", "coordinates": [76.2034582, 10.1994929] },
      "properties": { "highway": "street_lamp" },
      "geohash": "t9y4n0c8m"
    },
    {
      "type": "Feature",
      "geometry": { "type": "Point", "coordinates": [76.2033119, 10.1995919] },
      "properties": { "highway": "street_lamp" },
      "geohash": "t9y4n0c8c"
    },
    {
      "type": "Feature",
      "geometry": { "type": "Point", "coordinates": [76.2031737, 10.199681] },
      "properties": { "highway": "street_lamp" },
      "geohash": "t9y4n0c3q"
    },
    {
      "type": "Feature",
      "geometry": { "type": "Point", "coordinates": [76.2054722, 10.1991791] },
      "properties": { "highway": "street_lamp" },
      "geohash": "t9y4n0ens"
    },
    {
      "type": "Feature",
      "geometry": { "type": "Point", "coordinates": [76.2053823, 10.1991091] },
      "properties": { "highway": "street_lamp" },
      "geohash": "t9y4n0en4"
    },
    {
      "type": "Feature",
      "geometry": { "type": "Point", "coordinates": [76.2055821, 10.1991144] },
      "properties": { "highway": "street_lamp" },
      "geohash": "t9y4n0enn"
    },
    {
      "type": "Feature",
      "geometry": { "type": "Point", "coordinates": [76.2056975, 10.1991843] },
      "properties": { "highway": "street_lamp" },
      "geohash": "t9y4n0eq9"
    },
    {
      "type": "Feature",
      "geometry": { "type": "Point", "coordinates": [76.2058317, 10.1991228] },
      "properties": { "highway": "street_lamp" },
      "geohash": "t9y4n0eqh"
    },
    {
      "type": "Feature",
      "geometry": { "type": "Point", "coordinates": [76.2059547, 10.1991778] },
      "properties": { "highway": "street_lamp" },
      "geohash": "t9y4n0eqx"
    },
    {
      "type": "Feature",
      "geometry": { "type": "Point", "coordinates": [76.2060626, 10.1991246] },
      "properties": { "highway": "street_lamp" },
      "geohash": "t9y4n0ew1"
    },
    {
      "type": "Feature",
      "geometry": { "type": "Point", "coordinates": [76.2061434, 10.1991714] },
      "properties": { "highway": "street_lamp" },
      "geohash": "t9y4n0ew7"
    },
    {
      "type": "Feature",
      "geometry": { "type": "Point", "coordinates": [76.2062637, 10.1990926] },
      "properties": { "highway": "street_lamp" },
      "geohash": "t9y4n0ewn"
    },
    {
      "type": "Feature",
      "geometry": { "type": "Point", "coordinates": [76.2063844, 10.1991375] },
      "properties": { "highway": "street_lamp" },
      "geohash": "t9y4n0ey3"
    },
    {
      "type": "Feature",
      "geometry": { "type": "Point", "coordinates": [76.206503, 10.1990673] },
      "properties": { "highway": "street_lamp" },
      "geohash": "t9y4n0evu"
    },
    {
      "type": "Feature",
      "geometry": { "type": "Point", "coordinates": [76.2066169, 10.1991098] },
      "properties": { "highway": "street_lamp" },
      "geohash": "t9y4n0eyn"
    },
    {
      "type": "Feature",
      "geometry": { "type": "Point", "coordinates": [76.2067601, 10.199057] },
      "properties": { "highway": "street_lamp" },
      "geohash": "t9y4n0sjf"
    },
    {
      "type": "Feature",
      "geometry": { "type": "Point", "coordinates": [76.2068765, 10.1991115] },
      "properties": { "highway": "street_lamp" },
      "geohash": "t9y4n0snh"
    },
    {
      "type": "Feature",
      "geometry": { "type": "Point", "coordinates": [76.2051062, 10.2011935] },
      "properties": { "highway": "street_lamp" },
      "geohash": "t9y4n14f7"
    },
    {
      "type": "Feature",
      "geometry": { "type": "Point", "coordinates": [76.2051218, 10.2016603] },
      "properties": { "highway": "street_lamp" },
      "geohash": "t9y4n14uu"
    },
    {
      "type": "Feature",
      "geometry": { "type": "Point", "coordinates": [76.2050162, 10.2017606] },
      "properties": { "highway": "street_lamp" },
      "geohash": "t9y4n14v9"
    },
    {
      "type": "Feature",
      "geometry": { "type": "Point", "coordinates": [76.2050819, 10.2019307] },
      "properties": { "highway": "street_lamp" },
      "geohash": "t9y4n14ye"
    },
    {
      "type": "Feature",
      "geometry": { "type": "Point", "coordinates": [76.2049612, 10.2020488] },
      "properties": { "highway": "street_lamp" },
      "geohash": "t9y4n14z0"
    },
    {
      "type": "Feature",
      "geometry": { "type": "Point", "coordinates": [76.2050319, 10.2022116] },
      "properties": { "highway": "street_lamp" },
      "geohash": "t9y4n16b1"
    },
    {
      "type": "Feature",
      "geometry": { "type": "Point", "coordinates": [76.20492, 10.2023196] },
      "properties": { "highway": "street_lamp" },
      "geohash": "t9y4n168z"
    },
    {
      "type": "Feature",
      "geometry": { "type": "Point", "coordinates": [76.204997, 10.2024567] },
      "properties": { "highway": "street_lamp" },
      "geohash": "t9y4n16c9"
    },
    {
      "type": "Feature",
      "geometry": { "type": "Point", "coordinates": [76.2048736, 10.2025732] },
      "properties": { "highway": "street_lamp" },
      "geohash": "t9y4n16dq"
    },
    {
      "type": "Feature",
      "geometry": { "type": "Point", "coordinates": [76.2050484, 10.2015162] },
      "properties": { "highway": "street_lamp" },
      "geohash": "t9y4n14u4"
    },
    {
      "type": "Feature",
      "geometry": { "type": "Point", "coordinates": [76.2051712, 10.2013726] },
      "properties": { "highway": "street_lamp" },
      "geohash": "t9y4n14gm"
    },
    {
      "type": "Feature",
      "geometry": { "type": "Point", "coordinates": [75.6007366, 11.6531175] },
      "properties": { "highway": "street_lamp" },
      "geohash": "tdjf236u2"
    },
    {
      "type": "Feature",
      "geometry": { "type": "Point", "coordinates": [76.9537236, 8.5154734] },
      "properties": { "highway": "street_lamp" },
      "geohash": "t9w8rn5yp"
    },
    {
      "type": "Feature",
      "geometry": { "type": "Point", "coordinates": [76.3225287, 9.9160803] },
      "properties": { "highway": "street_lamp" },
      "geohash": "t9y22v0m7"
    },
    {
      "type": "Feature",
      "geometry": { "type": "Point", "coordinates": [76.8744303, 8.7658199] },
      "properties": {
        "direction": "360",
        "height": "30",
        "highway": "street_lamp",
        "lamp_mount": "cast_steel_mast",
        "lamp_type": "high_mast_light"
      },
      "geohash": "t9w9v7f28"
    },
    {
      "type": "Feature",
      "geometry": { "type": "Point", "coordinates": [76.9568686, 8.5177219] },
      "properties": { "highway": "street_lamp" },
      "geohash": "t9w8rnw73"
    },
    {
      "type": "Feature",
      "geometry": { "type": "Point", "coordinates": [76.4849803, 9.6109361] },
      "properties": {
        "highway": "street_lamp",
        "lamp_mount": "high_mast",
        "lamp_type": "led"
      },
      "geohash": "t9wqsmwev"
    },
    {
      "type": "Feature",
      "geometry": { "type": "Point", "coordinates": [76.3176474, 9.8955405] },
      "properties": { "highway": "street_lamp" },
      "geohash": "t9y229kvd"
    },
    {
      "type": "Feature",
      "geometry": { "type": "Point", "coordinates": [76.3174411, 9.8967701] },
      "properties": { "highway": "street_lamp" },
      "geohash": "t9y229ssv"
    },
    {
      "type": "Feature",
      "geometry": { "type": "Point", "coordinates": [76.3173481, 9.8970889] },
      "properties": { "highway": "street_lamp" },
      "geohash": "t9y229swe"
    },
    {
      "type": "Feature",
      "geometry": { "type": "Point", "coordinates": [76.3202766, 9.8969479] },
      "properties": { "highway": "street_lamp" },
      "geohash": "t9y229wtz"
    },
    {
      "type": "Feature",
      "geometry": { "type": "Point", "coordinates": [76.0326329, 11.1526418] },
      "properties": {
        "highway": "street_lamp",
        "name": "Oyalam kunn colony",
        "survey:date": "2021-07-02"
      },
      "geohash": "t9yp6nm2b"
    },
    {
      "type": "Feature",
      "geometry": { "type": "Point", "coordinates": [76.0326618, 11.1526178] },
      "properties": { "highway": "street_lamp", "survey:date": "2021-07-02" },
      "geohash": "t9yp6nm29"
    },
    {
      "type": "Feature",
      "geometry": { "type": "Point", "coordinates": [76.0350735, 11.1526193] },
      "properties": {
        "highway": "street_lamp",
        "name": "Chembreri colony",
        "survey:date": "2021-07-02"
      },
      "geohash": "t9yp6nr09"
    },
    {
      "type": "Feature",
      "geometry": { "type": "Point", "coordinates": [76.0333735, 11.1573945] },
      "properties": {
        "highway": "street_lamp",
        "name": "Puthiyath colony",
        "survey:date": "2021-07-02"
      },
      "geohash": "t9yp6pjud"
    },
    {
      "type": "Feature",
      "geometry": { "type": "Point", "coordinates": [76.04755, 11.1485993] },
      "properties": {
        "highway": "street_lamp",
        "name": "Naduvath kunnu",
        "survey:date": "2021-07-03"
      },
      "geohash": "t9yp6t81k"
    },
    {
      "type": "Feature",
      "geometry": { "type": "Point", "coordinates": [76.0370764, 11.1411495] },
      "properties": {
        "highway": "street_lamp",
        "name": "Chakkathukandi colony",
        "survey:date": "2021-07-03"
      },
      "geohash": "t9yp6k0tb"
    },
    {
      "type": "Feature",
      "geometry": { "type": "Point", "coordinates": [76.0444813, 11.1452714] },
      "properties": {
        "highway": "street_lamp",
        "name": "Aashari mukk colony",
        "survey:date": "2021-07-03"
      },
      "geohash": "t9yp6kvvu"
    },
    {
      "type": "Feature",
      "geometry": { "type": "Point", "coordinates": [76.0487334, 11.1445641] },
      "properties": {
        "highway": "street_lamp",
        "name": "Manarakkal colony",
        "survey:date": "2021-07-03"
      },
      "geohash": "t9yp6sbcz"
    },
    {
      "type": "Feature",
      "geometry": { "type": "Point", "coordinates": [76.0619198, 11.1367926] },
      "properties": {
        "highway": "street_lamp",
        "name": "Velutharakkal",
        "survey:date": "2021-07-03"
      },
      "geohash": "t9yp6g6se"
    },
    {
      "type": "Feature",
      "geometry": { "type": "Point", "coordinates": [76.0560947, 11.1445134] },
      "properties": {
        "highway": "street_lamp",
        "name": "Parambengal",
        "survey:date": "2021-07-03"
      },
      "geohash": "t9yp6sy37"
    },
    {
      "type": "Feature",
      "geometry": { "type": "Point", "coordinates": [76.0626938, 11.1484818] },
      "properties": {
        "highway": "street_lamp",
        "name": "Nellikkunn colony",
        "survey:date": "2021-07-03"
      },
      "geohash": "t9yp6ve0t"
    },
    {
      "type": "Feature",
      "geometry": { "type": "Point", "coordinates": [76.078822, 11.1418009] },
      "properties": {
        "highway": "street_lamp",
        "name": "4 cent colony",
        "survey:date": "2021-07-03"
      },
      "geohash": "t9yp7hqct"
    },
    {
      "type": "Feature",
      "geometry": { "type": "Point", "coordinates": [76.0788715, 11.1437572] },
      "properties": {
        "highway": "street_lamp",
        "name": "Andikkattil colony",
        "survey:date": "2021-07-03"
      },
      "geohash": "t9yp7hwvn"
    },
    {
      "type": "Feature",
      "geometry": { "type": "Point", "coordinates": [76.0788616, 11.1506788] },
      "properties": {
        "highway": "street_lamp",
        "name": "Aalungaparamb",
        "survey:date": "2021-07-03"
      },
      "geohash": "t9yp7jyvm"
    },
    {
      "type": "Feature",
      "geometry": { "type": "Point", "coordinates": [76.0845859, 11.1568232] },
      "properties": {
        "highway": "street_lamp",
        "name": "Muthampangav colony",
        "survey:date": "2021-07-03"
      },
      "geohash": "t9yp7r515"
    },
    {
      "type": "Feature",
      "geometry": { "type": "Point", "coordinates": [76.5626485, 9.1752432] },
      "properties": {
        "highway": "street_lamp",
        "lamp_mount": "high_mast",
        "lamp_type": "led"
      },
      "geohash": "t9wknnr1x"
    },
    {
      "type": "Feature",
      "geometry": { "type": "Point", "coordinates": [76.5623366, 9.1750536] },
      "properties": {
        "highway": "street_lamp",
        "lamp_mount": "high_mast",
        "lamp_type": "led"
      },
      "geohash": "t9wknnqbx"
    },
    {
      "type": "Feature",
      "geometry": { "type": "Point", "coordinates": [76.5623125, 9.1757329] },
      "properties": {
        "highway": "street_lamp",
        "lamp_mount": "bent_mast",
        "lamp_type": "led"
      },
      "geohash": "t9wknnqux"
    },
    {
      "type": "Feature",
      "geometry": { "type": "Point", "coordinates": [76.3283839, 9.8999383] },
      "properties": { "highway": "street_lamp" },
      "geohash": "t9y22fhxk"
    },
    {
      "type": "Feature",
      "geometry": { "type": "Point", "coordinates": [76.3289617, 9.8994689] },
      "properties": { "highway": "street_lamp" },
      "geohash": "t9y22fjh9"
    },
    {
      "type": "Feature",
      "geometry": { "type": "Point", "coordinates": [76.3290053, 9.8991143] },
      "properties": { "highway": "street_lamp" },
      "geohash": "t9y22fj4d"
    },
    {
      "type": "Feature",
      "geometry": { "type": "Point", "coordinates": [76.5426986, 9.6318035] },
      "properties": {
        "direction": "290",
        "highway": "street_lamp",
        "lamp_mount": "pole",
        "lamp_type": "led"
      },
      "geohash": "t9wqvc2tq"
    },
    {
      "type": "Feature",
      "geometry": { "type": "Point", "coordinates": [76.5506551, 9.6452055] },
      "properties": { "highway": "street_lamp" },
      "geohash": "t9wqvgy7r"
    },
    {
      "type": "Feature",
      "geometry": { "type": "Point", "coordinates": [76.5508173, 9.6451977] },
      "properties": { "highway": "street_lamp" },
      "geohash": "t9wqvgye7"
    },
    {
      "type": "Feature",
      "geometry": { "type": "Point", "coordinates": [76.5509992, 9.6451958] },
      "properties": { "highway": "street_lamp" },
      "geohash": "t9wqvgyer"
    },
    {
      "type": "Feature",
      "geometry": { "type": "Point", "coordinates": [76.5504633, 9.6452036] },
      "properties": { "highway": "street_lamp" },
      "geohash": "t9wqvgy77"
    },
    {
      "type": "Feature",
      "geometry": { "type": "Point", "coordinates": [76.3318209, 9.8833166] },
      "properties": { "highway": "street_lamp" },
      "geohash": "t9y20zpnk"
    },
    {
      "type": "Feature",
      "geometry": { "type": "Point", "coordinates": [76.3318525, 9.8836065] },
      "properties": { "highway": "street_lamp" },
      "geohash": "t9y20zr0j"
    },
    {
      "type": "Feature",
      "geometry": { "type": "Point", "coordinates": [76.3321315, 9.8837111] },
      "properties": { "highway": "street_lamp" },
      "geohash": "t9y20zr2g"
    },
    {
      "type": "Feature",
      "geometry": { "type": "Point", "coordinates": [76.3244492, 9.8886217] },
      "properties": { "highway": "street_lamp" },
      "geohash": "t9y22b1v2"
    },
    {
      "type": "Feature",
      "geometry": { "type": "Point", "coordinates": [76.324631, 9.88839] },
      "properties": { "highway": "street_lamp" },
      "geohash": "t9y22b1uh"
    },
    {
      "type": "Feature",
      "geometry": { "type": "Point", "coordinates": [76.3253988, 9.8877895] },
      "properties": { "highway": "street_lamp" },
      "geohash": "t9y22b42w"
    },
    {
      "type": "Feature",
      "geometry": { "type": "Point", "coordinates": [76.3197919, 9.8899593] },
      "properties": { "highway": "street_lamp" },
      "geohash": "t9y228qmh"
    },
    {
      "type": "Feature",
      "geometry": { "type": "Point", "coordinates": [76.3100163, 9.9107674] },
      "properties": { "highway": "street_lamp" },
      "geohash": "t9y22kpq2"
    },
    {
      "type": "Feature",
      "geometry": { "type": "Point", "coordinates": [76.3329932, 9.883418] },
      "properties": { "highway": "street_lamp" },
      "geohash": "t9y20zpzp"
    },
    {
      "type": "Feature",
      "geometry": { "type": "Point", "coordinates": [76.3322462, 9.8865274] },
      "properties": { "highway": "street_lamp" },
      "geohash": "t9y20zz3n"
    },
    {
      "type": "Feature",
      "geometry": { "type": "Point", "coordinates": [76.331433, 9.8862551] },
      "properties": { "highway": "street_lamp" },
      "geohash": "t9y20zwze"
    },
    {
      "type": "Feature",
      "geometry": { "type": "Point", "coordinates": [76.30921, 9.9076624] },
      "properties": { "highway": "street_lamp" },
      "geohash": "t9y227wsm"
    },
    {
      "type": "Feature",
      "geometry": { "type": "Point", "coordinates": [76.3095994, 9.9077877] },
      "properties": { "highway": "street_lamp" },
      "geohash": "t9y227wvn"
    },
    {
      "type": "Feature",
      "geometry": { "type": "Point", "coordinates": [76.3100095, 9.9078618] },
      "properties": { "highway": "street_lamp" },
      "geohash": "t9y227xm2"
    },
    {
      "type": "Feature",
      "geometry": { "type": "Point", "coordinates": [76.3118009, 9.9043386] },
      "properties": { "highway": "street_lamp" },
      "geohash": "t9y22e08c"
    },
    {
      "type": "Feature",
      "geometry": { "type": "Point", "coordinates": [76.3122217, 9.9035537] },
      "properties": { "highway": "street_lamp" },
      "geohash": "t9y22dbu7"
    },
    {
      "type": "Feature",
      "geometry": { "type": "Point", "coordinates": [76.3121689, 9.9032132] },
      "properties": { "highway": "street_lamp" },
      "geohash": "t9y22dbf6"
    },
    {
      "type": "Feature",
      "geometry": { "type": "Point", "coordinates": [76.3123315, 9.9031732] },
      "properties": { "highway": "street_lamp" },
      "geohash": "t9y22dbfn"
    },
    {
      "type": "Feature",
      "geometry": { "type": "Point", "coordinates": [76.3072472, 9.9053431] },
      "properties": { "highway": "street_lamp" },
      "geohash": "t9y227jnz"
    },
    {
      "type": "Feature",
      "geometry": { "type": "Point", "coordinates": [76.307977, 9.9060539] },
      "properties": { "highway": "street_lamp" },
      "geohash": "t9y227mfb"
    },
    {
      "type": "Feature",
      "geometry": { "type": "Point", "coordinates": [76.3074302, 9.9048565] },
      "properties": { "highway": "street_lamp" },
      "geohash": "t9y227j7g"
    },
    {
      "type": "Feature",
      "geometry": { "type": "Point", "coordinates": [76.3088287, 9.9054392] },
      "properties": { "highway": "street_lamp" },
      "geohash": "t9y227nrk"
    },
    {
      "type": "Feature",
      "geometry": { "type": "Point", "coordinates": [76.3092691, 9.9037023] },
      "properties": { "highway": "street_lamp" },
      "geohash": "t9y226ytn"
    },
    {
      "type": "Feature",
      "geometry": { "type": "Point", "coordinates": [76.3080755, 9.9034619] },
      "properties": { "highway": "street_lamp" },
      "geohash": "t9y226vgg"
    },
    {
      "type": "Feature",
      "geometry": { "type": "Point", "coordinates": [76.3079803, 9.903664] },
      "properties": { "highway": "street_lamp" },
      "geohash": "t9y226vv0"
    },
    {
      "type": "Feature",
      "geometry": { "type": "Point", "coordinates": [76.3113967, 9.9027332] },
      "properties": { "highway": "street_lamp" },
      "geohash": "t9y22d8r8"
    },
    {
      "type": "Feature",
      "geometry": { "type": "Point", "coordinates": [76.3111795, 9.9038212] },
      "properties": { "highway": "street_lamp" },
      "geohash": "t9y22dbjg"
    },
    {
      "type": "Feature",
      "geometry": { "type": "Point", "coordinates": [76.3110675, 9.9043364] },
      "properties": { "highway": "street_lamp" },
      "geohash": "t9y22e00b"
    },
    {
      "type": "Feature",
      "geometry": { "type": "Point", "coordinates": [76.3345587, 9.9022609] },
      "properties": { "highway": "street_lamp" },
      "geohash": "t9y2349hu"
    },
    {
      "type": "Feature",
      "geometry": { "type": "Point", "coordinates": [76.3342131, 9.9021474] },
      "properties": { "highway": "street_lamp" },
      "geohash": "t9y2348uh"
    },
    {
      "type": "Feature",
      "geometry": { "type": "Point", "coordinates": [76.3341317, 9.9017308] },
      "properties": { "highway": "street_lamp" },
      "geohash": "t9y2348cf"
    },
    {
      "type": "Feature",
      "geometry": { "type": "Point", "coordinates": [76.3324576, 9.901295] },
      "properties": { "highway": "street_lamp" },
      "geohash": "t9y22frx5"
    },
    {
      "type": "Feature",
      "geometry": { "type": "Point", "coordinates": [76.3316419, 9.9007058] },
      "properties": { "highway": "street_lamp" },
      "geohash": "t9y22fr5b"
    },
    {
      "type": "Feature",
      "geometry": { "type": "Point", "coordinates": [76.3318418, 9.900209] },
      "properties": { "highway": "street_lamp" },
      "geohash": "t9y22fr0u"
    },
    {
      "type": "Feature",
      "geometry": { "type": "Point", "coordinates": [76.3320223, 9.8996581] },
      "properties": { "highway": "street_lamp" },
      "geohash": "t9y22fpm9"
    },
    {
      "type": "Feature",
      "geometry": { "type": "Point", "coordinates": [76.3335438, 9.9076379] },
      "properties": { "highway": "street_lamp" },
      "geohash": "t9y2358kh"
    },
    {
      "type": "Feature",
      "geometry": { "type": "Point", "coordinates": [76.3335763, 9.9082847] },
      "properties": { "highway": "street_lamp" },
      "geohash": "t9y2358rv"
    },
    {
      "type": "Feature",
      "geometry": { "type": "Point", "coordinates": [76.3336313, 9.9073786] },
      "properties": { "highway": "street_lamp" },
      "geohash": "t9y23586w"
    },
    {
      "type": "Feature",
      "geometry": { "type": "Point", "coordinates": [76.3306927, 9.9038713] },
      "properties": { "highway": "street_lamp" },
      "geohash": "t9y22fyq4"
    },
    {
      "type": "Feature",
      "geometry": { "type": "Point", "coordinates": [76.3308993, 9.9031843] },
      "properties": { "highway": "street_lamp" },
      "geohash": "t9y22fy6n"
    },
    {
      "type": "Feature",
      "geometry": { "type": "Point", "coordinates": [76.3310012, 9.9028197] },
      "properties": { "highway": "street_lamp" },
      "geohash": "t9y22fy81"
    },
    {
      "type": "Feature",
      "geometry": { "type": "Point", "coordinates": [76.3310656, 9.9025792] },
      "properties": { "highway": "street_lamp" },
      "geohash": "t9y22fwwd"
    },
    {
      "type": "Feature",
      "geometry": { "type": "Point", "coordinates": [76.3317737, 9.9017469] },
      "properties": { "highway": "street_lamp" },
      "geohash": "t9y22fx1g"
    },
    {
      "type": "Feature",
      "geometry": { "type": "Point", "coordinates": [76.3318085, 9.9014669] },
      "properties": { "highway": "street_lamp" },
      "geohash": "t9y22fx0h"
    },
    {
      "type": "Feature",
      "geometry": { "type": "Point", "coordinates": [76.3318815, 9.9010316] },
      "properties": { "highway": "street_lamp" },
      "geohash": "t9y22frjt"
    },
    {
      "type": "Feature",
      "geometry": { "type": "Point", "coordinates": [76.3314174, 9.9019185] },
      "properties": { "highway": "street_lamp" },
      "geohash": "t9y22fwff"
    },
    {
      "type": "Feature",
      "geometry": { "type": "Point", "coordinates": [76.3144016, 9.888002] },
      "properties": { "highway": "street_lamp" },
      "geohash": "t9y22843y"
    },
    {
      "type": "Feature",
      "geometry": { "type": "Point", "coordinates": [76.315576, 9.8875205] },
      "properties": { "highway": "street_lamp" },
      "geohash": "t9y20xgqc"
    },
    {
      "type": "Feature",
      "geometry": { "type": "Point", "coordinates": [76.3174467, 9.8954972] },
      "properties": { "highway": "street_lamp" },
      "geohash": "t9y229ktm"
    },
    {
      "type": "Feature",
      "geometry": { "type": "Point", "coordinates": [76.3174948, 9.8951732] },
      "properties": { "highway": "street_lamp" },
      "geohash": "t9y229kew"
    },
    {
      "type": "Feature",
      "geometry": { "type": "Point", "coordinates": [76.3261841, 9.8878678] },
      "properties": { "highway": "street_lamp" },
      "geohash": "t9y22b510"
    },
    {
      "type": "Feature",
      "geometry": { "type": "Point", "coordinates": [76.3258876, 9.887833] },
      "properties": { "highway": "street_lamp" },
      "geohash": "t9y22b4bf"
    },
    {
      "type": "Feature",
      "geometry": { "type": "Point", "coordinates": [76.3262954, 9.8874023] },
      "properties": { "highway": "street_lamp" },
      "geohash": "t9y20zgn7"
    },
    {
      "type": "Feature",
      "geometry": { "type": "Point", "coordinates": [76.3259745, 9.8872987] },
      "properties": { "highway": "street_lamp" },
      "geohash": "t9y20zfvs"
    },
    {
      "type": "Feature",
      "geometry": { "type": "Point", "coordinates": [76.3268773, 9.888066] },
      "properties": { "highway": "street_lamp" },
      "geohash": "t9y22b5d1"
    },
    {
      "type": "Feature",
      "geometry": { "type": "Point", "coordinates": [76.326877, 9.8874168] },
      "properties": { "highway": "street_lamp" },
      "geohash": "t9y20zgw3"
    },
    {
      "type": "Feature",
      "geometry": { "type": "Point", "coordinates": [76.3280162, 9.8873577] },
      "properties": { "highway": "street_lamp" },
      "geohash": "t9y20zuq5"
    },
    {
      "type": "Feature",
      "geometry": { "type": "Point", "coordinates": [76.3261857, 9.8893928] },
      "properties": { "highway": "street_lamp" },
      "geohash": "t9y22b71c"
    },
    {
      "type": "Feature",
      "geometry": { "type": "Point", "coordinates": [76.3262935, 9.8889583] },
      "properties": { "highway": "street_lamp" },
      "geohash": "t9y22b5p7"
    },
    {
      "type": "Feature",
      "geometry": { "type": "Point", "coordinates": [76.3282341, 9.9016424] },
      "properties": { "highway": "street_lamp" },
      "geohash": "t9y22fs90"
    },
    {
      "type": "Feature",
      "geometry": { "type": "Point", "coordinates": [76.3106954, 9.9123701] },
      "properties": { "highway": "street_lamp" },
      "geohash": "t9y22krz8"
    },
    {
      "type": "Feature",
      "geometry": { "type": "Point", "coordinates": [76.3341009, 9.9029379] },
      "properties": { "highway": "street_lamp" },
      "geohash": "t9y234bbc"
    },
    {
      "type": "Feature",
      "geometry": { "type": "Point", "coordinates": [76.3345496, 9.9030548] },
      "properties": { "highway": "street_lamp" },
      "geohash": "t9y234c17"
    },
    {
      "type": "Feature",
      "geometry": { "type": "Point", "coordinates": [76.3346355, 9.9033296] },
      "properties": { "highway": "street_lamp" },
      "geohash": "t9y234c5j"
    },
    {
      "type": "Feature",
      "geometry": { "type": "Point", "coordinates": [76.3308044, 9.9037043] },
      "properties": { "highway": "street_lamp" },
      "geohash": "t9y22fymk"
    },
    {
      "type": "Feature",
      "geometry": { "type": "Point", "coordinates": [76.3328898, 9.905733] },
      "properties": { "highway": "street_lamp" },
      "geohash": "t9y22grcj"
    },
    {
      "type": "Feature",
      "geometry": { "type": "Point", "coordinates": [76.3325909, 9.9061382] },
      "properties": { "highway": "street_lamp" },
      "geohash": "t9y22greq"
    },
    {
      "type": "Feature",
      "geometry": { "type": "Point", "coordinates": [76.3153352, 9.8951632] },
      "properties": { "highway": "street_lamp" },
      "geohash": "t9y22975s"
    },
    {
      "type": "Feature",
      "geometry": { "type": "Point", "coordinates": [76.3153048, 9.8954438] },
      "properties": { "highway": "street_lamp" },
      "geohash": "t9y2297j5"
    },
    {
      "type": "Feature",
      "geometry": { "type": "Point", "coordinates": [76.3141703, 9.8966579] },
      "properties": { "highway": "street_lamp" },
      "geohash": "t9y229dk1"
    },
    {
      "type": "Feature",
      "geometry": { "type": "Point", "coordinates": [76.3055817, 9.9031399] },
      "properties": { "highway": "street_lamp" },
      "geohash": "t9y226u1b"
    },
    {
      "type": "Feature",
      "geometry": { "type": "Point", "coordinates": [76.305972, 9.9022188] },
      "properties": { "highway": "street_lamp" },
      "geohash": "t9y226skd"
    },
    {
      "type": "Feature",
      "geometry": { "type": "Point", "coordinates": [76.3062851, 9.9022688] },
      "properties": { "highway": "street_lamp" },
      "geohash": "t9y226ssc"
    },
    {
      "type": "Feature",
      "geometry": { "type": "Point", "coordinates": [76.3064782, 9.9016381] },
      "properties": { "highway": "street_lamp" },
      "geohash": "t9y226s9j"
    },
    {
      "type": "Feature",
      "geometry": { "type": "Point", "coordinates": [76.3073381, 9.9018615] },
      "properties": { "highway": "street_lamp" },
      "geohash": "t9y226t69"
    },
    {
      "type": "Feature",
      "geometry": { "type": "Point", "coordinates": [76.3058745, 9.9014058] },
      "properties": { "highway": "street_lamp" },
      "geohash": "t9y226kpz"
    },
    {
      "type": "Feature",
      "geometry": { "type": "Point", "coordinates": [76.3067031, 9.8999575] },
      "properties": { "highway": "street_lamp" },
      "geohash": "t9y226hz7"
    },
    {
      "type": "Feature",
      "geometry": { "type": "Point", "coordinates": [76.3283639, 9.9014637] },
      "properties": { "highway": "street_lamp" },
      "geohash": "t9y22fs85"
    },
    {
      "type": "Feature",
      "geometry": { "type": "Point", "coordinates": [76.3284698, 9.9013144] },
      "properties": { "highway": "street_lamp" },
      "geohash": "t9y22fkxq"
    },
    {
      "type": "Feature",
      "geometry": { "type": "Point", "coordinates": [76.3286241, 9.9011453] },
      "properties": { "highway": "street_lamp" },
      "geohash": "t9y22fky3"
    },
    {
      "type": "Feature",
      "geometry": { "type": "Point", "coordinates": [76.3324365, 9.8945972] },
      "properties": { "highway": "street_lamp" },
      "geohash": "t9y22cr84"
    },
    {
      "type": "Feature",
      "geometry": { "type": "Point", "coordinates": [76.331336, 9.8904719] },
      "properties": { "highway": "street_lamp" },
      "geohash": "t9y22bwb1"
    },
    {
      "type": "Feature",
      "geometry": { "type": "Point", "coordinates": [76.3292489, 9.8855617] },
      "properties": { "highway": "street_lamp" },
      "geohash": "t9y20zt78"
    },
    {
      "type": "Feature",
      "geometry": { "type": "Point", "coordinates": [76.3289468, 9.8866618] },
      "properties": { "highway": "street_lamp" },
      "geohash": "t9y20zv1c"
    },
    {
      "type": "Feature",
      "geometry": { "type": "Point", "coordinates": [76.3303643, 9.8903586] },
      "properties": { "highway": "street_lamp" },
      "geohash": "t9y22bqpd"
    },
    {
      "type": "Feature",
      "geometry": { "type": "Point", "coordinates": [76.3318482, 9.891413] },
      "properties": { "highway": "street_lamp" },
      "geohash": "t9y22bxjs"
    },
    {
      "type": "Feature",
      "geometry": { "type": "Point", "coordinates": [76.327504, 9.8922561] },
      "properties": { "highway": "street_lamp" },
      "geohash": "t9y22bgfx"
    },
    {
      "type": "Feature",
      "geometry": { "type": "Point", "coordinates": [76.327642, 9.8918273] },
      "properties": { "highway": "street_lamp" },
      "geohash": "t9y22bu04"
    },
    {
      "type": "Feature",
      "geometry": { "type": "Point", "coordinates": [76.3283092, 9.8921184] },
      "properties": { "highway": "street_lamp" },
      "geohash": "t9y22bu9f"
    },
    {
      "type": "Feature",
      "geometry": { "type": "Point", "coordinates": [76.3288577, 9.891979] },
      "properties": { "highway": "street_lamp" },
      "geohash": "t9y22bubz"
    },
    {
      "type": "Feature",
      "geometry": { "type": "Point", "coordinates": [76.3309919, 9.8924653] },
      "properties": { "highway": "street_lamp" },
      "geohash": "t9y22byec"
    },
    {
      "type": "Feature",
      "geometry": { "type": "Point", "coordinates": [76.3286474, 9.8937413] },
      "properties": { "highway": "street_lamp" },
      "geohash": "t9y22chg4"
    },
    {
      "type": "Feature",
      "geometry": { "type": "Point", "coordinates": [76.3289366, 9.8929981] },
      "properties": { "highway": "street_lamp" },
      "geohash": "t9y22bvnc"
    },
    {
      "type": "Feature",
      "geometry": { "type": "Point", "coordinates": [76.3286764, 9.8928848] },
      "properties": { "highway": "street_lamp" },
      "geohash": "t9y22buy5"
    },
    {
      "type": "Feature",
      "geometry": { "type": "Point", "coordinates": [76.3287012, 9.8925361] },
      "properties": { "highway": "street_lamp" },
      "geohash": "t9y22buu5"
    },
    {
      "type": "Feature",
      "geometry": { "type": "Point", "coordinates": [76.3286357, 9.8923444] },
      "properties": { "highway": "street_lamp" },
      "geohash": "t9y22bug4"
    },
    {
      "type": "Feature",
      "geometry": { "type": "Point", "coordinates": [76.331678, 9.893067] },
      "properties": { "highway": "street_lamp" },
      "geohash": "t9y22bzp3"
    },
    {
      "type": "Feature",
      "geometry": { "type": "Point", "coordinates": [76.3322688, 9.8931245] },
      "properties": { "highway": "street_lamp" },
      "geohash": "t9y22bzrw"
    },
    {
      "type": "Feature",
      "geometry": { "type": "Point", "coordinates": [76.3326844, 9.8932602] },
      "properties": { "highway": "street_lamp" },
      "geohash": "t9y22cpb2"
    },
    {
      "type": "Feature",
      "geometry": { "type": "Point", "coordinates": [76.3282147, 9.8936222] },
      "properties": { "highway": "street_lamp" },
      "geohash": "t9y22chd8"
    },
    {
      "type": "Feature",
      "geometry": { "type": "Point", "coordinates": [76.3205562, 9.8902504] },
      "properties": { "highway": "street_lamp" },
      "geohash": "t9y228qyv"
    },
    {
      "type": "Feature",
      "geometry": { "type": "Point", "coordinates": [76.3234195, 9.8914857] },
      "properties": { "highway": "street_lamp" },
      "geohash": "t9y22b9n0"
    },
    {
      "type": "Feature",
      "geometry": { "type": "Point", "coordinates": [76.3266603, 9.8931466] },
      "properties": { "highway": "street_lamp" },
      "geohash": "t9y22bgru"
    },
    {
      "type": "Feature",
      "geometry": { "type": "Point", "coordinates": [76.3242759, 9.8917876] },
      "properties": { "highway": "street_lamp" },
      "geohash": "t9y22b9xu"
    },
    {
      "type": "Feature",
      "geometry": { "type": "Point", "coordinates": [76.322735, 9.8946104] },
      "properties": { "highway": "street_lamp" },
      "geohash": "t9y22c282"
    },
    {
      "type": "Feature",
      "geometry": { "type": "Point", "coordinates": [76.3226003, 9.8927267] },
      "properties": { "highway": "street_lamp" },
      "geohash": "t9y22bbmm"
    },
    {
      "type": "Feature",
      "geometry": { "type": "Point", "coordinates": [76.3297478, 9.8963514] },
      "properties": { "highway": "street_lamp" },
      "geohash": "t9y22ctdk"
    },
    {
      "type": "Feature",
      "geometry": { "type": "Point", "coordinates": [76.3284869, 9.8967421] },
      "properties": { "highway": "street_lamp" },
      "geohash": "t9y22cssw"
    },
    {
      "type": "Feature",
      "geometry": { "type": "Point", "coordinates": [76.3288913, 9.8960969] },
      "properties": { "highway": "street_lamp" },
      "geohash": "t9y22ct0b"
    },
    {
      "type": "Feature",
      "geometry": { "type": "Point", "coordinates": [76.3290895, 9.896144] },
      "properties": { "highway": "street_lamp" },
      "geohash": "t9y22ct1h"
    },
    {
      "type": "Feature",
      "geometry": { "type": "Point", "coordinates": [76.3293582, 9.8962306] },
      "properties": { "highway": "street_lamp" },
      "geohash": "t9y22ct3d"
    },
    {
      "type": "Feature",
      "geometry": { "type": "Point", "coordinates": [76.3303138, 9.8966185] },
      "properties": { "highway": "street_lamp" },
      "geohash": "t9y22cw5c"
    },
    {
      "type": "Feature",
      "geometry": { "type": "Point", "coordinates": [76.3278971, 9.9036534] },
      "properties": { "highway": "street_lamp" },
      "geohash": "t9y22fukb"
    },
    {
      "type": "Feature",
      "geometry": { "type": "Point", "coordinates": [76.3203134, 9.9101028] },
      "properties": { "highway": "street_lamp" },
      "geohash": "t9y22snf8"
    },
    {
      "type": "Feature",
      "geometry": { "type": "Point", "coordinates": [76.3282272, 9.8969914] },
      "properties": { "highway": "street_lamp" },
      "geohash": "t9y22csw0"
    },
    {
      "type": "Feature",
      "geometry": { "type": "Point", "coordinates": [76.3261822, 9.8969614] },
      "properties": { "highway": "street_lamp" },
      "geohash": "t9y22cejb"
    },
    {
      "type": "Feature",
      "geometry": { "type": "Point", "coordinates": [76.3262493, 9.896685] },
      "properties": { "highway": "street_lamp" },
      "geohash": "t9y22ceh6"
    },
    {
      "type": "Feature",
      "geometry": { "type": "Point", "coordinates": [76.32555, 9.8963406] },
      "properties": { "highway": "street_lamp" },
      "geohash": "t9y22cdd6"
    },
    {
      "type": "Feature",
      "geometry": { "type": "Point", "coordinates": [76.3259358, 9.8965384] },
      "properties": { "highway": "street_lamp" },
      "geohash": "t9y22cdge"
    },
    {
      "type": "Feature",
      "geometry": { "type": "Point", "coordinates": [76.3288333, 9.8984815] },
      "properties": { "highway": "street_lamp" },
      "geohash": "t9y22cuyy"
    },
    {
      "type": "Feature",
      "geometry": { "type": "Point", "coordinates": [76.3297197, 9.8985075] },
      "properties": { "highway": "street_lamp" },
      "geohash": "t9y22cvwg"
    },
    {
      "type": "Feature",
      "geometry": { "type": "Point", "coordinates": [76.3298926, 9.8985572] },
      "properties": { "highway": "street_lamp" },
      "geohash": "t9y22cvxr"
    },
    {
      "type": "Feature",
      "geometry": { "type": "Point", "coordinates": [76.3284361, 9.8985842] },
      "properties": { "highway": "street_lamp" },
      "geohash": "t9y22cuxm"
    },
    {
      "type": "Feature",
      "geometry": { "type": "Point", "coordinates": [76.3208455, 9.9083458] },
      "properties": { "highway": "street_lamp" },
      "geohash": "t9y22ez0k"
    },
    {
      "type": "Feature",
      "geometry": { "type": "Point", "coordinates": [76.3204864, 9.9070385] },
      "properties": { "highway": "street_lamp" },
      "geohash": "t9y22ewbs"
    },
    {
      "type": "Feature",
      "geometry": { "type": "Point", "coordinates": [76.3206567, 9.9074033] },
      "properties": { "highway": "street_lamp" },
      "geohash": "t9y22ex4b"
    },
    {
      "type": "Feature",
      "geometry": { "type": "Point", "coordinates": [76.320718, 9.9067097] },
      "properties": { "highway": "street_lamp" },
      "geohash": "t9y22ernc"
    },
    {
      "type": "Feature",
      "geometry": { "type": "Point", "coordinates": [76.3220458, 9.8974641] },
      "properties": { "highway": "street_lamp" },
      "geohash": "t9y22cb0b"
    },
    {
      "type": "Feature",
      "geometry": { "type": "Point", "coordinates": [76.3221758, 9.9001764] },
      "properties": { "highway": "street_lamp" },
      "geohash": "t9y22f20e"
    },
    {
      "type": "Feature",
      "geometry": { "type": "Point", "coordinates": [76.3222115, 9.8983901] },
      "properties": { "highway": "street_lamp" },
      "geohash": "t9y22cbnk"
    },
    {
      "type": "Feature",
      "geometry": { "type": "Point", "coordinates": [76.3226618, 9.8997831] },
      "properties": { "highway": "street_lamp" },
      "geohash": "t9y22f0qq"
    },
    {
      "type": "Feature",
      "geometry": { "type": "Point", "coordinates": [76.321997, 9.9007741] },
      "properties": { "highway": "street_lamp" },
      "geohash": "t9y22drup"
    },
    {
      "type": "Feature",
      "geometry": { "type": "Point", "coordinates": [76.3200017, 9.8994887] },
      "properties": { "highway": "street_lamp" },
      "geohash": "t9y22dns8"
    },
    {
      "type": "Feature",
      "geometry": { "type": "Point", "coordinates": [76.3212026, 9.9024537] },
      "properties": { "highway": "street_lamp" },
      "geohash": "t9y22dxmu"
    },
    {
      "type": "Feature",
      "geometry": { "type": "Point", "coordinates": [76.3218798, 9.9033483] },
      "properties": { "highway": "street_lamp" },
      "geohash": "t9y22dzgh"
    },
    {
      "type": "Feature",
      "geometry": { "type": "Point", "coordinates": [76.3164374, 9.9056476] },
      "properties": { "highway": "street_lamp" },
      "geohash": "t9y22e7bt"
    },
    {
      "type": "Feature",
      "geometry": { "type": "Point", "coordinates": [76.3168129, 9.9057393] },
      "properties": { "highway": "street_lamp" },
      "geohash": "t9y22ek1n"
    },
    {
      "type": "Feature",
      "geometry": { "type": "Point", "coordinates": [76.3170619, 9.9058915] },
      "properties": { "highway": "street_lamp" },
      "geohash": "t9y22ek6h"
    },
    {
      "type": "Feature",
      "geometry": { "type": "Point", "coordinates": [76.3209843, 9.9030462] },
      "properties": { "highway": "street_lamp" },
      "geohash": "t9y22dz1r"
    },
    {
      "type": "Feature",
      "geometry": { "type": "Point", "coordinates": [76.3209037, 9.9049627] },
      "properties": { "highway": "street_lamp" },
      "geohash": "t9y22epht"
    },
    {
      "type": "Feature",
      "geometry": { "type": "Point", "coordinates": [76.3112281, 9.8881247] },
      "properties": { "highway": "street_lamp" },
      "geohash": "t9y22804s"
    },
    {
      "type": "Feature",
      "geometry": { "type": "Point", "coordinates": [76.3113663, 9.8881407] },
      "properties": { "highway": "street_lamp" },
      "geohash": "t9y22804x"
    },
    {
      "type": "Feature",
      "geometry": { "type": "Point", "coordinates": [76.3115696, 9.8881928] },
      "properties": { "highway": "street_lamp" },
      "geohash": "t9y22806u"
    },
    {
      "type": "Feature",
      "geometry": { "type": "Point", "coordinates": [76.311779, 9.8882669] },
      "properties": { "highway": "street_lamp" },
      "geohash": "t9y2280e3"
    },
    {
      "type": "Feature",
      "geometry": { "type": "Point", "coordinates": [76.3134762, 9.8890302] },
      "properties": { "highway": "street_lamp" },
      "geohash": "t9y2281zb"
    },
    {
      "type": "Feature",
      "geometry": { "type": "Point", "coordinates": [76.3129127, 9.8889219] },
      "properties": { "highway": "street_lamp" },
      "geohash": "t9y2281r5"
    },
    {
      "type": "Feature",
      "geometry": { "type": "Point", "coordinates": [76.3120054, 9.8887793] },
      "properties": { "highway": "street_lamp" },
      "geohash": "t9y2280wq"
    },
    {
      "type": "Feature",
      "geometry": { "type": "Point", "coordinates": [76.3158155, 9.891631] },
      "properties": { "highway": "street_lamp" },
      "geohash": "t9y228eqz"
    },
    {
      "type": "Feature",
      "geometry": { "type": "Point", "coordinates": [76.3164996, 9.891539] },
      "properties": { "highway": "street_lamp" },
      "geohash": "t9y228eyr"
    },
    {
      "type": "Feature",
      "geometry": { "type": "Point", "coordinates": [76.3169223, 9.8916264] },
      "properties": { "highway": "street_lamp" },
      "geohash": "t9y228sqc"
    },
    {
      "type": "Feature",
      "geometry": { "type": "Point", "coordinates": [76.309959, 9.8931197] },
      "properties": { "highway": "street_lamp" },
      "geohash": "t9y222zpw"
    },
    {
      "type": "Feature",
      "geometry": { "type": "Point", "coordinates": [76.3097047, 9.8939217] },
      "properties": { "highway": "street_lamp" },
      "geohash": "t9y223ph2"
    },
    {
      "type": "Feature",
      "geometry": { "type": "Point", "coordinates": [76.3088243, 9.8935985] },
      "properties": { "highway": "street_lamp" },
      "geohash": "t9y223n6k"
    },
    {
      "type": "Feature",
      "geometry": { "type": "Point", "coordinates": [76.3088423, 9.8931476] },
      "properties": { "highway": "street_lamp" },
      "geohash": "t9y222yru"
    },
    {
      "type": "Feature",
      "geometry": { "type": "Point", "coordinates": [76.3085083, 9.8930433] },
      "properties": { "highway": "street_lamp" },
      "geohash": "t9y222ypj"
    },
    {
      "type": "Feature",
      "geometry": { "type": "Point", "coordinates": [76.3089583, 9.8936511] },
      "properties": { "highway": "street_lamp" },
      "geohash": "t9y223n6x"
    },
    {
      "type": "Feature",
      "geometry": { "type": "Point", "coordinates": [76.310567, 9.8944544] },
      "properties": { "highway": "street_lamp" },
      "geohash": "t9y223pxm"
    },
    {
      "type": "Feature",
      "geometry": { "type": "Point", "coordinates": [76.310738, 9.8945948] },
      "properties": { "highway": "street_lamp" },
      "geohash": "t9y223rb1"
    },
    {
      "type": "Feature",
      "geometry": { "type": "Point", "coordinates": [76.3107188, 9.8948915] },
      "properties": { "highway": "street_lamp" },
      "geohash": "t9y223rcb"
    },
    {
      "type": "Feature",
      "geometry": { "type": "Point", "coordinates": [76.3111833, 9.8949681] },
      "properties": { "highway": "street_lamp" },
      "geohash": "t9y229247"
    },
    {
      "type": "Feature",
      "geometry": { "type": "Point", "coordinates": [76.3090068, 9.8943526] },
      "properties": { "highway": "street_lamp" },
      "geohash": "t9y223nwb"
    },
    {
      "type": "Feature",
      "geometry": { "type": "Point", "coordinates": [76.3077874, 9.8978521] },
      "properties": { "highway": "street_lamp" },
      "geohash": "t9y223veh"
    },
    {
      "type": "Feature",
      "geometry": { "type": "Point", "coordinates": [76.3075219, 9.8986139] },
      "properties": { "highway": "street_lamp" },
      "geohash": "t9y223vrw"
    },
    {
      "type": "Feature",
      "geometry": { "type": "Point", "coordinates": [76.3073078, 9.8985651] },
      "properties": { "highway": "street_lamp" },
      "geohash": "t9y223vr3"
    },
    {
      "type": "Feature",
      "geometry": { "type": "Point", "coordinates": [76.3071379, 9.8990218] },
      "properties": { "highway": "street_lamp" },
      "geohash": "t9y226j1v"
    },
    {
      "type": "Feature",
      "geometry": { "type": "Point", "coordinates": [76.3069132, 9.8993461] },
      "properties": { "highway": "street_lamp" },
      "geohash": "t9y226hgz"
    },
    {
      "type": "Feature",
      "geometry": { "type": "Point", "coordinates": [76.3098352, 9.8966627] },
      "properties": { "highway": "street_lamp" },
      "geohash": "t9y223xhh"
    },
    {
      "type": "Feature",
      "geometry": { "type": "Point", "coordinates": [76.3094744, 9.8971621] },
      "properties": { "highway": "street_lamp" },
      "geohash": "t9y223wz5"
    },
    {
      "type": "Feature",
      "geometry": { "type": "Point", "coordinates": [76.3112473, 9.8994805] },
      "properties": { "highway": "street_lamp" },
      "geohash": "t9y22d0hs"
    },
    {
      "type": "Feature",
      "geometry": { "type": "Point", "coordinates": [76.3115933, 9.9007959] },
      "properties": { "highway": "street_lamp" },
      "geohash": "t9y22d2km"
    },
    {
      "type": "Feature",
      "geometry": { "type": "Point", "coordinates": [76.3124286, 9.899712] },
      "properties": { "highway": "street_lamp" },
      "geohash": "t9y22d1n0"
    },
    {
      "type": "Feature",
      "geometry": { "type": "Point", "coordinates": [76.3126305, 9.9010854] },
      "properties": { "highway": "street_lamp" },
      "geohash": "t9y22d3nj"
    },
    {
      "type": "Feature",
      "geometry": { "type": "Point", "coordinates": [76.3129566, 9.8994464] },
      "properties": { "highway": "street_lamp" },
      "geohash": "t9y22d1kk"
    },
    {
      "type": "Feature",
      "geometry": { "type": "Point", "coordinates": [76.312803, 9.8997606] },
      "properties": { "highway": "street_lamp" },
      "geohash": "t9y22d1q3"
    },
    {
      "type": "Feature",
      "geometry": { "type": "Point", "coordinates": [76.3121342, 9.8998359] },
      "properties": { "highway": "street_lamp" },
      "geohash": "t9y22d0y9"
    },
    {
      "type": "Feature",
      "geometry": { "type": "Point", "coordinates": [76.3130202, 9.8992643] },
      "properties": { "highway": "street_lamp" },
      "geohash": "t9y22d17q"
    },
    {
      "type": "Feature",
      "geometry": { "type": "Point", "coordinates": [76.3101752, 9.9007687] },
      "properties": { "highway": "street_lamp" },
      "geohash": "t9y226rk5"
    },
    {
      "type": "Feature",
      "geometry": { "type": "Point", "coordinates": [76.3098478, 9.9037989] },
      "properties": { "highway": "street_lamp" },
      "geohash": "t9y226zju"
    },
    {
      "type": "Feature",
      "geometry": { "type": "Point", "coordinates": [75.6281559, 11.8027353] },
      "properties": { "highway": "street_lamp" },
      "geohash": "tdjg0uwez"
    },
    {
      "type": "Feature",
      "geometry": { "type": "Point", "coordinates": [75.6282672, 11.8022624] },
      "properties": { "highway": "street_lamp" },
      "geohash": "tdjg0uwc4"
    },
    {
      "type": "Feature",
      "geometry": { "type": "Point", "coordinates": [75.6284091, 11.8011919] },
      "properties": { "highway": "street_lamp" },
      "geohash": "tdjg0uqfv"
    },
    {
      "type": "Feature",
      "geometry": { "type": "Point", "coordinates": [75.6286863, 11.7990139] },
      "properties": { "highway": "street_lamp" },
      "geohash": "tdjg0gznh"
    },
    {
      "type": "Feature",
      "geometry": { "type": "Point", "coordinates": [75.6287535, 11.7981717] },
      "properties": { "highway": "street_lamp" },
      "geohash": "tdjg0gz1m"
    },
    {
      "type": "Feature",
      "geometry": { "type": "Point", "coordinates": [75.6287445, 11.7972751] },
      "properties": { "highway": "street_lamp" },
      "geohash": "tdjg0gxhj"
    },
    {
      "type": "Feature",
      "geometry": { "type": "Point", "coordinates": [75.6278011, 11.7944084] },
      "properties": { "highway": "street_lamp" },
      "geohash": "tdjg0gn7r"
    },
    {
      "type": "Feature",
      "geometry": { "type": "Point", "coordinates": [75.6274162, 11.7937415] },
      "properties": { "highway": "street_lamp" },
      "geohash": "tdjg0fypw"
    },
    {
      "type": "Feature",
      "geometry": { "type": "Point", "coordinates": [75.6272023, 11.7932803] },
      "properties": { "highway": "street_lamp" },
      "geohash": "tdjg0fyhc"
    },
    {
      "type": "Feature",
      "geometry": { "type": "Point", "coordinates": [75.6270103, 11.7930679] },
      "properties": { "highway": "street_lamp" },
      "geohash": "tdjg0fvgt"
    },
    {
      "type": "Feature",
      "geometry": { "type": "Point", "coordinates": [75.6263412, 11.7925889] },
      "properties": { "highway": "street_lamp" },
      "geohash": "tdjg0fv2v"
    },
    {
      "type": "Feature",
      "geometry": { "type": "Point", "coordinates": [75.6257633, 11.7920401] },
      "properties": { "highway": "street_lamp" },
      "geohash": "tdjg0ftj8"
    },
    {
      "type": "Feature",
      "geometry": { "type": "Point", "coordinates": [75.6254118, 11.7918345] },
      "properties": { "highway": "street_lamp" },
      "geohash": "tdjg0fssr"
    },
    {
      "type": "Feature",
      "geometry": { "type": "Point", "coordinates": [75.6245277, 11.7917543] },
      "properties": { "highway": "street_lamp" },
      "geohash": "tdjg0fs5g"
    },
    {
      "type": "Feature",
      "geometry": { "type": "Point", "coordinates": [75.6239432, 11.7910121] },
      "properties": { "highway": "street_lamp" },
      "geohash": "tdjg0f7xt"
    },
    {
      "type": "Feature",
      "geometry": { "type": "Point", "coordinates": [75.622781, 11.790441] },
      "properties": { "highway": "street_lamp" },
      "geohash": "tdjg0f6u6"
    },
    {
      "type": "Feature",
      "geometry": { "type": "Point", "coordinates": [75.622329, 11.7899001] },
      "properties": { "highway": "street_lamp" },
      "geohash": "tdjg0f63p"
    },
    {
      "type": "Feature",
      "geometry": { "type": "Point", "coordinates": [75.6222497, 11.7895686] },
      "properties": { "highway": "street_lamp" },
      "geohash": "tdjg0f4rn"
    },
    {
      "type": "Feature",
      "geometry": { "type": "Point", "coordinates": [75.6202366, 11.7888411] },
      "properties": { "highway": "street_lamp" },
      "geohash": "tdjg0f0fz"
    },
    {
      "type": "Feature",
      "geometry": { "type": "Point", "coordinates": [75.6195347, 11.7885237] },
      "properties": { "highway": "street_lamp" },
      "geohash": "tdjg0f03n"
    },
    {
      "type": "Feature",
      "geometry": { "type": "Point", "coordinates": [75.6194993, 11.7885394] },
      "properties": { "highway": "street_lamp" },
      "geohash": "tdjg0f03n"
    },
    {
      "type": "Feature",
      "geometry": { "type": "Point", "coordinates": [75.619288, 11.7882626] },
      "properties": { "highway": "street_lamp" },
      "geohash": "tdjg0cbr9"
    },
    {
      "type": "Feature",
      "geometry": { "type": "Point", "coordinates": [75.6188867, 11.7873146] },
      "properties": { "highway": "street_lamp" },
      "geohash": "tdjg09zfp"
    },
    {
      "type": "Feature",
      "geometry": { "type": "Point", "coordinates": [75.6168137, 11.7850702] },
      "properties": { "highway": "street_lamp" },
      "geohash": "tdjg09qmp"
    },
    {
      "type": "Feature",
      "geometry": { "type": "Point", "coordinates": [75.6164935, 11.7847047] },
      "properties": { "highway": "street_lamp" },
      "geohash": "tdjg09q6b"
    },
    {
      "type": "Feature",
      "geometry": { "type": "Point", "coordinates": [75.6159388, 11.7841392] },
      "properties": { "highway": "street_lamp" },
      "geohash": "tdjg09jze"
    },
    {
      "type": "Feature",
      "geometry": { "type": "Point", "coordinates": [75.6157502, 11.7834874] },
      "properties": { "highway": "street_lamp" },
      "geohash": "tdjg09jey"
    },
    {
      "type": "Feature",
      "geometry": { "type": "Point", "coordinates": [75.6153894, 11.7829667] },
      "properties": { "highway": "street_lamp" },
      "geohash": "tdjg09j2y"
    },
    {
      "type": "Feature",
      "geometry": { "type": "Point", "coordinates": [75.6152081, 11.7826661] },
      "properties": { "highway": "street_lamp" },
      "geohash": "tdjg08vr4"
    },
    {
      "type": "Feature",
      "geometry": { "type": "Point", "coordinates": [75.6151125, 11.7822731] },
      "properties": { "highway": "street_lamp" },
      "geohash": "tdjg08vhx"
    },
    {
      "type": "Feature",
      "geometry": { "type": "Point", "coordinates": [75.6149157, 11.7819375] },
      "properties": { "highway": "street_lamp" },
      "geohash": "tdjg08v4g"
    },
    {
      "type": "Feature",
      "geometry": { "type": "Point", "coordinates": [75.6146237, 11.781491] },
      "properties": { "highway": "street_lamp" },
      "geohash": "tdjg08ubh"
    },
    {
      "type": "Feature",
      "geometry": { "type": "Point", "coordinates": [75.613823, 11.7807811] },
      "properties": { "highway": "street_lamp" },
      "geohash": "tdjg08sk1"
    },
    {
      "type": "Feature",
      "geometry": { "type": "Point", "coordinates": [75.6133478, 11.780074] },
      "properties": { "highway": "street_lamp" },
      "geohash": "tdjg087zy"
    },
    {
      "type": "Feature",
      "geometry": { "type": "Point", "coordinates": [75.6115755, 11.7783966] },
      "properties": { "highway": "street_lamp" },
      "geohash": "tdjg084wj"
    },
    {
      "type": "Feature",
      "geometry": { "type": "Point", "coordinates": [75.6101461, 11.7780728] },
      "properties": { "highway": "street_lamp" },
      "geohash": "tdjg081sh"
    },
    {
      "type": "Feature",
      "geometry": { "type": "Point", "coordinates": [75.6091716, 11.7764175] },
      "properties": { "highway": "street_lamp" },
      "geohash": "tdjfbxbft"
    },
    {
      "type": "Feature",
      "geometry": { "type": "Point", "coordinates": [75.6085459, 11.7758831] },
      "properties": { "highway": "street_lamp" },
      "geohash": "tdjfbx8rq"
    },
    {
      "type": "Feature",
      "geometry": { "type": "Point", "coordinates": [75.6066726, 11.7743298] },
      "properties": { "highway": "street_lamp" },
      "geohash": "tdjfbrrn7"
    },
    {
      "type": "Feature",
      "geometry": { "type": "Point", "coordinates": [75.6051415, 11.7729898] },
      "properties": { "highway": "street_lamp" },
      "geohash": "tdjfbrjyx"
    },
    {
      "type": "Feature",
      "geometry": { "type": "Point", "coordinates": [75.6048963, 11.7727829] },
      "properties": { "highway": "street_lamp" },
      "geohash": "tdjfbrjv3"
    },
    {
      "type": "Feature",
      "geometry": { "type": "Point", "coordinates": [75.6048606, 11.7723843] },
      "properties": { "highway": "street_lamp" },
      "geohash": "tdjfbrjg0"
    },
    {
      "type": "Feature",
      "geometry": { "type": "Point", "coordinates": [75.6042675, 11.7720013] },
      "properties": { "highway": "street_lamp" },
      "geohash": "tdjfbrj2g"
    },
    {
      "type": "Feature",
      "geometry": { "type": "Point", "coordinates": [75.6040652, 11.7714792] },
      "properties": { "highway": "street_lamp" },
      "geohash": "tdjfbqvjy"
    },
    {
      "type": "Feature",
      "geometry": { "type": "Point", "coordinates": [75.6036397, 11.7708771] },
      "properties": { "highway": "street_lamp" },
      "geohash": "tdjfbqufk"
    },
    {
      "type": "Feature",
      "geometry": { "type": "Point", "coordinates": [75.6032648, 11.7703711] },
      "properties": { "highway": "street_lamp" },
      "geohash": "tdjfbqsx7"
    },
    {
      "type": "Feature",
      "geometry": { "type": "Point", "coordinates": [75.6015651, 11.7690919] },
      "properties": { "highway": "street_lamp" },
      "geohash": "tdjfbq7ru"
    },
    {
      "type": "Feature",
      "geometry": { "type": "Point", "coordinates": [75.6011696, 11.7690767] },
      "properties": { "highway": "street_lamp" },
      "geohash": "tdjfbq7pf"
    },
    {
      "type": "Feature",
      "geometry": { "type": "Point", "coordinates": [75.6004106, 11.7686778] },
      "properties": { "highway": "street_lamp" },
      "geohash": "tdjfbq6t9"
    },
    {
      "type": "Feature",
      "geometry": { "type": "Point", "coordinates": [75.5999801, 11.7680584] },
      "properties": { "highway": "street_lamp" },
      "geohash": "tdjfbq61z"
    },
    {
      "type": "Feature",
      "geometry": { "type": "Point", "coordinates": [75.5996174, 11.7673977] },
      "properties": { "highway": "street_lamp" },
      "geohash": "tdjfbq1yn"
    },
    {
      "type": "Feature",
      "geometry": { "type": "Point", "coordinates": [75.5984083, 11.7665341] },
      "properties": { "highway": "street_lamp" },
      "geohash": "tdjfbq114"
    },
    {
      "type": "Feature",
      "geometry": { "type": "Point", "coordinates": [75.5972592, 11.7659837] },
      "properties": { "highway": "street_lamp" },
      "geohash": "tdjfbmbjz"
    },
    {
      "type": "Feature",
      "geometry": { "type": "Point", "coordinates": [75.5966745, 11.7657579] },
      "properties": { "highway": "street_lamp" },
      "geohash": "tdjfbjzud"
    },
    {
      "type": "Feature",
      "geometry": { "type": "Point", "coordinates": [75.5947197, 11.7653682] },
      "properties": { "highway": "street_lamp" },
      "geohash": "tdjfbjy6h"
    },
    {
      "type": "Feature",
      "geometry": { "type": "Point", "coordinates": [75.5941181, 11.7651667] },
      "properties": { "highway": "street_lamp" },
      "geohash": "tdjfbjvcn"
    },
    {
      "type": "Feature",
      "geometry": { "type": "Point", "coordinates": [75.5935849, 11.7652068] },
      "properties": { "highway": "street_lamp" },
      "geohash": "tdjfbjv96"
    },
    {
      "type": "Feature",
      "geometry": { "type": "Point", "coordinates": [75.5933362, 11.7652336] },
      "properties": { "highway": "street_lamp" },
      "geohash": "tdjfbjv3k"
    },
    {
      "type": "Feature",
      "geometry": { "type": "Point", "coordinates": [75.5927282, 11.7652928] },
      "properties": { "highway": "street_lamp" },
      "geohash": "tdjfbjucy"
    },
    {
      "type": "Feature",
      "geometry": { "type": "Point", "coordinates": [75.5924186, 11.7653091] },
      "properties": { "highway": "street_lamp" },
      "geohash": "tdjfbju9z"
    },
    {
      "type": "Feature",
      "geometry": { "type": "Point", "coordinates": [75.5923147, 11.7648701] },
      "properties": { "highway": "street_lamp" },
      "geohash": "tdjfbjsxk"
    },
    {
      "type": "Feature",
      "geometry": { "type": "Point", "coordinates": [75.5918942, 11.7647682] },
      "properties": { "highway": "street_lamp" },
      "geohash": "tdjfbjsqd"
    },
    {
      "type": "Feature",
      "geometry": { "type": "Point", "coordinates": [75.5912928, 11.7647521] },
      "properties": { "highway": "street_lamp" },
      "geohash": "tdjfbjeys"
    },
    {
      "type": "Feature",
      "geometry": { "type": "Point", "coordinates": [75.5904154, 11.7644583] },
      "properties": { "highway": "street_lamp" },
      "geohash": "tdjfbjekb"
    },
    {
      "type": "Feature",
      "geometry": { "type": "Point", "coordinates": [75.5845855, 11.7751643] },
      "properties": { "highway": "street_lamp" },
      "geohash": "tdjdzzx52"
    },
    {
      "type": "Feature",
      "geometry": { "type": "Point", "coordinates": [75.5862544, 11.7752405] },
      "properties": { "highway": "street_lamp" },
      "geohash": "tdjfbp85x"
    },
    {
      "type": "Feature",
      "geometry": { "type": "Point", "coordinates": [75.5867745, 11.7750632] },
      "properties": { "highway": "street_lamp" },
      "geohash": "tdjfbp8de"
    },
    {
      "type": "Feature",
      "geometry": { "type": "Point", "coordinates": [75.5821594, 11.7822185] },
      "properties": { "highway": "street_lamp" },
      "geohash": "tdjepbvhr"
    },
    {
      "type": "Feature",
      "geometry": { "type": "Point", "coordinates": [75.5826071, 11.7823174] },
      "properties": { "highway": "street_lamp" },
      "geohash": "tdjepbvsf"
    },
    {
      "type": "Feature",
      "geometry": { "type": "Point", "coordinates": [75.5832888, 11.782331] },
      "properties": { "highway": "street_lamp" },
      "geohash": "tdjepbyj4"
    },
    {
      "type": "Feature",
      "geometry": { "type": "Point", "coordinates": [75.5841866, 11.7822722] },
      "properties": { "highway": "street_lamp" },
      "geohash": "tdjepbysx"
    },
    {
      "type": "Feature",
      "geometry": { "type": "Point", "coordinates": [75.5846842, 11.7823502] },
      "properties": { "highway": "street_lamp" },
      "geohash": "tdjepbzj4"
    },
    {
      "type": "Feature",
      "geometry": { "type": "Point", "coordinates": [75.5850032, 11.7824576] },
      "properties": { "highway": "street_lamp" },
      "geohash": "tdjepbzmf"
    },
    {
      "type": "Feature",
      "geometry": { "type": "Point", "coordinates": [75.5851052, 11.7823464] },
      "properties": { "highway": "street_lamp" },
      "geohash": "tdjepbzmh"
    },
    {
      "type": "Feature",
      "geometry": { "type": "Point", "coordinates": [75.5857433, 11.7821828] },
      "properties": { "highway": "street_lamp" },
      "geohash": "tdjepbzu5"
    },
    {
      "type": "Feature",
      "geometry": { "type": "Point", "coordinates": [75.5878235, 11.7821566] },
      "properties": { "highway": "street_lamp" },
      "geohash": "tdjg00ck5"
    },
    {
      "type": "Feature",
      "geometry": { "type": "Point", "coordinates": [75.5920866, 11.7821876] },
      "properties": { "highway": "street_lamp" },
      "geohash": "tdjg00ukp"
    },
    {
      "type": "Feature",
      "geometry": { "type": "Point", "coordinates": [75.5925355, 11.782724] },
      "properties": { "highway": "street_lamp" },
      "geohash": "tdjg00uz3"
    },
    {
      "type": "Feature",
      "geometry": { "type": "Point", "coordinates": [75.5926728, 11.7831378] },
      "properties": { "highway": "street_lamp" },
      "geohash": "tdjg01hcu"
    },
    {
      "type": "Feature",
      "geometry": { "type": "Point", "coordinates": [75.5927695, 11.7834714] },
      "properties": { "highway": "street_lamp" },
      "geohash": "tdjg01hgx"
    },
    {
      "type": "Feature",
      "geometry": { "type": "Point", "coordinates": [75.5931229, 11.7846229] },
      "properties": { "highway": "street_lamp" },
      "geohash": "tdjg01m4r"
    },
    {
      "type": "Feature",
      "geometry": { "type": "Point", "coordinates": [75.5936741, 11.784893] },
      "properties": { "highway": "street_lamp" },
      "geohash": "tdjg01meu"
    },
    {
      "type": "Feature",
      "geometry": { "type": "Point", "coordinates": [75.5955751, 11.7869953] },
      "properties": { "highway": "street_lamp" },
      "geohash": "tdjg01z00"
    },
    {
      "type": "Feature",
      "geometry": { "type": "Point", "coordinates": [75.5957906, 11.7872805] },
      "properties": { "highway": "street_lamp" },
      "geohash": "tdjg01z1v"
    },
    {
      "type": "Feature",
      "geometry": { "type": "Point", "coordinates": [75.5959666, 11.7877082] },
      "properties": { "highway": "street_lamp" },
      "geohash": "tdjg01zk3"
    },
    {
      "type": "Feature",
      "geometry": { "type": "Point", "coordinates": [75.5967356, 11.7890982] },
      "properties": { "highway": "street_lamp" },
      "geohash": "tdjg04pu7"
    },
    {
      "type": "Feature",
      "geometry": { "type": "Point", "coordinates": [75.5973743, 11.7897518] },
      "properties": { "highway": "street_lamp" },
      "geohash": "tdjg06226"
    },
    {
      "type": "Feature",
      "geometry": { "type": "Point", "coordinates": [75.597663, 11.7899814] },
      "properties": { "highway": "street_lamp" },
      "geohash": "tdjg06299"
    },
    {
      "type": "Feature",
      "geometry": { "type": "Point", "coordinates": [75.5979152, 11.7901602] },
      "properties": { "highway": "street_lamp" },
      "geohash": "tdjg062dx"
    },
    {
      "type": "Feature",
      "geometry": { "type": "Point", "coordinates": [75.598047, 11.7902627] },
      "properties": { "highway": "street_lamp" },
      "geohash": "tdjg062g6"
    },
    {
      "type": "Feature",
      "geometry": { "type": "Point", "coordinates": [75.59852, 11.7904302] },
      "properties": { "highway": "street_lamp" },
      "geohash": "tdjg063hj"
    },
    {
      "type": "Feature",
      "geometry": { "type": "Point", "coordinates": [75.5988212, 11.7905251] },
      "properties": { "highway": "street_lamp" },
      "geohash": "tdjg063ku"
    },
    {
      "type": "Feature",
      "geometry": { "type": "Point", "coordinates": [75.5991682, 11.7905301] },
      "properties": { "highway": "street_lamp" },
      "geohash": "tdjg063su"
    },
    {
      "type": "Feature",
      "geometry": { "type": "Point", "coordinates": [75.5996096, 11.7905751] },
      "properties": { "highway": "street_lamp" },
      "geohash": "tdjg063vn"
    },
    {
      "type": "Feature",
      "geometry": { "type": "Point", "coordinates": [75.5999411, 11.7905213] },
      "properties": { "highway": "street_lamp" },
      "geohash": "tdjg066hy"
    },
    {
      "type": "Feature",
      "geometry": { "type": "Point", "coordinates": [75.6001466, 11.7905574] },
      "properties": { "highway": "street_lamp" },
      "geohash": "tdjg066kg"
    },
    {
      "type": "Feature",
      "geometry": { "type": "Point", "coordinates": [75.6009123, 11.7907911] },
      "properties": { "highway": "street_lamp" },
      "geohash": "tdjg066yk"
    },
    {
      "type": "Feature",
      "geometry": { "type": "Point", "coordinates": [75.6019036, 11.7907554] },
      "properties": { "highway": "street_lamp" },
      "geohash": "tdjg067wh"
    },
    {
      "type": "Feature",
      "geometry": { "type": "Point", "coordinates": [75.6023391, 11.791015] },
      "properties": { "highway": "street_lamp" },
      "geohash": "tdjg067zw"
    },
    {
      "type": "Feature",
      "geometry": { "type": "Point", "coordinates": [75.602644, 11.7912552] },
      "properties": { "highway": "street_lamp" },
      "geohash": "tdjg06s1j"
    },
    {
      "type": "Feature",
      "geometry": { "type": "Point", "coordinates": [75.603271, 11.790658] },
      "properties": { "highway": "street_lamp" },
      "geohash": "tdjg06kte"
    },
    {
      "type": "Feature",
      "geometry": { "type": "Point", "coordinates": [75.6033195, 11.7915972] },
      "properties": { "highway": "street_lamp" },
      "geohash": "tdjg06sej"
    },
    {
      "type": "Feature",
      "geometry": { "type": "Point", "coordinates": [75.6038247, 11.7916422] },
      "properties": { "highway": "street_lamp" },
      "geohash": "tdjg06t52"
    },
    {
      "type": "Feature",
      "geometry": { "type": "Point", "coordinates": [75.6056518, 11.7920132] },
      "properties": { "highway": "street_lamp" },
      "geohash": "tdjg06wm7"
    },
    {
      "type": "Feature",
      "geometry": { "type": "Point", "coordinates": [75.6066153, 11.792465] },
      "properties": { "highway": "street_lamp" },
      "geohash": "tdjg06z01"
    },
    {
      "type": "Feature",
      "geometry": { "type": "Point", "coordinates": [75.6068019, 11.7924282] },
      "properties": { "highway": "street_lamp" },
      "geohash": "tdjg06xpy"
    },
    {
      "type": "Feature",
      "geometry": { "type": "Point", "coordinates": [75.6077127, 11.7925876] },
      "properties": { "highway": "street_lamp" },
      "geohash": "tdjg06zbg"
    },
    {
      "type": "Feature",
      "geometry": { "type": "Point", "coordinates": [75.6085633, 11.7924459] },
      "properties": { "highway": "street_lamp" },
      "geohash": "tdjg0d8rz"
    },
    {
      "type": "Feature",
      "geometry": { "type": "Point", "coordinates": [75.60908, 11.7922473] },
      "properties": { "highway": "street_lamp" },
      "geohash": "tdjg0d8yg"
    },
    {
      "type": "Feature",
      "geometry": { "type": "Point", "coordinates": [75.610926, 11.7921678] },
      "properties": { "highway": "street_lamp" },
      "geohash": "tdjg0ddnq"
    },
    {
      "type": "Feature",
      "geometry": { "type": "Point", "coordinates": [75.6121813, 11.7927748] },
      "properties": { "highway": "street_lamp" },
      "geohash": "tdjg0dg1g"
    },
    {
      "type": "Feature",
      "geometry": { "type": "Point", "coordinates": [75.6131812, 11.7932264] },
      "properties": { "highway": "street_lamp" },
      "geohash": "tdjg0dgud"
    },
    {
      "type": "Feature",
      "geometry": { "type": "Point", "coordinates": [75.6136839, 11.7933268] },
      "properties": { "highway": "street_lamp" },
      "geohash": "tdjg0dujn"
    },
    {
      "type": "Feature",
      "geometry": { "type": "Point", "coordinates": [75.6149, 11.7927095] },
      "properties": { "highway": "street_lamp" },
      "geohash": "tdjg0dv1d"
    },
    {
      "type": "Feature",
      "geometry": { "type": "Point", "coordinates": [75.615219, 11.7924122] },
      "properties": { "highway": "street_lamp" },
      "geohash": "tdjg0dtrf"
    },
    {
      "type": "Feature",
      "geometry": { "type": "Point", "coordinates": [75.6153976, 11.7920425] },
      "properties": { "highway": "street_lamp" },
      "geohash": "tdjg0dtmw"
    },
    {
      "type": "Feature",
      "geometry": { "type": "Point", "coordinates": [75.6160367, 11.7914847] },
      "properties": { "highway": "street_lamp" },
      "geohash": "tdjg0dtfm"
    },
    {
      "type": "Feature",
      "geometry": { "type": "Point", "coordinates": [75.616939, 11.791186] },
      "properties": { "highway": "street_lamp" },
      "geohash": "tdjg0dw8d"
    },
    {
      "type": "Feature",
      "geometry": { "type": "Point", "coordinates": [75.6171787, 11.7912127] },
      "properties": { "highway": "street_lamp" },
      "geohash": "tdjg0dw8z"
    },
    {
      "type": "Feature",
      "geometry": { "type": "Point", "coordinates": [75.6178402, 11.7914118] },
      "properties": { "highway": "street_lamp" },
      "geohash": "tdjg0dx1z"
    },
    {
      "type": "Feature",
      "geometry": { "type": "Point", "coordinates": [75.6190025, 11.7911236] },
      "properties": { "highway": "street_lamp" },
      "geohash": "tdjg0f806"
    },
    {
      "type": "Feature",
      "geometry": { "type": "Point", "coordinates": [75.6197793, 11.7910553] },
      "properties": { "highway": "street_lamp" },
      "geohash": "tdjg0f2xu"
    },
    {
      "type": "Feature",
      "geometry": { "type": "Point", "coordinates": [75.6203092, 11.7911843] },
      "properties": { "highway": "street_lamp" },
      "geohash": "tdjg0f908"
    },
    {
      "type": "Feature",
      "geometry": { "type": "Point", "coordinates": [75.6205528, 11.7912479] },
      "properties": { "highway": "street_lamp" },
      "geohash": "tdjg0f90y"
    },
    {
      "type": "Feature",
      "geometry": { "type": "Point", "coordinates": [75.6206141, 11.7912218] },
      "properties": { "highway": "street_lamp" },
      "geohash": "tdjg0f92b"
    },
    {
      "type": "Feature",
      "geometry": { "type": "Point", "coordinates": [75.5851222, 11.7832407] },
      "properties": { "highway": "street_lamp" },
      "geohash": "tdjepcp6m"
    },
    {
      "type": "Feature",
      "geometry": { "type": "Point", "coordinates": [75.5851153, 11.784152] },
      "properties": { "highway": "street_lamp" },
      "geohash": "tdjepcprs"
    },
    {
      "type": "Feature",
      "geometry": { "type": "Point", "coordinates": [75.5868917, 11.7855535] },
      "properties": { "highway": "street_lamp" },
      "geohash": "tdjg012xy"
    },
    {
      "type": "Feature",
      "geometry": { "type": "Point", "coordinates": [75.5875878, 11.7866212] },
      "properties": { "highway": "street_lamp" },
      "geohash": "tdjg019nn"
    },
    {
      "type": "Feature",
      "geometry": { "type": "Point", "coordinates": [75.5880631, 11.786554] },
      "properties": { "highway": "street_lamp" },
      "geohash": "tdjg019t9"
    },
    {
      "type": "Feature",
      "geometry": { "type": "Point", "coordinates": [75.5904902, 11.7868034] },
      "properties": { "highway": "street_lamp" },
      "geohash": "tdjg01er4"
    },
    {
      "type": "Feature",
      "geometry": { "type": "Point", "coordinates": [75.5893246, 11.7900555] },
      "properties": { "highway": "street_lamp" },
      "geohash": "tdjg0466n"
    },
    {
      "type": "Feature",
      "geometry": { "type": "Point", "coordinates": [75.5903627, 11.7900336] },
      "properties": { "highway": "street_lamp" },
      "geohash": "tdjg0471z"
    },
    {
      "type": "Feature",
      "geometry": { "type": "Point", "coordinates": [75.5907985, 11.7898532] },
      "properties": { "highway": "street_lamp" },
      "geohash": "tdjg0478c"
    },
    {
      "type": "Feature",
      "geometry": { "type": "Point", "coordinates": [75.5914346, 11.789987] },
      "properties": { "highway": "street_lamp" },
      "geohash": "tdjg04k18"
    },
    {
      "type": "Feature",
      "geometry": { "type": "Point", "coordinates": [75.5914299, 11.7902237] },
      "properties": { "highway": "street_lamp" },
      "geohash": "tdjg047gp"
    },
    {
      "type": "Feature",
      "geometry": { "type": "Point", "coordinates": [75.5921372, 11.7902844] },
      "properties": { "highway": "street_lamp" },
      "geohash": "tdjg04ke2"
    },
    {
      "type": "Feature",
      "geometry": { "type": "Point", "coordinates": [75.5927981, 11.7900551] },
      "properties": { "highway": "street_lamp" },
      "geohash": "tdjg04kfp"
    },
    {
      "type": "Feature",
      "geometry": { "type": "Point", "coordinates": [75.5934935, 11.7894626] },
      "properties": { "highway": "street_lamp" },
      "geohash": "tdjg04jw8"
    },
    {
      "type": "Feature",
      "geometry": { "type": "Point", "coordinates": [75.5934658, 11.7897981] },
      "properties": { "highway": "street_lamp" },
      "geohash": "tdjg04m2x"
    },
    {
      "type": "Feature",
      "geometry": { "type": "Point", "coordinates": [75.5941964, 11.7894163] },
      "properties": { "highway": "street_lamp" },
      "geohash": "tdjg04nn2"
    },
    {
      "type": "Feature",
      "geometry": { "type": "Point", "coordinates": [75.5973269, 11.7919963] },
      "properties": { "highway": "street_lamp" },
      "geohash": "tdjg068m3"
    },
    {
      "type": "Feature",
      "geometry": { "type": "Point", "coordinates": [75.6024763, 11.7782061] },
      "properties": { "highway": "street_lamp" },
      "geohash": "tdjg02hj1"
    },
    {
      "type": "Feature",
      "geometry": { "type": "Point", "coordinates": [75.6024031, 11.7790093] },
      "properties": { "highway": "street_lamp" },
      "geohash": "tdjg027cx"
    },
    {
      "type": "Feature",
      "geometry": { "type": "Point", "coordinates": [75.602484, 11.7798478] },
      "properties": { "highway": "street_lamp" },
      "geohash": "tdjg02kn9"
    },
    {
      "type": "Feature",
      "geometry": { "type": "Point", "coordinates": [75.601853, 11.7810651] },
      "properties": { "highway": "street_lamp" },
      "geohash": "tdjg02etd"
    },
    {
      "type": "Feature",
      "geometry": { "type": "Point", "coordinates": [75.6016982, 11.7816677] },
      "properties": { "highway": "street_lamp" },
      "geohash": "tdjg02g3p"
    },
    {
      "type": "Feature",
      "geometry": { "type": "Point", "coordinates": [75.6010439, 11.7818034] },
      "properties": { "highway": "street_lamp" },
      "geohash": "tdjg02g1b"
    },
    {
      "type": "Feature",
      "geometry": { "type": "Point", "coordinates": [75.5957592, 11.7802291] },
      "properties": { "highway": "street_lamp" },
      "geohash": "tdjg00x0u"
    },
    {
      "type": "Feature",
      "geometry": { "type": "Point", "coordinates": [75.5959207, 11.7808106] },
      "properties": { "highway": "street_lamp" },
      "geohash": "tdjg00xk0"
    },
    {
      "type": "Feature",
      "geometry": { "type": "Point", "coordinates": [75.5960541, 11.7816625] },
      "properties": { "highway": "street_lamp" },
      "geohash": "tdjg00z35"
    },
    {
      "type": "Feature",
      "geometry": { "type": "Point", "coordinates": [75.5957393, 11.7823763] },
      "properties": { "highway": "street_lamp" },
      "geohash": "tdjg00zjk"
    },
    {
      "type": "Feature",
      "geometry": { "type": "Point", "coordinates": [75.5958173, 11.7834379] },
      "properties": { "highway": "street_lamp" },
      "geohash": "tdjg01p5w"
    },
    {
      "type": "Feature",
      "geometry": { "type": "Point", "coordinates": [75.5978661, 11.7833914] },
      "properties": { "highway": "street_lamp" },
      "geohash": "tdjg030ej"
    },
    {
      "type": "Feature",
      "geometry": { "type": "Point", "coordinates": [75.5988742, 11.7831432] },
      "properties": { "highway": "street_lamp" },
      "geohash": "tdjg0313v"
    },
    {
      "type": "Feature",
      "geometry": { "type": "Point", "coordinates": [75.5995111, 11.7831121] },
      "properties": { "highway": "street_lamp" },
      "geohash": "tdjg031cs"
    },
    {
      "type": "Feature",
      "geometry": { "type": "Point", "coordinates": [75.6016531, 11.7834202] },
      "properties": { "highway": "street_lamp" },
      "geohash": "tdjg0357q"
    },
    {
      "type": "Feature",
      "geometry": { "type": "Point", "coordinates": [75.6021107, 11.7839367] },
      "properties": { "highway": "street_lamp" },
      "geohash": "tdjg035y2"
    },
    {
      "type": "Feature",
      "geometry": { "type": "Point", "coordinates": [75.6020584, 11.7836505] },
      "properties": { "highway": "street_lamp" },
      "geohash": "tdjg035sx"
    },
    {
      "type": "Feature",
      "geometry": { "type": "Point", "coordinates": [75.6010582, 11.7850418] },
      "properties": { "highway": "street_lamp" },
      "geohash": "tdjg037hb"
    },
    {
      "type": "Feature",
      "geometry": { "type": "Point", "coordinates": [75.601737, 11.7855614] },
      "properties": { "highway": "street_lamp" },
      "geohash": "tdjg037xb"
    },
    {
      "type": "Feature",
      "geometry": { "type": "Point", "coordinates": [75.6022499, 11.7857163] },
      "properties": { "highway": "street_lamp" },
      "geohash": "tdjg03ebu"
    },
    {
      "type": "Feature",
      "geometry": { "type": "Point", "coordinates": [75.6040122, 11.7871479] },
      "properties": { "highway": "street_lamp" },
      "geohash": "tdjg03v1j"
    },
    {
      "type": "Feature",
      "geometry": { "type": "Point", "coordinates": [75.604149, 11.7879366] },
      "properties": { "highway": "street_lamp" },
      "geohash": "tdjg03vm8"
    },
    {
      "type": "Feature",
      "geometry": { "type": "Point", "coordinates": [75.6046272, 11.7878874] },
      "properties": { "highway": "street_lamp" },
      "geohash": "tdjg03vt7"
    },
    {
      "type": "Feature",
      "geometry": { "type": "Point", "coordinates": [75.6048224, 11.7883288] },
      "properties": { "highway": "street_lamp" },
      "geohash": "tdjg03vzb"
    },
    {
      "type": "Feature",
      "geometry": { "type": "Point", "coordinates": [75.6036761, 11.7898834] },
      "properties": { "highway": "street_lamp" },
      "geohash": "tdjg06kcj"
    },
    {
      "type": "Feature",
      "geometry": { "type": "Point", "coordinates": [75.6046121, 11.7891114] },
      "properties": { "highway": "street_lamp" },
      "geohash": "tdjg06jse"
    },
    {
      "type": "Feature",
      "geometry": { "type": "Point", "coordinates": [75.6048456, 11.7890455] },
      "properties": { "highway": "street_lamp" },
      "geohash": "tdjg06ju0"
    },
    {
      "type": "Feature",
      "geometry": { "type": "Point", "coordinates": [75.6056128, 11.7883016] },
      "properties": { "highway": "street_lamp" },
      "geohash": "tdjg03yrf"
    },
    {
      "type": "Feature",
      "geometry": { "type": "Point", "coordinates": [75.6060755, 11.7882446] },
      "properties": { "highway": "street_lamp" },
      "geohash": "tdjg03yxt"
    },
    {
      "type": "Feature",
      "geometry": { "type": "Point", "coordinates": [75.6064677, 11.7882223] },
      "properties": { "highway": "street_lamp" },
      "geohash": "tdjg03yzq"
    },
    {
      "type": "Feature",
      "geometry": { "type": "Point", "coordinates": [75.6070102, 11.7882722] },
      "properties": { "highway": "street_lamp" },
      "geohash": "tdjg03zre"
    },
    {
      "type": "Feature",
      "geometry": { "type": "Point", "coordinates": [75.6080863, 11.7883342] },
      "properties": { "highway": "street_lamp" },
      "geohash": "tdjg0d00h"
    },
    {
      "type": "Feature",
      "geometry": { "type": "Point", "coordinates": [75.6083517, 11.7878421] },
      "properties": { "highway": "street_lamp" },
      "geohash": "tdjg09bm4"
    },
    {
      "type": "Feature",
      "geometry": { "type": "Point", "coordinates": [75.608124, 11.7879693] },
      "properties": { "highway": "street_lamp" },
      "geohash": "tdjg09bju"
    },
    {
      "type": "Feature",
      "geometry": { "type": "Point", "coordinates": [75.609103, 11.7876901] },
      "properties": { "highway": "street_lamp" },
      "geohash": "tdjg09bu7"
    },
    {
      "type": "Feature",
      "geometry": { "type": "Point", "coordinates": [75.6098045, 11.7872622] },
      "properties": { "highway": "street_lamp" },
      "geohash": "tdjg09c3u"
    },
    {
      "type": "Feature",
      "geometry": { "type": "Point", "coordinates": [75.6071944, 11.7863156] },
      "properties": { "highway": "street_lamp" },
      "geohash": "tdjg03xkr"
    },
    {
      "type": "Feature",
      "geometry": { "type": "Point", "coordinates": [75.6029621, 11.7676224] },
      "properties": { "highway": "street_lamp" },
      "geohash": "tdjfbqhrk"
    },
    {
      "type": "Feature",
      "geometry": { "type": "Point", "coordinates": [75.6028646, 11.7678516] },
      "properties": { "highway": "street_lamp" },
      "geohash": "tdjfbqk2d"
    },
    {
      "type": "Feature",
      "geometry": { "type": "Point", "coordinates": [75.6034475, 11.7673479] },
      "properties": { "highway": "street_lamp" },
      "geohash": "tdjfbqhvb"
    },
    {
      "type": "Feature",
      "geometry": { "type": "Point", "coordinates": [75.6040335, 11.7670433] },
      "properties": { "highway": "street_lamp" },
      "geohash": "tdjfbqj5v"
    },
    {
      "type": "Feature",
      "geometry": { "type": "Point", "coordinates": [75.6081022, 11.7690004] },
      "properties": { "highway": "street_lamp" },
      "geohash": "tdjfbw2pk"
    },
    {
      "type": "Feature",
      "geometry": { "type": "Point", "coordinates": [75.6087516, 11.7689421] },
      "properties": { "highway": "street_lamp" },
      "geohash": "tdjfbw2x5"
    },
    {
      "type": "Feature",
      "geometry": { "type": "Point", "coordinates": [75.6103089, 11.7684933] },
      "properties": { "highway": "street_lamp" },
      "geohash": "tdjfbw3sr"
    },
    {
      "type": "Feature",
      "geometry": { "type": "Point", "coordinates": [75.6104534, 11.7682721] },
      "properties": { "highway": "street_lamp" },
      "geohash": "tdjfbw3g5"
    },
    {
      "type": "Feature",
      "geometry": { "type": "Point", "coordinates": [75.6105784, 11.7678495] },
      "properties": { "highway": "street_lamp" },
      "geohash": "tdjfbw3bw"
    },
    {
      "type": "Feature",
      "geometry": { "type": "Point", "coordinates": [75.6106444, 11.7674284] },
      "properties": { "highway": "street_lamp" },
      "geohash": "tdjfbw1yp"
    },
    {
      "type": "Feature",
      "geometry": { "type": "Point", "coordinates": [75.6107713, 11.7666916] },
      "properties": { "highway": "street_lamp" },
      "geohash": "tdjfbw41f"
    },
    {
      "type": "Feature",
      "geometry": { "type": "Point", "coordinates": [75.6107732, 11.7662924] },
      "properties": { "highway": "street_lamp" },
      "geohash": "tdjfbtfpd"
    },
    {
      "type": "Feature",
      "geometry": { "type": "Point", "coordinates": [75.6105079, 11.7661564] },
      "properties": { "highway": "street_lamp" },
      "geohash": "tdjfbtcyu"
    },
    {
      "type": "Feature",
      "geometry": { "type": "Point", "coordinates": [75.6104087, 11.7651264] },
      "properties": { "highway": "street_lamp" },
      "geohash": "tdjfbtcbf"
    },
    {
      "type": "Feature",
      "geometry": { "type": "Point", "coordinates": [75.6100582, 11.7643797] },
      "properties": { "highway": "street_lamp" },
      "geohash": "tdjfbt9s6"
    },
    {
      "type": "Feature",
      "geometry": { "type": "Point", "coordinates": [75.6106073, 11.7644185] },
      "properties": { "highway": "street_lamp" },
      "geohash": "tdjfbt9uw"
    },
    {
      "type": "Feature",
      "geometry": { "type": "Point", "coordinates": [75.6069243, 11.7636682] },
      "properties": { "highway": "street_lamp" },
      "geohash": "tdjfbmx23"
    },
    {
      "type": "Feature",
      "geometry": { "type": "Point", "coordinates": [75.6077565, 11.7620921] },
      "properties": { "highway": "street_lamp" },
      "geohash": "tdjfbmpzh"
    },
    {
      "type": "Feature",
      "geometry": { "type": "Point", "coordinates": [75.6071595, 11.7611526] },
      "properties": { "highway": "street_lamp" },
      "geohash": "tdjfbmp3w"
    },
    {
      "type": "Feature",
      "geometry": { "type": "Point", "coordinates": [75.6040418, 11.7619776] },
      "properties": { "highway": "street_lamp" },
      "geohash": "tdjfbmjnm"
    },
    {
      "type": "Feature",
      "geometry": { "type": "Point", "coordinates": [75.6041066, 11.760608] },
      "properties": { "highway": "street_lamp" },
      "geohash": "tdjfbkvnx"
    },
    {
      "type": "Feature",
      "geometry": { "type": "Point", "coordinates": [75.6084853, 11.7578504] },
      "properties": { "highway": "street_lamp" },
      "geohash": "tdjfbs2qm"
    },
    {
      "type": "Feature",
      "geometry": { "type": "Point", "coordinates": [75.6083704, 11.7574607] },
      "properties": { "highway": "street_lamp" },
      "geohash": "tdjfbs2k4"
    },
    {
      "type": "Feature",
      "geometry": { "type": "Point", "coordinates": [75.6100737, 11.7572133] },
      "properties": { "highway": "street_lamp" },
      "geohash": "tdjfbs3dd"
    },
    {
      "type": "Feature",
      "geometry": { "type": "Point", "coordinates": [75.6105598, 11.7587643] },
      "properties": { "highway": "street_lamp" },
      "geohash": "tdjfbs9gv"
    },
    {
      "type": "Feature",
      "geometry": { "type": "Point", "coordinates": [75.6112207, 11.7587559] },
      "properties": { "highway": "street_lamp" },
      "geohash": "tdjfbsd7t"
    },
    {
      "type": "Feature",
      "geometry": { "type": "Point", "coordinates": [75.6120736, 11.7593733] },
      "properties": { "highway": "street_lamp" },
      "geohash": "tdjfbsep3"
    },
    {
      "type": "Feature",
      "geometry": { "type": "Point", "coordinates": [75.6120724, 11.7580818] },
      "properties": { "highway": "street_lamp" },
      "geohash": "tdjfbs7pb"
    },
    {
      "type": "Feature",
      "geometry": { "type": "Point", "coordinates": [75.612206, 11.7576096] },
      "properties": { "highway": "street_lamp" },
      "geohash": "tdjfbs7jh"
    },
    {
      "type": "Feature",
      "geometry": { "type": "Point", "coordinates": [75.6121825, 11.7571548] },
      "properties": { "highway": "street_lamp" },
      "geohash": "tdjfbs747"
    },
    {
      "type": "Feature",
      "geometry": { "type": "Point", "coordinates": [75.6120088, 11.7555648] },
      "properties": { "highway": "street_lamp" },
      "geohash": "tdjfbs4cp"
    },
    {
      "type": "Feature",
      "geometry": { "type": "Point", "coordinates": [75.6119012, 11.7550338] },
      "properties": { "highway": "street_lamp" },
      "geohash": "tdjfbefyh"
    },
    {
      "type": "Feature",
      "geometry": { "type": "Point", "coordinates": [75.6118963, 11.7541223] },
      "properties": { "highway": "street_lamp" },
      "geohash": "tdjfbefbs"
    },
    {
      "type": "Feature",
      "geometry": { "type": "Point", "coordinates": [75.6107645, 11.7524438] },
      "properties": { "highway": "street_lamp" },
      "geohash": "tdjfbe6nf"
    },
    {
      "type": "Feature",
      "geometry": { "type": "Point", "coordinates": [75.610492, 11.752064] },
      "properties": { "highway": "street_lamp" },
      "geohash": "tdjfbe3us"
    },
    {
      "type": "Feature",
      "geometry": { "type": "Point", "coordinates": [75.6106903, 11.7517314] },
      "properties": { "highway": "street_lamp" },
      "geohash": "tdjfbe64b"
    },
    {
      "type": "Feature",
      "geometry": { "type": "Point", "coordinates": [75.6106576, 11.751454] },
      "properties": { "highway": "street_lamp" },
      "geohash": "tdjfbe610"
    },
    {
      "type": "Feature",
      "geometry": { "type": "Point", "coordinates": [75.6107626, 11.7508878] },
      "properties": { "highway": "street_lamp" },
      "geohash": "tdjfbe4jf"
    },
    {
      "type": "Feature",
      "geometry": { "type": "Point", "coordinates": [75.6099796, 11.7507554] },
      "properties": { "highway": "street_lamp" },
      "geohash": "tdjfbe1t0"
    },
    {
      "type": "Feature",
      "geometry": { "type": "Point", "coordinates": [75.6097892, 11.7491041] },
      "properties": { "highway": "street_lamp" },
      "geohash": "tdjfbdc77"
    },
    {
      "type": "Feature",
      "geometry": { "type": "Point", "coordinates": [75.6101435, 11.7482989] },
      "properties": { "highway": "street_lamp" },
      "geohash": "tdjfbd9wu"
    },
    {
      "type": "Feature",
      "geometry": { "type": "Point", "coordinates": [75.6102596, 11.747505] },
      "properties": { "highway": "street_lamp" },
      "geohash": "tdjfbd9dn"
    },
    {
      "type": "Feature",
      "geometry": { "type": "Point", "coordinates": [75.6101716, 11.7469046] },
      "properties": { "highway": "street_lamp" },
      "geohash": "tdjfbd3ws"
    },
    {
      "type": "Feature",
      "geometry": { "type": "Point", "coordinates": [75.6110841, 11.7448159] },
      "properties": { "highway": "street_lamp" },
      "geohash": "tdjfbd469"
    },
    {
      "type": "Feature",
      "geometry": { "type": "Point", "coordinates": [75.6070634, 11.7516547] },
      "properties": { "highway": "street_lamp" },
      "geohash": "tdjfb7r6k"
    },
    {
      "type": "Feature",
      "geometry": { "type": "Point", "coordinates": [75.6064083, 11.7530465] },
      "properties": { "highway": "street_lamp" },
      "geohash": "tdjfb7wfm"
    },
    {
      "type": "Feature",
      "geometry": { "type": "Point", "coordinates": [75.6165154, 11.7543887] },
      "properties": { "highway": "street_lamp" },
      "geohash": "tdjfbey62"
    },
    {
      "type": "Feature",
      "geometry": { "type": "Point", "coordinates": [75.6165278, 11.7547199] },
      "properties": { "highway": "street_lamp" },
      "geohash": "tdjfbeyk0"
    },
    {
      "type": "Feature",
      "geometry": { "type": "Point", "coordinates": [75.6156731, 11.755332] },
      "properties": { "highway": "street_lamp" },
      "geohash": "tdjfbevxu"
    },
    {
      "type": "Feature",
      "geometry": { "type": "Point", "coordinates": [75.6162114, 11.7559379] },
      "properties": { "highway": "street_lamp" },
      "geohash": "tdjfbsn53"
    },
    {
      "type": "Feature",
      "geometry": { "type": "Point", "coordinates": [75.6156828, 11.7560266] },
      "properties": { "highway": "street_lamp" },
      "geohash": "tdjfbsjev"
    },
    {
      "type": "Feature",
      "geometry": { "type": "Point", "coordinates": [75.615623, 11.7565544] },
      "properties": { "highway": "street_lamp" },
      "geohash": "tdjfbsjwg"
    },
    {
      "type": "Feature",
      "geometry": { "type": "Point", "coordinates": [75.6154078, 11.7570415] },
      "properties": { "highway": "street_lamp" },
      "geohash": "tdjfbsm3w"
    },
    {
      "type": "Feature",
      "geometry": { "type": "Point", "coordinates": [75.6151884, 11.7577068] },
      "properties": { "highway": "street_lamp" },
      "geohash": "tdjfbsmm9"
    },
    {
      "type": "Feature",
      "geometry": { "type": "Point", "coordinates": [75.6151392, 11.7580394] },
      "properties": { "highway": "street_lamp" },
      "geohash": "tdjfbsmr8"
    },
    {
      "type": "Feature",
      "geometry": { "type": "Point", "coordinates": [75.6151052, 11.7583223] },
      "properties": { "highway": "street_lamp" },
      "geohash": "tdjfbst1p"
    },
    {
      "type": "Feature",
      "geometry": { "type": "Point", "coordinates": [75.614955, 11.7587099] },
      "properties": { "highway": "street_lamp" },
      "geohash": "tdjfbst5k"
    },
    {
      "type": "Feature",
      "geometry": { "type": "Point", "coordinates": [75.6148122, 11.7591957] },
      "properties": { "highway": "street_lamp" },
      "geohash": "tdjfbstn2"
    },
    {
      "type": "Feature",
      "geometry": { "type": "Point", "coordinates": [75.6137344, 11.7593599] },
      "properties": { "highway": "street_lamp" },
      "geohash": "tdjfbsspp"
    },
    {
      "type": "Feature",
      "geometry": { "type": "Point", "coordinates": [75.6145845, 11.7600692] },
      "properties": { "highway": "street_lamp" },
      "geohash": "tdjfbsug7"
    },
    {
      "type": "Feature",
      "geometry": { "type": "Point", "coordinates": [75.6161044, 11.7579622] },
      "properties": { "highway": "street_lamp" },
      "geohash": "tdjfbsmzn"
    },
    {
      "type": "Feature",
      "geometry": { "type": "Point", "coordinates": [75.6159163, 11.7579815] },
      "properties": { "highway": "street_lamp" },
      "geohash": "tdjfbsmz4"
    },
    {
      "type": "Feature",
      "geometry": { "type": "Point", "coordinates": [75.6155377, 11.7580335] },
      "properties": { "highway": "street_lamp" },
      "geohash": "tdjfbsmx9"
    },
    {
      "type": "Feature",
      "geometry": { "type": "Point", "coordinates": [75.6168395, 11.7566818] },
      "properties": { "highway": "street_lamp" },
      "geohash": "tdjfbsnx8"
    },
    {
      "type": "Feature",
      "geometry": { "type": "Point", "coordinates": [75.6167494, 11.7563185] },
      "properties": { "highway": "street_lamp" },
      "geohash": "tdjfbsnmt"
    },
    {
      "type": "Feature",
      "geometry": { "type": "Point", "coordinates": [75.6166856, 11.7559713] },
      "properties": { "highway": "street_lamp" },
      "geohash": "tdjfbsn7k"
    },
    {
      "type": "Feature",
      "geometry": { "type": "Point", "coordinates": [75.6182441, 11.756876] },
      "properties": { "highway": "street_lamp" },
      "geohash": "tdjfbsr8b"
    },
    {
      "type": "Feature",
      "geometry": { "type": "Point", "coordinates": [75.6188927, 11.756841] },
      "properties": { "highway": "street_lamp" },
      "geohash": "tdjfbsrbx"
    },
    {
      "type": "Feature",
      "geometry": { "type": "Point", "coordinates": [75.6204524, 11.7579291] },
      "properties": { "highway": "street_lamp" },
      "geohash": "tdjfbu3nu"
    },
    {
      "type": "Feature",
      "geometry": { "type": "Point", "coordinates": [75.6203998, 11.7578766] },
      "properties": { "highway": "street_lamp" },
      "geohash": "tdjfbu3ne"
    },
    {
      "type": "Feature",
      "geometry": { "type": "Point", "coordinates": [75.6207424, 11.7574104] },
      "properties": { "highway": "street_lamp" },
      "geohash": "tdjfbu37g"
    },
    {
      "type": "Feature",
      "geometry": { "type": "Point", "coordinates": [75.620812, 11.7573969] },
      "properties": { "highway": "street_lamp" },
      "geohash": "tdjfbu37u"
    },
    {
      "type": "Feature",
      "geometry": { "type": "Point", "coordinates": [75.6218652, 11.7562747] },
      "properties": { "highway": "street_lamp" },
      "geohash": "tdjfbu4jm"
    },
    {
      "type": "Feature",
      "geometry": { "type": "Point", "coordinates": [75.6217868, 11.7558431] },
      "properties": { "highway": "street_lamp" },
      "geohash": "tdjfbu44e"
    },
    {
      "type": "Feature",
      "geometry": { "type": "Point", "coordinates": [75.6235408, 11.7552422] },
      "properties": { "highway": "street_lamp" },
      "geohash": "tdjfbggrh"
    },
    {
      "type": "Feature",
      "geometry": { "type": "Point", "coordinates": [75.6239151, 11.7552304] },
      "properties": { "highway": "street_lamp" },
      "geohash": "tdjfbggxh"
    },
    {
      "type": "Feature",
      "geometry": { "type": "Point", "coordinates": [75.6252166, 11.7547144] },
      "properties": { "highway": "street_lamp" },
      "geohash": "tdjfbgus5"
    },
    {
      "type": "Feature",
      "geometry": { "type": "Point", "coordinates": [75.6259753, 11.7539248] },
      "properties": { "highway": "street_lamp" },
      "geohash": "tdjfbgtps"
    },
    {
      "type": "Feature",
      "geometry": { "type": "Point", "coordinates": [75.6257534, 11.7537358] },
      "properties": { "highway": "street_lamp" },
      "geohash": "tdjfbgsyr"
    },
    {
      "type": "Feature",
      "geometry": { "type": "Point", "coordinates": [75.6256794, 11.753363] },
      "properties": { "highway": "street_lamp" },
      "geohash": "tdjfbgsuq"
    },
    {
      "type": "Feature",
      "geometry": { "type": "Point", "coordinates": [75.6263149, 11.752209] },
      "properties": { "highway": "street_lamp" },
      "geohash": "tdjfbgmms"
    },
    {
      "type": "Feature",
      "geometry": { "type": "Point", "coordinates": [75.6289674, 11.7586257] },
      "properties": { "highway": "street_lamp" },
      "geohash": "tdjfbux6f"
    },
    {
      "type": "Feature",
      "geometry": { "type": "Point", "coordinates": [75.6285093, 11.7602379] },
      "properties": { "highway": "street_lamp" },
      "geohash": "tdjfbuyur"
    },
    {
      "type": "Feature",
      "geometry": { "type": "Point", "coordinates": [75.6287237, 11.760875] },
      "properties": { "highway": "street_lamp" },
      "geohash": "tdjfbvp0h"
    },
    {
      "type": "Feature",
      "geometry": { "type": "Point", "coordinates": [75.6283511, 11.7605602] },
      "properties": { "highway": "street_lamp" },
      "geohash": "tdjfbuyyh"
    },
    {
      "type": "Feature",
      "geometry": { "type": "Point", "coordinates": [75.6283583, 11.7606184] },
      "properties": { "highway": "street_lamp" },
      "geohash": "tdjfbuyys"
    },
    {
      "type": "Feature",
      "geometry": { "type": "Point", "coordinates": [75.6282029, 11.760549] },
      "properties": { "highway": "street_lamp" },
      "geohash": "tdjfbuyy0"
    },
    {
      "type": "Feature",
      "geometry": { "type": "Point", "coordinates": [75.627851, 11.7605263] },
      "properties": { "highway": "street_lamp" },
      "geohash": "tdjfbuyw0"
    },
    {
      "type": "Feature",
      "geometry": { "type": "Point", "coordinates": [75.6275973, 11.7605596] },
      "properties": { "highway": "street_lamp" },
      "geohash": "tdjfbuyq4"
    },
    {
      "type": "Feature",
      "geometry": { "type": "Point", "coordinates": [75.6265872, 11.7604885] },
      "properties": { "highway": "street_lamp" },
      "geohash": "tdjfbuvtg"
    },
    {
      "type": "Feature",
      "geometry": { "type": "Point", "coordinates": [75.6264377, 11.7602189] },
      "properties": { "highway": "street_lamp" },
      "geohash": "tdjfbuvkp"
    },
    {
      "type": "Feature",
      "geometry": { "type": "Point", "coordinates": [75.6266753, 11.7611762] },
      "properties": { "highway": "street_lamp" },
      "geohash": "tdjfbvj9v"
    },
    {
      "type": "Feature",
      "geometry": { "type": "Point", "coordinates": [75.6271019, 11.761027] },
      "properties": { "highway": "street_lamp" },
      "geohash": "tdjfbvjbz"
    },
    {
      "type": "Feature",
      "geometry": { "type": "Point", "coordinates": [75.6275135, 11.7609794] },
      "properties": { "highway": "street_lamp" },
      "geohash": "tdjfbvn28"
    },
    {
      "type": "Feature",
      "geometry": { "type": "Point", "coordinates": [75.6286628, 11.7612521] },
      "properties": { "highway": "street_lamp" },
      "geohash": "tdjfbvp47"
    },
    {
      "type": "Feature",
      "geometry": { "type": "Point", "coordinates": [75.6284835, 11.7616209] },
      "properties": { "highway": "street_lamp" },
      "geohash": "tdjfbvnur"
    },
    {
      "type": "Feature",
      "geometry": { "type": "Point", "coordinates": [75.6283656, 11.7619699] },
      "properties": { "highway": "street_lamp" },
      "geohash": "tdjfbvnyk"
    },
    {
      "type": "Feature",
      "geometry": { "type": "Point", "coordinates": [75.6284983, 11.7622717] },
      "properties": { "highway": "street_lamp" },
      "geohash": "tdjfbvqbp"
    },
    {
      "type": "Feature",
      "geometry": { "type": "Point", "coordinates": [75.628325, 11.76252] },
      "properties": { "highway": "street_lamp" },
      "geohash": "tdjfbvqce"
    },
    {
      "type": "Feature",
      "geometry": { "type": "Point", "coordinates": [75.6280815, 11.7627892] },
      "properties": { "highway": "street_lamp" },
      "geohash": "tdjfbvqen"
    },
    {
      "type": "Feature",
      "geometry": { "type": "Point", "coordinates": [75.6277811, 11.762584] },
      "properties": { "highway": "street_lamp" },
      "geohash": "tdjfbvq6p"
    },
    {
      "type": "Feature",
      "geometry": { "type": "Point", "coordinates": [75.6275533, 11.7625503] },
      "properties": { "highway": "street_lamp" },
      "geohash": "tdjfbvq3c"
    },
    {
      "type": "Feature",
      "geometry": { "type": "Point", "coordinates": [75.6268451, 11.7621104] },
      "properties": { "highway": "street_lamp" },
      "geohash": "tdjfbvjz3"
    },
    {
      "type": "Feature",
      "geometry": { "type": "Point", "coordinates": [75.626751, 11.7623654] },
      "properties": { "highway": "street_lamp" },
      "geohash": "tdjfbvm8x"
    },
    {
      "type": "Feature",
      "geometry": { "type": "Point", "coordinates": [75.6273552, 11.763856] },
      "properties": { "highway": "street_lamp" },
      "geohash": "tdjfbvw1m"
    },
    {
      "type": "Feature",
      "geometry": { "type": "Point", "coordinates": [75.6274447, 11.7636501] },
      "properties": { "highway": "street_lamp" },
      "geohash": "tdjfbvw0p"
    },
    {
      "type": "Feature",
      "geometry": { "type": "Point", "coordinates": [75.6267474, 11.7641464] },
      "properties": { "highway": "street_lamp" },
      "geohash": "tdjfbvten"
    },
    {
      "type": "Feature",
      "geometry": { "type": "Point", "coordinates": [75.6266093, 11.7645348] },
      "properties": { "highway": "street_lamp" },
      "geohash": "tdjfbvtt7"
    },
    {
      "type": "Feature",
      "geometry": { "type": "Point", "coordinates": [75.6265091, 11.764924] },
      "properties": { "highway": "street_lamp" },
      "geohash": "tdjfbvtx9"
    },
    {
      "type": "Feature",
      "geometry": { "type": "Point", "coordinates": [75.6264451, 11.7656757] },
      "properties": { "highway": "street_lamp" },
      "geohash": "tdjfbvvkp"
    },
    {
      "type": "Feature",
      "geometry": { "type": "Point", "coordinates": [75.6264047, 11.7654079] },
      "properties": { "highway": "street_lamp" },
      "geohash": "tdjfbvv6q"
    },
    {
      "type": "Feature",
      "geometry": { "type": "Point", "coordinates": [75.6271579, 11.7675806] },
      "properties": { "highway": "street_lamp" },
      "geohash": "tdjfbynp0"
    },
    {
      "type": "Feature",
      "geometry": { "type": "Point", "coordinates": [75.6282071, 11.7691511] },
      "properties": { "highway": "street_lamp" },
      "geohash": "tdjfbywb2"
    },
    {
      "type": "Feature",
      "geometry": { "type": "Point", "coordinates": [75.6285816, 11.7695291] },
      "properties": { "highway": "street_lamp" },
      "geohash": "tdjfbyx43"
    },
    {
      "type": "Feature",
      "geometry": { "type": "Point", "coordinates": [75.6291262, 11.7669348] },
      "properties": { "highway": "street_lamp" },
      "geohash": "tdjfbyp7q"
    },
    {
      "type": "Feature",
      "geometry": { "type": "Point", "coordinates": [75.6292735, 11.7720656] },
      "properties": { "highway": "street_lamp" },
      "geohash": "tdjfbzp93"
    },
    {
      "type": "Feature",
      "geometry": { "type": "Point", "coordinates": [75.6291336, 11.7718824] },
      "properties": { "highway": "street_lamp" },
      "geohash": "tdjfbzp2n"
    },
    {
      "type": "Feature",
      "geometry": { "type": "Point", "coordinates": [75.6298931, 11.7726491] },
      "properties": { "highway": "street_lamp" },
      "geohash": "tdjfcp0h8"
    },
    {
      "type": "Feature",
      "geometry": { "type": "Point", "coordinates": [75.6301183, 11.7730019] },
      "properties": { "highway": "street_lamp" },
      "geohash": "tdjfcp0nt"
    },
    {
      "type": "Feature",
      "geometry": { "type": "Point", "coordinates": [75.6303264, 11.7740734] },
      "properties": { "highway": "street_lamp" },
      "geohash": "tdjfcp2kf"
    },
    {
      "type": "Feature",
      "geometry": { "type": "Point", "coordinates": [75.6304561, 11.774684] },
      "properties": { "highway": "street_lamp" },
      "geohash": "tdjfcp82t"
    },
    {
      "type": "Feature",
      "geometry": { "type": "Point", "coordinates": [75.6304552, 11.7752739] },
      "properties": { "highway": "street_lamp" },
      "geohash": "tdjfcp87v"
    },
    {
      "type": "Feature",
      "geometry": { "type": "Point", "coordinates": [75.6305275, 11.7756857] },
      "properties": { "highway": "street_lamp" },
      "geohash": "tdjfcp8qr"
    },
    {
      "type": "Feature",
      "geometry": { "type": "Point", "coordinates": [75.6305735, 11.7760523] },
      "properties": { "highway": "street_lamp" },
      "geohash": "tdjfcpb82"
    },
    {
      "type": "Feature",
      "geometry": { "type": "Point", "coordinates": [75.630906, 11.7767406] },
      "properties": { "highway": "street_lamp" },
      "geohash": "tdjfcpbsr"
    },
    {
      "type": "Feature",
      "geometry": { "type": "Point", "coordinates": [75.6309327, 11.7780619] },
      "properties": { "highway": "street_lamp" },
      "geohash": "tdjg100u0"
    },
    {
      "type": "Feature",
      "geometry": { "type": "Point", "coordinates": [75.6313085, 11.7796302] },
      "properties": { "highway": "street_lamp" },
      "geohash": "tdjg103j3"
    },
    {
      "type": "Feature",
      "geometry": { "type": "Point", "coordinates": [75.6376074, 11.7536321] },
      "properties": { "highway": "street_lamp" },
      "geohash": "tdjfc5ttg"
    },
    {
      "type": "Feature",
      "geometry": { "type": "Point", "coordinates": [75.6374172, 11.7544034] },
      "properties": { "highway": "street_lamp" },
      "geohash": "tdjfc5v6r"
    },
    {
      "type": "Feature",
      "geometry": { "type": "Point", "coordinates": [75.6373388, 11.7550264] },
      "properties": { "highway": "street_lamp" },
      "geohash": "tdjfc5vmv"
    },
    {
      "type": "Feature",
      "geometry": { "type": "Point", "coordinates": [75.637424, 11.7560437] },
      "properties": { "highway": "street_lamp" },
      "geohash": "tdjfchj7z"
    },
    {
      "type": "Feature",
      "geometry": { "type": "Point", "coordinates": [75.6373169, 11.7566008] },
      "properties": { "highway": "street_lamp" },
      "geohash": "tdjfchjrj"
    },
    {
      "type": "Feature",
      "geometry": { "type": "Point", "coordinates": [75.6372408, 11.7574254] },
      "properties": { "highway": "street_lamp" },
      "geohash": "tdjfchm7g"
    },
    {
      "type": "Feature",
      "geometry": { "type": "Point", "coordinates": [75.6388471, 11.7559014] },
      "properties": { "highway": "street_lamp" },
      "geohash": "tdjfchne0"
    },
    {
      "type": "Feature",
      "geometry": { "type": "Point", "coordinates": [75.6384087, 11.7565343] },
      "properties": { "highway": "street_lamp" },
      "geohash": "tdjfchnny"
    },
    {
      "type": "Feature",
      "geometry": { "type": "Point", "coordinates": [75.6387923, 11.7564761] },
      "properties": { "highway": "street_lamp" },
      "geohash": "tdjfchnqr"
    },
    {
      "type": "Feature",
      "geometry": { "type": "Point", "coordinates": [75.6390609, 11.7566113] },
      "properties": { "highway": "street_lamp" },
      "geohash": "tdjfchnxj"
    },
    {
      "type": "Feature",
      "geometry": { "type": "Point", "coordinates": [75.638526, 11.7587291] },
      "properties": { "highway": "street_lamp" },
      "geohash": "tdjfchw79"
    },
    {
      "type": "Feature",
      "geometry": { "type": "Point", "coordinates": [75.6378928, 11.760821] },
      "properties": { "highway": "street_lamp" },
      "geohash": "tdjfchvzd"
    },
    {
      "type": "Feature",
      "geometry": { "type": "Point", "coordinates": [75.6379036, 11.7612395] },
      "properties": { "highway": "street_lamp" },
      "geohash": "tdjfcjjf4"
    },
    {
      "type": "Feature",
      "geometry": { "type": "Point", "coordinates": [75.6379121, 11.7616676] },
      "properties": { "highway": "street_lamp" },
      "geohash": "tdjfcjjue"
    },
    {
      "type": "Feature",
      "geometry": { "type": "Point", "coordinates": [75.6378773, 11.7620993] },
      "properties": { "highway": "street_lamp" },
      "geohash": "tdjfcjjz4"
    },
    {
      "type": "Feature",
      "geometry": { "type": "Point", "coordinates": [75.6378281, 11.7624994] },
      "properties": { "highway": "street_lamp" },
      "geohash": "tdjfcjmc9"
    },
    {
      "type": "Feature",
      "geometry": { "type": "Point", "coordinates": [75.6377143, 11.7629086] },
      "properties": { "highway": "street_lamp" },
      "geohash": "tdjfcjmey"
    },
    {
      "type": "Feature",
      "geometry": { "type": "Point", "coordinates": [75.6376629, 11.7634426] },
      "properties": { "highway": "street_lamp" },
      "geohash": "tdjfcjmxj"
    },
    {
      "type": "Feature",
      "geometry": { "type": "Point", "coordinates": [75.6378625, 11.7640265] },
      "properties": { "highway": "street_lamp" },
      "geohash": "tdjfcjtf3"
    },
    {
      "type": "Feature",
      "geometry": { "type": "Point", "coordinates": [75.6378955, 11.7641736] },
      "properties": { "highway": "street_lamp" },
      "geohash": "tdjfcjtg6"
    },
    {
      "type": "Feature",
      "geometry": { "type": "Point", "coordinates": [75.6380058, 11.7645588] },
      "properties": { "highway": "street_lamp" },
      "geohash": "tdjfcjtvt"
    },
    {
      "type": "Feature",
      "geometry": { "type": "Point", "coordinates": [75.6371858, 11.7645021] },
      "properties": { "highway": "street_lamp" },
      "geohash": "tdjfcjtm4"
    },
    {
      "type": "Feature",
      "geometry": { "type": "Point", "coordinates": [75.6368535, 11.7644664] },
      "properties": { "highway": "street_lamp" },
      "geohash": "tdjfcjthf"
    },
    {
      "type": "Feature",
      "geometry": { "type": "Point", "coordinates": [75.6365406, 11.763497] },
      "properties": { "highway": "street_lamp" },
      "geohash": "tdjfcjkz7"
    },
    {
      "type": "Feature",
      "geometry": { "type": "Point", "coordinates": [75.6338782, 11.7585439] },
      "properties": { "highway": "street_lamp" },
      "geohash": "tdjfchdfm"
    },
    {
      "type": "Feature",
      "geometry": { "type": "Point", "coordinates": [75.6340178, 11.7591641] },
      "properties": { "highway": "street_lamp" },
      "geohash": "tdjfchen0"
    },
    {
      "type": "Feature",
      "geometry": { "type": "Point", "coordinates": [75.6330528, 11.7599001] },
      "properties": { "highway": "street_lamp" },
      "geohash": "tdjfchf63"
    },
    {
      "type": "Feature",
      "geometry": { "type": "Point", "coordinates": [75.6320053, 11.7595384] },
      "properties": { "highway": "street_lamp" },
      "geohash": "tdjfchc83"
    },
    {
      "type": "Feature",
      "geometry": { "type": "Point", "coordinates": [75.6316461, 11.758805] },
      "properties": { "highway": "street_lamp" },
      "geohash": "tdjfch9k1"
    },
    {
      "type": "Feature",
      "geometry": { "type": "Point", "coordinates": [75.6315935, 11.7583557] },
      "properties": { "highway": "street_lamp" },
      "geohash": "tdjfch91r"
    },
    {
      "type": "Feature",
      "geometry": { "type": "Point", "coordinates": [75.632147, 11.760043] },
      "properties": { "highway": "street_lamp" },
      "geohash": "tdjfchceh"
    },
    {
      "type": "Feature",
      "geometry": { "type": "Point", "coordinates": [75.6332626, 11.7621711] },
      "properties": { "highway": "street_lamp" },
      "geohash": "tdjfcj4rw"
    },
    {
      "type": "Feature",
      "geometry": { "type": "Point", "coordinates": [75.6328083, 11.7621938] },
      "properties": { "highway": "street_lamp" },
      "geohash": "tdjfcj4ps"
    },
    {
      "type": "Feature",
      "geometry": { "type": "Point", "coordinates": [75.6339542, 11.7692173] },
      "properties": { "highway": "street_lamp" },
      "geohash": "tdjfcndbw"
    },
    {
      "type": "Feature",
      "geometry": { "type": "Point", "coordinates": [75.6338347, 11.769279] },
      "properties": { "highway": "street_lamp" },
      "geohash": "tdjfcndch"
    },
    {
      "type": "Feature",
      "geometry": { "type": "Point", "coordinates": [75.6332571, 11.7687687] },
      "properties": { "highway": "street_lamp" },
      "geohash": "tdjfcn6qn"
    },
    {
      "type": "Feature",
      "geometry": { "type": "Point", "coordinates": [75.6329039, 11.7691729] },
      "properties": { "highway": "street_lamp" },
      "geohash": "tdjfcnd0q"
    },
    {
      "type": "Feature",
      "geometry": { "type": "Point", "coordinates": [75.6329599, 11.7723468] },
      "properties": { "highway": "street_lamp" },
      "geohash": "tdjfcp44z"
    },
    {
      "type": "Feature",
      "geometry": { "type": "Point", "coordinates": [75.6239934, 11.7734417] },
      "properties": { "highway": "street_lamp" },
      "geohash": "tdjfbz79q"
    },
    {
      "type": "Feature",
      "geometry": { "type": "Point", "coordinates": [75.6231498, 11.7734116] },
      "properties": { "highway": "street_lamp" },
      "geohash": "tdjfbz715"
    },
    {
      "type": "Feature",
      "geometry": { "type": "Point", "coordinates": [75.6226261, 11.77326] },
      "properties": { "highway": "street_lamp" },
      "geohash": "tdjfbz68n"
    },
    {
      "type": "Feature",
      "geometry": { "type": "Point", "coordinates": [75.6212497, 11.773223] },
      "properties": { "highway": "street_lamp" },
      "geohash": "tdjfbz1xy"
    },
    {
      "type": "Feature",
      "geometry": { "type": "Point", "coordinates": [75.620397, 11.7730522] },
      "properties": { "highway": "street_lamp" },
      "geohash": "tdjfbz1nf"
    },
    {
      "type": "Feature",
      "geometry": { "type": "Point", "coordinates": [75.6206322, 11.7729794] },
      "properties": { "highway": "street_lamp" },
      "geohash": "tdjfbz1q8"
    },
    {
      "type": "Feature",
      "geometry": { "type": "Point", "coordinates": [75.6197253, 11.7719185] },
      "properties": { "highway": "street_lamp" },
      "geohash": "tdjfbz087"
    },
    {
      "type": "Feature",
      "geometry": { "type": "Point", "coordinates": [75.6188577, 11.7710209] },
      "properties": { "highway": "street_lamp" },
      "geohash": "tdjfbwzgp"
    },
    {
      "type": "Feature",
      "geometry": { "type": "Point", "coordinates": [75.6190032, 11.7709435] },
      "properties": { "highway": "street_lamp" },
      "geohash": "tdjfbyb4d"
    },
    {
      "type": "Feature",
      "geometry": { "type": "Point", "coordinates": [75.619215, 11.7708411] },
      "properties": { "highway": "street_lamp" },
      "geohash": "tdjfbyb4p"
    },
    {
      "type": "Feature",
      "geometry": { "type": "Point", "coordinates": [75.6195403, 11.7707205] },
      "properties": { "highway": "street_lamp" },
      "geohash": "tdjfbyb3r"
    },
    {
      "type": "Feature",
      "geometry": { "type": "Point", "coordinates": [75.6187285, 11.7696678] },
      "properties": { "highway": "street_lamp" },
      "geohash": "tdjfbwxgk"
    },
    {
      "type": "Feature",
      "geometry": { "type": "Point", "coordinates": [75.616607, 11.7722703] },
      "properties": { "highway": "street_lamp" },
      "geohash": "tdjfbxn66"
    },
    {
      "type": "Feature",
      "geometry": { "type": "Point", "coordinates": [75.617252, 11.7711762] },
      "properties": { "highway": "street_lamp" },
      "geohash": "tdjfbwyu1"
    },
    {
      "type": "Feature",
      "geometry": { "type": "Point", "coordinates": [75.6175919, 11.7702761] },
      "properties": { "highway": "street_lamp" },
      "geohash": "tdjfbwxnc"
    },
    {
      "type": "Feature",
      "geometry": { "type": "Point", "coordinates": [75.6175425, 11.7689865] },
      "properties": { "highway": "street_lamp" },
      "geohash": "tdjfbwrp2"
    },
    {
      "type": "Feature",
      "geometry": { "type": "Point", "coordinates": [75.6175344, 11.7684361] },
      "properties": { "highway": "street_lamp" },
      "geohash": "tdjfbwrh0"
    },
    {
      "type": "Feature",
      "geometry": { "type": "Point", "coordinates": [75.6157145, 11.7765328] },
      "properties": { "highway": "street_lamp" },
      "geohash": "tdjfbxvem"
    },
    {
      "type": "Feature",
      "geometry": { "type": "Point", "coordinates": [75.6158203, 11.7755486] },
      "properties": { "highway": "street_lamp" },
      "geohash": "tdjfbxtv8"
    },
    {
      "type": "Feature",
      "geometry": { "type": "Point", "coordinates": [75.6158618, 11.7751582] },
      "properties": { "highway": "street_lamp" },
      "geohash": "tdjfbxtg3"
    },
    {
      "type": "Feature",
      "geometry": { "type": "Point", "coordinates": [75.6158385, 11.7745956] },
      "properties": { "highway": "street_lamp" },
      "geohash": "tdjfbxmzb"
    },
    {
      "type": "Feature",
      "geometry": { "type": "Point", "coordinates": [75.6160124, 11.7733971] },
      "properties": { "highway": "street_lamp" },
      "geohash": "tdjfbxmch"
    },
    {
      "type": "Feature",
      "geometry": { "type": "Point", "coordinates": [75.6161392, 11.7731603] },
      "properties": { "highway": "street_lamp" },
      "geohash": "tdjfbxjzx"
    },
    {
      "type": "Feature",
      "geometry": { "type": "Point", "coordinates": [75.6154812, 11.7704213] },
      "properties": { "highway": "street_lamp" },
      "geohash": "tdjfbwtx8"
    },
    {
      "type": "Feature",
      "geometry": { "type": "Point", "coordinates": [75.6148994, 11.7701703] },
      "properties": { "highway": "street_lamp" },
      "geohash": "tdjfbwtn4"
    },
    {
      "type": "Feature",
      "geometry": { "type": "Point", "coordinates": [75.6123816, 11.7694507] },
      "properties": { "highway": "street_lamp" },
      "geohash": "tdjfbwe60"
    },
    {
      "type": "Feature",
      "geometry": { "type": "Point", "coordinates": [75.6116578, 11.7698961] },
      "properties": { "highway": "street_lamp" },
      "geohash": "tdjfbwdsx"
    },
    {
      "type": "Feature",
      "geometry": { "type": "Point", "coordinates": [75.6102384, 11.7692679] },
      "properties": { "highway": "street_lamp" },
      "geohash": "tdjfbw98y"
    },
    {
      "type": "Feature",
      "geometry": { "type": "Point", "coordinates": [75.6244512, 11.7589476] },
      "properties": { "highway": "street_lamp" },
      "geohash": "tdjfbushc"
    },
    {
      "type": "Feature",
      "geometry": { "type": "Point", "coordinates": [75.6241284, 11.7590013] },
      "properties": { "highway": "street_lamp" },
      "geohash": "tdjfbuev1"
    },
    {
      "type": "Feature",
      "geometry": { "type": "Point", "coordinates": [75.6238248, 11.7590226] },
      "properties": { "highway": "street_lamp" },
      "geohash": "tdjfbuet6"
    },
    {
      "type": "Feature",
      "geometry": { "type": "Point", "coordinates": [75.6234485, 11.7590021] },
      "properties": { "highway": "street_lamp" },
      "geohash": "tdjfbuem4"
    },
    {
      "type": "Feature",
      "geometry": { "type": "Point", "coordinates": [75.6190967, 11.7498423] },
      "properties": { "highway": "street_lamp" },
      "geohash": "tdjfbfbpu"
    },
    {
      "type": "Feature",
      "geometry": { "type": "Point", "coordinates": [75.6177687, 11.7632443] },
      "properties": { "highway": "street_lamp" },
      "geohash": "tdjfbtrjv"
    },
    {
      "type": "Feature",
      "geometry": { "type": "Point", "coordinates": [75.617462, 11.763209] },
      "properties": { "highway": "street_lamp" },
      "geohash": "tdjfbtqvw"
    },
    {
      "type": "Feature",
      "geometry": { "type": "Point", "coordinates": [75.6170495, 11.7632046] },
      "properties": { "highway": "street_lamp" },
      "geohash": "tdjfbtqts"
    },
    {
      "type": "Feature",
      "geometry": { "type": "Point", "coordinates": [75.6157029, 11.7624791] },
      "properties": { "highway": "street_lamp" },
      "geohash": "tdjfbtm9m"
    },
    {
      "type": "Feature",
      "geometry": { "type": "Point", "coordinates": [75.6147888, 11.7638152] },
      "properties": { "highway": "street_lamp" },
      "geohash": "tdjfbtt10"
    },
    {
      "type": "Feature",
      "geometry": { "type": "Point", "coordinates": [75.6140303, 11.7637159] },
      "properties": { "highway": "street_lamp" },
      "geohash": "tdjfbts2w"
    },
    {
      "type": "Feature",
      "geometry": { "type": "Point", "coordinates": [75.6141405, 11.7663231] },
      "properties": { "highway": "street_lamp" },
      "geohash": "tdjfbtuxc"
    },
    {
      "type": "Feature",
      "geometry": { "type": "Point", "coordinates": [75.6155704, 11.7663018] },
      "properties": { "highway": "street_lamp" },
      "geohash": "tdjfbtvxd"
    },
    {
      "type": "Feature",
      "geometry": { "type": "Point", "coordinates": [75.6159417, 11.7661563] },
      "properties": { "highway": "street_lamp" },
      "geohash": "tdjfbtvyg"
    },
    {
      "type": "Feature",
      "geometry": { "type": "Point", "coordinates": [75.6159825, 11.766148] },
      "properties": { "highway": "street_lamp" },
      "geohash": "tdjfbtvyu"
    },
    {
      "type": "Feature",
      "geometry": { "type": "Point", "coordinates": [75.6162173, 11.7661017] },
      "properties": { "highway": "street_lamp" },
      "geohash": "tdjfbtyn9"
    },
    {
      "type": "Feature",
      "geometry": { "type": "Point", "coordinates": [75.6167182, 11.765968] },
      "properties": { "highway": "street_lamp" },
      "geohash": "tdjfbtymt"
    },
    {
      "type": "Feature",
      "geometry": { "type": "Point", "coordinates": [75.6168665, 11.7647006] },
      "properties": { "highway": "street_lamp" },
      "geohash": "tdjfbtww2"
    },
    {
      "type": "Feature",
      "geometry": { "type": "Point", "coordinates": [75.6171495, 11.7657732] },
      "properties": { "highway": "street_lamp" },
      "geohash": "tdjfbtysx"
    },
    {
      "type": "Feature",
      "geometry": { "type": "Point", "coordinates": [75.6178798, 11.7655206] },
      "properties": { "highway": "street_lamp" },
      "geohash": "tdjfbtz70"
    },
    {
      "type": "Feature",
      "geometry": { "type": "Point", "coordinates": [75.6179279, 11.7659934] },
      "properties": { "highway": "street_lamp" },
      "geohash": "tdjfbtzmc"
    },
    {
      "type": "Feature",
      "geometry": { "type": "Point", "coordinates": [75.6180178, 11.7664279] },
      "properties": { "highway": "street_lamp" },
      "geohash": "tdjfbwp27"
    },
    {
      "type": "Feature",
      "geometry": { "type": "Point", "coordinates": [75.6179474, 11.7667652] },
      "properties": { "highway": "street_lamp" },
      "geohash": "tdjfbwp63"
    },
    {
      "type": "Feature",
      "geometry": { "type": "Point", "coordinates": [75.6178189, 11.7671452] },
      "properties": { "highway": "street_lamp" },
      "geohash": "tdjfbwphw"
    },
    {
      "type": "Feature",
      "geometry": { "type": "Point", "coordinates": [76.636085, 8.8396342] },
      "properties": { "highway": "street_lamp" },
      "geohash": "t9w6rchww"
    },
    {
      "type": "Feature",
      "geometry": { "type": "Point", "coordinates": [76.636113, 8.8396226] },
      "properties": { "highway": "street_lamp" },
      "geohash": "t9w6rchww"
    },
    {
      "type": "Feature",
      "geometry": { "type": "Point", "coordinates": [76.6468473, 8.8391396] },
      "properties": { "highway": "street_lamp" },
      "geohash": "t9wd21he8"
    },
    {
      "type": "Feature",
      "geometry": { "type": "Point", "coordinates": [76.6468384, 8.8410551] },
      "properties": { "highway": "street_lamp" },
      "geohash": "t9wd21kwb"
    },
    {
      "type": "Feature",
      "geometry": { "type": "Point", "coordinates": [76.647563, 8.8477686] },
      "properties": { "highway": "street_lamp" },
      "geohash": "t9wd24tjc"
    },
    {
      "type": "Feature",
      "geometry": { "type": "Point", "coordinates": [76.648423, 8.8477086] },
      "properties": { "highway": "street_lamp" },
      "geohash": "t9wd24ttt"
    },
    {
      "type": "Feature",
      "geometry": { "type": "Point", "coordinates": [76.6497198, 8.851016] },
      "properties": { "highway": "street_lamp" },
      "geohash": "t9wd25q8g"
    },
    {
      "type": "Feature",
      "geometry": { "type": "Point", "coordinates": [76.660231, 8.8490163] },
      "properties": { "highway": "street_lamp" },
      "geohash": "t9wd26ym2"
    },
    {
      "type": "Feature",
      "geometry": { "type": "Point", "coordinates": [76.6645599, 8.8513268] },
      "properties": { "highway": "street_lamp" },
      "geohash": "t9wd2e36t"
    },
    {
      "type": "Feature",
      "geometry": { "type": "Point", "coordinates": [76.6642561, 8.8535561] },
      "properties": { "highway": "street_lamp" },
      "geohash": "t9wd2e9pw"
    },
    {
      "type": "Feature",
      "geometry": { "type": "Point", "coordinates": [76.665411, 8.8552252] },
      "properties": { "highway": "street_lamp" },
      "geohash": "t9wd2s413"
    },
    {
      "type": "Feature",
      "geometry": { "type": "Point", "coordinates": [76.6682703, 8.8560205] },
      "properties": { "highway": "street_lamp" },
      "geohash": "t9wd2shnh"
    },
    {
      "type": "Feature",
      "geometry": { "type": "Point", "coordinates": [76.6684459, 8.8603364] },
      "properties": { "highway": "street_lamp" },
      "geohash": "t9wd2sur0"
    },
    {
      "type": "Feature",
      "geometry": { "type": "Point", "coordinates": [76.671688, 8.8658079] },
      "properties": { "highway": "street_lamp" },
      "geohash": "t9wd2tyx5"
    },
    {
      "type": "Feature",
      "geometry": { "type": "Point", "coordinates": [76.6710863, 8.865886] },
      "properties": { "highway": "street_lamp" },
      "geohash": "t9wd2typt"
    },
    {
      "type": "Feature",
      "geometry": { "type": "Point", "coordinates": [76.6706122, 8.8659656] },
      "properties": { "highway": "street_lamp" },
      "geohash": "t9wd2tvzf"
    },
    {
      "type": "Feature",
      "geometry": { "type": "Point", "coordinates": [76.6700424, 8.8660647] },
      "properties": { "highway": "street_lamp" },
      "geohash": "t9wd2wj2t"
    },
    {
      "type": "Feature",
      "geometry": { "type": "Point", "coordinates": [76.6693906, 8.8661532] },
      "properties": { "highway": "street_lamp" },
      "geohash": "t9wd2whcn"
    },
    {
      "type": "Feature",
      "geometry": { "type": "Point", "coordinates": [76.6676706, 8.8663949] },
      "properties": { "highway": "street_lamp" },
      "geohash": "t9wd2w5dq"
    },
    {
      "type": "Feature",
      "geometry": { "type": "Point", "coordinates": [76.66735, 8.8662869] },
      "properties": { "highway": "street_lamp" },
      "geohash": "t9wd2w53y"
    },
    {
      "type": "Feature",
      "geometry": { "type": "Point", "coordinates": [76.6656223, 8.8664925] },
      "properties": { "highway": "street_lamp" },
      "geohash": "t9wd2w45n"
    },
    {
      "type": "Feature",
      "geometry": { "type": "Point", "coordinates": [76.6641135, 8.8664145] },
      "properties": { "highway": "street_lamp" },
      "geohash": "t9wd2w14e"
    },
    {
      "type": "Feature",
      "geometry": { "type": "Point", "coordinates": [76.6631956, 8.866291] },
      "properties": { "highway": "street_lamp" },
      "geohash": "t9wd2w03v"
    },
    {
      "type": "Feature",
      "geometry": { "type": "Point", "coordinates": [76.6622109, 8.8657179] },
      "properties": { "highway": "street_lamp" },
      "geohash": "t9wd2mzww"
    },
    {
      "type": "Feature",
      "geometry": { "type": "Point", "coordinates": [76.6604545, 8.8651858] },
      "properties": { "highway": "street_lamp" },
      "geohash": "t9wd2my7q"
    },
    {
      "type": "Feature",
      "geometry": { "type": "Point", "coordinates": [76.6585662, 8.8649591] },
      "properties": { "highway": "street_lamp" },
      "geohash": "t9wd2mv44"
    },
    {
      "type": "Feature",
      "geometry": { "type": "Point", "coordinates": [76.656828, 8.8648948] },
      "properties": { "highway": "street_lamp" },
      "geohash": "t9wd2mgcc"
    },
    {
      "type": "Feature",
      "geometry": { "type": "Point", "coordinates": [76.6546486, 8.8650202] },
      "properties": { "highway": "street_lamp" },
      "geohash": "t9wd2mf4q"
    },
    {
      "type": "Feature",
      "geometry": { "type": "Point", "coordinates": [76.6545757, 8.8651654] },
      "properties": { "highway": "street_lamp" },
      "geohash": "t9wd2mf5m"
    },
    {
      "type": "Feature",
      "geometry": { "type": "Point", "coordinates": [76.6533197, 8.8654077] },
      "properties": { "highway": "street_lamp" },
      "geohash": "t9wd2mchx"
    },
    {
      "type": "Feature",
      "geometry": { "type": "Point", "coordinates": [76.6519692, 8.8658799] },
      "properties": { "highway": "street_lamp" },
      "geohash": "t9wd2mbr2"
    },
    {
      "type": "Feature",
      "geometry": { "type": "Point", "coordinates": [76.6496055, 8.8663483] },
      "properties": { "highway": "street_lamp" },
      "geohash": "t9wd2nnd1"
    },
    {
      "type": "Feature",
      "geometry": { "type": "Point", "coordinates": [76.6491468, 8.8665553] },
      "properties": { "highway": "street_lamp" },
      "geohash": "t9wd2nn5q"
    },
    {
      "type": "Feature",
      "geometry": { "type": "Point", "coordinates": [76.6484274, 8.8667876] },
      "properties": { "highway": "street_lamp" },
      "geohash": "t9wd2njsv"
    },
    {
      "type": "Feature",
      "geometry": { "type": "Point", "coordinates": [76.6476103, 8.8670768] },
      "properties": { "highway": "street_lamp" },
      "geohash": "t9wd2njn6"
    },
    {
      "type": "Feature",
      "geometry": { "type": "Point", "coordinates": [76.6463396, 8.8673241] },
      "properties": { "highway": "street_lamp" },
      "geohash": "t9wd2nhpv"
    },
    {
      "type": "Feature",
      "geometry": { "type": "Point", "coordinates": [76.6458158, 8.8675034] },
      "properties": { "highway": "street_lamp" },
      "geohash": "t9wd2n7bb"
    },
    {
      "type": "Feature",
      "geometry": { "type": "Point", "coordinates": [76.6450581, 8.8678013] },
      "properties": { "highway": "street_lamp" },
      "geohash": "t9wd2n74x"
    },
    {
      "type": "Feature",
      "geometry": { "type": "Point", "coordinates": [76.6439644, 8.8684363] },
      "properties": { "highway": "street_lamp" },
      "geohash": "t9wd2n6qm"
    },
    {
      "type": "Feature",
      "geometry": { "type": "Point", "coordinates": [76.6411272, 8.8704295] },
      "properties": { "highway": "street_lamp" },
      "geohash": "t9wd2nb3g"
    },
    {
      "type": "Feature",
      "geometry": { "type": "Point", "coordinates": [76.6389885, 8.8717413] },
      "properties": { "highway": "street_lamp" },
      "geohash": "t9w6rznc9"
    },
    {
      "type": "Feature",
      "geometry": { "type": "Point", "coordinates": [76.6389914, 8.8661509] },
      "properties": { "highway": "street_lamp" },
      "geohash": "t9w6rync1"
    },
    {
      "type": "Feature",
      "geometry": { "type": "Point", "coordinates": [76.3118056, 9.8904071] },
      "properties": { "highway": "street_lamp", "lamp_type": "electric" },
      "geohash": "t9y2282xc"
    },
    {
      "type": "Feature",
      "geometry": { "type": "Point", "coordinates": [76.3132941, 9.8940441] },
      "properties": { "highway": "street_lamp" },
      "geohash": "t9y2291su"
    },
    {
      "type": "Feature",
      "geometry": { "type": "Point", "coordinates": [76.3137273, 9.8961843] },
      "properties": { "highway": "street_lamp" },
      "geohash": "t9y2299cq"
    },
    {
      "type": "Feature",
      "geometry": { "type": "Point", "coordinates": [76.3300244, 9.8826238] },
      "properties": { "highway": "street_lamp" },
      "geohash": "t9y20zjf6"
    },
    {
      "type": "Feature",
      "geometry": { "type": "Point", "coordinates": [76.3353593, 9.8846558] },
      "properties": { "highway": "street_lamp" },
      "geohash": "t9y21p3wq"
    },
    {
      "type": "Feature",
      "geometry": { "type": "Point", "coordinates": [76.3165973, 9.9120127] },
      "properties": { "highway": "street_lamp" },
      "geohash": "t9y22skj9"
    },
    {
      "type": "Feature",
      "geometry": { "type": "Point", "coordinates": [76.3051375, 9.9198519] },
      "properties": { "highway": "street_lamp" },
      "geohash": "t9y22mgeq"
    },
    {
      "type": "Feature",
      "geometry": { "type": "Point", "coordinates": [76.3239801, 9.8889417] },
      "properties": { "highway": "street_lamp" },
      "geohash": "t9y22b1rm"
    },
    {
      "type": "Feature",
      "geometry": { "type": "Point", "coordinates": [76.3243337, 9.889019] },
      "properties": { "highway": "street_lamp" },
      "geohash": "t9y22b1xt"
    },
    {
      "type": "Feature",
      "geometry": { "type": "Point", "coordinates": [76.324538, 9.8890738] },
      "properties": { "highway": "street_lamp" },
      "geohash": "t9y22b3b4"
    },
    {
      "type": "Feature",
      "geometry": { "type": "Point", "coordinates": [76.324884, 9.8893381] },
      "properties": { "highway": "street_lamp" },
      "geohash": "t9y22b61d"
    },
    {
      "type": "Feature",
      "geometry": { "type": "Point", "coordinates": [76.3252434, 9.8893473] },
      "properties": { "highway": "street_lamp" },
      "geohash": "t9y22b63e"
    },
    {
      "type": "Feature",
      "geometry": { "type": "Point", "coordinates": [76.3255789, 9.8895772] },
      "properties": { "highway": "street_lamp" },
      "geohash": "t9y22b6df"
    },
    {
      "type": "Feature",
      "geometry": { "type": "Point", "coordinates": [76.326048, 9.8897873] },
      "properties": { "highway": "street_lamp" },
      "geohash": "t9y22b6uj"
    },
    {
      "type": "Feature",
      "geometry": { "type": "Point", "coordinates": [76.3261808, 9.8904254] },
      "properties": { "highway": "street_lamp" },
      "geohash": "t9y22b7pb"
    },
    {
      "type": "Feature",
      "geometry": { "type": "Point", "coordinates": [76.3257061, 9.8902801] },
      "properties": { "highway": "street_lamp" },
      "geohash": "t9y22b6xj"
    },
    {
      "type": "Feature",
      "geometry": { "type": "Point", "coordinates": [76.3256256, 9.8905575] },
      "properties": { "highway": "street_lamp" },
      "geohash": "t9y22bd8e"
    },
    {
      "type": "Feature",
      "geometry": { "type": "Point", "coordinates": [76.3254808, 9.8908905] },
      "properties": { "highway": "street_lamp" },
      "geohash": "t9y22bdd8"
    },
    {
      "type": "Feature",
      "geometry": { "type": "Point", "coordinates": [76.3250543, 9.8907953] },
      "properties": { "highway": "street_lamp" },
      "geohash": "t9y22bd4n"
    },
    {
      "type": "Feature",
      "geometry": { "type": "Point", "coordinates": [76.3248156, 9.8906923] },
      "properties": { "highway": "street_lamp" },
      "geohash": "t9y22bd13"
    },
    {
      "type": "Feature",
      "geometry": { "type": "Point", "coordinates": [76.3249229, 9.8904228] },
      "properties": { "highway": "street_lamp" },
      "geohash": "t9y22b6pg"
    },
    {
      "type": "Feature",
      "geometry": { "type": "Point", "coordinates": [76.3243261, 9.8902007] },
      "properties": { "highway": "street_lamp" },
      "geohash": "t9y22b3wt"
    },
    {
      "type": "Feature",
      "geometry": { "type": "Point", "coordinates": [76.3240055, 9.8900026] },
      "properties": { "highway": "street_lamp" },
      "geohash": "t9y22b3mq"
    },
    {
      "type": "Feature",
      "geometry": { "type": "Point", "coordinates": [76.3236864, 9.8891571] },
      "properties": { "highway": "street_lamp" },
      "geohash": "t9y22b30w"
    },
    {
      "type": "Feature",
      "geometry": { "type": "Point", "coordinates": [76.3234798, 9.8896486] },
      "properties": { "highway": "street_lamp" },
      "geohash": "t9y22b353"
    },
    {
      "type": "Feature",
      "geometry": { "type": "Point", "coordinates": [76.3231767, 9.8899313] },
      "properties": { "highway": "street_lamp" },
      "geohash": "t9y22b2v4"
    },
    {
      "type": "Feature",
      "geometry": { "type": "Point", "coordinates": [76.3230534, 9.8902722] },
      "properties": { "highway": "street_lamp" },
      "geohash": "t9y22b2z0"
    },
    {
      "type": "Feature",
      "geometry": { "type": "Point", "coordinates": [76.3227154, 9.8902087] },
      "properties": { "highway": "street_lamp" },
      "geohash": "t9y22b2w8"
    },
    {
      "type": "Feature",
      "geometry": { "type": "Point", "coordinates": [76.32251, 9.8901022] },
      "properties": { "highway": "street_lamp" },
      "geohash": "t9y22b2q5"
    },
    {
      "type": "Feature",
      "geometry": { "type": "Point", "coordinates": [76.3222014, 9.8899506] },
      "properties": { "highway": "street_lamp" },
      "geohash": "t9y22b2jh"
    },
    {
      "type": "Feature",
      "geometry": { "type": "Point", "coordinates": [76.3219091, 9.8898832] },
      "properties": { "highway": "street_lamp" },
      "geohash": "t9y228rut"
    },
    {
      "type": "Feature",
      "geometry": { "type": "Point", "coordinates": [76.3214394, 9.8897587] },
      "properties": { "highway": "street_lamp" },
      "geohash": "t9y228rs4"
    },
    {
      "type": "Feature",
      "geometry": { "type": "Point", "coordinates": [76.3213958, 9.8902457] },
      "properties": { "highway": "street_lamp" },
      "geohash": "t9y228rwc"
    },
    {
      "type": "Feature",
      "geometry": { "type": "Point", "coordinates": [76.3212053, 9.8902854] },
      "properties": { "highway": "street_lamp" },
      "geohash": "t9y228rrh"
    },
    {
      "type": "Feature",
      "geometry": { "type": "Point", "coordinates": [76.3211608, 9.8906703] },
      "properties": { "highway": "street_lamp" },
      "geohash": "t9y228x37"
    },
    {
      "type": "Feature",
      "geometry": { "type": "Point", "coordinates": [76.3217793, 9.8909248] },
      "properties": { "highway": "street_lamp" },
      "geohash": "t9y228xff"
    },
    {
      "type": "Feature",
      "geometry": { "type": "Point", "coordinates": [76.3223801, 9.8912525] },
      "properties": { "highway": "street_lamp" },
      "geohash": "t9y22b8k8"
    },
    {
      "type": "Feature",
      "geometry": { "type": "Point", "coordinates": [76.322761, 9.8914374] },
      "properties": { "highway": "street_lamp" },
      "geohash": "t9y22b8tc"
    },
    {
      "type": "Feature",
      "geometry": { "type": "Point", "coordinates": [76.3226242, 9.8910596] },
      "properties": { "highway": "street_lamp" },
      "geohash": "t9y22b87w"
    },
    {
      "type": "Feature",
      "geometry": { "type": "Point", "coordinates": [76.3227905, 9.8908455] },
      "properties": { "highway": "street_lamp" },
      "geohash": "t9y22b8d3"
    },
    {
      "type": "Feature",
      "geometry": { "type": "Point", "coordinates": [76.3229407, 9.8905285] },
      "properties": { "highway": "street_lamp" },
      "geohash": "t9y22b88t"
    },
    {
      "type": "Feature",
      "geometry": { "type": "Point", "coordinates": [76.3233162, 9.8907161] },
      "properties": { "highway": "street_lamp" },
      "geohash": "t9y22b8cw"
    },
    {
      "type": "Feature",
      "geometry": { "type": "Point", "coordinates": [76.3235612, 9.8912687] },
      "properties": { "highway": "street_lamp" },
      "geohash": "t9y22b9hg"
    },
    {
      "type": "Feature",
      "geometry": { "type": "Point", "coordinates": [76.3238956, 9.8909618] },
      "properties": { "highway": "street_lamp" },
      "geohash": "t9y22b975"
    },
    {
      "type": "Feature",
      "geometry": { "type": "Point", "coordinates": [76.3235652, 9.8914046] },
      "properties": { "highway": "street_lamp" },
      "geohash": "t9y22b9je"
    },
    {
      "type": "Feature",
      "geometry": { "type": "Point", "coordinates": [76.3230773, 9.8919002] },
      "properties": { "highway": "street_lamp" },
      "geohash": "t9y22bbb2"
    },
    {
      "type": "Feature",
      "geometry": { "type": "Point", "coordinates": [76.3231908, 9.8919557] },
      "properties": { "highway": "street_lamp" },
      "geohash": "t9y22bbbg"
    },
    {
      "type": "Feature",
      "geometry": { "type": "Point", "coordinates": [76.3235447, 9.8921143] },
      "properties": { "highway": "street_lamp" },
      "geohash": "t9y22bc1e"
    },
    {
      "type": "Feature",
      "geometry": { "type": "Point", "coordinates": [76.3241236, 9.8922275] },
      "properties": { "highway": "street_lamp" },
      "geohash": "t9y22bcd2"
    },
    {
      "type": "Feature",
      "geometry": { "type": "Point", "coordinates": [76.3234718, 9.8924336] },
      "properties": { "highway": "street_lamp" },
      "geohash": "t9y22bc59"
    },
    {
      "type": "Feature",
      "geometry": { "type": "Point", "coordinates": [76.3248692, 9.8925683] },
      "properties": { "highway": "street_lamp" },
      "geohash": "t9y22bfh6"
    },
    {
      "type": "Feature",
      "geometry": { "type": "Point", "coordinates": [76.3252519, 9.8927245] },
      "properties": { "highway": "street_lamp" },
      "geohash": "t9y22bfm7"
    },
    {
      "type": "Feature",
      "geometry": { "type": "Point", "coordinates": [76.3232813, 9.8928141] },
      "properties": { "highway": "street_lamp" },
      "geohash": "t9y22bbvv"
    },
    {
      "type": "Feature",
      "geometry": { "type": "Point", "coordinates": [76.3230963, 9.8930942] },
      "properties": { "highway": "street_lamp" },
      "geohash": "t9y22bbz3"
    },
    {
      "type": "Feature",
      "geometry": { "type": "Point", "coordinates": [76.3227717, 9.8932263] },
      "properties": { "highway": "street_lamp" },
      "geohash": "t9y22c081"
    },
    {
      "type": "Feature",
      "geometry": { "type": "Point", "coordinates": [76.3227347, 9.892412] },
      "properties": { "highway": "street_lamp" },
      "geohash": "t9y22bbe2"
    },
    {
      "type": "Feature",
      "geometry": { "type": "Point", "coordinates": [76.3229066, 9.8921252] },
      "properties": { "highway": "street_lamp" },
      "geohash": "t9y22bb9u"
    },
    {
      "type": "Feature",
      "geometry": { "type": "Point", "coordinates": [76.3230291, 9.8934301] },
      "properties": { "highway": "street_lamp" },
      "geohash": "t9y22c09r"
    },
    {
      "type": "Feature",
      "geometry": { "type": "Point", "coordinates": [76.3229488, 9.8937865] },
      "properties": { "highway": "street_lamp" },
      "geohash": "t9y22c0em"
    },
    {
      "type": "Feature",
      "geometry": { "type": "Point", "coordinates": [76.3221736, 9.8935117] },
      "properties": { "highway": "street_lamp" },
      "geohash": "t9y22c01g"
    },
    {
      "type": "Feature",
      "geometry": { "type": "Point", "coordinates": [76.3228281, 9.8942436] },
      "properties": { "highway": "street_lamp" },
      "geohash": "t9y22c0w4"
    },
    {
      "type": "Feature",
      "geometry": { "type": "Point", "coordinates": [76.3224928, 9.8946346] },
      "properties": { "highway": "street_lamp" },
      "geohash": "t9y22c226"
    },
    {
      "type": "Feature",
      "geometry": { "type": "Point", "coordinates": [76.322466, 9.8949226] },
      "properties": { "highway": "street_lamp" },
      "geohash": "t9y22c264"
    },
    {
      "type": "Feature",
      "geometry": { "type": "Point", "coordinates": [76.322065, 9.8938351] },
      "properties": { "highway": "street_lamp" },
      "geohash": "t9y22c05c"
    },
    {
      "type": "Feature",
      "geometry": { "type": "Point", "coordinates": [76.3213099, 9.8938208] },
      "properties": { "highway": "street_lamp" },
      "geohash": "t9y229p7x"
    },
    {
      "type": "Feature",
      "geometry": { "type": "Point", "coordinates": [76.3216018, 9.8946079] },
      "properties": { "highway": "street_lamp" },
      "geohash": "t9y229r8q"
    },
    {
      "type": "Feature",
      "geometry": { "type": "Point", "coordinates": [76.3217823, 9.8946856] },
      "properties": { "highway": "street_lamp" },
      "geohash": "t9y229rbd"
    },
    {
      "type": "Feature",
      "geometry": { "type": "Point", "coordinates": [76.3219778, 9.894743] },
      "properties": { "highway": "street_lamp" },
      "geohash": "t9y229rcn"
    },
    {
      "type": "Feature",
      "geometry": { "type": "Point", "coordinates": [76.322423, 9.8952714] },
      "properties": { "highway": "street_lamp" },
      "geohash": "t9y22c2k1"
    },
    {
      "type": "Feature",
      "geometry": { "type": "Point", "coordinates": [76.322238, 9.8952292] },
      "properties": { "highway": "street_lamp" },
      "geohash": "t9y22c25v"
    },
    {
      "type": "Feature",
      "geometry": { "type": "Point", "coordinates": [76.3221759, 9.8953896] },
      "properties": { "highway": "street_lamp" },
      "geohash": "t9y22c2hg"
    },
    {
      "type": "Feature",
      "geometry": { "type": "Point", "coordinates": [76.3221548, 9.8956731] },
      "properties": { "highway": "street_lamp" },
      "geohash": "t9y22c2n7"
    },
    {
      "type": "Feature",
      "geometry": { "type": "Point", "coordinates": [76.3215433, 9.8960166] },
      "properties": { "highway": "street_lamp" },
      "geohash": "t9y229x8k"
    },
    {
      "type": "Feature",
      "geometry": { "type": "Point", "coordinates": [76.323284, 9.8954775] },
      "properties": { "highway": "street_lamp" },
      "geohash": "t9y22c2vm"
    },
    {
      "type": "Feature",
      "geometry": { "type": "Point", "coordinates": [76.3245761, 9.8958411] },
      "properties": { "highway": "street_lamp" },
      "geohash": "t9y22c3z7"
    },
    {
      "type": "Feature",
      "geometry": { "type": "Point", "coordinates": [76.3246728, 9.8955262] },
      "properties": { "highway": "street_lamp" },
      "geohash": "t9y22c3vt"
    },
    {
      "type": "Feature",
      "geometry": { "type": "Point", "coordinates": [76.3252528, 9.8954088] },
      "properties": { "highway": "street_lamp" },
      "geohash": "t9y22c6kg"
    },
    {
      "type": "Feature",
      "geometry": { "type": "Point", "coordinates": [76.3254137, 9.8954749] },
      "properties": { "highway": "street_lamp" },
      "geohash": "t9y22c6mr"
    },
    {
      "type": "Feature",
      "geometry": { "type": "Point", "coordinates": [76.3257248, 9.8955647] },
      "properties": { "highway": "street_lamp" },
      "geohash": "t9y22c6ty"
    },
    {
      "type": "Feature",
      "geometry": { "type": "Point", "coordinates": [76.3261728, 9.8956836] },
      "properties": { "highway": "street_lamp" },
      "geohash": "t9y22c7n8"
    },
    {
      "type": "Feature",
      "geometry": { "type": "Point", "coordinates": [76.3265536, 9.895792] },
      "properties": { "highway": "street_lamp" },
      "geohash": "t9y22c7r1"
    },
    {
      "type": "Feature",
      "geometry": { "type": "Point", "coordinates": [76.3272173, 9.8959589] },
      "properties": { "highway": "street_lamp" },
      "geohash": "t9y22ceb1"
    },
    {
      "type": "Feature",
      "geometry": { "type": "Point", "coordinates": [76.3275917, 9.8959479] },
      "properties": { "highway": "street_lamp" },
      "geohash": "t9y22cs01"
    },
    {
      "type": "Feature",
      "geometry": { "type": "Point", "coordinates": [76.3274307, 9.8962544] },
      "properties": { "highway": "street_lamp" },
      "geohash": "t9y22cecy"
    },
    {
      "type": "Feature",
      "geometry": { "type": "Point", "coordinates": [76.3281201, 9.8965926] },
      "properties": { "highway": "street_lamp" },
      "geohash": "t9y22cs7y"
    },
    {
      "type": "Feature",
      "geometry": { "type": "Point", "coordinates": [76.3286216, 9.8964975] },
      "properties": { "highway": "street_lamp" },
      "geohash": "t9y22csg3"
    },
    {
      "type": "Feature",
      "geometry": { "type": "Point", "coordinates": [76.3286075, 9.8968653] },
      "properties": { "highway": "street_lamp" },
      "geohash": "t9y22csv3"
    },
    {
      "type": "Feature",
      "geometry": { "type": "Point", "coordinates": [76.3284848, 9.8970708] },
      "properties": { "highway": "street_lamp" },
      "geohash": "t9y22csww"
    },
    {
      "type": "Feature",
      "geometry": { "type": "Point", "coordinates": [76.3287128, 9.8969519] },
      "properties": { "highway": "street_lamp" },
      "geohash": "t9y22csvg"
    },
    {
      "type": "Feature",
      "geometry": { "type": "Point", "coordinates": [76.3290025, 9.8970259] },
      "properties": { "highway": "street_lamp" },
      "geohash": "t9y22ctn6"
    },
    {
      "type": "Feature",
      "geometry": { "type": "Point", "coordinates": [76.3288925, 9.8974143] },
      "properties": { "highway": "street_lamp" },
      "geohash": "t9y22cv08"
    },
    {
      "type": "Feature",
      "geometry": { "type": "Point", "coordinates": [76.3295953, 9.8971263] },
      "properties": { "highway": "street_lamp" },
      "geohash": "t9y22ctwb"
    },
    {
      "type": "Feature",
      "geometry": { "type": "Point", "coordinates": [76.3276507, 9.8977446] },
      "properties": { "highway": "street_lamp" },
      "geohash": "t9y22cu4e"
    },
    {
      "type": "Feature",
      "geometry": { "type": "Point", "coordinates": [76.3272001, 9.8975174] },
      "properties": { "highway": "street_lamp" },
      "geohash": "t9y22cgc0"
    },
    {
      "type": "Feature",
      "geometry": { "type": "Point", "coordinates": [76.3280986, 9.8980485] },
      "properties": { "highway": "street_lamp" },
      "geohash": "t9y22cukm"
    },
    {
      "type": "Feature",
      "geometry": { "type": "Point", "coordinates": [76.3285519, 9.8981463] },
      "properties": { "highway": "street_lamp" },
      "geohash": "t9y22cuub"
    },
    {
      "type": "Feature",
      "geometry": { "type": "Point", "coordinates": [76.3264946, 9.8971237] },
      "properties": { "highway": "street_lamp" },
      "geohash": "t9y22ceqb"
    },
    {
      "type": "Feature",
      "geometry": { "type": "Point", "coordinates": [76.3248907, 9.8962887] },
      "properties": { "highway": "street_lamp" },
      "geohash": "t9y22cd44"
    },
    {
      "type": "Feature",
      "geometry": { "type": "Point", "coordinates": [76.3244723, 9.8964838] },
      "properties": { "highway": "street_lamp" },
      "geohash": "t9y22c9g1"
    },
    {
      "type": "Feature",
      "geometry": { "type": "Point", "coordinates": [76.3244398, 9.8967484] },
      "properties": { "highway": "street_lamp" },
      "geohash": "t9y22c9u8"
    },
    {
      "type": "Feature",
      "geometry": { "type": "Point", "coordinates": [76.3242685, 9.8971604] },
      "properties": { "highway": "street_lamp" },
      "geohash": "t9y22c9xh"
    },
    {
      "type": "Feature",
      "geometry": { "type": "Point", "coordinates": [76.3241933, 9.8974778] },
      "properties": { "highway": "street_lamp" },
      "geohash": "t9y22cc8f"
    },
    {
      "type": "Feature",
      "geometry": { "type": "Point", "coordinates": [76.3298957, 9.8832249] },
      "properties": { "highway": "street_lamp" },
      "geohash": "t9y20zjtz"
    },
    {
      "type": "Feature",
      "geometry": { "type": "Point", "coordinates": [76.3296091, 9.8840046] },
      "properties": { "highway": "street_lamp" },
      "geohash": "t9y20zmd8"
    },
    {
      "type": "Feature",
      "geometry": { "type": "Point", "coordinates": [76.3299526, 9.88388] },
      "properties": { "highway": "street_lamp" },
      "geohash": "t9y20zmcb"
    },
    {
      "type": "Feature",
      "geometry": { "type": "Point", "coordinates": [76.3304911, 9.8840229] },
      "properties": { "highway": "street_lamp" },
      "geohash": "t9y20zq4t"
    },
    {
      "type": "Feature",
      "geometry": { "type": "Point", "coordinates": [76.330534, 9.8837957] },
      "properties": { "highway": "street_lamp" },
      "geohash": "t9y20zq1q"
    },
    {
      "type": "Feature",
      "geometry": { "type": "Point", "coordinates": [76.331254, 9.8831639] },
      "properties": { "highway": "street_lamp" },
      "geohash": "t9y20zntx"
    },
    {
      "type": "Feature",
      "geometry": { "type": "Point", "coordinates": [76.3308774, 9.8841392] },
      "properties": { "highway": "street_lamp" },
      "geohash": "t9y20zq7q"
    },
    {
      "type": "Feature",
      "geometry": { "type": "Point", "coordinates": [76.3311318, 9.8842087] },
      "properties": { "highway": "street_lamp" },
      "geohash": "t9y20zqes"
    },
    {
      "type": "Feature",
      "geometry": { "type": "Point", "coordinates": [76.3318161, 9.8844563] },
      "properties": { "highway": "street_lamp" },
      "geohash": "t9y20zrjh"
    },
    {
      "type": "Feature",
      "geometry": { "type": "Point", "coordinates": [76.3320681, 9.8845942] },
      "properties": { "highway": "street_lamp" },
      "geohash": "t9y20zrmf"
    },
    {
      "type": "Feature",
      "geometry": { "type": "Point", "coordinates": [76.3311808, 9.8846796] },
      "properties": { "highway": "street_lamp" },
      "geohash": "t9y20zqwm"
    },
    {
      "type": "Feature",
      "geometry": { "type": "Point", "coordinates": [76.3310812, 9.8848896] },
      "properties": { "highway": "street_lamp" },
      "geohash": "t9y20zqxe"
    },
    {
      "type": "Feature",
      "geometry": { "type": "Point", "coordinates": [76.3295398, 9.8844734] },
      "properties": { "highway": "street_lamp" },
      "geohash": "t9y20zmmp"
    },
    {
      "type": "Feature",
      "geometry": { "type": "Point", "coordinates": [76.3328086, 9.8838591] },
      "properties": { "highway": "street_lamp" },
      "geohash": "t9y20zrce"
    },
    {
      "type": "Feature",
      "geometry": { "type": "Point", "coordinates": [76.3331143, 9.8840969] },
      "properties": { "highway": "street_lamp" },
      "geohash": "t9y21p254"
    },
    {
      "type": "Feature",
      "geometry": { "type": "Point", "coordinates": [76.3326282, 9.8845039] },
      "properties": { "highway": "street_lamp" },
      "geohash": "t9y20zrtr"
    },
    {
      "type": "Feature",
      "geometry": { "type": "Point", "coordinates": [76.3325028, 9.8847839] },
      "properties": { "highway": "street_lamp" },
      "geohash": "t9y20zrxh"
    },
    {
      "type": "Feature",
      "geometry": { "type": "Point", "coordinates": [76.33297, 9.8848334] },
      "properties": { "highway": "street_lamp" },
      "geohash": "t9y20zrzr"
    },
    {
      "type": "Feature",
      "geometry": { "type": "Point", "coordinates": [76.3347558, 9.8846201] },
      "properties": { "highway": "street_lamp" },
      "geohash": "t9y21p3q0"
    },
    {
      "type": "Feature",
      "geometry": { "type": "Point", "coordinates": [76.3346271, 9.8850112] },
      "properties": { "highway": "street_lamp" },
      "geohash": "t9y21p90m"
    },
    {
      "type": "Feature",
      "geometry": { "type": "Point", "coordinates": [76.3344501, 9.8850693] },
      "properties": { "highway": "street_lamp" },
      "geohash": "t9y21p909"
    },
    {
      "type": "Feature",
      "geometry": { "type": "Point", "coordinates": [76.3338975, 9.8851539] },
      "properties": { "highway": "street_lamp" },
      "geohash": "t9y21p89h"
    },
    {
      "type": "Feature",
      "geometry": { "type": "Point", "coordinates": [76.3341175, 9.8856454] },
      "properties": { "highway": "street_lamp" },
      "geohash": "t9y21p8u1"
    },
    {
      "type": "Feature",
      "geometry": { "type": "Point", "coordinates": [76.3327331, 9.8866472] },
      "properties": { "highway": "street_lamp" },
      "geohash": "t9y20zzcc"
    },
    {
      "type": "Feature",
      "geometry": { "type": "Point", "coordinates": [76.3328035, 9.8865162] },
      "properties": { "highway": "street_lamp" },
      "geohash": "t9y20zzc5"
    },
    {
      "type": "Feature",
      "geometry": { "type": "Point", "coordinates": [76.3323204, 9.8863324] },
      "properties": { "highway": "street_lamp" },
      "geohash": "t9y20zz2p"
    },
    {
      "type": "Feature",
      "geometry": { "type": "Point", "coordinates": [76.3317296, 9.8865708] },
      "properties": { "highway": "street_lamp" },
      "geohash": "t9y20zz16"
    },
    {
      "type": "Feature",
      "geometry": { "type": "Point", "coordinates": [76.3323441, 9.8876371] },
      "properties": { "highway": "street_lamp" },
      "geohash": "t9y20zzx8"
    },
    {
      "type": "Feature",
      "geometry": { "type": "Point", "coordinates": [76.3323154, 9.887932] },
      "properties": { "highway": "street_lamp" },
      "geohash": "t9y22bp3r"
    },
    {
      "type": "Feature",
      "geometry": { "type": "Point", "coordinates": [76.332317, 9.8882598] },
      "properties": { "highway": "street_lamp" },
      "geohash": "t9y22bp7r"
    },
    {
      "type": "Feature",
      "geometry": { "type": "Point", "coordinates": [76.3327174, 9.8887951] },
      "properties": { "highway": "street_lamp" },
      "geohash": "t9y22bpy3"
    },
    {
      "type": "Feature",
      "geometry": { "type": "Point", "coordinates": [76.3319342, 9.8885256] },
      "properties": { "highway": "street_lamp" },
      "geohash": "t9y22bphy"
    },
    {
      "type": "Feature",
      "geometry": { "type": "Point", "coordinates": [76.331354, 9.8883887] },
      "properties": { "highway": "street_lamp" },
      "geohash": "t9y22bnu1"
    },
    {
      "type": "Feature",
      "geometry": { "type": "Point", "coordinates": [76.3310973, 9.8887475] },
      "properties": { "highway": "street_lamp" },
      "geohash": "t9y22bnw5"
    },
    {
      "type": "Feature",
      "geometry": { "type": "Point", "coordinates": [76.3310179, 9.8880733] },
      "properties": { "highway": "street_lamp" },
      "geohash": "t9y22bnd1"
    },
    {
      "type": "Feature",
      "geometry": { "type": "Point", "coordinates": [76.3320575, 9.8890382] },
      "properties": { "highway": "street_lamp" },
      "geohash": "t9y22bprc"
    },
    {
      "type": "Feature",
      "geometry": { "type": "Point", "coordinates": [76.3319876, 9.8894812] },
      "properties": { "highway": "street_lamp" },
      "geohash": "t9y22br62"
    },
    {
      "type": "Feature",
      "geometry": { "type": "Point", "coordinates": [76.3312797, 9.8894028] },
      "properties": { "highway": "street_lamp" },
      "geohash": "t9y22bq9z"
    },
    {
      "type": "Feature",
      "geometry": { "type": "Point", "coordinates": [76.3309297, 9.8897552] },
      "properties": { "highway": "street_lamp" },
      "geohash": "t9y22bq7z"
    },
    {
      "type": "Feature",
      "geometry": { "type": "Point", "coordinates": [76.3305126, 9.8896142] },
      "properties": { "highway": "street_lamp" },
      "geohash": "t9y22bq5j"
    },
    {
      "type": "Feature",
      "geometry": { "type": "Point", "coordinates": [76.3305745, 9.8879173] },
      "properties": { "highway": "street_lamp" },
      "geohash": "t9y22bn1r"
    },
    {
      "type": "Feature",
      "geometry": { "type": "Point", "coordinates": [76.330239, 9.8880182] },
      "properties": { "highway": "street_lamp" },
      "geohash": "t9y22bjcz"
    },
    {
      "type": "Feature",
      "geometry": { "type": "Point", "coordinates": [76.3297026, 9.8877646] },
      "properties": { "highway": "street_lamp" },
      "geohash": "t9y22bj86"
    },
    {
      "type": "Feature",
      "geometry": { "type": "Point", "coordinates": [76.3292841, 9.887754] },
      "properties": { "highway": "street_lamp" },
      "geohash": "t9y22bj23"
    },
    {
      "type": "Feature",
      "geometry": { "type": "Point", "coordinates": [76.3310322, 9.8854438] },
      "properties": { "highway": "street_lamp" },
      "geohash": "t9y20zwdc"
    },
    {
      "type": "Feature",
      "geometry": { "type": "Point", "coordinates": [76.3308413, 9.8859229] },
      "properties": { "highway": "street_lamp" },
      "geohash": "t9y20zwmt"
    },
    {
      "type": "Feature",
      "geometry": { "type": "Point", "coordinates": [76.330872, 9.8863007] },
      "properties": { "highway": "street_lamp" },
      "geohash": "t9y20zwry"
    },
    {
      "type": "Feature",
      "geometry": { "type": "Point", "coordinates": [76.3306078, 9.8861597] },
      "properties": { "highway": "street_lamp" },
      "geohash": "t9y20zwr0"
    },
    {
      "type": "Feature",
      "geometry": { "type": "Point", "coordinates": [76.330239, 9.8860523] },
      "properties": { "highway": "street_lamp" },
      "geohash": "t9y20ztyr"
    },
    {
      "type": "Feature",
      "geometry": { "type": "Point", "coordinates": [76.3298998, 9.8858539] },
      "properties": { "highway": "street_lamp" },
      "geohash": "t9y20zttr"
    },
    {
      "type": "Feature",
      "geometry": { "type": "Point", "coordinates": [76.3293449, 9.8852178] },
      "properties": { "highway": "street_lamp" },
      "geohash": "t9y20zt3d"
    },
    {
      "type": "Feature",
      "geometry": { "type": "Point", "coordinates": [76.32953, 9.8858052] },
      "properties": { "highway": "street_lamp" },
      "geohash": "t9y20ztky"
    },
    {
      "type": "Feature",
      "geometry": { "type": "Point", "coordinates": [76.3292948, 9.8857539] },
      "properties": { "highway": "street_lamp" },
      "geohash": "t9y20ztk9"
    },
    {
      "type": "Feature",
      "geometry": { "type": "Point", "coordinates": [76.3282297, 9.8852492] },
      "properties": { "highway": "street_lamp" },
      "geohash": "t9y20zs9b"
    },
    {
      "type": "Feature",
      "geometry": { "type": "Point", "coordinates": [76.3285536, 9.8854072] },
      "properties": { "highway": "street_lamp" },
      "geohash": "t9y20zsf8"
    },
    {
      "type": "Feature",
      "geometry": { "type": "Point", "coordinates": [76.3289192, 9.8854953] },
      "properties": { "highway": "street_lamp" },
      "geohash": "t9y20zt50"
    },
    {
      "type": "Feature",
      "geometry": { "type": "Point", "coordinates": [76.3279511, 9.8857722] },
      "properties": { "highway": "street_lamp" },
      "geohash": "t9y20zskf"
    },
    {
      "type": "Feature",
      "geometry": { "type": "Point", "coordinates": [76.3281496, 9.885862] },
      "properties": { "highway": "street_lamp" },
      "geohash": "t9y20zsmq"
    },
    {
      "type": "Feature",
      "geometry": { "type": "Point", "coordinates": [76.328281, 9.8859387] },
      "properties": { "highway": "street_lamp" },
      "geohash": "t9y20zstc"
    },
    {
      "type": "Feature",
      "geometry": { "type": "Point", "coordinates": [76.3286109, 9.8861078] },
      "properties": { "highway": "street_lamp" },
      "geohash": "t9y20zsyc"
    },
    {
      "type": "Feature",
      "geometry": { "type": "Point", "coordinates": [76.3286881, 9.8859624] },
      "properties": { "highway": "street_lamp" },
      "geohash": "t9y20zsvg"
    },
    {
      "type": "Feature",
      "geometry": { "type": "Point", "coordinates": [76.3278977, 9.8861957] },
      "properties": { "highway": "street_lamp" },
      "geohash": "t9y20zsr2"
    },
    {
      "type": "Feature",
      "geometry": { "type": "Point", "coordinates": [76.32887, 9.8869724] },
      "properties": { "highway": "street_lamp" },
      "geohash": "t9y20zugz"
    },
    {
      "type": "Feature",
      "geometry": { "type": "Point", "coordinates": [76.3284278, 9.8875354] },
      "properties": { "highway": "street_lamp" },
      "geohash": "t9y20zuxj"
    },
    {
      "type": "Feature",
      "geometry": { "type": "Point", "coordinates": [76.3273345, 9.8870991] },
      "properties": { "highway": "street_lamp" },
      "geohash": "t9y20zgue"
    },
    {
      "type": "Feature",
      "geometry": { "type": "Point", "coordinates": [76.3267441, 9.8874686] },
      "properties": { "highway": "street_lamp" },
      "geohash": "t9y20zgqw"
    },
    {
      "type": "Feature",
      "geometry": { "type": "Point", "coordinates": [76.3263096, 9.8877857] },
      "properties": { "highway": "street_lamp" },
      "geohash": "t9y22b50e"
    },
    {
      "type": "Feature",
      "geometry": { "type": "Point", "coordinates": [76.3276024, 9.8885678] },
      "properties": { "highway": "street_lamp" },
      "geohash": "t9y22bhj4"
    },
    {
      "type": "Feature",
      "geometry": { "type": "Point", "coordinates": [76.328289, 9.8884357] },
      "properties": { "highway": "street_lamp" },
      "geohash": "t9y22bhs6"
    },
    {
      "type": "Feature",
      "geometry": { "type": "Point", "coordinates": [76.3284822, 9.8881186] },
      "properties": { "highway": "street_lamp" },
      "geohash": "t9y22bhdq"
    },
    {
      "type": "Feature",
      "geometry": { "type": "Point", "coordinates": [76.3279779, 9.8890593] },
      "properties": { "highway": "street_lamp" },
      "geohash": "t9y22bhrf"
    },
    {
      "type": "Feature",
      "geometry": { "type": "Point", "coordinates": [76.325277, 9.8876128] },
      "properties": { "highway": "street_lamp" },
      "geohash": "t9y20zfre"
    },
    {
      "type": "Feature",
      "geometry": { "type": "Point", "coordinates": [76.3185081, 9.8896918] },
      "properties": { "highway": "street_lamp" },
      "geohash": "t9y228m7w"
    },
    {
      "type": "Feature",
      "geometry": { "type": "Point", "coordinates": [76.3193707, 9.8898097] },
      "properties": { "highway": "street_lamp" },
      "geohash": "t9y228qh6"
    },
    {
      "type": "Feature",
      "geometry": { "type": "Point", "coordinates": [76.3202247, 9.8901631] },
      "properties": { "highway": "street_lamp" },
      "geohash": "t9y228qwq"
    },
    {
      "type": "Feature",
      "geometry": { "type": "Point", "coordinates": [76.3275844, 9.8896822] },
      "properties": { "highway": "street_lamp" },
      "geohash": "t9y22bk59"
    },
    {
      "type": "Feature",
      "geometry": { "type": "Point", "coordinates": [76.3267468, 9.8909777] },
      "properties": { "highway": "street_lamp" },
      "geohash": "t9y22be7n"
    },
    {
      "type": "Feature",
      "geometry": { "type": "Point", "coordinates": [76.3271652, 9.8905655] },
      "properties": { "highway": "street_lamp" },
      "geohash": "t9y22be8x"
    },
    {
      "type": "Feature",
      "geometry": { "type": "Point", "coordinates": [76.3265536, 9.8914533] },
      "properties": { "highway": "street_lamp" },
      "geohash": "t9y22bemc"
    },
    {
      "type": "Feature",
      "geometry": { "type": "Point", "coordinates": [76.3267208, 9.8920328] },
      "properties": { "highway": "street_lamp" },
      "geohash": "t9y22bg3m"
    },
    {
      "type": "Feature",
      "geometry": { "type": "Point", "coordinates": [76.3278196, 9.8919923] },
      "properties": { "highway": "street_lamp" },
      "geohash": "t9y22bu1p"
    },
    {
      "type": "Feature",
      "geometry": { "type": "Point", "coordinates": [76.3285639, 9.8920145] },
      "properties": { "highway": "street_lamp" },
      "geohash": "t9y22buc0"
    },
    {
      "type": "Feature",
      "geometry": { "type": "Point", "coordinates": [76.3288877, 9.8901979] },
      "properties": { "highway": "street_lamp" },
      "geohash": "t9y22bkyx"
    },
    {
      "type": "Feature",
      "geometry": { "type": "Point", "coordinates": [76.3292405, 9.8902575] },
      "properties": { "highway": "street_lamp" },
      "geohash": "t9y22bmqb"
    },
    {
      "type": "Feature",
      "geometry": { "type": "Point", "coordinates": [76.3300763, 9.8903377] },
      "properties": { "highway": "street_lamp" },
      "geohash": "t9y22bmz7"
    },
    {
      "type": "Feature",
      "geometry": { "type": "Point", "coordinates": [76.3309912, 9.8904209] },
      "properties": { "highway": "street_lamp" },
      "geohash": "t9y22bqxc"
    },
    {
      "type": "Feature",
      "geometry": { "type": "Point", "coordinates": [76.3317717, 9.8917371] },
      "properties": { "highway": "street_lamp" },
      "geohash": "t9y22bxpe"
    },
    {
      "type": "Feature",
      "geometry": { "type": "Point", "coordinates": [76.3316764, 9.8920934] },
      "properties": { "highway": "street_lamp" },
      "geohash": "t9y22bz18"
    },
    {
      "type": "Feature",
      "geometry": { "type": "Point", "coordinates": [76.3308547, 9.8924575] },
      "properties": { "highway": "street_lamp" },
      "geohash": "t9y22by7t"
    },
    {
      "type": "Feature",
      "geometry": { "type": "Point", "coordinates": [76.3303112, 9.8924401] },
      "properties": { "highway": "street_lamp" },
      "geohash": "t9y22by59"
    },
    {
      "type": "Feature",
      "geometry": { "type": "Point", "coordinates": [76.3299332, 9.8924574] },
      "properties": { "highway": "street_lamp" },
      "geohash": "t9y22bvg8"
    },
    {
      "type": "Feature",
      "geometry": { "type": "Point", "coordinates": [76.3294717, 9.8921983] },
      "properties": { "highway": "street_lamp" },
      "geohash": "t9y22bv6j"
    },
    {
      "type": "Feature",
      "geometry": { "type": "Point", "coordinates": [76.3291795, 9.8920279] },
      "properties": { "highway": "street_lamp" },
      "geohash": "t9y22bv1n"
    },
    {
      "type": "Feature",
      "geometry": { "type": "Point", "coordinates": [76.3319511, 9.8930936] },
      "properties": { "highway": "street_lamp" },
      "geohash": "t9y22bzpr"
    },
    {
      "type": "Feature",
      "geometry": { "type": "Point", "coordinates": [76.3309632, 9.8938419] },
      "properties": { "highway": "street_lamp" },
      "geohash": "t9y22cneb"
    },
    {
      "type": "Feature",
      "geometry": { "type": "Point", "coordinates": [76.331104, 9.8936837] },
      "properties": { "highway": "street_lamp" },
      "geohash": "t9y22cndg"
    },
    {
      "type": "Feature",
      "geometry": { "type": "Point", "coordinates": [76.3317959, 9.8944533] },
      "properties": { "highway": "street_lamp" },
      "geohash": "t9y22cpp7"
    },
    {
      "type": "Feature",
      "geometry": { "type": "Point", "coordinates": [76.3305713, 9.8942025] },
      "properties": { "highway": "street_lamp" },
      "geohash": "t9y22cnjz"
    },
    {
      "type": "Feature",
      "geometry": { "type": "Point", "coordinates": [76.3287873, 9.8933817] },
      "properties": { "highway": "street_lamp" },
      "geohash": "t9y22chcj"
    },
    {
      "type": "Feature",
      "geometry": { "type": "Point", "coordinates": [76.3278031, 9.8934935] },
      "properties": { "highway": "street_lamp" },
      "geohash": "t9y22ch1y"
    },
    {
      "type": "Feature",
      "geometry": { "type": "Point", "coordinates": [76.3271535, 9.8932422] },
      "properties": { "highway": "street_lamp" },
      "geohash": "t9y22c58r"
    },
    {
      "type": "Feature",
      "geometry": { "type": "Point", "coordinates": [76.3261618, 9.8930941] },
      "properties": { "highway": "street_lamp" },
      "geohash": "t9y22bgp2"
    },
    {
      "type": "Feature",
      "geometry": { "type": "Point", "coordinates": [76.3262074, 9.8923554] },
      "properties": { "highway": "street_lamp" },
      "geohash": "t9y22bg51"
    },
    {
      "type": "Feature",
      "geometry": { "type": "Point", "coordinates": [76.326116, 9.8926471] },
      "properties": { "highway": "street_lamp" },
      "geohash": "t9y22bfuz"
    },
    {
      "type": "Feature",
      "geometry": { "type": "Point", "coordinates": [76.3260409, 9.8928439] },
      "properties": { "highway": "street_lamp" },
      "geohash": "t9y22bfvv"
    },
    {
      "type": "Feature",
      "geometry": { "type": "Point", "coordinates": [76.3140673, 9.8896332] },
      "properties": { "highway": "street_lamp" },
      "geohash": "t9y22865q"
    },
    {
      "type": "Feature",
      "geometry": { "type": "Point", "coordinates": [76.3110624, 9.888874] },
      "properties": { "highway": "street_lamp" },
      "geohash": "t9y2280nb"
    },
    {
      "type": "Feature",
      "geometry": { "type": "Point", "coordinates": [76.3111504, 9.8892124] },
      "properties": { "highway": "street_lamp" },
      "geohash": "t9y22820f"
    },
    {
      "type": "Feature",
      "geometry": { "type": "Point", "coordinates": [76.3113296, 9.889495] },
      "properties": { "highway": "street_lamp" },
      "geohash": "t9y22824q"
    },
    {
      "type": "Feature",
      "geometry": { "type": "Point", "coordinates": [76.311492, 9.8897512] },
      "properties": { "highway": "street_lamp" },
      "geohash": "t9y22827f"
    },
    {
      "type": "Feature",
      "geometry": { "type": "Point", "coordinates": [76.3116431, 9.8899897] },
      "properties": { "highway": "street_lamp" },
      "geohash": "t9y2282mq"
    },
    {
      "type": "Feature",
      "geometry": { "type": "Point", "coordinates": [76.3117619, 9.8901769] },
      "properties": { "highway": "street_lamp" },
      "geohash": "t9y2282w2"
    },
    {
      "type": "Feature",
      "geometry": { "type": "Point", "coordinates": [76.311966, 9.890349] },
      "properties": { "highway": "street_lamp" },
      "geohash": "t9y2282xm"
    },
    {
      "type": "Feature",
      "geometry": { "type": "Point", "coordinates": [76.3119937, 9.8905616] },
      "properties": { "highway": "street_lamp" },
      "geohash": "t9y22888w"
    },
    {
      "type": "Feature",
      "geometry": { "type": "Point", "coordinates": [76.3121471, 9.8908346] },
      "properties": { "highway": "street_lamp" },
      "geohash": "t9y2288f3"
    },
    {
      "type": "Feature",
      "geometry": { "type": "Point", "coordinates": [76.3124428, 9.8914295] },
      "properties": { "highway": "street_lamp" },
      "geohash": "t9y2289jb"
    },
    {
      "type": "Feature",
      "geometry": { "type": "Point", "coordinates": [76.3115993, 9.8909561] },
      "properties": { "highway": "street_lamp" },
      "geohash": "t9y22886v"
    },
    {
      "type": "Feature",
      "geometry": { "type": "Point", "coordinates": [76.3126536, 9.891717] },
      "properties": { "highway": "street_lamp" },
      "geohash": "t9y2289pm"
    },
    {
      "type": "Feature",
      "geometry": { "type": "Point", "coordinates": [76.3128013, 9.8923145] },
      "properties": { "highway": "street_lamp" },
      "geohash": "t9y228c6c"
    },
    {
      "type": "Feature",
      "geometry": { "type": "Point", "coordinates": [76.3155579, 9.8919266] },
      "properties": { "highway": "street_lamp" },
      "geohash": "t9y228g29"
    },
    {
      "type": "Feature",
      "geometry": { "type": "Point", "coordinates": [76.314927, 9.8951016] },
      "properties": { "highway": "street_lamp" },
      "geohash": "t9y2296g4"
    },
    {
      "type": "Feature",
      "geometry": { "type": "Point", "coordinates": [76.3145528, 9.8954163] },
      "properties": { "highway": "street_lamp" },
      "geohash": "t9y2296sc"
    },
    {
      "type": "Feature",
      "geometry": { "type": "Point", "coordinates": [76.3138171, 9.8968065] },
      "properties": { "highway": "street_lamp" },
      "geohash": "t9y229dj0"
    },
    {
      "type": "Feature",
      "geometry": { "type": "Point", "coordinates": [76.3138642, 9.8970369] },
      "properties": { "highway": "street_lamp" },
      "geohash": "t9y229dn3"
    },
    {
      "type": "Feature",
      "geometry": { "type": "Point", "coordinates": [76.3139195, 9.897307] },
      "properties": { "highway": "street_lamp" },
      "geohash": "t9y229dpg"
    },
    {
      "type": "Feature",
      "geometry": { "type": "Point", "coordinates": [76.3139679, 9.897543] },
      "properties": { "highway": "street_lamp" },
      "geohash": "t9y229f1k"
    },
    {
      "type": "Feature",
      "geometry": { "type": "Point", "coordinates": [76.3140317, 9.8978546] },
      "properties": { "highway": "street_lamp" },
      "geohash": "t9y229f5j"
    },
    {
      "type": "Feature",
      "geometry": { "type": "Point", "coordinates": [76.314082, 9.8981001] },
      "properties": { "highway": "street_lamp" },
      "geohash": "t9y229fhw"
    },
    {
      "type": "Feature",
      "geometry": { "type": "Point", "coordinates": [76.3141352, 9.8983627] },
      "properties": { "highway": "street_lamp" },
      "geohash": "t9y229fq0"
    },
    {
      "type": "Feature",
      "geometry": { "type": "Point", "coordinates": [76.3141851, 9.8986122] },
      "properties": { "highway": "street_lamp" },
      "geohash": "t9y229fr9"
    },
    {
      "type": "Feature",
      "geometry": { "type": "Point", "coordinates": [76.3142438, 9.8989052] },
      "properties": { "highway": "street_lamp" },
      "geohash": "t9y22d436"
    },
    {
      "type": "Feature",
      "geometry": { "type": "Point", "coordinates": [76.3140221, 9.8986872] },
      "properties": { "highway": "street_lamp" },
      "geohash": "t9y22d40j"
    },
    {
      "type": "Feature",
      "geometry": { "type": "Point", "coordinates": [76.3142926, 9.8991491] },
      "properties": { "highway": "street_lamp" },
      "geohash": "t9y22d46e"
    },
    {
      "type": "Feature",
      "geometry": { "type": "Point", "coordinates": [76.3143436, 9.8994041] },
      "properties": { "highway": "street_lamp" },
      "geohash": "t9y22d4kj"
    },
    {
      "type": "Feature",
      "geometry": { "type": "Point", "coordinates": [76.3141522, 9.8995225] },
      "properties": { "highway": "street_lamp" },
      "geohash": "t9y22d4kb"
    },
    {
      "type": "Feature",
      "geometry": { "type": "Point", "coordinates": [76.3142519, 9.8999253] },
      "properties": { "highway": "street_lamp" },
      "geohash": "t9y22d4r4"
    },
    {
      "type": "Feature",
      "geometry": { "type": "Point", "coordinates": [76.3144477, 9.8999239] },
      "properties": { "highway": "street_lamp" },
      "geohash": "t9y22d4rp"
    },
    {
      "type": "Feature",
      "geometry": { "type": "Point", "coordinates": [76.3144965, 9.9001678] },
      "properties": { "highway": "street_lamp" },
      "geohash": "t9y22d688"
    },
    {
      "type": "Feature",
      "geometry": { "type": "Point", "coordinates": [75.5269442, 11.8505812] },
      "properties": { "highway": "street_lamp" },
      "geohash": "tdjeqtm49"
    },
    {
      "type": "Feature",
      "geometry": { "type": "Point", "coordinates": [75.5272207, 11.850295] },
      "properties": { "highway": "street_lamp" },
      "geohash": "tdjeqtm0z"
    },
    {
      "type": "Feature",
      "geometry": { "type": "Point", "coordinates": [75.5277601, 11.8497278] },
      "properties": { "highway": "street_lamp" },
      "geohash": "tdjeqtjts"
    },
    {
      "type": "Feature",
      "geometry": { "type": "Point", "coordinates": [75.5279356, 11.8494698] },
      "properties": { "highway": "street_lamp" },
      "geohash": "tdjeqtju0"
    },
    {
      "type": "Feature",
      "geometry": { "type": "Point", "coordinates": [75.528248, 11.8489138] },
      "properties": { "highway": "street_lamp" },
      "geohash": "tdjeqtjbz"
    },
    {
      "type": "Feature",
      "geometry": { "type": "Point", "coordinates": [75.5285624, 11.8483416] },
      "properties": { "highway": "street_lamp" },
      "geohash": "tdjeqsyjx"
    },
    {
      "type": "Feature",
      "geometry": { "type": "Point", "coordinates": [75.5287344, 11.8479115] },
      "properties": { "highway": "street_lamp" },
      "geohash": "tdjeqsy75"
    },
    {
      "type": "Feature",
      "geometry": { "type": "Point", "coordinates": [75.5289056, 11.8474772] },
      "properties": { "highway": "street_lamp" },
      "geohash": "tdjeqsy2x"
    },
    {
      "type": "Feature",
      "geometry": { "type": "Point", "coordinates": [75.5291014, 11.8468468] },
      "properties": { "highway": "street_lamp" },
      "geohash": "tdjeqswsg"
    },
    {
      "type": "Feature",
      "geometry": { "type": "Point", "coordinates": [75.5292743, 11.8464134] },
      "properties": { "highway": "street_lamp" },
      "geohash": "tdjeqswdr"
    },
    {
      "type": "Feature",
      "geometry": { "type": "Point", "coordinates": [75.5294609, 11.8459201] },
      "properties": { "highway": "street_lamp" },
      "geohash": "tdjeqsqz7"
    },
    {
      "type": "Feature",
      "geometry": { "type": "Point", "coordinates": [75.5295137, 11.845595] },
      "properties": { "highway": "street_lamp" },
      "geohash": "tdjeqsqvt"
    },
    {
      "type": "Feature",
      "geometry": { "type": "Point", "coordinates": [75.5296507, 11.8451709] },
      "properties": { "highway": "street_lamp" },
      "geohash": "tdjeqsr50"
    },
    {
      "type": "Feature",
      "geometry": { "type": "Point", "coordinates": [75.529715, 11.8447653] },
      "properties": { "highway": "street_lamp" },
      "geohash": "tdjeqsr0c"
    },
    {
      "type": "Feature",
      "geometry": { "type": "Point", "coordinates": [75.5306007, 11.8435353] },
      "properties": { "highway": "street_lamp" },
      "geohash": "tdjeqsp9w"
    },
    {
      "type": "Feature",
      "geometry": { "type": "Point", "coordinates": [75.5311511, 11.8429677] },
      "properties": { "highway": "street_lamp" },
      "geohash": "tdjeqgbn7"
    },
    {
      "type": "Feature",
      "geometry": { "type": "Point", "coordinates": [75.5315508, 11.8425085] },
      "properties": { "highway": "street_lamp" },
      "geohash": "tdjeqgb7s"
    },
    {
      "type": "Feature",
      "geometry": { "type": "Point", "coordinates": [75.5320769, 11.8414197] },
      "properties": { "highway": "street_lamp" },
      "geohash": "tdjeqg8v2"
    },
    {
      "type": "Feature",
      "geometry": { "type": "Point", "coordinates": [75.5322973, 11.8410142] },
      "properties": { "highway": "street_lamp" },
      "geohash": "tdjeqg8fy"
    },
    {
      "type": "Feature",
      "geometry": { "type": "Point", "coordinates": [75.5326779, 11.8403073] },
      "properties": { "highway": "street_lamp" },
      "geohash": "tdjeqg3ny"
    },
    {
      "type": "Feature",
      "geometry": { "type": "Point", "coordinates": [75.533571, 11.8399234] },
      "properties": { "highway": "street_lamp" },
      "geohash": "tdjeqg3ue"
    },
    {
      "type": "Feature",
      "geometry": { "type": "Point", "coordinates": [75.5349407, 11.8397614] },
      "properties": { "highway": "street_lamp" },
      "geohash": "tdjeqg6ge"
    },
    {
      "type": "Feature",
      "geometry": { "type": "Point", "coordinates": [75.5360003, 11.8398883] },
      "properties": { "highway": "street_lamp" },
      "geohash": "tdjeqg7sk"
    },
    {
      "type": "Feature",
      "geometry": { "type": "Point", "coordinates": [75.5366446, 11.8395106] },
      "properties": { "highway": "street_lamp" },
      "geohash": "tdjeqgk45"
    },
    {
      "type": "Feature",
      "geometry": { "type": "Point", "coordinates": [75.5368829, 11.8393269] },
      "properties": { "highway": "street_lamp" },
      "geohash": "tdjeqgk30"
    },
    {
      "type": "Feature",
      "geometry": { "type": "Point", "coordinates": [75.5374501, 11.8387139] },
      "properties": { "highway": "street_lamp" },
      "geohash": "tdjeqghtw"
    },
    {
      "type": "Feature",
      "geometry": { "type": "Point", "coordinates": [75.5381555, 11.8380256] },
      "properties": { "highway": "street_lamp" },
      "geohash": "tdjeqgj1q"
    },
    {
      "type": "Feature",
      "geometry": { "type": "Point", "coordinates": [75.5390887, 11.8374322] },
      "properties": { "highway": "street_lamp" },
      "geohash": "tdjeqfvyh"
    },
    {
      "type": "Feature",
      "geometry": { "type": "Point", "coordinates": [75.5398542, 11.8371918] },
      "properties": { "highway": "street_lamp" },
      "geohash": "tdjeqfykw"
    },
    {
      "type": "Feature",
      "geometry": { "type": "Point", "coordinates": [75.5402948, 11.8372019] },
      "properties": { "highway": "street_lamp" },
      "geohash": "tdjeqfyu8"
    },
    {
      "type": "Feature",
      "geometry": { "type": "Point", "coordinates": [75.5412277, 11.836973] },
      "properties": { "highway": "street_lamp" },
      "geohash": "tdjeqfz7q"
    },
    {
      "type": "Feature",
      "geometry": { "type": "Point", "coordinates": [75.5425818, 11.8364135] },
      "properties": { "highway": "street_lamp" },
      "geohash": "tdjer4b2j"
    },
    {
      "type": "Feature",
      "geometry": { "type": "Point", "coordinates": [75.544586, 11.8357561] },
      "properties": { "highway": "street_lamp" },
      "geohash": "tdjer49uk"
    },
    {
      "type": "Feature",
      "geometry": { "type": "Point", "coordinates": [75.5446725, 11.8361246] },
      "properties": { "highway": "street_lamp" },
      "geohash": "tdjer49yq"
    },
    {
      "type": "Feature",
      "geometry": { "type": "Point", "coordinates": [75.5447505, 11.8363568] },
      "properties": { "highway": "street_lamp" },
      "geohash": "tdjer4dpb"
    },
    {
      "type": "Feature",
      "geometry": { "type": "Point", "coordinates": [75.5450405, 11.8370503] },
      "properties": { "highway": "street_lamp" },
      "geohash": "tdjer4f5z"
    },
    {
      "type": "Feature",
      "geometry": { "type": "Point", "coordinates": [75.5453695, 11.8375838] },
      "properties": { "highway": "street_lamp" },
      "geohash": "tdjer4fqy"
    },
    {
      "type": "Feature",
      "geometry": { "type": "Point", "coordinates": [75.5454981, 11.8379718] },
      "properties": { "highway": "street_lamp" },
      "geohash": "tdjer5491"
    },
    {
      "type": "Feature",
      "geometry": { "type": "Point", "coordinates": [75.5456626, 11.8388118] },
      "properties": { "highway": "street_lamp" },
      "geohash": "tdjer54wj"
    },
    {
      "type": "Feature",
      "geometry": { "type": "Point", "coordinates": [75.5458091, 11.8407241] },
      "properties": { "highway": "street_lamp" },
      "geohash": "tdjer5dc0"
    },
    {
      "type": "Feature",
      "geometry": { "type": "Point", "coordinates": [75.5458418, 11.8416962] },
      "properties": { "highway": "street_lamp" },
      "geohash": "tdjer5dyc"
    },
    {
      "type": "Feature",
      "geometry": { "type": "Point", "coordinates": [75.5456352, 11.8424082] },
      "properties": { "highway": "street_lamp" },
      "geohash": "tdjer5feh"
    },
    {
      "type": "Feature",
      "geometry": { "type": "Point", "coordinates": [75.5454274, 11.8429985] },
      "properties": { "highway": "street_lamp" },
      "geohash": "tdjer5fw2"
    },
    {
      "type": "Feature",
      "geometry": { "type": "Point", "coordinates": [75.545322, 11.8434784] },
      "properties": { "highway": "street_lamp" },
      "geohash": "tdjerh43m"
    },
    {
      "type": "Feature",
      "geometry": { "type": "Point", "coordinates": [75.5452899, 11.8443208] },
      "properties": { "highway": "street_lamp" },
      "geohash": "tdjerh4qh"
    },
    {
      "type": "Feature",
      "geometry": { "type": "Point", "coordinates": [75.5453061, 11.8447052] },
      "properties": { "highway": "street_lamp" },
      "geohash": "tdjerh62m"
    },
    {
      "type": "Feature",
      "geometry": { "type": "Point", "coordinates": [75.5453, 11.8451483] },
      "properties": { "highway": "street_lamp" },
      "geohash": "tdjerh66v"
    },
    {
      "type": "Feature",
      "geometry": { "type": "Point", "coordinates": [75.5453636, 11.8463871] },
      "properties": { "highway": "street_lamp" },
      "geohash": "tdjerhd6n"
    },
    {
      "type": "Feature",
      "geometry": { "type": "Point", "coordinates": [75.5453875, 11.8466494] },
      "properties": { "highway": "street_lamp" },
      "geohash": "tdjerhd7x"
    },
    {
      "type": "Feature",
      "geometry": { "type": "Point", "coordinates": [75.5454689, 11.8474627] },
      "properties": { "highway": "street_lamp" },
      "geohash": "tdjerhf83"
    },
    {
      "type": "Feature",
      "geometry": { "type": "Point", "coordinates": [75.5455371, 11.8478303] },
      "properties": { "highway": "street_lamp" },
      "geohash": "tdjerhfdd"
    },
    {
      "type": "Feature",
      "geometry": { "type": "Point", "coordinates": [75.5456115, 11.8482738] },
      "properties": { "highway": "street_lamp" },
      "geohash": "tdjerhfth"
    },
    {
      "type": "Feature",
      "geometry": { "type": "Point", "coordinates": [75.5455362, 11.8489493] },
      "properties": { "highway": "street_lamp" },
      "geohash": "tdjerj494"
    },
    {
      "type": "Feature",
      "geometry": { "type": "Point", "coordinates": [75.5449714, 11.8503816] },
      "properties": { "highway": "street_lamp" },
      "geohash": "tdjerj61m"
    },
    {
      "type": "Feature",
      "geometry": { "type": "Point", "coordinates": [75.5448206, 11.8507439] },
      "properties": { "highway": "street_lamp" },
      "geohash": "tdjerj659"
    },
    {
      "type": "Feature",
      "geometry": { "type": "Point", "coordinates": [75.5446477, 11.8516314] },
      "properties": { "highway": "street_lamp" },
      "geohash": "tdjerj9bv"
    },
    {
      "type": "Feature",
      "geometry": { "type": "Point", "coordinates": [75.5445745, 11.8523838] },
      "properties": { "highway": "street_lamp" },
      "geohash": "tdjerj9vh"
    },
    {
      "type": "Feature",
      "geometry": { "type": "Point", "coordinates": [75.5445263, 11.8526798] },
      "properties": { "highway": "street_lamp" },
      "geohash": "tdjerj9yg"
    },
    {
      "type": "Feature",
      "geometry": { "type": "Point", "coordinates": [75.5444303, 11.8534811] },
      "properties": { "highway": "street_lamp" },
      "geohash": "tdjerjcg8"
    },
    {
      "type": "Feature",
      "geometry": { "type": "Point", "coordinates": [75.5444679, 11.854405] },
      "properties": { "highway": "street_lamp" },
      "geohash": "tdjern1bc"
    },
    {
      "type": "Feature",
      "geometry": { "type": "Point", "coordinates": [75.5444397, 11.8543314] },
      "properties": { "highway": "street_lamp" },
      "geohash": "tdjern1b3"
    },
    {
      "type": "Feature",
      "geometry": { "type": "Point", "coordinates": [75.5444, 11.8546576] },
      "properties": { "highway": "street_lamp" },
      "geohash": "tdjern1f2"
    },
    {
      "type": "Feature",
      "geometry": { "type": "Point", "coordinates": [75.5443576, 11.8550781] },
      "properties": { "highway": "street_lamp" },
      "geohash": "tdjern1sz"
    },
    {
      "type": "Feature",
      "geometry": { "type": "Point", "coordinates": [75.5446418, 11.8560008] },
      "properties": { "highway": "street_lamp" },
      "geohash": "tdjern3fj"
    },
    {
      "type": "Feature",
      "geometry": { "type": "Point", "coordinates": [75.5447011, 11.8569483] },
      "properties": { "highway": "street_lamp" },
      "geohash": "tdjern3zx"
    },
    {
      "type": "Feature",
      "geometry": { "type": "Point", "coordinates": [75.5447165, 11.8568466] },
      "properties": { "highway": "street_lamp" },
      "geohash": "tdjern3zp"
    },
    {
      "type": "Feature",
      "geometry": { "type": "Point", "coordinates": [75.5449707, 11.8581032] },
      "properties": { "highway": "street_lamp" },
      "geohash": "tdjerndnm"
    },
    {
      "type": "Feature",
      "geometry": { "type": "Point", "coordinates": [75.5444004, 11.8586351] },
      "properties": { "highway": "street_lamp" },
      "geohash": "tdjerncc8"
    },
    {
      "type": "Feature",
      "geometry": { "type": "Point", "coordinates": [75.5439917, 11.8589622] },
      "properties": { "highway": "street_lamp" },
      "geohash": "tdjernc7q"
    },
    {
      "type": "Feature",
      "geometry": { "type": "Point", "coordinates": [75.5436299, 11.8592845] },
      "properties": { "highway": "street_lamp" },
      "geohash": "tdjerncjq"
    },
    {
      "type": "Feature",
      "geometry": { "type": "Point", "coordinates": [75.5430017, 11.8600646] },
      "properties": { "highway": "street_lamp" },
      "geohash": "tdjerp09z"
    },
    {
      "type": "Feature",
      "geometry": { "type": "Point", "coordinates": [75.542488, 11.8603205] },
      "properties": { "highway": "street_lamp" },
      "geohash": "tdjerp077"
    },
    {
      "type": "Feature",
      "geometry": { "type": "Point", "coordinates": [75.5422358, 11.8604999] },
      "properties": { "highway": "street_lamp" },
      "geohash": "tdjerp0hm"
    },
    {
      "type": "Feature",
      "geometry": { "type": "Point", "coordinates": [75.5419043, 11.8608061] },
      "properties": { "highway": "street_lamp" },
      "geohash": "tdjeqzpyj"
    },
    {
      "type": "Feature",
      "geometry": { "type": "Point", "coordinates": [75.5421109, 11.8606439] },
      "properties": { "highway": "street_lamp" },
      "geohash": "tdjerp0j6"
    },
    {
      "type": "Feature",
      "geometry": { "type": "Point", "coordinates": [75.541491, 11.8610266] },
      "properties": { "highway": "street_lamp" },
      "geohash": "tdjeqzpxk"
    },
    {
      "type": "Feature",
      "geometry": { "type": "Point", "coordinates": [75.5412003, 11.8612906] },
      "properties": { "highway": "street_lamp" },
      "geohash": "tdjeqzr3j"
    },
    {
      "type": "Feature",
      "geometry": { "type": "Point", "coordinates": [75.5412316, 11.8612523] },
      "properties": { "highway": "street_lamp" },
      "geohash": "tdjeqzr2y"
    },
    {
      "type": "Feature",
      "geometry": { "type": "Point", "coordinates": [75.5404109, 11.8618204] },
      "properties": { "highway": "street_lamp" },
      "geohash": "tdjeqzqu5"
    },
    {
      "type": "Feature",
      "geometry": { "type": "Point", "coordinates": [75.5394263, 11.8632123] },
      "properties": { "highway": "street_lamp" },
      "geohash": "tdjeqzwhh"
    },
    {
      "type": "Feature",
      "geometry": { "type": "Point", "coordinates": [75.5390624, 11.8640538] },
      "properties": { "highway": "street_lamp" },
      "geohash": "tdjeqzvc5"
    },
    {
      "type": "Feature",
      "geometry": { "type": "Point", "coordinates": [75.538847, 11.8646525] },
      "properties": { "highway": "street_lamp" },
      "geohash": "tdjeqzvsw"
    },
    {
      "type": "Feature",
      "geometry": { "type": "Point", "coordinates": [75.538601, 11.8652095] },
      "properties": { "highway": "street_lamp" },
      "geohash": "tdjeqzvxb"
    },
    {
      "type": "Feature",
      "geometry": { "type": "Point", "coordinates": [75.5381985, 11.8661843] },
      "properties": { "highway": "street_lamp" },
      "geohash": "tdjewbjjx"
    },
    {
      "type": "Feature",
      "geometry": { "type": "Point", "coordinates": [75.5379485, 11.8669044] },
      "properties": { "highway": "street_lamp" },
      "geohash": "tdjewbm19"
    },
    {
      "type": "Feature",
      "geometry": { "type": "Point", "coordinates": [75.5381538, 11.8676783] },
      "properties": { "highway": "street_lamp" },
      "geohash": "tdjewbmnn"
    },
    {
      "type": "Feature",
      "geometry": { "type": "Point", "coordinates": [75.5383124, 11.8683069] },
      "properties": { "highway": "street_lamp" },
      "geohash": "tdjewbt3f"
    },
    {
      "type": "Feature",
      "geometry": { "type": "Point", "coordinates": [75.538412, 11.8690091] },
      "properties": { "highway": "street_lamp" },
      "geohash": "tdjewbtmu"
    },
    {
      "type": "Feature",
      "geometry": { "type": "Point", "coordinates": [75.5388327, 11.8700176] },
      "properties": { "highway": "street_lamp" },
      "geohash": "tdjewbvey"
    },
    {
      "type": "Feature",
      "geometry": { "type": "Point", "coordinates": [75.5389019, 11.8704374] },
      "properties": { "highway": "street_lamp" },
      "geohash": "tdjewbvwr"
    },
    {
      "type": "Feature",
      "geometry": { "type": "Point", "coordinates": [75.5388481, 11.8708418] },
      "properties": { "highway": "street_lamp" },
      "geohash": "tdjewcj8w"
    },
    {
      "type": "Feature",
      "geometry": { "type": "Point", "coordinates": [75.5387864, 11.8714626] },
      "properties": { "highway": "street_lamp" },
      "geohash": "tdjewcjsm"
    },
    {
      "type": "Feature",
      "geometry": { "type": "Point", "coordinates": [75.5452562, 11.8584253] },
      "properties": { "highway": "street_lamp" },
      "geohash": "tdjernf2k"
    },
    {
      "type": "Feature",
      "geometry": { "type": "Point", "coordinates": [75.545452, 11.8588216] },
      "properties": { "highway": "street_lamp" },
      "geohash": "tdjernfd8"
    },
    {
      "type": "Feature",
      "geometry": { "type": "Point", "coordinates": [75.5456465, 11.8592508] },
      "properties": { "highway": "street_lamp" },
      "geohash": "tdjernftj"
    },
    {
      "type": "Feature",
      "geometry": { "type": "Point", "coordinates": [75.5457953, 11.8596354] },
      "properties": { "highway": "street_lamp" },
      "geohash": "tdjernfz2"
    },
    {
      "type": "Feature",
      "geometry": { "type": "Point", "coordinates": [75.545904, 11.8599924] },
      "properties": { "highway": "street_lamp" },
      "geohash": "tdjerp4c7"
    },
    {
      "type": "Feature",
      "geometry": { "type": "Point", "coordinates": [75.5460448, 11.8604412] },
      "properties": { "highway": "street_lamp" },
      "geohash": "tdjerp4un"
    },
    {
      "type": "Feature",
      "geometry": { "type": "Point", "coordinates": [75.5461078, 11.8608455] },
      "properties": { "highway": "street_lamp" },
      "geohash": "tdjerp4yr"
    },
    {
      "type": "Feature",
      "geometry": { "type": "Point", "coordinates": [75.5461802, 11.8612576] },
      "properties": { "highway": "street_lamp" },
      "geohash": "tdjerp70c"
    },
    {
      "type": "Feature",
      "geometry": { "type": "Point", "coordinates": [75.5462325, 11.8617038] },
      "properties": { "highway": "street_lamp" },
      "geohash": "tdjerp756"
    },
    {
      "type": "Feature",
      "geometry": { "type": "Point", "coordinates": [75.546262, 11.8620831] },
      "properties": { "highway": "street_lamp" },
      "geohash": "tdjerp7je"
    },
    {
      "type": "Feature",
      "geometry": { "type": "Point", "coordinates": [75.5462982, 11.8625162] },
      "properties": { "highway": "street_lamp" },
      "geohash": "tdjerpe0h"
    },
    {
      "type": "Feature",
      "geometry": { "type": "Point", "coordinates": [75.5463438, 11.8623496] },
      "properties": { "highway": "street_lamp" },
      "geohash": "tdjerp7pj"
    },
    {
      "type": "Feature",
      "geometry": { "type": "Point", "coordinates": [75.5466496, 11.8622997] },
      "properties": { "highway": "street_lamp" },
      "geohash": "tdjerp7qu"
    },
    {
      "type": "Feature",
      "geometry": { "type": "Point", "coordinates": [75.546321, 11.8629323] },
      "properties": { "highway": "street_lamp" },
      "geohash": "tdjerpe4s"
    },
    {
      "type": "Feature",
      "geometry": { "type": "Point", "coordinates": [75.5462821, 11.8635216] },
      "properties": { "highway": "street_lamp" },
      "geohash": "tdjerpen5"
    },
    {
      "type": "Feature",
      "geometry": { "type": "Point", "coordinates": [75.5462446, 11.8638536] },
      "properties": { "highway": "street_lamp" },
      "geohash": "tdjerpepg"
    },
    {
      "type": "Feature",
      "geometry": { "type": "Point", "coordinates": [75.5462178, 11.8640571] },
      "properties": { "highway": "street_lamp" },
      "geohash": "tdjerpg14"
    },
    {
      "type": "Feature",
      "geometry": { "type": "Point", "coordinates": [75.5461982, 11.8642605] },
      "properties": { "highway": "street_lamp" },
      "geohash": "tdjerpg46"
    },
    {
      "type": "Feature",
      "geometry": { "type": "Point", "coordinates": [75.5461535, 11.8646102] },
      "properties": { "highway": "street_lamp" },
      "geohash": "tdjerpgh2"
    },
    {
      "type": "Feature",
      "geometry": { "type": "Point", "coordinates": [75.5461205, 11.8649212] },
      "properties": { "highway": "street_lamp" },
      "geohash": "tdjerpgn0"
    },
    {
      "type": "Feature",
      "geometry": { "type": "Point", "coordinates": [75.546128, 11.8650714] },
      "properties": { "highway": "street_lamp" },
      "geohash": "tdjerpgp0"
    },
    {
      "type": "Feature",
      "geometry": { "type": "Point", "coordinates": [75.5461273, 11.8656011] },
      "properties": { "highway": "street_lamp" },
      "geohash": "tdjex0540"
    },
    {
      "type": "Feature",
      "geometry": { "type": "Point", "coordinates": [75.5461951, 11.8658395] },
      "properties": { "highway": "street_lamp" },
      "geohash": "tdjex0559"
    },
    {
      "type": "Feature",
      "geometry": { "type": "Point", "coordinates": [75.5462922, 11.8662029] },
      "properties": { "highway": "street_lamp" },
      "geohash": "tdjex05js"
    },
    {
      "type": "Feature",
      "geometry": { "type": "Point", "coordinates": [75.5464108, 11.8666544] },
      "properties": { "highway": "street_lamp" },
      "geohash": "tdjex070q"
    },
    {
      "type": "Feature",
      "geometry": { "type": "Point", "coordinates": [75.5465572, 11.8672816] },
      "properties": { "highway": "street_lamp" },
      "geohash": "tdjex077f"
    },
    {
      "type": "Feature",
      "geometry": { "type": "Point", "coordinates": [75.5467543, 11.8677728] },
      "properties": { "highway": "street_lamp" },
      "geohash": "tdjex07qy"
    },
    {
      "type": "Feature",
      "geometry": { "type": "Point", "coordinates": [75.5468724, 11.8682645] },
      "properties": { "highway": "street_lamp" },
      "geohash": "tdjex0e99"
    },
    {
      "type": "Feature",
      "geometry": { "type": "Point", "coordinates": [75.5469974, 11.8685529] },
      "properties": { "highway": "street_lamp" },
      "geohash": "tdjex0eek"
    },
    {
      "type": "Feature",
      "geometry": { "type": "Point", "coordinates": [75.5469994, 11.8688841] },
      "properties": { "highway": "street_lamp" },
      "geohash": "tdjex0etk"
    },
    {
      "type": "Feature",
      "geometry": { "type": "Point", "coordinates": [75.5465975, 11.8688443] },
      "properties": { "highway": "street_lamp" },
      "geohash": "tdjex0em5"
    },
    {
      "type": "Feature",
      "geometry": { "type": "Point", "coordinates": [75.5464412, 11.8691855] },
      "properties": { "highway": "street_lamp" },
      "geohash": "tdjex0epp"
    },
    {
      "type": "Feature",
      "geometry": { "type": "Point", "coordinates": [75.5464627, 11.8695241] },
      "properties": { "highway": "street_lamp" },
      "geohash": "tdjex0g2b"
    },
    {
      "type": "Feature",
      "geometry": { "type": "Point", "coordinates": [75.5467631, 11.8698208] },
      "properties": { "highway": "street_lamp" },
      "geohash": "tdjex0g6x"
    },
    {
      "type": "Feature",
      "geometry": { "type": "Point", "coordinates": [75.5458484, 11.8697341] },
      "properties": { "highway": "street_lamp" },
      "geohash": "tdjex0ff1"
    },
    {
      "type": "Feature",
      "geometry": { "type": "Point", "coordinates": [75.5450152, 11.8700737] },
      "properties": { "highway": "street_lamp" },
      "geohash": "tdjex0fhn"
    },
    {
      "type": "Feature",
      "geometry": { "type": "Point", "coordinates": [75.5447172, 11.8701937] },
      "properties": { "highway": "street_lamp" },
      "geohash": "tdjex0cuz"
    },
    {
      "type": "Feature",
      "geometry": { "type": "Point", "coordinates": [75.5445894, 11.8709876] },
      "properties": { "highway": "street_lamp" },
      "geohash": "tdjex11cs"
    },
    {
      "type": "Feature",
      "geometry": { "type": "Point", "coordinates": [75.5448649, 11.8711805] },
      "properties": { "highway": "street_lamp" },
      "geohash": "tdjex144d"
    },
    {
      "type": "Feature",
      "geometry": { "type": "Point", "coordinates": [75.5452732, 11.8715216] },
      "properties": { "highway": "street_lamp" },
      "geohash": "tdjex14ks"
    },
    {
      "type": "Feature",
      "geometry": { "type": "Point", "coordinates": [75.546912, 11.8704679] },
      "properties": { "highway": "street_lamp" },
      "geohash": "tdjex0gw6"
    },
    {
      "type": "Feature",
      "geometry": { "type": "Point", "coordinates": [75.5469161, 11.8713143] },
      "properties": { "highway": "street_lamp" },
      "geohash": "tdjex15e6"
    },
    {
      "type": "Feature",
      "geometry": { "type": "Point", "coordinates": [75.5468399, 11.8717551] },
      "properties": { "highway": "street_lamp" },
      "geohash": "tdjex15tb"
    },
    {
      "type": "Feature",
      "geometry": { "type": "Point", "coordinates": [75.5454358, 11.8649281] },
      "properties": { "highway": "street_lamp" },
      "geohash": "tdjerpfw0"
    },
    {
      "type": "Feature",
      "geometry": { "type": "Point", "coordinates": [75.5450308, 11.8648874] },
      "properties": { "highway": "street_lamp" },
      "geohash": "tdjerpfjy"
    },
    {
      "type": "Feature",
      "geometry": { "type": "Point", "coordinates": [75.5447961, 11.8645698] },
      "properties": { "highway": "street_lamp" },
      "geohash": "tdjerpfh1"
    },
    {
      "type": "Feature",
      "geometry": { "type": "Point", "coordinates": [75.5442677, 11.8642653] },
      "properties": { "highway": "street_lamp" },
      "geohash": "tdjerpcdm"
    },
    {
      "type": "Feature",
      "geometry": { "type": "Point", "coordinates": [75.5446485, 11.8642601] },
      "properties": { "highway": "street_lamp" },
      "geohash": "tdjerpcfm"
    },
    {
      "type": "Feature",
      "geometry": { "type": "Point", "coordinates": [75.5438868, 11.8642378] },
      "properties": { "highway": "street_lamp" },
      "geohash": "tdjerpc6h"
    },
    {
      "type": "Feature",
      "geometry": { "type": "Point", "coordinates": [75.5439525, 11.8642496] },
      "properties": { "highway": "street_lamp" },
      "geohash": "tdjerpc6m"
    },
    {
      "type": "Feature",
      "geometry": { "type": "Point", "coordinates": [75.5437057, 11.8636078] },
      "properties": { "highway": "street_lamp" },
      "geohash": "tdjerp9nx"
    },
    {
      "type": "Feature",
      "geometry": { "type": "Point", "coordinates": [75.543924, 11.8645472] },
      "properties": { "highway": "street_lamp" },
      "geohash": "tdjerpc7v"
    },
    {
      "type": "Feature",
      "geometry": { "type": "Point", "coordinates": [75.5443031, 11.8652909] },
      "properties": { "highway": "street_lamp" },
      "geohash": "tdjex018m"
    },
    {
      "type": "Feature",
      "geometry": { "type": "Point", "coordinates": [75.5439436, 11.8651584] },
      "properties": { "highway": "street_lamp" },
      "geohash": "tdjerpcrt"
    },
    {
      "type": "Feature",
      "geometry": { "type": "Point", "coordinates": [75.5437827, 11.8651045] },
      "properties": { "highway": "street_lamp" },
      "geohash": "tdjerpcr1"
    },
    {
      "type": "Feature",
      "geometry": { "type": "Point", "coordinates": [75.5457108, 11.865666] },
      "properties": { "highway": "street_lamp" },
      "geohash": "tdjex04dw"
    },
    {
      "type": "Feature",
      "geometry": { "type": "Point", "coordinates": [75.5453701, 11.8656503] },
      "properties": { "highway": "street_lamp" },
      "geohash": "tdjex046q"
    },
    {
      "type": "Feature",
      "geometry": { "type": "Point", "coordinates": [75.5447505, 11.8655229] },
      "properties": { "highway": "street_lamp" },
      "geohash": "tdjex0418"
    },
    {
      "type": "Feature",
      "geometry": { "type": "Point", "coordinates": [75.5449507, 11.8656232] },
      "properties": { "highway": "street_lamp" },
      "geohash": "tdjex044k"
    },
    {
      "type": "Feature",
      "geometry": { "type": "Point", "coordinates": [75.5432583, 11.8651729] },
      "properties": { "highway": "street_lamp" },
      "geohash": "tdjerpbzt"
    },
    {
      "type": "Feature",
      "geometry": { "type": "Point", "coordinates": [75.5429079, 11.865153] },
      "properties": { "highway": "street_lamp" },
      "geohash": "tdjerpbxt"
    },
    {
      "type": "Feature",
      "geometry": { "type": "Point", "coordinates": [75.5425779, 11.8650932] },
      "properties": { "highway": "street_lamp" },
      "geohash": "tdjerpbrj"
    },
    {
      "type": "Feature",
      "geometry": { "type": "Point", "coordinates": [75.5422612, 11.8651175] },
      "properties": { "highway": "street_lamp" },
      "geohash": "tdjerpbpq"
    },
    {
      "type": "Feature",
      "geometry": { "type": "Point", "coordinates": [75.5418232, 11.8651469] },
      "properties": { "highway": "street_lamp" },
      "geohash": "tdjeqzzzk"
    },
    {
      "type": "Feature",
      "geometry": { "type": "Point", "coordinates": [75.5411109, 11.8652023] },
      "properties": { "highway": "street_lamp" },
      "geohash": "tdjeqzzrg"
    },
    {
      "type": "Feature",
      "geometry": { "type": "Point", "coordinates": [75.5414268, 11.8652387] },
      "properties": { "highway": "street_lamp" },
      "geohash": "tdjewbp84"
    },
    {
      "type": "Feature",
      "geometry": { "type": "Point", "coordinates": [75.540634, 11.8651945] },
      "properties": { "highway": "street_lamp" },
      "geohash": "tdjeqzzpb"
    },
    {
      "type": "Feature",
      "geometry": { "type": "Point", "coordinates": [75.5403226, 11.8651971] },
      "properties": { "highway": "street_lamp" },
      "geohash": "tdjeqzyzc"
    },
    {
      "type": "Feature",
      "geometry": { "type": "Point", "coordinates": [75.5398846, 11.8651945] },
      "properties": { "highway": "street_lamp" },
      "geohash": "tdjeqzyry"
    },
    {
      "type": "Feature",
      "geometry": { "type": "Point", "coordinates": [75.540112, 11.8652049] },
      "properties": { "highway": "street_lamp" },
      "geohash": "tdjeqzyxu"
    },
    {
      "type": "Feature",
      "geometry": { "type": "Point", "coordinates": [75.5398722, 11.8651867] },
      "properties": { "highway": "street_lamp" },
      "geohash": "tdjeqzyrw"
    },
    {
      "type": "Feature",
      "geometry": { "type": "Point", "coordinates": [75.5398286, 11.8653912] },
      "properties": { "highway": "street_lamp" },
      "geohash": "tdjewbn2v"
    },
    {
      "type": "Feature",
      "geometry": { "type": "Point", "coordinates": [75.5400807, 11.8653782] },
      "properties": { "highway": "street_lamp" },
      "geohash": "tdjewbn8g"
    },
    {
      "type": "Feature",
      "geometry": { "type": "Point", "coordinates": [75.540033, 11.8656403] },
      "properties": { "highway": "street_lamp" },
      "geohash": "tdjewbnd6"
    },
    {
      "type": "Feature",
      "geometry": { "type": "Point", "coordinates": [75.5398251, 11.865537] },
      "properties": { "highway": "street_lamp" },
      "geohash": "tdjewbn3v"
    },
    {
      "type": "Feature",
      "geometry": { "type": "Point", "coordinates": [75.5416319, 11.864242] },
      "properties": { "highway": "street_lamp" },
      "geohash": "tdjeqzzdp"
    },
    {
      "type": "Feature",
      "geometry": { "type": "Point", "coordinates": [75.539979, 11.8643597] },
      "properties": { "highway": "street_lamp" },
      "geohash": "tdjeqzydc"
    },
    {
      "type": "Feature",
      "geometry": { "type": "Point", "coordinates": [75.546999, 11.8622435] },
      "properties": { "highway": "street_lamp" },
      "geohash": "tdjerp7ws"
    },
    {
      "type": "Feature",
      "geometry": { "type": "Point", "coordinates": [75.547554, 11.8621595] },
      "properties": { "highway": "street_lamp" },
      "geohash": "tdjerpkn1"
    },
    {
      "type": "Feature",
      "geometry": { "type": "Point", "coordinates": [75.5480539, 11.8619927] },
      "properties": { "highway": "street_lamp" },
      "geohash": "tdjerpkmj"
    },
    {
      "type": "Feature",
      "geometry": { "type": "Point", "coordinates": [75.5485034, 11.8618706] },
      "properties": { "highway": "street_lamp" },
      "geohash": "tdjerpksr"
    },
    {
      "type": "Feature",
      "geometry": { "type": "Point", "coordinates": [75.5491033, 11.861681] },
      "properties": { "highway": "street_lamp" },
      "geohash": "tdjerpm5m"
    },
    {
      "type": "Feature",
      "geometry": { "type": "Point", "coordinates": [75.5493227, 11.8615286] },
      "properties": { "highway": "street_lamp" },
      "geohash": "tdjerpm66"
    },
    {
      "type": "Feature",
      "geometry": { "type": "Point", "coordinates": [75.5497492, 11.8612186] },
      "properties": { "highway": "street_lamp" },
      "geohash": "tdjerpm8s"
    },
    {
      "type": "Feature",
      "geometry": { "type": "Point", "coordinates": [75.5498615, 11.8613814] },
      "properties": { "highway": "street_lamp" },
      "geohash": "tdjerpm9x"
    },
    {
      "type": "Feature",
      "geometry": { "type": "Point", "coordinates": [75.5501518, 11.861726] },
      "properties": { "highway": "street_lamp" },
      "geohash": "tdjerpmgw"
    },
    {
      "type": "Feature",
      "geometry": { "type": "Point", "coordinates": [75.5506234, 11.8617901] },
      "properties": { "highway": "street_lamp" },
      "geohash": "tdjerpq7c"
    },
    {
      "type": "Feature",
      "geometry": { "type": "Point", "coordinates": [75.5510941, 11.8618455] },
      "properties": { "highway": "street_lamp" },
      "geohash": "tdjerpqsk"
    },
    {
      "type": "Feature",
      "geometry": { "type": "Point", "coordinates": [75.5514656, 11.8619102] },
      "properties": { "highway": "street_lamp" },
      "geohash": "tdjerpqus"
    },
    {
      "type": "Feature",
      "geometry": { "type": "Point", "coordinates": [75.5519945, 11.861661] },
      "properties": { "highway": "street_lamp" },
      "geohash": "tdjerpr71"
    },
    {
      "type": "Feature",
      "geometry": { "type": "Point", "coordinates": [75.552322, 11.861757] },
      "properties": { "highway": "street_lamp" },
      "geohash": "tdjerpre8"
    },
    {
      "type": "Feature",
      "geometry": { "type": "Point", "coordinates": [75.5525831, 11.8619034] },
      "properties": { "highway": "street_lamp" },
      "geohash": "tdjerprsw"
    },
    {
      "type": "Feature",
      "geometry": { "type": "Point", "coordinates": [75.552984, 11.8620853] },
      "properties": { "highway": "street_lamp" },
      "geohash": "tdjerr2j8"
    },
    {
      "type": "Feature",
      "geometry": { "type": "Point", "coordinates": [75.5534629, 11.8622275] },
      "properties": { "highway": "street_lamp" },
      "geohash": "tdjerr2q7"
    },
    {
      "type": "Feature",
      "geometry": { "type": "Point", "coordinates": [75.5540775, 11.8613029] },
      "properties": { "highway": "street_lamp" },
      "geohash": "tdjerr2c1"
    },
    {
      "type": "Feature",
      "geometry": { "type": "Point", "coordinates": [75.5474589, 11.8587862] },
      "properties": { "highway": "street_lamp" },
      "geohash": "tdjerngfr"
    },
    {
      "type": "Feature",
      "geometry": { "type": "Point", "coordinates": [75.5478075, 11.8591993] },
      "properties": { "highway": "street_lamp" },
      "geohash": "tdjernuhz"
    },
    {
      "type": "Feature",
      "geometry": { "type": "Point", "coordinates": [75.5479561, 11.8596409] },
      "properties": { "highway": "street_lamp" },
      "geohash": "tdjernur6"
    },
    {
      "type": "Feature",
      "geometry": { "type": "Point", "coordinates": [75.5481738, 11.8600695] },
      "properties": { "highway": "street_lamp" },
      "geohash": "tdjerph9b"
    },
    {
      "type": "Feature",
      "geometry": { "type": "Point", "coordinates": [75.5483826, 11.860157] },
      "properties": { "highway": "street_lamp" },
      "geohash": "tdjerphdk"
    },
    {
      "type": "Feature",
      "geometry": { "type": "Point", "coordinates": [75.5487657, 11.8602869] },
      "properties": { "highway": "street_lamp" },
      "geohash": "tdjerphgj"
    },
    {
      "type": "Feature",
      "geometry": { "type": "Point", "coordinates": [75.5490462, 11.8605934] },
      "properties": { "highway": "street_lamp" },
      "geohash": "tdjerpjhu"
    },
    {
      "type": "Feature",
      "geometry": { "type": "Point", "coordinates": [75.5485436, 11.8610198] },
      "properties": { "highway": "street_lamp" },
      "geohash": "tdjerphz2"
    },
    {
      "type": "Feature",
      "geometry": { "type": "Point", "coordinates": [75.5488391, 11.8608051] },
      "properties": { "highway": "street_lamp" },
      "geohash": "tdjerphyp"
    },
    {
      "type": "Feature",
      "geometry": { "type": "Point", "coordinates": [75.525659, 11.8693629] },
      "properties": { "highway": "street_lamp" },
      "geohash": "tdjew8u05"
    },
    {
      "type": "Feature",
      "geometry": { "type": "Point", "coordinates": [75.5253883, 11.8677273] },
      "properties": { "highway": "street_lamp" },
      "geohash": "tdjew87yt"
    },
    {
      "type": "Feature",
      "geometry": { "type": "Point", "coordinates": [75.5253744, 11.8669637] },
      "properties": { "highway": "street_lamp" },
      "geohash": "tdjew87fh"
    },
    {
      "type": "Feature",
      "geometry": { "type": "Point", "coordinates": [75.5254977, 11.8666393] },
      "properties": { "highway": "street_lamp" },
      "geohash": "tdjew87bp"
    },
    {
      "type": "Feature",
      "geometry": { "type": "Point", "coordinates": [75.5258155, 11.8649483] },
      "properties": { "highway": "street_lamp" },
      "geohash": "tdjeqxunr"
    },
    {
      "type": "Feature",
      "geometry": { "type": "Point", "coordinates": [75.5292667, 11.8663239] },
      "properties": { "highway": "street_lamp" },
      "geohash": "tdjew8nwr"
    },
    {
      "type": "Feature",
      "geometry": { "type": "Point", "coordinates": [75.529768, 11.8655454] },
      "properties": { "highway": "street_lamp" },
      "geohash": "tdjew8p1g"
    },
    {
      "type": "Feature",
      "geometry": { "type": "Point", "coordinates": [75.5302564, 11.8652059] },
      "properties": { "highway": "street_lamp" },
      "geohash": "tdjeqxzry"
    },
    {
      "type": "Feature",
      "geometry": { "type": "Point", "coordinates": [75.5302882, 11.8647972] },
      "properties": { "highway": "street_lamp" },
      "geohash": "tdjeqxzmr"
    },
    {
      "type": "Feature",
      "geometry": { "type": "Point", "coordinates": [75.530398, 11.8643089] },
      "properties": { "highway": "street_lamp" },
      "geohash": "tdjeqxzd9"
    },
    {
      "type": "Feature",
      "geometry": { "type": "Point", "coordinates": [75.5306396, 11.863581] },
      "properties": { "highway": "street_lamp" },
      "geohash": "tdjeqxxwr"
    },
    {
      "type": "Feature",
      "geometry": { "type": "Point", "coordinates": [75.5306059, 11.8627124] },
      "properties": { "highway": "street_lamp" },
      "geohash": "tdjeqxx9q"
    },
    {
      "type": "Feature",
      "geometry": { "type": "Point", "coordinates": [75.5312761, 11.8619271] },
      "properties": { "highway": "street_lamp" },
      "geohash": "tdjeqz2hw"
    },
    {
      "type": "Feature",
      "geometry": { "type": "Point", "coordinates": [75.5278507, 11.8619323] },
      "properties": { "highway": "street_lamp" },
      "geohash": "tdjeqxmsy"
    },
    {
      "type": "Feature",
      "geometry": { "type": "Point", "coordinates": [75.5283201, 11.861977] },
      "properties": { "highway": "street_lamp" },
      "geohash": "tdjeqxqj1"
    },
    {
      "type": "Feature",
      "geometry": { "type": "Point", "coordinates": [75.5338468, 11.8614512] },
      "properties": { "highway": "street_lamp" },
      "geohash": "tdjeqz61f"
    },
    {
      "type": "Feature",
      "geometry": { "type": "Point", "coordinates": [75.5340831, 11.8602578] },
      "properties": { "highway": "street_lamp" },
      "geohash": "tdjeqz45p"
    },
    {
      "type": "Feature",
      "geometry": { "type": "Point", "coordinates": [75.5343914, 11.8589776] },
      "properties": { "highway": "street_lamp" },
      "geohash": "tdjeqyf7w"
    },
    {
      "type": "Feature",
      "geometry": { "type": "Point", "coordinates": [75.5343071, 11.8585854] },
      "properties": { "highway": "street_lamp" },
      "geohash": "tdjeqyf3k"
    },
    {
      "type": "Feature",
      "geometry": { "type": "Point", "coordinates": [75.5342798, 11.8581685] },
      "properties": { "highway": "street_lamp" },
      "geohash": "tdjeqydqu"
    },
    {
      "type": "Feature",
      "geometry": { "type": "Point", "coordinates": [75.5341843, 11.8577567] },
      "properties": { "highway": "street_lamp" },
      "geohash": "tdjeqydk6"
    },
    {
      "type": "Feature",
      "geometry": { "type": "Point", "coordinates": [75.5334578, 11.8571352] },
      "properties": { "highway": "street_lamp" },
      "geohash": "tdjeqy9bc"
    },
    {
      "type": "Feature",
      "geometry": { "type": "Point", "coordinates": [75.534472, 11.8544698] },
      "properties": { "highway": "street_lamp" },
      "geohash": "tdjeqy492"
    },
    {
      "type": "Feature",
      "geometry": { "type": "Point", "coordinates": [75.5333217, 11.851247] },
      "properties": { "highway": "street_lamp" },
      "geohash": "tdjeqv3wt"
    },
    {
      "type": "Feature",
      "geometry": { "type": "Point", "coordinates": [75.5337068, 11.8510646] },
      "properties": { "highway": "street_lamp" },
      "geohash": "tdjeqv3vq"
    },
    {
      "type": "Feature",
      "geometry": { "type": "Point", "coordinates": [75.5333248, 11.8503198] },
      "properties": { "highway": "street_lamp" },
      "geohash": "tdjeqv39n"
    },
    {
      "type": "Feature",
      "geometry": { "type": "Point", "coordinates": [75.5344001, 11.8472296] },
      "properties": { "highway": "street_lamp" },
      "geohash": "tdjequdrp"
    },
    {
      "type": "Feature",
      "geometry": { "type": "Point", "coordinates": [75.5351446, 11.8464935] },
      "properties": { "highway": "street_lamp" },
      "geohash": "tdjeque4b"
    },
    {
      "type": "Feature",
      "geometry": { "type": "Point", "coordinates": [75.5354581, 11.8461912] },
      "properties": { "highway": "street_lamp" },
      "geohash": "tdjeque1p"
    },
    {
      "type": "Feature",
      "geometry": { "type": "Point", "coordinates": [75.5368926, 11.846236] },
      "properties": { "highway": "street_lamp" },
      "geohash": "tdjequs33"
    },
    {
      "type": "Feature",
      "geometry": { "type": "Point", "coordinates": [75.5380526, 11.8464908] },
      "properties": { "highway": "street_lamp" },
      "geohash": "tdjequt4u"
    },
    {
      "type": "Feature",
      "geometry": { "type": "Point", "coordinates": [75.5381636, 11.8452455] },
      "properties": { "highway": "street_lamp" },
      "geohash": "tdjequm5w"
    },
    {
      "type": "Feature",
      "geometry": { "type": "Point", "coordinates": [75.5371337, 11.8441172] },
      "properties": { "highway": "street_lamp" },
      "geohash": "tdjequhky"
    },
    {
      "type": "Feature",
      "geometry": { "type": "Point", "coordinates": [75.5362878, 11.8425808] },
      "properties": { "highway": "street_lamp" },
      "geohash": "tdjeqggu5"
    },
    {
      "type": "Feature",
      "geometry": { "type": "Point", "coordinates": [75.53588, 11.8414434] },
      "properties": { "highway": "street_lamp" },
      "geohash": "tdjeqget3"
    },
    {
      "type": "Feature",
      "geometry": { "type": "Point", "coordinates": [75.539015, 11.8451411] },
      "properties": { "highway": "street_lamp" },
      "geohash": "tdjequmff"
    },
    {
      "type": "Feature",
      "geometry": { "type": "Point", "coordinates": [75.5406062, 11.8447829] },
      "properties": { "highway": "street_lamp" },
      "geohash": "tdjequqbz"
    },
    {
      "type": "Feature",
      "geometry": { "type": "Point", "coordinates": [75.5413623, 11.8445455] },
      "properties": { "highway": "street_lamp" },
      "geohash": "tdjequpx3"
    },
    {
      "type": "Feature",
      "geometry": { "type": "Point", "coordinates": [75.5432738, 11.8419606] },
      "properties": { "highway": "street_lamp" },
      "geohash": "tdjer5bbm"
    },
    {
      "type": "Feature",
      "geometry": { "type": "Point", "coordinates": [75.5436525, 11.8419258] },
      "properties": { "highway": "street_lamp" },
      "geohash": "tdjer5c0n"
    },
    {
      "type": "Feature",
      "geometry": { "type": "Point", "coordinates": [75.5438354, 11.8416261] },
      "properties": { "highway": "street_lamp" },
      "geohash": "tdjer59q6"
    },
    {
      "type": "Feature",
      "geometry": { "type": "Point", "coordinates": [75.5412604, 11.8413753] },
      "properties": { "highway": "street_lamp" },
      "geohash": "tdjeqgxmn"
    },
    {
      "type": "Feature",
      "geometry": { "type": "Point", "coordinates": [75.5411048, 11.8409999] },
      "properties": { "highway": "street_lamp" },
      "geohash": "tdjeqgx6g"
    },
    {
      "type": "Feature",
      "geometry": { "type": "Point", "coordinates": [75.5415655, 11.8470836] },
      "properties": { "highway": "street_lamp" },
      "geohash": "tdjequxwq"
    },
    {
      "type": "Feature",
      "geometry": { "type": "Point", "coordinates": [75.5366996, 11.8480627] },
      "properties": { "highway": "street_lamp" },
      "geohash": "tdjequu5u"
    },
    {
      "type": "Feature",
      "geometry": { "type": "Point", "coordinates": [75.5376927, 11.8477905] },
      "properties": { "highway": "street_lamp" },
      "geohash": "tdjequuf7"
    },
    {
      "type": "Feature",
      "geometry": { "type": "Point", "coordinates": [75.5384142, 11.848716] },
      "properties": { "highway": "street_lamp" },
      "geohash": "tdjequvru"
    },
    {
      "type": "Feature",
      "geometry": { "type": "Point", "coordinates": [75.5384259, 11.8482521] },
      "properties": { "highway": "street_lamp" },
      "geohash": "tdjequvmh"
    },
    {
      "type": "Feature",
      "geometry": { "type": "Point", "coordinates": [75.5386337, 11.8499638] },
      "properties": { "highway": "street_lamp" },
      "geohash": "tdjeqvjx1"
    },
    {
      "type": "Feature",
      "geometry": { "type": "Point", "coordinates": [75.5385403, 11.8495159] },
      "properties": { "highway": "street_lamp" },
      "geohash": "tdjeqvjkr"
    },
    {
      "type": "Feature",
      "geometry": { "type": "Point", "coordinates": [75.535455, 11.8490556] },
      "properties": { "highway": "street_lamp" },
      "geohash": "tdjeqv51z"
    },
    {
      "type": "Feature",
      "geometry": { "type": "Point", "coordinates": [75.5353919, 11.8485302] },
      "properties": { "highway": "street_lamp" },
      "geohash": "tdjequgnw"
    },
    {
      "type": "Feature",
      "geometry": { "type": "Point", "coordinates": [75.5289652, 11.8588748] },
      "properties": { "highway": "street_lamp" },
      "geohash": "tdjeqwydb"
    },
    {
      "type": "Feature",
      "geometry": { "type": "Point", "coordinates": [75.5288155, 11.8558264] },
      "properties": { "highway": "street_lamp" },
      "geohash": "tdjeqwq3h"
    },
    {
      "type": "Feature",
      "geometry": { "type": "Point", "coordinates": [75.5392294, 11.855359] },
      "properties": { "highway": "street_lamp" },
      "geohash": "tdjeqyjyr"
    },
    {
      "type": "Feature",
      "geometry": { "type": "Point", "coordinates": [75.5391631, 11.8559517] },
      "properties": { "highway": "street_lamp" },
      "geohash": "tdjeqymcy"
    },
    {
      "type": "Feature",
      "geometry": { "type": "Point", "coordinates": [75.5393866, 11.8567096] },
      "properties": { "highway": "street_lamp" },
      "geohash": "tdjeqyqn7"
    },
    {
      "type": "Feature",
      "geometry": { "type": "Point", "coordinates": [75.539479, 11.856621] },
      "properties": { "highway": "street_lamp" },
      "geohash": "tdjeqyqjv"
    },
    {
      "type": "Feature",
      "geometry": { "type": "Point", "coordinates": [75.5396715, 11.8587441] },
      "properties": { "highway": "street_lamp" },
      "geohash": "tdjeqyy61"
    },
    {
      "type": "Feature",
      "geometry": { "type": "Point", "coordinates": [75.5396575, 11.858639] },
      "properties": { "highway": "street_lamp" },
      "geohash": "tdjeqyy39"
    },
    {
      "type": "Feature",
      "geometry": { "type": "Point", "coordinates": [75.5395363, 11.8580416] },
      "properties": { "highway": "street_lamp" },
      "geohash": "tdjeqywnn"
    },
    {
      "type": "Feature",
      "geometry": { "type": "Point", "coordinates": [75.5393972, 11.8579828] },
      "properties": { "highway": "street_lamp" },
      "geohash": "tdjeqywjg"
    },
    {
      "type": "Feature",
      "geometry": { "type": "Point", "coordinates": [75.5374953, 11.8535875] },
      "properties": { "highway": "street_lamp" },
      "geohash": "tdjeqvusp"
    },
    {
      "type": "Feature",
      "geometry": { "type": "Point", "coordinates": [75.6051392, 11.8760066] },
      "properties": { "highway": "street_lamp" },
      "geohash": "tdjg83vyz"
    },
    {
      "type": "Feature",
      "geometry": { "type": "Point", "coordinates": [75.6053549, 11.8754669] },
      "properties": { "highway": "street_lamp" },
      "geohash": "tdjg83y5s"
    },
    {
      "type": "Feature",
      "geometry": { "type": "Point", "coordinates": [75.605797, 11.8751036] },
      "properties": { "highway": "street_lamp" },
      "geohash": "tdjg83y3q"
    },
    {
      "type": "Feature",
      "geometry": { "type": "Point", "coordinates": [75.6057416, 11.8746392] },
      "properties": { "highway": "street_lamp" },
      "geohash": "tdjg83wqv"
    },
    {
      "type": "Feature",
      "geometry": { "type": "Point", "coordinates": [75.6058633, 11.8738432] },
      "properties": { "highway": "street_lamp" },
      "geohash": "tdjg83wd0"
    },
    {
      "type": "Feature",
      "geometry": { "type": "Point", "coordinates": [75.6062807, 11.8731166] },
      "properties": { "highway": "street_lamp" },
      "geohash": "tdjg83qvf"
    },
    {
      "type": "Feature",
      "geometry": { "type": "Point", "coordinates": [75.606518, 11.8723206] },
      "properties": { "highway": "street_lamp" },
      "geohash": "tdjg83qcr"
    },
    {
      "type": "Feature",
      "geometry": { "type": "Point", "coordinates": [75.6066212, 11.870605] },
      "properties": { "highway": "street_lamp" },
      "geohash": "tdjg82zp3"
    },
    {
      "type": "Feature",
      "geometry": { "type": "Point", "coordinates": [75.606424, 11.8702869] },
      "properties": { "highway": "street_lamp" },
      "geohash": "tdjg82yvm"
    },
    {
      "type": "Feature",
      "geometry": { "type": "Point", "coordinates": [75.6067906, 11.8690823] },
      "properties": { "highway": "street_lamp" },
      "geohash": "tdjg82xnm"
    },
    {
      "type": "Feature",
      "geometry": { "type": "Point", "coordinates": [75.6073637, 11.8684371] },
      "properties": { "highway": "street_lamp" },
      "geohash": "tdjg82xde"
    },
    {
      "type": "Feature",
      "geometry": { "type": "Point", "coordinates": [75.607829, 11.8677571] },
      "properties": { "highway": "street_lamp" },
      "geohash": "tdjg82ryw"
    },
    {
      "type": "Feature",
      "geometry": { "type": "Point", "coordinates": [75.6083481, 11.8670863] },
      "properties": { "highway": "street_lamp" },
      "geohash": "tdjg8826f"
    },
    {
      "type": "Feature",
      "geometry": { "type": "Point", "coordinates": [75.6087746, 11.8658778] },
      "properties": { "highway": "street_lamp" },
      "geohash": "tdjg880es"
    },
    {
      "type": "Feature",
      "geometry": { "type": "Point", "coordinates": [75.6093908, 11.8653646] },
      "properties": { "highway": "street_lamp" },
      "geohash": "tdjg8810f"
    },
    {
      "type": "Feature",
      "geometry": { "type": "Point", "coordinates": [75.6093291, 11.8650089] },
      "properties": { "highway": "street_lamp" },
      "geohash": "tdjg2xcn9"
    },
    {
      "type": "Feature",
      "geometry": { "type": "Point", "coordinates": [75.6098119, 11.8644951] },
      "properties": { "highway": "street_lamp" },
      "geohash": "tdjg2xc7s"
    },
    {
      "type": "Feature",
      "geometry": { "type": "Point", "coordinates": [75.6099132, 11.864247] },
      "properties": { "highway": "street_lamp" },
      "geohash": "tdjg2xc6n"
    },
    {
      "type": "Feature",
      "geometry": { "type": "Point", "coordinates": [75.6103008, 11.8633053] },
      "properties": { "highway": "street_lamp" },
      "geohash": "tdjg2x9sz"
    },
    {
      "type": "Feature",
      "geometry": { "type": "Point", "coordinates": [75.6104369, 11.862972] },
      "properties": { "highway": "street_lamp" },
      "geohash": "tdjg2x9ff"
    },
    {
      "type": "Feature",
      "geometry": { "type": "Point", "coordinates": [75.6103363, 11.862655] },
      "properties": { "highway": "street_lamp" },
      "geohash": "tdjg2x9bb"
    },
    {
      "type": "Feature",
      "geometry": { "type": "Point", "coordinates": [75.609763, 11.8619437] },
      "properties": { "highway": "street_lamp" },
      "geohash": "tdjg2x3kg"
    },
    {
      "type": "Feature",
      "geometry": { "type": "Point", "coordinates": [75.6091307, 11.861418] },
      "properties": { "highway": "street_lamp" },
      "geohash": "tdjg2x2cu"
    },
    {
      "type": "Feature",
      "geometry": { "type": "Point", "coordinates": [75.6083408, 11.8614955] },
      "properties": { "highway": "street_lamp" },
      "geohash": "tdjg2x264"
    },
    {
      "type": "Feature",
      "geometry": { "type": "Point", "coordinates": [75.6073215, 11.8619063] },
      "properties": { "highway": "street_lamp" },
      "geohash": "tdjg2rrsd"
    },
    {
      "type": "Feature",
      "geometry": { "type": "Point", "coordinates": [75.6063888, 11.8620362] },
      "properties": { "highway": "street_lamp" },
      "geohash": "tdjg2rqvk"
    },
    {
      "type": "Feature",
      "geometry": { "type": "Point", "coordinates": [75.6054909, 11.8621169] },
      "properties": { "highway": "street_lamp" },
      "geohash": "tdjg2rqjz"
    },
    {
      "type": "Feature",
      "geometry": { "type": "Point", "coordinates": [75.6053085, 11.8621359] },
      "properties": { "highway": "street_lamp" },
      "geohash": "tdjg2rqjg"
    },
    {
      "type": "Feature",
      "geometry": { "type": "Point", "coordinates": [75.6043811, 11.862298] },
      "properties": { "highway": "street_lamp" },
      "geohash": "tdjg2rmqv"
    },
    {
      "type": "Feature",
      "geometry": { "type": "Point", "coordinates": [75.6037357, 11.862865] },
      "properties": { "highway": "street_lamp" },
      "geohash": "tdjg2rsfn"
    },
    {
      "type": "Feature",
      "geometry": { "type": "Point", "coordinates": [75.6032974, 11.8629896] },
      "properties": { "highway": "street_lamp" },
      "geohash": "tdjg2rsdu"
    },
    {
      "type": "Feature",
      "geometry": { "type": "Point", "coordinates": [75.60238, 11.863489] },
      "properties": { "highway": "street_lamp" },
      "geohash": "tdjg2revz"
    },
    {
      "type": "Feature",
      "geometry": { "type": "Point", "coordinates": [75.6016639, 11.8635743] },
      "properties": { "highway": "street_lamp" },
      "geohash": "tdjg2reqq"
    },
    {
      "type": "Feature",
      "geometry": { "type": "Point", "coordinates": [75.6006795, 11.8639392] },
      "properties": { "highway": "street_lamp" },
      "geohash": "tdjg2rf8r"
    },
    {
      "type": "Feature",
      "geometry": { "type": "Point", "coordinates": [75.6004594, 11.8650454] },
      "properties": { "highway": "street_lamp" },
      "geohash": "tdjg2rfwf"
    },
    {
      "type": "Feature",
      "geometry": { "type": "Point", "coordinates": [75.5997161, 11.8651006] },
      "properties": { "highway": "street_lamp" },
      "geohash": "tdjg2rfp1"
    },
    {
      "type": "Feature",
      "geometry": { "type": "Point", "coordinates": [75.5988499, 11.864933] },
      "properties": { "highway": "street_lamp" },
      "geohash": "tdjg2rcqh"
    },
    {
      "type": "Feature",
      "geometry": { "type": "Point", "coordinates": [75.5978139, 11.8647516] },
      "properties": { "highway": "street_lamp" },
      "geohash": "tdjg2rbth"
    },
    {
      "type": "Feature",
      "geometry": { "type": "Point", "coordinates": [75.5978793, 11.8641061] },
      "properties": { "highway": "street_lamp" },
      "geohash": "tdjg2rb9q"
    },
    {
      "type": "Feature",
      "geometry": { "type": "Point", "coordinates": [75.5956637, 11.8631722] },
      "properties": { "highway": "street_lamp" },
      "geohash": "tdjg2px5f"
    },
    {
      "type": "Feature",
      "geometry": { "type": "Point", "coordinates": [75.59467, 11.8602763] },
      "properties": { "highway": "street_lamp" },
      "geohash": "tdjg2pn75"
    },
    {
      "type": "Feature",
      "geometry": { "type": "Point", "coordinates": [75.5941934, 11.8600526] },
      "properties": { "highway": "street_lamp" },
      "geohash": "tdjg2pn1b"
    },
    {
      "type": "Feature",
      "geometry": { "type": "Point", "coordinates": [75.593913, 11.8600941] },
      "properties": { "highway": "street_lamp" },
      "geohash": "tdjg2pjf1"
    },
    {
      "type": "Feature",
      "geometry": { "type": "Point", "coordinates": [75.5934616, 11.8601061] },
      "properties": { "highway": "street_lamp" },
      "geohash": "tdjg2pj6p"
    },
    {
      "type": "Feature",
      "geometry": { "type": "Point", "coordinates": [75.5934578, 11.8600134] },
      "properties": { "highway": "street_lamp" },
      "geohash": "tdjg2pj3x"
    },
    {
      "type": "Feature",
      "geometry": { "type": "Point", "coordinates": [75.5925435, 11.8598136] },
      "properties": { "highway": "street_lamp" },
      "geohash": "tdjg2phb3"
    },
    {
      "type": "Feature",
      "geometry": { "type": "Point", "coordinates": [75.5923124, 11.8600473] },
      "properties": { "highway": "street_lamp" },
      "geohash": "tdjg2ph9u"
    },
    {
      "type": "Feature",
      "geometry": { "type": "Point", "coordinates": [75.5917075, 11.8600002] },
      "properties": { "highway": "street_lamp" },
      "geohash": "tdjg2ph1w"
    },
    {
      "type": "Feature",
      "geometry": { "type": "Point", "coordinates": [75.590671, 11.8604525] },
      "properties": { "highway": "street_lamp" },
      "geohash": "tdjg2p5kn"
    },
    {
      "type": "Feature",
      "geometry": { "type": "Point", "coordinates": [75.5911297, 11.860218] },
      "properties": { "highway": "street_lamp" },
      "geohash": "tdjg2p5fb"
    },
    {
      "type": "Feature",
      "geometry": { "type": "Point", "coordinates": [75.5911934, 11.8601583] },
      "properties": { "highway": "street_lamp" },
      "geohash": "tdjg2p5f6"
    },
    {
      "type": "Feature",
      "geometry": { "type": "Point", "coordinates": [75.5926076, 11.8595154] },
      "properties": { "highway": "street_lamp" },
      "geohash": "tdjg2nuye"
    },
    {
      "type": "Feature",
      "geometry": { "type": "Point", "coordinates": [75.5917927, 11.8588806] },
      "properties": { "highway": "street_lamp" },
      "geohash": "tdjg2nu6b"
    },
    {
      "type": "Feature",
      "geometry": { "type": "Point", "coordinates": [75.5896701, 11.860792] },
      "properties": { "highway": "street_lamp" },
      "geohash": "tdjg2p4wn"
    },
    {
      "type": "Feature",
      "geometry": { "type": "Point", "coordinates": [75.5895011, 11.8601935] },
      "properties": { "highway": "street_lamp" },
      "geohash": "tdjg2p4de"
    },
    {
      "type": "Feature",
      "geometry": { "type": "Point", "coordinates": [75.5889808, 11.8603116] },
      "properties": { "highway": "street_lamp" },
      "geohash": "tdjg2p45q"
    },
    {
      "type": "Feature",
      "geometry": { "type": "Point", "coordinates": [75.5885167, 11.8603562] },
      "properties": { "highway": "street_lamp" },
      "geohash": "tdjg2p1gs"
    },
    {
      "type": "Feature",
      "geometry": { "type": "Point", "coordinates": [75.5884685, 11.8600439] },
      "properties": { "highway": "street_lamp" },
      "geohash": "tdjg2p1cf"
    },
    {
      "type": "Feature",
      "geometry": { "type": "Point", "coordinates": [75.5884899, 11.8595924] },
      "properties": { "highway": "street_lamp" },
      "geohash": "tdjg2ncz5"
    },
    {
      "type": "Feature",
      "geometry": { "type": "Point", "coordinates": [75.5884846, 11.858881] },
      "properties": { "highway": "street_lamp" },
      "geohash": "tdjg2ncfg"
    },
    {
      "type": "Feature",
      "geometry": { "type": "Point", "coordinates": [75.5882566, 11.8584873] },
      "properties": { "highway": "street_lamp" },
      "geohash": "tdjg2nc8w"
    },
    {
      "type": "Feature",
      "geometry": { "type": "Point", "coordinates": [75.5881571, 11.8581077] },
      "properties": { "highway": "street_lamp" },
      "geohash": "tdjg2n9w7"
    },
    {
      "type": "Feature",
      "geometry": { "type": "Point", "coordinates": [75.5878867, 11.8577954] },
      "properties": { "highway": "street_lamp" },
      "geohash": "tdjg2n9kt"
    },
    {
      "type": "Feature",
      "geometry": { "type": "Point", "coordinates": [75.5871569, 11.857879] },
      "properties": { "highway": "street_lamp" },
      "geohash": "tdjg2n8vh"
    },
    {
      "type": "Feature",
      "geometry": { "type": "Point", "coordinates": [75.5863906, 11.8579764] },
      "properties": { "highway": "street_lamp" },
      "geohash": "tdjg2n8md"
    },
    {
      "type": "Feature",
      "geometry": { "type": "Point", "coordinates": [75.5860613, 11.8578412] },
      "properties": { "highway": "street_lamp" },
      "geohash": "tdjg2n8hf"
    },
    {
      "type": "Feature",
      "geometry": { "type": "Point", "coordinates": [75.5850917, 11.857302] },
      "properties": { "highway": "street_lamp" },
      "geohash": "tdjeryx3u"
    },
    {
      "type": "Feature",
      "geometry": { "type": "Point", "coordinates": [75.5844537, 11.8570075] },
      "properties": { "highway": "street_lamp" },
      "geohash": "tdjerywbj"
    },
    {
      "type": "Feature",
      "geometry": { "type": "Point", "coordinates": [75.5839565, 11.8565812] },
      "properties": { "highway": "street_lamp" },
      "geohash": "tdjeryqt9"
    },
    {
      "type": "Feature",
      "geometry": { "type": "Point", "coordinates": [75.5838258, 11.8554694] },
      "properties": { "highway": "street_lamp" },
      "geohash": "tdjerynrn"
    },
    {
      "type": "Feature",
      "geometry": { "type": "Point", "coordinates": [75.5830844, 11.8540343] },
      "properties": { "highway": "street_lamp" },
      "geohash": "tdjervvyv"
    },
    {
      "type": "Feature",
      "geometry": { "type": "Point", "coordinates": [75.583214, 11.8539898] },
      "properties": { "highway": "street_lamp" },
      "geohash": "tdjervyn2"
    },
    {
      "type": "Feature",
      "geometry": { "type": "Point", "coordinates": [75.5827505, 11.8536356] },
      "properties": { "highway": "street_lamp" },
      "geohash": "tdjervvsm"
    },
    {
      "type": "Feature",
      "geometry": { "type": "Point", "coordinates": [75.5826419, 11.8535087] },
      "properties": { "highway": "street_lamp" },
      "geohash": "tdjervvee"
    },
    {
      "type": "Feature",
      "geometry": { "type": "Point", "coordinates": [75.5819508, 11.8530368] },
      "properties": { "highway": "street_lamp" },
      "geohash": "tdjervv0g"
    },
    {
      "type": "Feature",
      "geometry": { "type": "Point", "coordinates": [75.5819239, 11.8525215] },
      "properties": { "highway": "street_lamp" },
      "geohash": "tdjervtjf"
    },
    {
      "type": "Feature",
      "geometry": { "type": "Point", "coordinates": [75.5818492, 11.8518565] },
      "properties": { "highway": "street_lamp" },
      "geohash": "tdjervt40"
    },
    {
      "type": "Feature",
      "geometry": { "type": "Point", "coordinates": [75.5801755, 11.8516172] },
      "properties": { "highway": "street_lamp" },
      "geohash": "tdjerveb9"
    },
    {
      "type": "Feature",
      "geometry": { "type": "Point", "coordinates": [75.5797618, 11.851465] },
      "properties": { "highway": "street_lamp" },
      "geohash": "tdjerv7xb"
    },
    {
      "type": "Feature",
      "geometry": { "type": "Point", "coordinates": [75.57897, 11.8510771] },
      "properties": { "highway": "street_lamp" },
      "geohash": "tdjerv6vt"
    },
    {
      "type": "Feature",
      "geometry": { "type": "Point", "coordinates": [75.5782007, 11.8505936] },
      "properties": { "highway": "street_lamp" },
      "geohash": "tdjerv66e"
    },
    {
      "type": "Feature",
      "geometry": { "type": "Point", "coordinates": [75.5780502, 11.850518] },
      "properties": { "highway": "street_lamp" },
      "geohash": "tdjerv662"
    },
    {
      "type": "Feature",
      "geometry": { "type": "Point", "coordinates": [75.577478, 11.850156] },
      "properties": { "highway": "street_lamp" },
      "geohash": "tdjerv3b4"
    },
    {
      "type": "Feature",
      "geometry": { "type": "Point", "coordinates": [75.5773073, 11.8502355] },
      "properties": { "highway": "street_lamp" },
      "geohash": "tdjerv38w"
    },
    {
      "type": "Feature",
      "geometry": { "type": "Point", "coordinates": [75.5765541, 11.8494477] },
      "properties": { "highway": "street_lamp" },
      "geohash": "tdjerv1hj"
    },
    {
      "type": "Feature",
      "geometry": { "type": "Point", "coordinates": [75.5762208, 11.8488658] },
      "properties": { "highway": "street_lamp" },
      "geohash": "tdjerv0bt"
    },
    {
      "type": "Feature",
      "geometry": { "type": "Point", "coordinates": [75.576048, 11.8484739] },
      "properties": { "highway": "street_lamp" },
      "geohash": "tdjeruby3"
    },
    {
      "type": "Feature",
      "geometry": { "type": "Point", "coordinates": [75.575675, 11.8476224] },
      "properties": { "highway": "street_lamp" },
      "geohash": "tdjerub92"
    },
    {
      "type": "Feature",
      "geometry": { "type": "Point", "coordinates": [75.5756184, 11.8477828] },
      "properties": { "highway": "street_lamp" },
      "geohash": "tdjerub6r"
    },
    {
      "type": "Feature",
      "geometry": { "type": "Point", "coordinates": [75.5751813, 11.8479563] },
      "properties": { "highway": "street_lamp" },
      "geohash": "tdjerub5m"
    },
    {
      "type": "Feature",
      "geometry": { "type": "Point", "coordinates": [75.5748556, 11.8478043] },
      "properties": { "highway": "street_lamp" },
      "geohash": "tdjerszfm"
    },
    {
      "type": "Feature",
      "geometry": { "type": "Point", "coordinates": [75.5759938, 11.8500451] },
      "properties": { "highway": "street_lamp" },
      "geohash": "tdjerv0z8"
    },
    {
      "type": "Feature",
      "geometry": { "type": "Point", "coordinates": [75.5756266, 11.8499508] },
      "properties": { "highway": "street_lamp" },
      "geohash": "tdjerv0qz"
    },
    {
      "type": "Feature",
      "geometry": { "type": "Point", "coordinates": [75.5753155, 11.850313] },
      "properties": { "highway": "street_lamp" },
      "geohash": "tdjerv230"
    },
    {
      "type": "Feature",
      "geometry": { "type": "Point", "coordinates": [75.57507, 11.8508197] },
      "properties": { "highway": "street_lamp" },
      "geohash": "tdjerv2h4"
    },
    {
      "type": "Feature",
      "geometry": { "type": "Point", "coordinates": [75.5748857, 11.8512607] },
      "properties": { "highway": "street_lamp" },
      "geohash": "tdjertryw"
    },
    {
      "type": "Feature",
      "geometry": { "type": "Point", "coordinates": [75.5744374, 11.8512754] },
      "properties": { "highway": "street_lamp" },
      "geohash": "tdjertrws"
    },
    {
      "type": "Feature",
      "geometry": { "type": "Point", "coordinates": [75.5734444, 11.8512502] },
      "properties": { "highway": "street_lamp" },
      "geohash": "tdjertqys"
    },
    {
      "type": "Feature",
      "geometry": { "type": "Point", "coordinates": [75.5737223, 11.8512914] },
      "properties": { "highway": "street_lamp" },
      "geohash": "tdjertrng"
    },
    {
      "type": "Feature",
      "geometry": { "type": "Point", "coordinates": [75.5741216, 11.8512914] },
      "properties": { "highway": "street_lamp" },
      "geohash": "tdjertrqu"
    },
    {
      "type": "Feature",
      "geometry": { "type": "Point", "coordinates": [75.5719967, 11.8512045] },
      "properties": { "highway": "street_lamp" },
      "geohash": "tdjertmy7"
    },
    {
      "type": "Feature",
      "geometry": { "type": "Point", "coordinates": [75.5748737, 11.8516862] },
      "properties": { "highway": "street_lamp" },
      "geohash": "tdjertxcn"
    },
    {
      "type": "Feature",
      "geometry": { "type": "Point", "coordinates": [75.574833, 11.8520983] },
      "properties": { "highway": "street_lamp" },
      "geohash": "tdjertxgm"
    },
    {
      "type": "Feature",
      "geometry": { "type": "Point", "coordinates": [75.5747686, 11.8520889] },
      "properties": { "highway": "street_lamp" },
      "geohash": "tdjertxg7"
    },
    {
      "type": "Feature",
      "geometry": { "type": "Point", "coordinates": [75.5744394, 11.8521065] },
      "properties": { "highway": "street_lamp" },
      "geohash": "tdjertxes"
    },
    {
      "type": "Feature",
      "geometry": { "type": "Point", "coordinates": [75.574037, 11.8520618] },
      "properties": { "highway": "street_lamp" },
      "geohash": "tdjertx76"
    },
    {
      "type": "Feature",
      "geometry": { "type": "Point", "coordinates": [75.5738184, 11.8520763] },
      "properties": { "highway": "street_lamp" },
      "geohash": "tdjertx5m"
    },
    {
      "type": "Feature",
      "geometry": { "type": "Point", "coordinates": [75.5749275, 11.8527457] },
      "properties": { "highway": "street_lamp" },
      "geohash": "tdjertxzp"
    },
    {
      "type": "Feature",
      "geometry": { "type": "Point", "coordinates": [75.5750013, 11.8537996] },
      "properties": { "highway": "street_lamp" },
      "geohash": "tdjervbj3"
    },
    {
      "type": "Feature",
      "geometry": { "type": "Point", "coordinates": [75.5750093, 11.8534439] },
      "properties": { "highway": "street_lamp" },
      "geohash": "tdjervb53"
    },
    {
      "type": "Feature",
      "geometry": { "type": "Point", "coordinates": [75.5748715, 11.8539977] },
      "properties": { "highway": "street_lamp" },
      "geohash": "tdjertzyw"
    },
    {
      "type": "Feature",
      "geometry": { "type": "Point", "coordinates": [75.574986, 11.8546591] },
      "properties": { "highway": "street_lamp" },
      "geohash": "tdjery042"
    },
    {
      "type": "Feature",
      "geometry": { "type": "Point", "coordinates": [75.5744149, 11.8547644] },
      "properties": { "highway": "street_lamp" },
      "geohash": "tdjerwpe5"
    },
    {
      "type": "Feature",
      "geometry": { "type": "Point", "coordinates": [75.5741464, 11.8554142] },
      "properties": { "highway": "street_lamp" },
      "geohash": "tdjerwpqv"
    },
    {
      "type": "Feature",
      "geometry": { "type": "Point", "coordinates": [75.5738474, 11.8557398] },
      "properties": { "highway": "street_lamp" },
      "geohash": "tdjerwr0w"
    },
    {
      "type": "Feature",
      "geometry": { "type": "Point", "coordinates": [75.5736272, 11.8561148] },
      "properties": { "highway": "street_lamp" },
      "geohash": "tdjerwr4c"
    },
    {
      "type": "Feature",
      "geometry": { "type": "Point", "coordinates": [75.5735812, 11.8565516] },
      "properties": { "highway": "street_lamp" },
      "geohash": "tdjerwrj2"
    },
    {
      "type": "Feature",
      "geometry": { "type": "Point", "coordinates": [75.5733082, 11.8567928] },
      "properties": { "highway": "street_lamp" },
      "geohash": "tdjerwqyc"
    },
    {
      "type": "Feature",
      "geometry": { "type": "Point", "coordinates": [75.5729548, 11.8574389] },
      "properties": { "highway": "street_lamp" },
      "geohash": "tdjerwwd9"
    },
    {
      "type": "Feature",
      "geometry": { "type": "Point", "coordinates": [75.5728046, 11.8576528] },
      "properties": { "highway": "street_lamp" },
      "geohash": "tdjerww7v"
    },
    {
      "type": "Feature",
      "geometry": { "type": "Point", "coordinates": [75.5722454, 11.8575294] },
      "properties": { "highway": "street_lamp" },
      "geohash": "tdjerww50"
    },
    {
      "type": "Feature",
      "geometry": { "type": "Point", "coordinates": [75.572244, 11.8588905] },
      "properties": { "highway": "street_lamp" },
      "geohash": "tdjerwy50"
    },
    {
      "type": "Feature",
      "geometry": { "type": "Point", "coordinates": [75.5721703, 11.8595966] },
      "properties": { "highway": "street_lamp" },
      "geohash": "tdjerwvzp"
    },
    {
      "type": "Feature",
      "geometry": { "type": "Point", "coordinates": [75.5720187, 11.8600402] },
      "properties": { "highway": "street_lamp" },
      "geohash": "tdjerxjce"
    },
    {
      "type": "Feature",
      "geometry": { "type": "Point", "coordinates": [75.5710353, 11.8608987] },
      "properties": { "highway": "street_lamp" },
      "geohash": "tdjerxjns"
    },
    {
      "type": "Feature",
      "geometry": { "type": "Point", "coordinates": [75.570743, 11.8612144] },
      "properties": { "highway": "street_lamp" },
      "geohash": "tdjerxkbt"
    },
    {
      "type": "Feature",
      "geometry": { "type": "Point", "coordinates": [75.5705912, 11.8615457] },
      "properties": { "highway": "street_lamp" },
      "geohash": "tdjerxkfd"
    },
    {
      "type": "Feature",
      "geometry": { "type": "Point", "coordinates": [75.5702083, 11.8620953] },
      "properties": { "highway": "street_lamp" },
      "geohash": "tdjerxkt9"
    },
    {
      "type": "Feature",
      "geometry": { "type": "Point", "coordinates": [75.5703892, 11.8618183] },
      "properties": { "highway": "street_lamp" },
      "geohash": "tdjerxksj"
    },
    {
      "type": "Feature",
      "geometry": { "type": "Point", "coordinates": [75.5705645, 11.8622466] },
      "properties": { "highway": "street_lamp" },
      "geohash": "tdjerxky9"
    },
    {
      "type": "Feature",
      "geometry": { "type": "Point", "coordinates": [75.5696744, 11.8626294] },
      "properties": { "highway": "street_lamp" },
      "geohash": "tdjerxs0v"
    },
    {
      "type": "Feature",
      "geometry": { "type": "Point", "coordinates": [75.5686374, 11.8633394] },
      "properties": { "highway": "street_lamp" },
      "geohash": "tdjerxeku"
    },
    {
      "type": "Feature",
      "geometry": { "type": "Point", "coordinates": [75.5684817, 11.8633238] },
      "properties": { "highway": "street_lamp" },
      "geohash": "tdjerxekc"
    },
    {
      "type": "Feature",
      "geometry": { "type": "Point", "coordinates": [75.5683808, 11.8629238] },
      "properties": { "highway": "street_lamp" },
      "geohash": "tdjerxe4w"
    },
    {
      "type": "Feature",
      "geometry": { "type": "Point", "coordinates": [75.567673, 11.862522] },
      "properties": { "highway": "street_lamp" },
      "geohash": "tdjerxd8n"
    },
    {
      "type": "Feature",
      "geometry": { "type": "Point", "coordinates": [75.5676765, 11.8620787] },
      "properties": { "highway": "street_lamp" },
      "geohash": "tdjerx6tw"
    },
    {
      "type": "Feature",
      "geometry": { "type": "Point", "coordinates": [75.5674766, 11.8613028] },
      "properties": { "highway": "street_lamp" },
      "geohash": "tdjerx691"
    },
    {
      "type": "Feature",
      "geometry": { "type": "Point", "coordinates": [75.5674146, 11.8608352] },
      "properties": { "highway": "street_lamp" },
      "geohash": "tdjerx4w2"
    },
    {
      "type": "Feature",
      "geometry": { "type": "Point", "coordinates": [75.5674341, 11.8594931] },
      "properties": { "highway": "street_lamp" },
      "geohash": "tdjerwfw8"
    },
    {
      "type": "Feature",
      "geometry": { "type": "Point", "coordinates": [75.5674111, 11.8587449] },
      "properties": { "highway": "street_lamp" },
      "geohash": "tdjerwfd0"
    },
    {
      "type": "Feature",
      "geometry": { "type": "Point", "coordinates": [75.5678358, 11.8580279] },
      "properties": { "highway": "street_lamp" },
      "geohash": "tdjerwdy4"
    },
    {
      "type": "Feature",
      "geometry": { "type": "Point", "coordinates": [75.567519, 11.8580418] },
      "properties": { "highway": "street_lamp" },
      "geohash": "tdjerwdw4"
    },
    {
      "type": "Feature",
      "geometry": { "type": "Point", "coordinates": [75.5671032, 11.8581907] },
      "properties": { "highway": "street_lamp" },
      "geohash": "tdjerwdqc"
    },
    {
      "type": "Feature",
      "geometry": { "type": "Point", "coordinates": [75.5668979, 11.8578045] },
      "properties": { "highway": "street_lamp" },
      "geohash": "tdjerwdhs"
    },
    {
      "type": "Feature",
      "geometry": { "type": "Point", "coordinates": [75.566774, 11.8574911] },
      "properties": { "highway": "street_lamp" },
      "geohash": "tdjerwd4c"
    },
    {
      "type": "Feature",
      "geometry": { "type": "Point", "coordinates": [75.5666908, 11.8570044] },
      "properties": { "highway": "street_lamp" },
      "geohash": "tdjerw9bp"
    },
    {
      "type": "Feature",
      "geometry": { "type": "Point", "coordinates": [75.5666962, 11.8565437] },
      "properties": { "highway": "street_lamp" },
      "geohash": "tdjerw3vr"
    },
    {
      "type": "Feature",
      "geometry": { "type": "Point", "coordinates": [75.567124, 11.8625613] },
      "properties": { "highway": "street_lamp" },
      "geohash": "tdjerxd23"
    },
    {
      "type": "Feature",
      "geometry": { "type": "Point", "coordinates": [75.5666996, 11.8625195] },
      "properties": { "highway": "street_lamp" },
      "geohash": "tdjerx9bp"
    },
    {
      "type": "Feature",
      "geometry": { "type": "Point", "coordinates": [75.566765, 11.8621381] },
      "properties": { "highway": "street_lamp" },
      "geohash": "tdjerx6jc"
    },
    {
      "type": "Feature",
      "geometry": { "type": "Point", "coordinates": [75.5664569, 11.8619828] },
      "properties": { "highway": "street_lamp" },
      "geohash": "tdjerx3v4"
    },
    {
      "type": "Feature",
      "geometry": { "type": "Point", "coordinates": [75.5662213, 11.8619533] },
      "properties": { "highway": "street_lamp" },
      "geohash": "tdjerx3su"
    },
    {
      "type": "Feature",
      "geometry": { "type": "Point", "coordinates": [75.5655085, 11.8618733] },
      "properties": { "highway": "street_lamp" },
      "geohash": "tdjerx3h7"
    },
    {
      "type": "Feature",
      "geometry": { "type": "Point", "coordinates": [75.5656802, 11.8619012] },
      "properties": { "highway": "street_lamp" },
      "geohash": "tdjerx3hx"
    },
    {
      "type": "Feature",
      "geometry": { "type": "Point", "coordinates": [75.5651019, 11.8617773] },
      "properties": { "highway": "street_lamp" },
      "geohash": "tdjerx2gf"
    },
    {
      "type": "Feature",
      "geometry": { "type": "Point", "coordinates": [75.5644275, 11.8617768] },
      "properties": { "highway": "street_lamp" },
      "geohash": "tdjerx27f"
    },
    {
      "type": "Feature",
      "geometry": { "type": "Point", "coordinates": [75.5637354, 11.8617579] },
      "properties": { "highway": "street_lamp" },
      "geohash": "tdjerrrgd"
    },
    {
      "type": "Feature",
      "geometry": { "type": "Point", "coordinates": [75.5635748, 11.8617425] },
      "properties": { "highway": "street_lamp" },
      "geohash": "tdjerrrew"
    },
    {
      "type": "Feature",
      "geometry": { "type": "Point", "coordinates": [75.563342, 11.8617221] },
      "properties": { "highway": "street_lamp" },
      "geohash": "tdjerrre9"
    },
    {
      "type": "Feature",
      "geometry": { "type": "Point", "coordinates": [75.5629376, 11.8616699] },
      "properties": { "highway": "street_lamp" },
      "geohash": "tdjerrr70"
    },
    {
      "type": "Feature",
      "geometry": { "type": "Point", "coordinates": [75.5627241, 11.861655] },
      "properties": { "highway": "street_lamp" },
      "geohash": "tdjerrr55"
    },
    {
      "type": "Feature",
      "geometry": { "type": "Point", "coordinates": [75.5622383, 11.8619027] },
      "properties": { "highway": "street_lamp" },
      "geohash": "tdjerrqsx"
    },
    {
      "type": "Feature",
      "geometry": { "type": "Point", "coordinates": [75.5624649, 11.8617346] },
      "properties": { "highway": "street_lamp" },
      "geohash": "tdjerrqgt"
    },
    {
      "type": "Feature",
      "geometry": { "type": "Point", "coordinates": [75.5620828, 11.8621344] },
      "properties": { "highway": "street_lamp" },
      "geohash": "tdjerrqtu"
    },
    {
      "type": "Feature",
      "geometry": { "type": "Point", "coordinates": [75.5618998, 11.8624219] },
      "properties": { "highway": "street_lamp" },
      "geohash": "tdjerrqrx"
    },
    {
      "type": "Feature",
      "geometry": { "type": "Point", "coordinates": [75.5616163, 11.8627601] },
      "properties": { "highway": "street_lamp" },
      "geohash": "tdjerrw39"
    },
    {
      "type": "Feature",
      "geometry": { "type": "Point", "coordinates": [75.5612646, 11.8630923] },
      "properties": { "highway": "street_lamp" },
      "geohash": "tdjerrw59"
    },
    {
      "type": "Feature",
      "geometry": { "type": "Point", "coordinates": [75.5609912, 11.8635061] },
      "properties": { "highway": "street_lamp" },
      "geohash": "tdjerrtvf"
    },
    {
      "type": "Feature",
      "geometry": { "type": "Point", "coordinates": [75.5611142, 11.863711] },
      "properties": { "highway": "street_lamp" },
      "geohash": "tdjerrtzj"
    },
    {
      "type": "Feature",
      "geometry": { "type": "Point", "coordinates": [75.5605897, 11.8634305] },
      "properties": { "highway": "street_lamp" },
      "geohash": "tdjerrtt3"
    },
    {
      "type": "Feature",
      "geometry": { "type": "Point", "coordinates": [75.5602035, 11.863338] },
      "properties": { "highway": "street_lamp" },
      "geohash": "tdjerrtkb"
    },
    {
      "type": "Feature",
      "geometry": { "type": "Point", "coordinates": [75.5593457, 11.8634722] },
      "properties": { "highway": "street_lamp" },
      "geohash": "tdjerrsts"
    },
    {
      "type": "Feature",
      "geometry": { "type": "Point", "coordinates": [75.5587877, 11.8636582] },
      "properties": { "highway": "street_lamp" },
      "geohash": "tdjerrsnz"
    },
    {
      "type": "Feature",
      "geometry": { "type": "Point", "coordinates": [75.5582897, 11.8636622] },
      "properties": { "highway": "street_lamp" },
      "geohash": "tdjerreyg"
    },
    {
      "type": "Feature",
      "geometry": { "type": "Point", "coordinates": [75.5579126, 11.8635996] },
      "properties": { "highway": "street_lamp" },
      "geohash": "tdjerrew6"
    },
    {
      "type": "Feature",
      "geometry": { "type": "Point", "coordinates": [75.55719, 11.8631599] },
      "properties": { "highway": "street_lamp" },
      "geohash": "tdjerre5f"
    },
    {
      "type": "Feature",
      "geometry": { "type": "Point", "coordinates": [75.5568536, 11.862955] },
      "properties": { "highway": "street_lamp" },
      "geohash": "tdjerrdfd"
    },
    {
      "type": "Feature",
      "geometry": { "type": "Point", "coordinates": [75.5567997, 11.8631888] },
      "properties": { "highway": "street_lamp" },
      "geohash": "tdjerrdu1"
    },
    {
      "type": "Feature",
      "geometry": { "type": "Point", "coordinates": [75.5564186, 11.8631917] },
      "properties": { "highway": "street_lamp" },
      "geohash": "tdjerrds0"
    },
    {
      "type": "Feature",
      "geometry": { "type": "Point", "coordinates": [75.5556415, 11.8630489] },
      "properties": { "highway": "street_lamp" },
      "geohash": "tdjerr9gq"
    },
    {
      "type": "Feature",
      "geometry": { "type": "Point", "coordinates": [75.5556251, 11.8626585] },
      "properties": { "highway": "street_lamp" },
      "geohash": "tdjerr9bv"
    },
    {
      "type": "Feature",
      "geometry": { "type": "Point", "coordinates": [75.5470664, 11.8672012] },
      "properties": { "highway": "street_lamp" },
      "geohash": "tdjex07eq"
    },
    {
      "type": "Feature",
      "geometry": { "type": "Point", "coordinates": [75.5475316, 11.8671846] },
      "properties": { "highway": "street_lamp" },
      "geohash": "tdjex0k53"
    },
    {
      "type": "Feature",
      "geometry": { "type": "Point", "coordinates": [75.5479214, 11.8671002] },
      "properties": { "highway": "street_lamp" },
      "geohash": "tdjex0k6f"
    },
    {
      "type": "Feature",
      "geometry": { "type": "Point", "coordinates": [75.5483974, 11.8669223] },
      "properties": { "highway": "street_lamp" },
      "geohash": "tdjex0k9v"
    },
    {
      "type": "Feature",
      "geometry": { "type": "Point", "coordinates": [75.5484436, 11.8664413] },
      "properties": { "highway": "street_lamp" },
      "geohash": "tdjex0hxn"
    },
    {
      "type": "Feature",
      "geometry": { "type": "Point", "coordinates": [75.5488286, 11.8653719] },
      "properties": { "highway": "street_lamp" },
      "geohash": "tdjex0hbz"
    },
    {
      "type": "Feature",
      "geometry": { "type": "Point", "coordinates": [75.5489267, 11.8648555] },
      "properties": { "highway": "street_lamp" },
      "geohash": "tdjerpvjc"
    },
    {
      "type": "Feature",
      "geometry": { "type": "Point", "coordinates": [75.5512585, 11.8637351] },
      "properties": { "highway": "street_lamp" },
      "geohash": "tdjerpwxr"
    },
    {
      "type": "Feature",
      "geometry": { "type": "Point", "coordinates": [75.5514282, 11.8656551] },
      "properties": { "highway": "street_lamp" },
      "geohash": "tdjex0nf7"
    },
    {
      "type": "Feature",
      "geometry": { "type": "Point", "coordinates": [75.5580471, 11.8649664] },
      "properties": { "highway": "street_lamp" },
      "geohash": "tdjerrgwq"
    },
    {
      "type": "Feature",
      "geometry": { "type": "Point", "coordinates": [75.5599569, 11.8656489] },
      "properties": { "highway": "street_lamp" },
      "geohash": "tdjex2j46"
    },
    {
      "type": "Feature",
      "geometry": { "type": "Point", "coordinates": [75.5602197, 11.8642787] },
      "properties": { "highway": "street_lamp" },
      "geohash": "tdjerrv62"
    },
    {
      "type": "Feature",
      "geometry": { "type": "Point", "coordinates": [75.5567597, 11.8648509] },
      "properties": { "highway": "street_lamp" },
      "geohash": "tdjerrfvb"
    },
    {
      "type": "Feature",
      "geometry": { "type": "Point", "coordinates": [75.5577682, 11.8641684] },
      "properties": { "highway": "street_lamp" },
      "geohash": "tdjerrg3z"
    },
    {
      "type": "Feature",
      "geometry": { "type": "Point", "coordinates": [75.5576716, 11.8638534] },
      "properties": { "highway": "street_lamp" },
      "geohash": "tdjerrerv"
    },
    {
      "type": "Feature",
      "geometry": { "type": "Point", "coordinates": [75.5553636, 11.8715587] },
      "properties": { "highway": "street_lamp" },
      "geohash": "tdjex31sz"
    },
    {
      "type": "Feature",
      "geometry": { "type": "Point", "coordinates": [75.5611213, 11.8653582] },
      "properties": { "highway": "street_lamp" },
      "geohash": "tdjex2jbt"
    },
    {
      "type": "Feature",
      "geometry": { "type": "Point", "coordinates": [75.5611677, 11.8661178] },
      "properties": { "highway": "street_lamp" },
      "geohash": "tdjex2jvn"
    },
    {
      "type": "Feature",
      "geometry": { "type": "Point", "coordinates": [75.5611871, 11.8667638] },
      "properties": { "highway": "street_lamp" },
      "geohash": "tdjex2mbz"
    },
    {
      "type": "Feature",
      "geometry": { "type": "Point", "coordinates": [75.5606315, 11.8679691] },
      "properties": { "highway": "street_lamp" },
      "geohash": "tdjex2mxf"
    },
    {
      "type": "Feature",
      "geometry": { "type": "Point", "coordinates": [75.5604775, 11.8692316] },
      "properties": { "highway": "street_lamp" },
      "geohash": "tdjex2trq"
    },
    {
      "type": "Feature",
      "geometry": { "type": "Point", "coordinates": [75.559552, 11.8703555] },
      "properties": { "highway": "street_lamp" },
      "geohash": "tdjex2uvc"
    },
    {
      "type": "Feature",
      "geometry": { "type": "Point", "coordinates": [75.5586124, 11.8708941] },
      "properties": { "highway": "street_lamp" },
      "geohash": "tdjex3h0g"
    },
    {
      "type": "Feature",
      "geometry": { "type": "Point", "coordinates": [75.5587044, 11.8702273] },
      "properties": { "highway": "street_lamp" },
      "geohash": "tdjex2ujj"
    },
    {
      "type": "Feature",
      "geometry": { "type": "Point", "coordinates": [75.5576861, 11.8712882] },
      "properties": { "highway": "street_lamp" },
      "geohash": "tdjex357m"
    },
    {
      "type": "Feature",
      "geometry": { "type": "Point", "coordinates": [75.5579429, 11.8719217] },
      "properties": { "highway": "street_lamp" },
      "geohash": "tdjex35wg"
    },
    {
      "type": "Feature",
      "geometry": { "type": "Point", "coordinates": [75.5579199, 11.8726016] },
      "properties": { "highway": "street_lamp" },
      "geohash": "tdjex37dg"
    },
    {
      "type": "Feature",
      "geometry": { "type": "Point", "coordinates": [75.557444, 11.8730517] },
      "properties": { "highway": "street_lamp" },
      "geohash": "tdjex37m8"
    },
    {
      "type": "Feature",
      "geometry": { "type": "Point", "coordinates": [75.557694, 11.8741488] },
      "properties": { "highway": "street_lamp" },
      "geohash": "tdjex3e7v"
    },
    {
      "type": "Feature",
      "geometry": { "type": "Point", "coordinates": [75.5589935, 11.8731917] },
      "properties": { "highway": "street_lamp" },
      "geohash": "tdjex3kqk"
    },
    {
      "type": "Feature",
      "geometry": { "type": "Point", "coordinates": [75.5597944, 11.8728878] },
      "properties": { "highway": "street_lamp" },
      "geohash": "tdjex3kuw"
    },
    {
      "type": "Feature",
      "geometry": { "type": "Point", "coordinates": [75.5598481, 11.8726867] },
      "properties": { "highway": "street_lamp" },
      "geohash": "tdjex3m52"
    },
    {
      "type": "Feature",
      "geometry": { "type": "Point", "coordinates": [75.5598014, 11.8717269] },
      "properties": { "highway": "street_lamp" },
      "geohash": "tdjex3hvy"
    },
    {
      "type": "Feature",
      "geometry": { "type": "Point", "coordinates": [75.5594581, 11.8715226] },
      "properties": { "highway": "street_lamp" },
      "geohash": "tdjex3hsw"
    },
    {
      "type": "Feature",
      "geometry": { "type": "Point", "coordinates": [75.5574991, 11.8749475] },
      "properties": { "highway": "street_lamp" },
      "geohash": "tdjex3g29"
    },
    {
      "type": "Feature",
      "geometry": { "type": "Point", "coordinates": [75.5574736, 11.8757087] },
      "properties": { "highway": "street_lamp" },
      "geohash": "tdjex3gm0"
    },
    {
      "type": "Feature",
      "geometry": { "type": "Point", "coordinates": [75.5578638, 11.8767402] },
      "properties": { "highway": "street_lamp" },
      "geohash": "tdjex65e1"
    },
    {
      "type": "Feature",
      "geometry": { "type": "Point", "coordinates": [75.5577129, 11.8776452] },
      "properties": { "highway": "street_lamp" },
      "geohash": "tdjex672q"
    },
    {
      "type": "Feature",
      "geometry": { "type": "Point", "coordinates": [75.5573205, 11.8787319] },
      "properties": { "highway": "street_lamp" },
      "geohash": "tdjex67nt"
    },
    {
      "type": "Feature",
      "geometry": { "type": "Point", "coordinates": [75.5567516, 11.8785988] },
      "properties": { "highway": "street_lamp" },
      "geohash": "tdjex66tz"
    },
    {
      "type": "Feature",
      "geometry": { "type": "Point", "coordinates": [75.5559711, 11.8788281] },
      "properties": { "highway": "street_lamp" },
      "geohash": "tdjex66pj"
    },
    {
      "type": "Feature",
      "geometry": { "type": "Point", "coordinates": [75.5549496, 11.8791446] },
      "properties": { "highway": "street_lamp" },
      "geohash": "tdjex693j"
    },
    {
      "type": "Feature",
      "geometry": { "type": "Point", "coordinates": [75.5536327, 11.8785185] },
      "properties": { "highway": "street_lamp" },
      "geohash": "tdjex62mr"
    },
    {
      "type": "Feature",
      "geometry": { "type": "Point", "coordinates": [75.5544329, 11.8792315] },
      "properties": { "highway": "street_lamp" },
      "geohash": "tdjex6919"
    },
    {
      "type": "Feature",
      "geometry": { "type": "Point", "coordinates": [75.5540622, 11.8806198] },
      "properties": { "highway": "street_lamp" },
      "geohash": "tdjex6bc9"
    },
    {
      "type": "Feature",
      "geometry": { "type": "Point", "coordinates": [75.5543164, 11.881482] },
      "properties": { "highway": "street_lamp" },
      "geohash": "tdjex6byx"
    },
    {
      "type": "Feature",
      "geometry": { "type": "Point", "coordinates": [75.5564016, 11.8839499] },
      "properties": { "highway": "street_lamp" },
      "geohash": "tdjex76mp"
    },
    {
      "type": "Feature",
      "geometry": { "type": "Point", "coordinates": [75.5578341, 11.883832] },
      "properties": { "highway": "street_lamp" },
      "geohash": "tdjex77s3"
    },
    {
      "type": "Feature",
      "geometry": { "type": "Point", "coordinates": [75.5585105, 11.8840029] },
      "properties": { "highway": "street_lamp" },
      "geohash": "tdjex7kj2"
    },
    {
      "type": "Feature",
      "geometry": { "type": "Point", "coordinates": [75.5578024, 11.8792225] },
      "properties": { "highway": "street_lamp" },
      "geohash": "tdjex6e92"
    },
    {
      "type": "Feature",
      "geometry": { "type": "Point", "coordinates": [75.5583441, 11.8797434] },
      "properties": { "highway": "street_lamp" },
      "geohash": "tdjex6eut"
    },
    {
      "type": "Feature",
      "geometry": { "type": "Point", "coordinates": [75.5593248, 11.8792453] },
      "properties": { "highway": "street_lamp" },
      "geohash": "tdjex6s9e"
    },
    {
      "type": "Feature",
      "geometry": { "type": "Point", "coordinates": [75.5589651, 11.8798092] },
      "properties": { "highway": "street_lamp" },
      "geohash": "tdjex6skg"
    },
    {
      "type": "Feature",
      "geometry": { "type": "Point", "coordinates": [75.5600059, 11.879845] },
      "properties": { "highway": "street_lamp" },
      "geohash": "tdjex6tj5"
    },
    {
      "type": "Feature",
      "geometry": { "type": "Point", "coordinates": [75.5605649, 11.878556] },
      "properties": { "highway": "street_lamp" },
      "geohash": "tdjex6mt8"
    },
    {
      "type": "Feature",
      "geometry": { "type": "Point", "coordinates": [75.5604616, 11.8773699] },
      "properties": { "highway": "street_lamp" },
      "geohash": "tdjex6jqw"
    },
    {
      "type": "Feature",
      "geometry": { "type": "Point", "coordinates": [75.5607847, 11.8769201] },
      "properties": { "highway": "street_lamp" },
      "geohash": "tdjex6jsj"
    },
    {
      "type": "Feature",
      "geometry": { "type": "Point", "coordinates": [75.5616755, 11.8759185] },
      "properties": { "highway": "street_lamp" },
      "geohash": "tdjex3yq4"
    },
    {
      "type": "Feature",
      "geometry": { "type": "Point", "coordinates": [75.5618765, 11.8758768] },
      "properties": { "highway": "street_lamp" },
      "geohash": "tdjex3ymz"
    },
    {
      "type": "Feature",
      "geometry": { "type": "Point", "coordinates": [75.5618723, 11.8749078] },
      "properties": { "highway": "street_lamp" },
      "geohash": "tdjex3y2r"
    },
    {
      "type": "Feature",
      "geometry": { "type": "Point", "coordinates": [75.5613793, 11.8743469] },
      "properties": { "highway": "street_lamp" },
      "geohash": "tdjex3wj5"
    },
    {
      "type": "Feature",
      "geometry": { "type": "Point", "coordinates": [75.5613439, 11.87405] },
      "properties": { "highway": "street_lamp" },
      "geohash": "tdjex3w56"
    },
    {
      "type": "Feature",
      "geometry": { "type": "Point", "coordinates": [75.5609541, 11.8735464] },
      "properties": { "highway": "street_lamp" },
      "geohash": "tdjex3tb3"
    },
    {
      "type": "Feature",
      "geometry": { "type": "Point", "coordinates": [75.5612268, 11.8734937] },
      "properties": { "highway": "street_lamp" },
      "geohash": "tdjex3w00"
    },
    {
      "type": "Feature",
      "geometry": { "type": "Point", "coordinates": [75.5621962, 11.8733227] },
      "properties": { "highway": "street_lamp" },
      "geohash": "tdjex3qxn"
    },
    {
      "type": "Feature",
      "geometry": { "type": "Point", "coordinates": [75.5633004, 11.8731063] },
      "properties": { "highway": "street_lamp" },
      "geohash": "tdjex3rtb"
    },
    {
      "type": "Feature",
      "geometry": { "type": "Point", "coordinates": [75.5627412, 11.8730093] },
      "properties": { "highway": "street_lamp" },
      "geohash": "tdjex3rj7"
    },
    {
      "type": "Feature",
      "geometry": { "type": "Point", "coordinates": [75.5637798, 11.8736238] },
      "properties": { "highway": "street_lamp" },
      "geohash": "tdjex3xbg"
    },
    {
      "type": "Feature",
      "geometry": { "type": "Point", "coordinates": [75.56435, 11.8735254] },
      "properties": { "highway": "street_lamp" },
      "geohash": "tdjex9822"
    },
    {
      "type": "Feature",
      "geometry": { "type": "Point", "coordinates": [75.5639516, 11.8740137] },
      "properties": { "highway": "street_lamp" },
      "geohash": "tdjex3xgp"
    },
    {
      "type": "Feature",
      "geometry": { "type": "Point", "coordinates": [75.5636846, 11.8739242] },
      "properties": { "highway": "street_lamp" },
      "geohash": "tdjex3xf9"
    },
    {
      "type": "Feature",
      "geometry": { "type": "Point", "coordinates": [75.5650136, 11.8736175] },
      "properties": { "highway": "street_lamp" },
      "geohash": "tdjex98bb"
    },
    {
      "type": "Feature",
      "geometry": { "type": "Point", "coordinates": [75.5647361, 11.8743831] },
      "properties": { "highway": "street_lamp" },
      "geohash": "tdjex98t3"
    },
    {
      "type": "Feature",
      "geometry": { "type": "Point", "coordinates": [75.5666872, 11.8751623] },
      "properties": { "highway": "street_lamp" },
      "geohash": "tdjex9ccz"
    },
    {
      "type": "Feature",
      "geometry": { "type": "Point", "coordinates": [75.5652983, 11.8752464] },
      "properties": { "highway": "street_lamp" },
      "geohash": "tdjex9bfr"
    },
    {
      "type": "Feature",
      "geometry": { "type": "Point", "coordinates": [75.5655431, 11.8751959] },
      "properties": { "highway": "street_lamp" },
      "geohash": "tdjex9c4h"
    },
    {
      "type": "Feature",
      "geometry": { "type": "Point", "coordinates": [75.565828, 11.8754452] },
      "properties": { "highway": "street_lamp" },
      "geohash": "tdjex9c77"
    },
    {
      "type": "Feature",
      "geometry": { "type": "Point", "coordinates": [75.566113, 11.8756441] },
      "properties": { "highway": "street_lamp" },
      "geohash": "tdjex9csd"
    },
    {
      "type": "Feature",
      "geometry": { "type": "Point", "coordinates": [75.5662424, 11.8758048] },
      "properties": { "highway": "street_lamp" },
      "geohash": "tdjex9ctt"
    },
    {
      "type": "Feature",
      "geometry": { "type": "Point", "coordinates": [75.5665194, 11.8760214] },
      "properties": { "highway": "street_lamp" },
      "geohash": "tdjex9cyg"
    },
    {
      "type": "Feature",
      "geometry": { "type": "Point", "coordinates": [75.5676299, 11.8752206] },
      "properties": { "highway": "street_lamp" },
      "geohash": "tdjex9fdj"
    },
    {
      "type": "Feature",
      "geometry": { "type": "Point", "coordinates": [75.569126, 11.8753373] },
      "properties": { "highway": "street_lamp" },
      "geohash": "tdjex9gfb"
    },
    {
      "type": "Feature",
      "geometry": { "type": "Point", "coordinates": [75.5695291, 11.8753274] },
      "properties": { "highway": "street_lamp" },
      "geohash": "tdjex9u4c"
    },
    {
      "type": "Feature",
      "geometry": { "type": "Point", "coordinates": [75.5697628, 11.8752065] },
      "properties": { "highway": "street_lamp" },
      "geohash": "tdjex9u4p"
    },
    {
      "type": "Feature",
      "geometry": { "type": "Point", "coordinates": [75.5700316, 11.875058] },
      "properties": { "highway": "street_lamp" },
      "geohash": "tdjex9u3j"
    },
    {
      "type": "Feature",
      "geometry": { "type": "Point", "coordinates": [75.5701687, 11.8753542] },
      "properties": { "highway": "street_lamp" },
      "geohash": "tdjex9udb"
    },
    {
      "type": "Feature",
      "geometry": { "type": "Point", "coordinates": [75.5704953, 11.8757809] },
      "properties": { "highway": "street_lamp" },
      "geohash": "tdjex9uv2"
    },
    {
      "type": "Feature",
      "geometry": { "type": "Point", "coordinates": [75.5702744, 11.8755971] },
      "properties": { "highway": "street_lamp" },
      "geohash": "tdjex9us7"
    },
    {
      "type": "Feature",
      "geometry": { "type": "Point", "coordinates": [75.5708376, 11.8754039] },
      "properties": { "highway": "street_lamp" },
      "geohash": "tdjex9v50"
    },
    {
      "type": "Feature",
      "geometry": { "type": "Point", "coordinates": [75.571433, 11.8753033] },
      "properties": { "highway": "street_lamp" },
      "geohash": "tdjex9v6w"
    },
    {
      "type": "Feature",
      "geometry": { "type": "Point", "coordinates": [75.5711575, 11.8752462] },
      "properties": { "highway": "street_lamp" },
      "geohash": "tdjex9v4r"
    },
    {
      "type": "Feature",
      "geometry": { "type": "Point", "coordinates": [75.5719117, 11.875429] },
      "properties": { "highway": "street_lamp" },
      "geohash": "tdjex9vg3"
    },
    {
      "type": "Feature",
      "geometry": { "type": "Point", "coordinates": [75.5718697, 11.8751182] },
      "properties": { "highway": "street_lamp" },
      "geohash": "tdjex9vc8"
    },
    {
      "type": "Feature",
      "geometry": { "type": "Point", "coordinates": [75.5720986, 11.8747672] },
      "properties": { "highway": "street_lamp" },
      "geohash": "tdjex9tzt"
    },
    {
      "type": "Feature",
      "geometry": { "type": "Point", "coordinates": [75.5723187, 11.8743457] },
      "properties": { "highway": "street_lamp" },
      "geohash": "tdjex9wj4"
    },
    {
      "type": "Feature",
      "geometry": { "type": "Point", "coordinates": [75.5724813, 11.8740115] },
      "properties": { "highway": "street_lamp" },
      "geohash": "tdjex9w5n"
    },
    {
      "type": "Feature",
      "geometry": { "type": "Point", "coordinates": [75.5725789, 11.8737907] },
      "properties": { "highway": "street_lamp" },
      "geohash": "tdjex9w3b"
    },
    {
      "type": "Feature",
      "geometry": { "type": "Point", "coordinates": [75.5728289, 11.8740314] },
      "properties": { "highway": "street_lamp" },
      "geohash": "tdjex9w7n"
    },
    {
      "type": "Feature",
      "geometry": { "type": "Point", "coordinates": [75.5731216, 11.8739856] },
      "properties": { "highway": "street_lamp" },
      "geohash": "tdjex9wdv"
    },
    {
      "type": "Feature",
      "geometry": { "type": "Point", "coordinates": [75.5731745, 11.8739439] },
      "properties": { "highway": "street_lamp" },
      "geohash": "tdjex9wdw"
    },
    {
      "type": "Feature",
      "geometry": { "type": "Point", "coordinates": [75.5734367, 11.8739677] },
      "properties": { "highway": "street_lamp" },
      "geohash": "tdjex9wfu"
    },
    {
      "type": "Feature",
      "geometry": { "type": "Point", "coordinates": [75.5726968, 11.8731064] },
      "properties": { "highway": "street_lamp" },
      "geohash": "tdjex9qmg"
    },
    {
      "type": "Feature",
      "geometry": { "type": "Point", "coordinates": [75.5725897, 11.8734044] },
      "properties": { "highway": "street_lamp" },
      "geohash": "tdjex9qr8"
    },
    {
      "type": "Feature",
      "geometry": { "type": "Point", "coordinates": [75.57271, 11.8726729] },
      "properties": { "highway": "street_lamp" },
      "geohash": "tdjex9q77"
    },
    {
      "type": "Feature",
      "geometry": { "type": "Point", "coordinates": [75.5726726, 11.8725792] },
      "properties": { "highway": "street_lamp" },
      "geohash": "tdjex9q6f"
    },
    {
      "type": "Feature",
      "geometry": { "type": "Point", "coordinates": [75.572236, 11.8725746] },
      "properties": { "highway": "street_lamp" },
      "geohash": "tdjex9q4b"
    },
    {
      "type": "Feature",
      "geometry": { "type": "Point", "coordinates": [75.5717783, 11.8725403] },
      "properties": { "highway": "street_lamp" },
      "geohash": "tdjex9mdw"
    },
    {
      "type": "Feature",
      "geometry": { "type": "Point", "coordinates": [75.571864, 11.8720422] },
      "properties": { "highway": "street_lamp" },
      "geohash": "tdjex9jz8"
    },
    {
      "type": "Feature",
      "geometry": { "type": "Point", "coordinates": [75.6093741, 11.8790227] },
      "properties": { "highway": "street_lamp" },
      "geohash": "tdjg8d906"
    },
    {
      "type": "Feature",
      "geometry": { "type": "Point", "coordinates": [75.6086088, 11.8788524] },
      "properties": { "highway": "street_lamp" },
      "geohash": "tdjg8d2x2"
    },
    {
      "type": "Feature",
      "geometry": { "type": "Point", "coordinates": [75.6079328, 11.8788412] },
      "properties": { "highway": "street_lamp" },
      "geohash": "tdjg8d2p2"
    },
    {
      "type": "Feature",
      "geometry": { "type": "Point", "coordinates": [75.6072984, 11.878636] },
      "properties": { "highway": "street_lamp" },
      "geohash": "tdjg86rw1"
    },
    {
      "type": "Feature",
      "geometry": { "type": "Point", "coordinates": [75.6067315, 11.874734] },
      "properties": { "highway": "street_lamp" },
      "geohash": "tdjg83xpk"
    },
    {
      "type": "Feature",
      "geometry": { "type": "Point", "coordinates": [75.6068453, 11.8744863] },
      "properties": { "highway": "street_lamp" },
      "geohash": "tdjg83xjz"
    },
    {
      "type": "Feature",
      "geometry": { "type": "Point", "coordinates": [75.6072132, 11.8742794] },
      "properties": { "highway": "street_lamp" },
      "geohash": "tdjg83xkx"
    },
    {
      "type": "Feature",
      "geometry": { "type": "Point", "coordinates": [75.6075557, 11.8740915] },
      "properties": { "highway": "street_lamp" },
      "geohash": "tdjg83xex"
    },
    {
      "type": "Feature",
      "geometry": { "type": "Point", "coordinates": [75.6081828, 11.8735633] },
      "properties": { "highway": "street_lamp" },
      "geohash": "tdjg8980w"
    },
    {
      "type": "Feature",
      "geometry": { "type": "Point", "coordinates": [75.6085304, 11.8734171] },
      "properties": { "highway": "street_lamp" },
      "geohash": "tdjg892rw"
    },
    {
      "type": "Feature",
      "geometry": { "type": "Point", "coordinates": [75.6098722, 11.8722596] },
      "properties": { "highway": "street_lamp" },
      "geohash": "tdjg8932v"
    },
    {
      "type": "Feature",
      "geometry": { "type": "Point", "coordinates": [75.6103268, 11.8718199] },
      "properties": { "highway": "street_lamp" },
      "geohash": "tdjg891y2"
    },
    {
      "type": "Feature",
      "geometry": { "type": "Point", "coordinates": [75.6110953, 11.8719144] },
      "properties": { "highway": "street_lamp" },
      "geohash": "tdjg894qf"
    },
    {
      "type": "Feature",
      "geometry": { "type": "Point", "coordinates": [75.6073916, 11.8715306] },
      "properties": { "highway": "street_lamp" },
      "geohash": "tdjg83pse"
    },
    {
      "type": "Feature",
      "geometry": { "type": "Point", "coordinates": [75.6078818, 11.8715462] },
      "properties": { "highway": "street_lamp" },
      "geohash": "tdjg83puz"
    },
    {
      "type": "Feature",
      "geometry": { "type": "Point", "coordinates": [75.6079402, 11.8710994] },
      "properties": { "highway": "street_lamp" },
      "geohash": "tdjg89040"
    },
    {
      "type": "Feature",
      "geometry": { "type": "Point", "coordinates": [75.6060787, 11.8713973] },
      "properties": { "highway": "street_lamp" },
      "geohash": "tdjg83nev"
    },
    {
      "type": "Feature",
      "geometry": { "type": "Point", "coordinates": [75.6052493, 11.8713178] },
      "properties": { "highway": "street_lamp" },
      "geohash": "tdjg83n53"
    },
    {
      "type": "Feature",
      "geometry": { "type": "Point", "coordinates": [75.6046883, 11.8710631] },
      "properties": { "highway": "street_lamp" },
      "geohash": "tdjg83j9u"
    },
    {
      "type": "Feature",
      "geometry": { "type": "Point", "coordinates": [75.6046964, 11.8701242] },
      "properties": { "highway": "street_lamp" },
      "geohash": "tdjg82vsm"
    },
    {
      "type": "Feature",
      "geometry": { "type": "Point", "coordinates": [75.6014234, 11.868423] },
      "properties": { "highway": "street_lamp" },
      "geohash": "tdjg82e68"
    },
    {
      "type": "Feature",
      "geometry": { "type": "Point", "coordinates": [75.6001217, 11.8671461] },
      "properties": { "highway": "street_lamp" },
      "geohash": "tdjg82674"
    },
    {
      "type": "Feature",
      "geometry": { "type": "Point", "coordinates": [75.603296, 11.8764948] },
      "properties": { "highway": "street_lamp" },
      "geohash": "tdjg86h9s"
    },
    {
      "type": "Feature",
      "geometry": { "type": "Point", "coordinates": [75.6030624, 11.8751708] },
      "properties": { "highway": "street_lamp" },
      "geohash": "tdjg83u3z"
    },
    {
      "type": "Feature",
      "geometry": { "type": "Point", "coordinates": [75.6022227, 11.8737772] },
      "properties": { "highway": "street_lamp" },
      "geohash": "tdjg83ecg"
    },
    {
      "type": "Feature",
      "geometry": { "type": "Point", "coordinates": [75.5994436, 11.8717254] },
      "properties": { "highway": "street_lamp" },
      "geohash": "tdjg831vf"
    },
    {
      "type": "Feature",
      "geometry": { "type": "Point", "coordinates": [75.5977722, 11.872339] },
      "properties": { "highway": "street_lamp" },
      "geohash": "tdjg83297"
    },
    {
      "type": "Feature",
      "geometry": { "type": "Point", "coordinates": [75.5951163, 11.8727294] },
      "properties": { "highway": "street_lamp" },
      "geohash": "tdjg81qet"
    },
    {
      "type": "Feature",
      "geometry": { "type": "Point", "coordinates": [75.5947928, 11.8730219] },
      "properties": { "highway": "street_lamp" },
      "geohash": "tdjg81qmq"
    },
    {
      "type": "Feature",
      "geometry": { "type": "Point", "coordinates": [75.5919058, 11.8732179] },
      "properties": { "highway": "street_lamp" },
      "geohash": "tdjg81kqe"
    },
    {
      "type": "Feature",
      "geometry": { "type": "Point", "coordinates": [75.5893085, 11.8738315] },
      "properties": { "highway": "street_lamp" },
      "geohash": "tdjg81d6n"
    },
    {
      "type": "Feature",
      "geometry": { "type": "Point", "coordinates": [75.5886107, 11.8741903] },
      "properties": { "highway": "street_lamp" },
      "geohash": "tdjg819un"
    },
    {
      "type": "Feature",
      "geometry": { "type": "Point", "coordinates": [75.5874676, 11.8745584] },
      "properties": { "highway": "street_lamp" },
      "geohash": "tdjg819n7"
    },
    {
      "type": "Feature",
      "geometry": { "type": "Point", "coordinates": [75.5857527, 11.874341] },
      "properties": { "highway": "street_lamp" },
      "geohash": "tdjexcxv5"
    },
    {
      "type": "Feature",
      "geometry": { "type": "Point", "coordinates": [75.5850625, 11.8743643] },
      "properties": { "highway": "street_lamp" },
      "geohash": "tdjexcxm5"
    },
    {
      "type": "Feature",
      "geometry": { "type": "Point", "coordinates": [75.5854527, 11.8744014] },
      "properties": { "highway": "street_lamp" },
      "geohash": "tdjexcxtk"
    },
    {
      "type": "Feature",
      "geometry": { "type": "Point", "coordinates": [75.5835779, 11.8765221] },
      "properties": { "highway": "street_lamp" },
      "geohash": "tdjexfn3c"
    },
    {
      "type": "Feature",
      "geometry": { "type": "Point", "coordinates": [75.5825285, 11.8768143] },
      "properties": { "highway": "street_lamp" },
      "geohash": "tdjexfje2"
    },
    {
      "type": "Feature",
      "geometry": { "type": "Point", "coordinates": [75.5819038, 11.8769831] },
      "properties": { "highway": "street_lamp" },
      "geohash": "tdjexfjh6"
    },
    {
      "type": "Feature",
      "geometry": { "type": "Point", "coordinates": [75.5805634, 11.8775286] },
      "properties": { "highway": "street_lamp" },
      "geohash": "tdjexfhpd"
    },
    {
      "type": "Feature",
      "geometry": { "type": "Point", "coordinates": [75.5805597, 11.8787424] },
      "properties": { "highway": "street_lamp" },
      "geohash": "tdjexfknd"
    },
    {
      "type": "Feature",
      "geometry": { "type": "Point", "coordinates": [75.5840621, 11.8807586] },
      "properties": { "highway": "street_lamp" },
      "geohash": "tdjexfydk"
    },
    {
      "type": "Feature",
      "geometry": { "type": "Point", "coordinates": [75.5827265, 11.8806079] },
      "properties": { "highway": "street_lamp" },
      "geohash": "tdjexfv9t"
    },
    {
      "type": "Feature",
      "geometry": { "type": "Point", "coordinates": [75.5807654, 11.8800094] },
      "properties": { "highway": "street_lamp" },
      "geohash": "tdjexfsnp"
    },
    {
      "type": "Feature",
      "geometry": { "type": "Point", "coordinates": [75.5797366, 11.8818871] },
      "properties": { "highway": "street_lamp" },
      "geohash": "tdjexg53p"
    },
    {
      "type": "Feature",
      "geometry": { "type": "Point", "coordinates": [75.5804733, 11.8815761] },
      "properties": { "highway": "street_lamp" },
      "geohash": "tdjexfup0"
    },
    {
      "type": "Feature",
      "geometry": { "type": "Point", "coordinates": [75.5800981, 11.8810341] },
      "properties": { "highway": "street_lamp" },
      "geohash": "tdjexfgsp"
    },
    {
      "type": "Feature",
      "geometry": { "type": "Point", "coordinates": [75.5797336, 11.8799847] },
      "properties": { "highway": "street_lamp" },
      "geohash": "tdjexfemz"
    },
    {
      "type": "Feature",
      "geometry": { "type": "Point", "coordinates": [75.5790505, 11.8799726] },
      "properties": { "highway": "street_lamp" },
      "geohash": "tdjexfdvz"
    },
    {
      "type": "Feature",
      "geometry": { "type": "Point", "coordinates": [75.5788046, 11.8799795] },
      "properties": { "highway": "street_lamp" },
      "geohash": "tdjexfdvc"
    },
    {
      "type": "Feature",
      "geometry": { "type": "Point", "coordinates": [75.578279, 11.8802029] },
      "properties": { "highway": "street_lamp" },
      "geohash": "tdjexfdrj"
    },
    {
      "type": "Feature",
      "geometry": { "type": "Point", "coordinates": [75.5823997, 11.8819775] },
      "properties": { "highway": "street_lamp" },
      "geohash": "tdjexgj3t"
    },
    {
      "type": "Feature",
      "geometry": { "type": "Point", "coordinates": [75.5825741, 11.8817232] },
      "properties": { "highway": "street_lamp" },
      "geohash": "tdjexgj81"
    },
    {
      "type": "Feature",
      "geometry": { "type": "Point", "coordinates": [75.576811, 11.8775414] },
      "properties": { "highway": "street_lamp" },
      "geohash": "tdjexf1re"
    },
    {
      "type": "Feature",
      "geometry": { "type": "Point", "coordinates": [75.5749888, 11.8741165] },
      "properties": { "highway": "street_lamp" },
      "geohash": "tdjexc858"
    },
    {
      "type": "Feature",
      "geometry": { "type": "Point", "coordinates": [75.575202, 11.8744699] },
      "properties": { "highway": "street_lamp" },
      "geohash": "tdjexc8jv"
    },
    {
      "type": "Feature",
      "geometry": { "type": "Point", "coordinates": [75.5754085, 11.8749401] },
      "properties": { "highway": "street_lamp" },
      "geohash": "tdjexcb2d"
    },
    {
      "type": "Feature",
      "geometry": { "type": "Point", "coordinates": [75.5756915, 11.8755269] },
      "properties": { "highway": "street_lamp" },
      "geohash": "tdjexcbec"
    },
    {
      "type": "Feature",
      "geometry": { "type": "Point", "coordinates": [75.5757797, 11.8757742] },
      "properties": { "highway": "street_lamp" },
      "geohash": "tdjexcbt7"
    },
    {
      "type": "Feature",
      "geometry": { "type": "Point", "coordinates": [75.5761384, 11.8761879] },
      "properties": { "highway": "street_lamp" },
      "geohash": "tdjexcbzg"
    },
    {
      "type": "Feature",
      "geometry": { "type": "Point", "coordinates": [75.5718617, 11.8757597] },
      "properties": { "highway": "street_lamp" },
      "geohash": "tdjex9vv2"
    },
    {
      "type": "Feature",
      "geometry": { "type": "Point", "coordinates": [75.5722037, 11.8761457] },
      "properties": { "highway": "street_lamp" },
      "geohash": "tdjex9vzx"
    },
    {
      "type": "Feature",
      "geometry": { "type": "Point", "coordinates": [75.5715706, 11.8763509] },
      "properties": { "highway": "street_lamp" },
      "geohash": "tdjexdj8c"
    },
    {
      "type": "Feature",
      "geometry": { "type": "Point", "coordinates": [75.5713348, 11.8764318] },
      "properties": { "highway": "street_lamp" },
      "geohash": "tdjexdj35"
    },
    {
      "type": "Feature",
      "geometry": { "type": "Point", "coordinates": [75.5714114, 11.876518] },
      "properties": { "highway": "street_lamp" },
      "geohash": "tdjexdj3t"
    },
    {
      "type": "Feature",
      "geometry": { "type": "Point", "coordinates": [75.5716654, 11.8762214] },
      "properties": { "highway": "street_lamp" },
      "geohash": "tdjexdj85"
    },
    {
      "type": "Feature",
      "geometry": { "type": "Point", "coordinates": [75.5712143, 11.8768329] },
      "properties": { "highway": "street_lamp" },
      "geohash": "tdjexdj78"
    },
    {
      "type": "Feature",
      "geometry": { "type": "Point", "coordinates": [75.5716729, 11.8772253] },
      "properties": { "highway": "street_lamp" },
      "geohash": "tdjexdjtg"
    },
    {
      "type": "Feature",
      "geometry": { "type": "Point", "coordinates": [75.5719438, 11.8772975] },
      "properties": { "highway": "street_lamp" },
      "geohash": "tdjexdjy3"
    },
    {
      "type": "Feature",
      "geometry": { "type": "Point", "coordinates": [75.5722375, 11.8773368] },
      "properties": { "highway": "street_lamp" },
      "geohash": "tdjexdnn8"
    },
    {
      "type": "Feature",
      "geometry": { "type": "Point", "coordinates": [75.5724494, 11.87735] },
      "properties": { "highway": "street_lamp" },
      "geohash": "tdjexdnnt"
    },
    {
      "type": "Feature",
      "geometry": { "type": "Point", "coordinates": [75.5729014, 11.8774668] },
      "properties": { "highway": "street_lamp" },
      "geohash": "tdjexdnx2"
    },
    {
      "type": "Feature",
      "geometry": { "type": "Point", "coordinates": [75.5733064, 11.8775508] },
      "properties": { "highway": "street_lamp" },
      "geohash": "tdjexdnz9"
    },
    {
      "type": "Feature",
      "geometry": { "type": "Point", "coordinates": [75.5709211, 11.8765811] },
      "properties": { "highway": "street_lamp" },
      "geohash": "tdjexdj44"
    },
    {
      "type": "Feature",
      "geometry": { "type": "Point", "coordinates": [75.5706388, 11.8766212] },
      "properties": { "highway": "street_lamp" },
      "geohash": "tdjexdhf7"
    },
    {
      "type": "Feature",
      "geometry": { "type": "Point", "coordinates": [75.5703244, 11.8765831] },
      "properties": { "highway": "street_lamp" },
      "geohash": "tdjexdhdh"
    },
    {
      "type": "Feature",
      "geometry": { "type": "Point", "coordinates": [75.5715077, 11.8774176] },
      "properties": { "highway": "street_lamp" },
      "geohash": "tdjexdjqz"
    },
    {
      "type": "Feature",
      "geometry": { "type": "Point", "coordinates": [75.5714918, 11.8776163] },
      "properties": { "highway": "street_lamp" },
      "geohash": "tdjexdm2p"
    },
    {
      "type": "Feature",
      "geometry": { "type": "Point", "coordinates": [75.5714493, 11.877857] },
      "properties": { "highway": "street_lamp" },
      "geohash": "tdjexdm3w"
    },
    {
      "type": "Feature",
      "geometry": { "type": "Point", "coordinates": [75.5712571, 11.8782945] },
      "properties": { "highway": "street_lamp" },
      "geohash": "tdjexdmk1"
    },
    {
      "type": "Feature",
      "geometry": { "type": "Point", "coordinates": [75.571408, 11.8786918] },
      "properties": { "highway": "street_lamp" },
      "geohash": "tdjexdmqm"
    },
    {
      "type": "Feature",
      "geometry": { "type": "Point", "coordinates": [75.5714938, 11.8789631] },
      "properties": { "highway": "street_lamp" },
      "geohash": "tdjexdmrz"
    },
    {
      "type": "Feature",
      "geometry": { "type": "Point", "coordinates": [75.5718628, 11.8790275] },
      "properties": { "highway": "street_lamp" },
      "geohash": "tdjexdtb2"
    },
    {
      "type": "Feature",
      "geometry": { "type": "Point", "coordinates": [75.572558, 11.879308] },
      "properties": { "highway": "street_lamp" },
      "geohash": "tdjexdw3b"
    },
    {
      "type": "Feature",
      "geometry": { "type": "Point", "coordinates": [75.5722611, 11.8792256] },
      "properties": { "highway": "street_lamp" },
      "geohash": "tdjexdw19"
    },
    {
      "type": "Feature",
      "geometry": { "type": "Point", "coordinates": [75.571418, 11.8795471] },
      "properties": { "highway": "street_lamp" },
      "geohash": "tdjexdt7m"
    },
    {
      "type": "Feature",
      "geometry": { "type": "Point", "coordinates": [75.5714663, 11.8794053] },
      "properties": { "highway": "street_lamp" },
      "geohash": "tdjexdt6w"
    },
    {
      "type": "Feature",
      "geometry": { "type": "Point", "coordinates": [75.5524488, 11.8792612] },
      "properties": { "highway": "street_lamp" },
      "geohash": "tdjex4x9e"
    },
    {
      "type": "Feature",
      "geometry": { "type": "Point", "coordinates": [75.5515588, 11.8790979] },
      "properties": { "highway": "street_lamp" },
      "geohash": "tdjex4wby"
    },
    {
      "type": "Feature",
      "geometry": { "type": "Point", "coordinates": [75.5512396, 11.8791734] },
      "properties": { "highway": "street_lamp" },
      "geohash": "tdjex4w9p"
    },
    {
      "type": "Feature",
      "geometry": { "type": "Point", "coordinates": [75.5502504, 11.8791702] },
      "properties": { "highway": "street_lamp" },
      "geohash": "tdjex4w10"
    },
    {
      "type": "Feature",
      "geometry": { "type": "Point", "coordinates": [75.5502994, 11.8791931] },
      "properties": { "highway": "street_lamp" },
      "geohash": "tdjex4w13"
    },
    {
      "type": "Feature",
      "geometry": { "type": "Point", "coordinates": [75.5500132, 11.8780301] },
      "properties": { "highway": "street_lamp" },
      "geohash": "tdjex4mfd"
    },
    {
      "type": "Feature",
      "geometry": { "type": "Point", "coordinates": [75.5504906, 11.8760061] },
      "properties": { "highway": "street_lamp" },
      "geohash": "tdjex1ynw"
    },
    {
      "type": "Feature",
      "geometry": { "type": "Point", "coordinates": [75.5508891, 11.8760728] },
      "properties": { "highway": "street_lamp" },
      "geohash": "tdjex1yrp"
    },
    {
      "type": "Feature",
      "geometry": { "type": "Point", "coordinates": [75.5508344, 11.8754588] },
      "properties": { "highway": "street_lamp" },
      "geohash": "tdjex1y7w"
    },
    {
      "type": "Feature",
      "geometry": { "type": "Point", "coordinates": [75.550824, 11.8747689] },
      "properties": { "highway": "street_lamp" },
      "geohash": "tdjex1wrt"
    },
    {
      "type": "Feature",
      "geometry": { "type": "Point", "coordinates": [75.5510172, 11.8740077] },
      "properties": { "highway": "street_lamp" },
      "geohash": "tdjex1we4"
    },
    {
      "type": "Feature",
      "geometry": { "type": "Point", "coordinates": [75.5504834, 11.8734184] },
      "properties": { "highway": "street_lamp" },
      "geohash": "tdjex1qpt"
    },
    {
      "type": "Feature",
      "geometry": { "type": "Point", "coordinates": [75.5504217, 11.873715] },
      "properties": { "highway": "street_lamp" },
      "geohash": "tdjex1w1k"
    },
    {
      "type": "Feature",
      "geometry": { "type": "Point", "coordinates": [75.5500435, 11.8736639] },
      "properties": { "highway": "street_lamp" },
      "geohash": "tdjex1tc5"
    },
    {
      "type": "Feature",
      "geometry": { "type": "Point", "coordinates": [75.5498598, 11.8736652] },
      "properties": { "highway": "street_lamp" },
      "geohash": "tdjex1t9p"
    },
    {
      "type": "Feature",
      "geometry": { "type": "Point", "coordinates": [75.5491396, 11.8736179] },
      "properties": { "highway": "street_lamp" },
      "geohash": "tdjex1t0y"
    },
    {
      "type": "Feature",
      "geometry": { "type": "Point", "coordinates": [75.5496715, 11.8736453] },
      "properties": { "highway": "street_lamp" },
      "geohash": "tdjex1t8f"
    },
    {
      "type": "Feature",
      "geometry": { "type": "Point", "coordinates": [75.5508337, 11.872835] },
      "properties": { "highway": "street_lamp" },
      "geohash": "tdjex1qkq"
    },
    {
      "type": "Feature",
      "geometry": { "type": "Point", "coordinates": [75.5508034, 11.872634] },
      "properties": { "highway": "street_lamp" },
      "geohash": "tdjex1q7j"
    },
    {
      "type": "Feature",
      "geometry": { "type": "Point", "coordinates": [75.5508381, 11.8713696] },
      "properties": { "highway": "street_lamp" },
      "geohash": "tdjex1n7w"
    },
    {
      "type": "Feature",
      "geometry": { "type": "Point", "coordinates": [75.5511008, 11.8716141] },
      "properties": { "highway": "street_lamp" },
      "geohash": "tdjex1nth"
    },
    {
      "type": "Feature",
      "geometry": { "type": "Point", "coordinates": [75.5508778, 11.872078] },
      "properties": { "highway": "street_lamp" },
      "geohash": "tdjex1nrz"
    },
    {
      "type": "Feature",
      "geometry": { "type": "Point", "coordinates": [75.5510938, 11.8720391] },
      "properties": { "highway": "street_lamp" },
      "geohash": "tdjex1nxs"
    },
    {
      "type": "Feature",
      "geometry": { "type": "Point", "coordinates": [75.5510082, 11.8707686] },
      "properties": { "highway": "street_lamp" },
      "geohash": "tdjex1n84"
    },
    {
      "type": "Feature",
      "geometry": { "type": "Point", "coordinates": [75.5511961, 11.8704142] },
      "properties": { "highway": "street_lamp" },
      "geohash": "tdjex0ywn"
    },
    {
      "type": "Feature",
      "geometry": { "type": "Point", "coordinates": [75.5515618, 11.8700029] },
      "properties": { "highway": "street_lamp" },
      "geohash": "tdjex0ygy"
    },
    {
      "type": "Feature",
      "geometry": { "type": "Point", "coordinates": [75.5516482, 11.8697167] },
      "properties": { "highway": "street_lamp" },
      "geohash": "tdjex0z41"
    },
    {
      "type": "Feature",
      "geometry": { "type": "Point", "coordinates": [75.5516505, 11.8694716] },
      "properties": { "highway": "street_lamp" },
      "geohash": "tdjex0z09"
    },
    {
      "type": "Feature",
      "geometry": { "type": "Point", "coordinates": [75.5516511, 11.8694179] },
      "properties": { "highway": "street_lamp" },
      "geohash": "tdjex0z03"
    },
    {
      "type": "Feature",
      "geometry": { "type": "Point", "coordinates": [75.5523355, 11.8692069] },
      "properties": { "highway": "street_lamp" },
      "geohash": "tdjex0xx1"
    },
    {
      "type": "Feature",
      "geometry": { "type": "Point", "coordinates": [75.5529858, 11.8687841] },
      "properties": { "highway": "street_lamp" },
      "geohash": "tdjex28h8"
    },
    {
      "type": "Feature",
      "geometry": { "type": "Point", "coordinates": [75.552938, 11.8679156] },
      "properties": { "highway": "street_lamp" },
      "geohash": "tdjex0rzx"
    },
    {
      "type": "Feature",
      "geometry": { "type": "Point", "coordinates": [75.5536901, 11.8679017] },
      "properties": { "highway": "street_lamp" },
      "geohash": "tdjex22x8"
    },
    {
      "type": "Feature",
      "geometry": { "type": "Point", "coordinates": [75.5535237, 11.8679485] },
      "properties": { "highway": "street_lamp" },
      "geohash": "tdjex22ru"
    },
    {
      "type": "Feature",
      "geometry": { "type": "Point", "coordinates": [75.5540847, 11.8671761] },
      "properties": { "highway": "street_lamp" },
      "geohash": "tdjex22g3"
    },
    {
      "type": "Feature",
      "geometry": { "type": "Point", "coordinates": [75.5544108, 11.8660467] },
      "properties": { "highway": "street_lamp" },
      "geohash": "tdjex21h9"
    },
    {
      "type": "Feature",
      "geometry": { "type": "Point", "coordinates": [75.5551885, 11.8654779] },
      "properties": { "highway": "street_lamp" },
      "geohash": "tdjex2197"
    },
    {
      "type": "Feature",
      "geometry": { "type": "Point", "coordinates": [75.5560076, 11.8652274] },
      "properties": { "highway": "street_lamp" },
      "geohash": "tdjerrfpy"
    },
    {
      "type": "Feature",
      "geometry": { "type": "Point", "coordinates": [75.5473171, 11.8688652] },
      "properties": { "highway": "street_lamp" },
      "geohash": "tdjex0evh"
    },
    {
      "type": "Feature",
      "geometry": { "type": "Point", "coordinates": [75.5478148, 11.8687747] },
      "properties": { "highway": "street_lamp" },
      "geohash": "tdjex0shx"
    },
    {
      "type": "Feature",
      "geometry": { "type": "Point", "coordinates": [75.5484461, 11.8685994] },
      "properties": { "highway": "street_lamp" },
      "geohash": "tdjex0sew"
    },
    {
      "type": "Feature",
      "geometry": { "type": "Point", "coordinates": [75.548589, 11.8685769] },
      "properties": { "highway": "street_lamp" },
      "geohash": "tdjex0sg3"
    },
    {
      "type": "Feature",
      "geometry": { "type": "Point", "coordinates": [75.5494148, 11.8683905] },
      "properties": { "highway": "street_lamp" },
      "geohash": "tdjex0t6k"
    },
    {
      "type": "Feature",
      "geometry": { "type": "Point", "coordinates": [75.550057, 11.8681803] },
      "properties": { "highway": "street_lamp" },
      "geohash": "tdjex0tc5"
    },
    {
      "type": "Feature",
      "geometry": { "type": "Point", "coordinates": [75.5502384, 11.8686426] },
      "properties": { "highway": "street_lamp" },
      "geohash": "tdjex0w5b"
    },
    {
      "type": "Feature",
      "geometry": { "type": "Point", "coordinates": [75.5504042, 11.8688688] },
      "properties": { "highway": "street_lamp" },
      "geohash": "tdjex0wjh"
    },
    {
      "type": "Feature",
      "geometry": { "type": "Point", "coordinates": [75.550612, 11.8690973] },
      "properties": { "highway": "street_lamp" },
      "geohash": "tdjex0wq8"
    },
    {
      "type": "Feature",
      "geometry": { "type": "Point", "coordinates": [75.5508505, 11.8690258] },
      "properties": { "highway": "street_lamp" },
      "geohash": "tdjex0wqn"
    },
    {
      "type": "Feature",
      "geometry": { "type": "Point", "coordinates": [75.5514092, 11.8692012] },
      "properties": { "highway": "street_lamp" },
      "geohash": "tdjex0wz5"
    },
    {
      "type": "Feature",
      "geometry": { "type": "Point", "coordinates": [75.5511227, 11.8687866] },
      "properties": { "highway": "street_lamp" },
      "geohash": "tdjex0wss"
    },
    {
      "type": "Feature",
      "geometry": { "type": "Point", "coordinates": [75.5953643, 11.8676456] },
      "properties": { "highway": "street_lamp" },
      "geohash": "tdjg80qy5"
    },
    {
      "type": "Feature",
      "geometry": { "type": "Point", "coordinates": [75.5941555, 11.8636765] },
      "properties": { "highway": "street_lamp" },
      "geohash": "tdjg2ptyz"
    },
    {
      "type": "Feature",
      "geometry": { "type": "Point", "coordinates": [75.59406, 11.864566] },
      "properties": { "highway": "street_lamp" },
      "geohash": "tdjg2pvuj"
    },
    {
      "type": "Feature",
      "geometry": { "type": "Point", "coordinates": [75.5923993, 11.8641861] },
      "properties": { "highway": "street_lamp" },
      "geohash": "tdjg2pu9y"
    },
    {
      "type": "Feature",
      "geometry": { "type": "Point", "coordinates": [75.5930186, 11.8637549] },
      "properties": { "highway": "street_lamp" },
      "geohash": "tdjg2ptpm"
    },
    {
      "type": "Feature",
      "geometry": { "type": "Point", "coordinates": [75.5924116, 11.8634473] },
      "properties": { "highway": "street_lamp" },
      "geohash": "tdjg2pstw"
    },
    {
      "type": "Feature",
      "geometry": { "type": "Point", "coordinates": [75.5919371, 11.8630523] },
      "properties": { "highway": "street_lamp" },
      "geohash": "tdjg2ps77"
    },
    {
      "type": "Feature",
      "geometry": { "type": "Point", "coordinates": [75.5911977, 11.8624252] },
      "properties": { "highway": "street_lamp" },
      "geohash": "tdjg2p7zd"
    },
    {
      "type": "Feature",
      "geometry": { "type": "Point", "coordinates": [75.5905229, 11.8618854] },
      "properties": { "highway": "street_lamp" },
      "geohash": "tdjg2p7k6"
    },
    {
      "type": "Feature",
      "geometry": { "type": "Point", "coordinates": [75.5910582, 11.8622604] },
      "properties": { "highway": "street_lamp" },
      "geohash": "tdjg2p7wx"
    },
    {
      "type": "Feature",
      "geometry": { "type": "Point", "coordinates": [75.5868822, 11.8636507] },
      "properties": { "highway": "street_lamp" },
      "geohash": "tdjg2p8wy"
    },
    {
      "type": "Feature",
      "geometry": { "type": "Point", "coordinates": [75.5855733, 11.8666169] },
      "properties": { "highway": "street_lamp" },
      "geohash": "tdjexbr8p"
    },
    {
      "type": "Feature",
      "geometry": { "type": "Point", "coordinates": [75.5846269, 11.866597] },
      "properties": { "highway": "street_lamp" },
      "geohash": "tdjexbppc"
    },
    {
      "type": "Feature",
      "geometry": { "type": "Point", "coordinates": [75.5842467, 11.8664538] },
      "properties": { "highway": "street_lamp" },
      "geohash": "tdjexbnz0"
    },
    {
      "type": "Feature",
      "geometry": { "type": "Point", "coordinates": [75.5836715, 11.8672853] },
      "properties": { "highway": "street_lamp" },
      "geohash": "tdjexbq7g"
    },
    {
      "type": "Feature",
      "geometry": { "type": "Point", "coordinates": [75.5822933, 11.8672893] },
      "properties": { "highway": "street_lamp" },
      "geohash": "tdjexbm7g"
    },
    {
      "type": "Feature",
      "geometry": { "type": "Point", "coordinates": [75.5830899, 11.8669387] },
      "properties": { "highway": "street_lamp" },
      "geohash": "tdjexbmcv"
    },
    {
      "type": "Feature",
      "geometry": { "type": "Point", "coordinates": [75.581815, 11.8676665] },
      "properties": { "highway": "street_lamp" },
      "geohash": "tdjexbkyp"
    },
    {
      "type": "Feature",
      "geometry": { "type": "Point", "coordinates": [75.5812756, 11.8675009] },
      "properties": { "highway": "street_lamp" },
      "geohash": "tdjexbkt5"
    },
    {
      "type": "Feature",
      "geometry": { "type": "Point", "coordinates": [75.5807876, 11.8679922] },
      "properties": { "highway": "street_lamp" },
      "geohash": "tdjexbs0p"
    },
    {
      "type": "Feature",
      "geometry": { "type": "Point", "coordinates": [75.5811361, 11.8676484] },
      "properties": { "highway": "street_lamp" },
      "geohash": "tdjexbkw0"
    },
    {
      "type": "Feature",
      "geometry": { "type": "Point", "coordinates": [75.5804002, 11.8682611] },
      "properties": { "highway": "street_lamp" },
      "geohash": "tdjexbecw"
    },
    {
      "type": "Feature",
      "geometry": { "type": "Point", "coordinates": [75.5799226, 11.868653] },
      "properties": { "highway": "street_lamp" },
      "geohash": "tdjexbeeg"
    },
    {
      "type": "Feature",
      "geometry": { "type": "Point", "coordinates": [75.5796329, 11.868459] },
      "properties": { "highway": "street_lamp" },
      "geohash": "tdjexbe6v"
    },
    {
      "type": "Feature",
      "geometry": { "type": "Point", "coordinates": [75.5795516, 11.8684083] },
      "properties": { "highway": "street_lamp" },
      "geohash": "tdjexbe67"
    },
    {
      "type": "Feature",
      "geometry": { "type": "Point", "coordinates": [75.5791864, 11.868056] },
      "properties": { "highway": "street_lamp" },
      "geohash": "tdjexbe06"
    },
    {
      "type": "Feature",
      "geometry": { "type": "Point", "coordinates": [75.5787314, 11.8679781] },
      "properties": { "highway": "street_lamp" },
      "geohash": "tdjexb6zb"
    },
    {
      "type": "Feature",
      "geometry": { "type": "Point", "coordinates": [75.5792006, 11.8663473] },
      "properties": { "highway": "street_lamp" },
      "geohash": "tdjexb5n7"
    },
    {
      "type": "Feature",
      "geometry": { "type": "Point", "coordinates": [75.5773373, 11.8607585] },
      "properties": { "highway": "street_lamp" },
      "geohash": "tdjerz1tz"
    },
    {
      "type": "Feature",
      "geometry": { "type": "Point", "coordinates": [75.5779917, 11.8605117] },
      "properties": { "highway": "street_lamp" },
      "geohash": "tdjerz4hq"
    },
    {
      "type": "Feature",
      "geometry": { "type": "Point", "coordinates": [75.5783779, 11.8605248] },
      "properties": { "highway": "street_lamp" },
      "geohash": "tdjerz4kx"
    },
    {
      "type": "Feature",
      "geometry": { "type": "Point", "coordinates": [75.5783967, 11.8602571] },
      "properties": { "highway": "street_lamp" },
      "geohash": "tdjerz4e0"
    },
    {
      "type": "Feature",
      "geometry": { "type": "Point", "coordinates": [75.5789895, 11.860223] },
      "properties": { "highway": "street_lamp" },
      "geohash": "tdjerz4fy"
    },
    {
      "type": "Feature",
      "geometry": { "type": "Point", "coordinates": [75.5797459, 11.8599683] },
      "properties": { "highway": "street_lamp" },
      "geohash": "tdjerz53r"
    },
    {
      "type": "Feature",
      "geometry": { "type": "Point", "coordinates": [75.5800919, 11.860097] },
      "properties": { "highway": "street_lamp" },
      "geohash": "tdjerz5dp"
    },
    {
      "type": "Feature",
      "geometry": { "type": "Point", "coordinates": [75.5805157, 11.8606325] },
      "properties": { "highway": "street_lamp" },
      "geohash": "tdjerzhj1"
    },
    {
      "type": "Feature",
      "geometry": { "type": "Point", "coordinates": [75.5813959, 11.8612739] },
      "properties": { "highway": "street_lamp" },
      "geohash": "tdjerzk8y"
    },
    {
      "type": "Feature",
      "geometry": { "type": "Point", "coordinates": [75.582463, 11.8617606] },
      "properties": { "highway": "street_lamp" },
      "geohash": "tdjerzm7z"
    },
    {
      "type": "Feature",
      "geometry": { "type": "Point", "coordinates": [75.5819843, 11.8614795] },
      "properties": { "highway": "street_lamp" },
      "geohash": "tdjerzm45"
    },
    {
      "type": "Feature",
      "geometry": { "type": "Point", "coordinates": [75.5828646, 11.862124] },
      "properties": { "highway": "street_lamp" },
      "geohash": "tdjerzmvb"
    },
    {
      "type": "Feature",
      "geometry": { "type": "Point", "coordinates": [75.5831565, 11.8623433] },
      "properties": { "highway": "street_lamp" },
      "geohash": "tdjerzmzp"
    },
    {
      "type": "Feature",
      "geometry": { "type": "Point", "coordinates": [75.5835791, 11.8628803] },
      "properties": { "highway": "street_lamp" },
      "geohash": "tdjerzw63"
    },
    {
      "type": "Feature",
      "geometry": { "type": "Point", "coordinates": [75.5834484, 11.8626404] },
      "properties": { "highway": "street_lamp" },
      "geohash": "tdjerzw0v"
    },
    {
      "type": "Feature",
      "geometry": { "type": "Point", "coordinates": [75.5845014, 11.8633831] },
      "properties": { "highway": "street_lamp" },
      "geohash": "tdjerzwvn"
    },
    {
      "type": "Feature",
      "geometry": { "type": "Point", "coordinates": [75.5838111, 11.8637076] },
      "properties": { "highway": "street_lamp" },
      "geohash": "tdjerzwrn"
    },
    {
      "type": "Feature",
      "geometry": { "type": "Point", "coordinates": [75.5919928, 11.8686536] },
      "properties": { "highway": "street_lamp" },
      "geohash": "tdjg80s7v"
    },
    {
      "type": "Feature",
      "geometry": { "type": "Point", "coordinates": [75.5918654, 11.8678535] },
      "properties": { "highway": "street_lamp" },
      "geohash": "tdjg80kr6"
    },
    {
      "type": "Feature",
      "geometry": { "type": "Point", "coordinates": [75.5915787, 11.8678639] },
      "properties": { "highway": "street_lamp" },
      "geohash": "tdjg80kp7"
    },
    {
      "type": "Feature",
      "geometry": { "type": "Point", "coordinates": [75.59183, 11.8673825] },
      "properties": { "highway": "street_lamp" },
      "geohash": "tdjg80kk9"
    },
    {
      "type": "Feature",
      "geometry": { "type": "Point", "coordinates": [75.5916955, 11.8662118] },
      "properties": { "highway": "street_lamp" },
      "geohash": "tdjg80hjw"
    },
    {
      "type": "Feature",
      "geometry": { "type": "Point", "coordinates": [75.5917557, 11.8655537] },
      "properties": { "highway": "street_lamp" },
      "geohash": "tdjg80h1z"
    },
    {
      "type": "Feature",
      "geometry": { "type": "Point", "coordinates": [75.5919291, 11.8647675] },
      "properties": { "highway": "street_lamp" },
      "geohash": "tdjg2pum7"
    },
    {
      "type": "Feature",
      "geometry": { "type": "Point", "coordinates": [75.5877252, 11.8697755] },
      "properties": { "highway": "street_lamp" },
      "geohash": "tdjg80c63"
    },
    {
      "type": "Feature",
      "geometry": { "type": "Point", "coordinates": [75.587337, 11.8690338] },
      "properties": { "highway": "street_lamp" },
      "geohash": "tdjg809n0"
    },
    {
      "type": "Feature",
      "geometry": { "type": "Point", "coordinates": [75.5883537, 11.8699384] },
      "properties": { "highway": "street_lamp" },
      "geohash": "tdjg80cg2"
    },
    {
      "type": "Feature",
      "geometry": { "type": "Point", "coordinates": [75.5877499, 11.8706198] },
      "properties": { "highway": "street_lamp" },
      "geohash": "tdjg80cr6"
    },
    {
      "type": "Feature",
      "geometry": { "type": "Point", "coordinates": [75.5884338, 11.8696308] },
      "properties": { "highway": "street_lamp" },
      "geohash": "tdjg80ccd"
    },
    {
      "type": "Feature",
      "geometry": { "type": "Point", "coordinates": [75.5878238, 11.8692087] },
      "properties": { "highway": "street_lamp" },
      "geohash": "tdjg809r5"
    },
    {
      "type": "Feature",
      "geometry": { "type": "Point", "coordinates": [75.5886125, 11.8690097] },
      "properties": { "highway": "street_lamp" },
      "geohash": "tdjg809vy"
    },
    {
      "type": "Feature",
      "geometry": { "type": "Point", "coordinates": [75.5878484, 11.8720731] },
      "properties": { "highway": "street_lamp" },
      "geohash": "tdjg811ru"
    },
    {
      "type": "Feature",
      "geometry": { "type": "Point", "coordinates": [75.5876882, 11.8712771] },
      "properties": { "highway": "street_lamp" },
      "geohash": "tdjg81170"
    },
    {
      "type": "Feature",
      "geometry": { "type": "Point", "coordinates": [75.5876697, 11.8710178] },
      "properties": { "highway": "street_lamp" },
      "geohash": "tdjg81138"
    },
    {
      "type": "Feature",
      "geometry": { "type": "Point", "coordinates": [75.5804354, 11.8690278] },
      "properties": { "highway": "street_lamp" },
      "geohash": "tdjexbeyp"
    },
    {
      "type": "Feature",
      "geometry": { "type": "Point", "coordinates": [75.5805957, 11.8695886] },
      "properties": { "highway": "street_lamp" },
      "geohash": "tdjexbu17"
    },
    {
      "type": "Feature",
      "geometry": { "type": "Point", "coordinates": [75.5821855, 11.8697816] },
      "properties": { "highway": "street_lamp" },
      "geohash": "tdjexbv62"
    },
    {
      "type": "Feature",
      "geometry": { "type": "Point", "coordinates": [75.5821608, 11.86907] },
      "properties": { "highway": "street_lamp" },
      "geohash": "tdjexbtnr"
    },
    {
      "type": "Feature",
      "geometry": { "type": "Point", "coordinates": [75.5819267, 11.8683946] },
      "properties": { "highway": "street_lamp" },
      "geohash": "tdjexbt46"
    },
    {
      "type": "Feature",
      "geometry": { "type": "Point", "coordinates": [75.5813844, 11.8714942] },
      "properties": { "highway": "street_lamp" },
      "geohash": "tdjexchsm"
    },
    {
      "type": "Feature",
      "geometry": { "type": "Point", "coordinates": [75.58226, 11.8715691] },
      "properties": { "highway": "street_lamp" },
      "geohash": "tdjexcjkf"
    },
    {
      "type": "Feature",
      "geometry": { "type": "Point", "coordinates": [75.5783799, 11.8725294] },
      "properties": { "highway": "street_lamp" },
      "geohash": "tdjexc66r"
    },
    {
      "type": "Feature",
      "geometry": { "type": "Point", "coordinates": [75.5783747, 11.8757238] },
      "properties": { "highway": "street_lamp" },
      "geohash": "tdjexcfmp"
    },
    {
      "type": "Feature",
      "geometry": { "type": "Point", "coordinates": [75.5790238, 11.87596] },
      "properties": { "highway": "street_lamp" },
      "geohash": "tdjexcfyq"
    },
    {
      "type": "Feature",
      "geometry": { "type": "Point", "coordinates": [75.5795612, 11.8760193] },
      "properties": { "highway": "street_lamp" },
      "geohash": "tdjexcgqg"
    },
    {
      "type": "Feature",
      "geometry": { "type": "Point", "coordinates": [75.594099, 11.8572217] },
      "properties": { "highway": "street_lamp" },
      "geohash": "tdjg2ntcq"
    },
    {
      "type": "Feature",
      "geometry": { "type": "Point", "coordinates": [75.594014, 11.8578452] },
      "properties": { "highway": "street_lamp" },
      "geohash": "tdjg2ntuu"
    },
    {
      "type": "Feature",
      "geometry": { "type": "Point", "coordinates": [75.5940105, 11.8575334] },
      "properties": { "highway": "street_lamp" },
      "geohash": "tdjg2ntgh"
    },
    {
      "type": "Feature",
      "geometry": { "type": "Point", "coordinates": [75.5936035, 11.8594038] },
      "properties": { "highway": "street_lamp" },
      "geohash": "tdjg2nvw4"
    },
    {
      "type": "Feature",
      "geometry": { "type": "Point", "coordinates": [75.5937521, 11.8589501] },
      "properties": { "highway": "street_lamp" },
      "geohash": "tdjg2nveq"
    },
    {
      "type": "Feature",
      "geometry": { "type": "Point", "coordinates": [75.5924993, 11.857911] },
      "properties": { "highway": "street_lamp" },
      "geohash": "tdjg2nsv2"
    },
    {
      "type": "Feature",
      "geometry": { "type": "Point", "coordinates": [75.5926545, 11.857109] },
      "properties": { "highway": "street_lamp" },
      "geohash": "tdjg2nsbs"
    },
    {
      "type": "Feature",
      "geometry": { "type": "Point", "coordinates": [75.5928028, 11.8563925] },
      "properties": { "highway": "street_lamp" },
      "geohash": "tdjg2nkur"
    },
    {
      "type": "Feature",
      "geometry": { "type": "Point", "coordinates": [75.5938036, 11.8547213] },
      "properties": { "highway": "street_lamp" },
      "geohash": "tdjg2njdz"
    },
    {
      "type": "Feature",
      "geometry": { "type": "Point", "coordinates": [75.5935171, 11.8547183] },
      "properties": { "highway": "street_lamp" },
      "geohash": "tdjg2njd8"
    },
    {
      "type": "Feature",
      "geometry": { "type": "Point", "coordinates": [75.5923771, 11.8549565] },
      "properties": { "highway": "street_lamp" },
      "geohash": "tdjg2nhsn"
    },
    {
      "type": "Feature",
      "geometry": { "type": "Point", "coordinates": [75.5931535, 11.8548148] },
      "properties": { "highway": "street_lamp" },
      "geohash": "tdjg2nj72"
    },
    {
      "type": "Feature",
      "geometry": { "type": "Point", "coordinates": [75.5929347, 11.8543233] },
      "properties": { "highway": "street_lamp" },
      "geohash": "tdjg2nj07"
    },
    {
      "type": "Feature",
      "geometry": { "type": "Point", "coordinates": [75.5927745, 11.8536991] },
      "properties": { "highway": "street_lamp" },
      "geohash": "tdjg2juuz"
    },
    {
      "type": "Feature",
      "geometry": { "type": "Point", "coordinates": [75.5920166, 11.8523693] },
      "properties": { "highway": "street_lamp" },
      "geohash": "tdjg2jsmj"
    },
    {
      "type": "Feature",
      "geometry": { "type": "Point", "coordinates": [75.5925404, 11.8523151] },
      "properties": { "highway": "street_lamp" },
      "geohash": "tdjg2jsu9"
    },
    {
      "type": "Feature",
      "geometry": { "type": "Point", "coordinates": [75.5919981, 11.85151] },
      "properties": { "highway": "street_lamp" },
      "geohash": "tdjg2js2j"
    },
    {
      "type": "Feature",
      "geometry": { "type": "Point", "coordinates": [75.5919118, 11.8513803] },
      "properties": { "highway": "street_lamp" },
      "geohash": "tdjg2jkr7"
    },
    {
      "type": "Feature",
      "geometry": { "type": "Point", "coordinates": [75.5898475, 11.8555535] },
      "properties": { "highway": "street_lamp" },
      "geohash": "tdjg2n4ze"
    },
    {
      "type": "Feature",
      "geometry": { "type": "Point", "coordinates": [75.5900848, 11.8554902] },
      "properties": { "highway": "street_lamp" },
      "geohash": "tdjg2n5p0"
    },
    {
      "type": "Feature",
      "geometry": { "type": "Point", "coordinates": [75.5903867, 11.8553967] },
      "properties": { "highway": "street_lamp" },
      "geohash": "tdjg2n5nx"
    },
    {
      "type": "Feature",
      "geometry": { "type": "Point", "coordinates": [75.5907349, 11.8553364] },
      "properties": { "highway": "street_lamp" },
      "geohash": "tdjg2n5qr"
    },
    {
      "type": "Feature",
      "geometry": { "type": "Point", "coordinates": [75.5880143, 11.8557194] },
      "properties": { "highway": "street_lamp" },
      "geohash": "tdjg2n388"
    },
    {
      "type": "Feature",
      "geometry": { "type": "Point", "coordinates": [75.5880513, 11.8562682] },
      "properties": { "highway": "street_lamp" },
      "geohash": "tdjg2n3ec"
    },
    {
      "type": "Feature",
      "geometry": { "type": "Point", "coordinates": [75.5882824, 11.8557435] },
      "properties": { "highway": "street_lamp" },
      "geohash": "tdjg2n38w"
    },
    {
      "type": "Feature",
      "geometry": { "type": "Point", "coordinates": [75.5890927, 11.8557194] },
      "properties": { "highway": "street_lamp" },
      "geohash": "tdjg2n629"
    },
    {
      "type": "Feature",
      "geometry": { "type": "Point", "coordinates": [75.5879681, 11.8571607] },
      "properties": { "highway": "street_lamp" },
      "geohash": "tdjg2n92z"
    },
    {
      "type": "Feature",
      "geometry": { "type": "Point", "coordinates": [75.5910857, 11.8551541] },
      "properties": { "highway": "street_lamp" },
      "geohash": "tdjg2n5tr"
    },
    {
      "type": "Feature",
      "geometry": { "type": "Point", "coordinates": [75.5911088, 11.8553531] },
      "properties": { "highway": "street_lamp" },
      "geohash": "tdjg2n5y2"
    },
    {
      "type": "Feature",
      "geometry": { "type": "Point", "coordinates": [75.5916649, 11.8550606] },
      "properties": { "highway": "street_lamp" },
      "geohash": "tdjg2nhht"
    },
    {
      "type": "Feature",
      "geometry": { "type": "Point", "coordinates": [75.583772, 11.8540208] },
      "properties": { "highway": "street_lamp" },
      "geohash": "tdjervyqt"
    },
    {
      "type": "Feature",
      "geometry": { "type": "Point", "coordinates": [75.584133, 11.8540173] },
      "properties": { "highway": "street_lamp" },
      "geohash": "tdjervywt"
    },
    {
      "type": "Feature",
      "geometry": { "type": "Point", "coordinates": [75.5843736, 11.8543671] },
      "properties": { "highway": "street_lamp" },
      "geohash": "tdjerynbe"
    },
    {
      "type": "Feature",
      "geometry": { "type": "Point", "coordinates": [75.5851416, 11.8546061] },
      "properties": { "highway": "street_lamp" },
      "geohash": "tdjeryp6j"
    },
    {
      "type": "Feature",
      "geometry": { "type": "Point", "coordinates": [75.5855876, 11.8540069] },
      "properties": { "highway": "street_lamp" },
      "geohash": "tdjervzwx"
    },
    {
      "type": "Feature",
      "geometry": { "type": "Point", "coordinates": [75.585623, 11.8539584] },
      "properties": { "highway": "street_lamp" },
      "geohash": "tdjervzy2"
    },
    {
      "type": "Feature",
      "geometry": { "type": "Point", "coordinates": [75.5862353, 11.8523443] },
      "properties": { "highway": "street_lamp" },
      "geohash": "tdjg2j8hy"
    },
    {
      "type": "Feature",
      "geometry": { "type": "Point", "coordinates": [75.5865042, 11.8524967] },
      "properties": { "highway": "street_lamp" },
      "geohash": "tdjg2j8mv"
    },
    {
      "type": "Feature",
      "geometry": { "type": "Point", "coordinates": [75.5872545, 11.8523339] },
      "properties": { "highway": "street_lamp" },
      "geohash": "tdjg2j8uy"
    },
    {
      "type": "Feature",
      "geometry": { "type": "Point", "coordinates": [75.590855, 11.851163] },
      "properties": { "highway": "street_lamp" },
      "geohash": "tdjg2j7w4"
    },
    {
      "type": "Feature",
      "geometry": { "type": "Point", "coordinates": [75.5911133, 11.8503976] },
      "properties": { "highway": "street_lamp" },
      "geohash": "tdjg2j7c8"
    },
    {
      "type": "Feature",
      "geometry": { "type": "Point", "coordinates": [75.5909696, 11.8507713] },
      "properties": { "highway": "street_lamp" },
      "geohash": "tdjg2j7et"
    },
    {
      "type": "Feature",
      "geometry": { "type": "Point", "coordinates": [75.5900894, 11.8509523] },
      "properties": { "highway": "street_lamp" },
      "geohash": "tdjg2j7hb"
    },
    {
      "type": "Feature",
      "geometry": { "type": "Point", "coordinates": [75.5900142, 11.8505704] },
      "properties": { "highway": "street_lamp" },
      "geohash": "tdjg2j6fw"
    },
    {
      "type": "Feature",
      "geometry": { "type": "Point", "coordinates": [75.5900959, 11.8511134] },
      "properties": { "highway": "street_lamp" },
      "geohash": "tdjg2j7j8"
    },
    {
      "type": "Feature",
      "geometry": { "type": "Point", "coordinates": [75.5916322, 11.8455169] },
      "properties": { "highway": "street_lamp" },
      "geohash": "tdjg2hkjh"
    },
    {
      "type": "Feature",
      "geometry": { "type": "Point", "coordinates": [75.5911816, 11.8455012] },
      "properties": { "highway": "street_lamp" },
      "geohash": "tdjg2h7v4"
    },
    {
      "type": "Feature",
      "geometry": { "type": "Point", "coordinates": [75.5918253, 11.8455222] },
      "properties": { "highway": "street_lamp" },
      "geohash": "tdjg2hkm1"
    },
    {
      "type": "Feature",
      "geometry": { "type": "Point", "coordinates": [75.5919272, 11.8451258] },
      "properties": { "highway": "street_lamp" },
      "geohash": "tdjg2hk6g"
    },
    {
      "type": "Feature",
      "geometry": { "type": "Point", "coordinates": [75.590621, 11.8454618] },
      "properties": { "highway": "street_lamp" },
      "geohash": "tdjg2h7kv"
    },
    {
      "type": "Feature",
      "geometry": { "type": "Point", "coordinates": [75.5900819, 11.8452807] },
      "properties": { "highway": "street_lamp" },
      "geohash": "tdjg2h75b"
    },
    {
      "type": "Feature",
      "geometry": { "type": "Point", "coordinates": [75.5892048, 11.8449735] },
      "properties": { "highway": "street_lamp" },
      "geohash": "tdjg2h63u"
    },
    {
      "type": "Feature",
      "geometry": { "type": "Point", "coordinates": [75.5894489, 11.8449972] },
      "properties": { "highway": "street_lamp" },
      "geohash": "tdjg2h6d1"
    },
    {
      "type": "Feature",
      "geometry": { "type": "Point", "coordinates": [75.5900175, 11.8450129] },
      "properties": { "highway": "street_lamp" },
      "geohash": "tdjg2h6fp"
    },
    {
      "type": "Feature",
      "geometry": { "type": "Point", "coordinates": [75.5882606, 11.8453988] },
      "properties": { "highway": "street_lamp" },
      "geohash": "tdjg2h3sq"
    },
    {
      "type": "Feature",
      "geometry": { "type": "Point", "coordinates": [75.5887703, 11.845026] },
      "properties": { "highway": "street_lamp" },
      "geohash": "tdjg2h646"
    },
    {
      "type": "Feature",
      "geometry": { "type": "Point", "coordinates": [75.5877135, 11.8458687] },
      "properties": { "highway": "street_lamp" },
      "geohash": "tdjg2h3r1"
    },
    {
      "type": "Feature",
      "geometry": { "type": "Point", "coordinates": [75.588604, 11.8467218] },
      "properties": { "highway": "street_lamp" },
      "geohash": "tdjg2h9un"
    },
    {
      "type": "Feature",
      "geometry": { "type": "Point", "coordinates": [75.5884323, 11.8472521] },
      "properties": { "highway": "street_lamp" },
      "geohash": "tdjg2h9z4"
    },
    {
      "type": "Feature",
      "geometry": { "type": "Point", "coordinates": [75.5881212, 11.8474385] },
      "properties": { "highway": "street_lamp" },
      "geohash": "tdjg2hc86"
    },
    {
      "type": "Feature",
      "geometry": { "type": "Point", "coordinates": [75.5872226, 11.8482969] },
      "properties": { "highway": "street_lamp" },
      "geohash": "tdjg2hbvm"
    },
    {
      "type": "Feature",
      "geometry": { "type": "Point", "coordinates": [75.5872977, 11.8480186] },
      "properties": { "highway": "street_lamp" },
      "geohash": "tdjg2hbgx"
    },
    {
      "type": "Feature",
      "geometry": { "type": "Point", "coordinates": [75.5875123, 11.8479582] },
      "properties": { "highway": "street_lamp" },
      "geohash": "tdjg2hc5k"
    },
    {
      "type": "Feature",
      "geometry": { "type": "Point", "coordinates": [75.5874828, 11.8479294] },
      "properties": { "highway": "street_lamp" },
      "geohash": "tdjg2hc5h"
    },
    {
      "type": "Feature",
      "geometry": { "type": "Point", "coordinates": [75.5874855, 11.8476432] },
      "properties": { "highway": "street_lamp" },
      "geohash": "tdjg2hc1s"
    },
    {
      "type": "Feature",
      "geometry": { "type": "Point", "coordinates": [75.5875284, 11.8473676] },
      "properties": { "highway": "street_lamp" },
      "geohash": "tdjg2h9pv"
    },
    {
      "type": "Feature",
      "geometry": { "type": "Point", "coordinates": [75.5875633, 11.8469345] },
      "properties": { "highway": "street_lamp" },
      "geohash": "tdjg2h9jm"
    },
    {
      "type": "Feature",
      "geometry": { "type": "Point", "coordinates": [75.587641, 11.8466667] },
      "properties": { "highway": "street_lamp" },
      "geohash": "tdjg2h95z"
    },
    {
      "type": "Feature",
      "geometry": { "type": "Point", "coordinates": [75.5879115, 11.8462581] },
      "properties": { "highway": "street_lamp" },
      "geohash": "tdjg2h93m"
    },
    {
      "type": "Feature",
      "geometry": { "type": "Point", "coordinates": [75.5894486, 11.8461243] },
      "properties": { "highway": "street_lamp" },
      "geohash": "tdjg2hd89"
    },
    {
      "type": "Feature",
      "geometry": { "type": "Point", "coordinates": [75.5897312, 11.8459849] },
      "properties": { "highway": "street_lamp" },
      "geohash": "tdjg2h6zb"
    },
    {
      "type": "Feature",
      "geometry": { "type": "Point", "coordinates": [75.5901585, 11.8459483] },
      "properties": { "highway": "street_lamp" },
      "geohash": "tdjg2h7pd"
    },
    {
      "type": "Feature",
      "geometry": { "type": "Point", "coordinates": [75.58637, 11.8500776] },
      "properties": { "highway": "street_lamp" },
      "geohash": "tdjg2j0rd"
    },
    {
      "type": "Feature",
      "geometry": { "type": "Point", "coordinates": [75.5865055, 11.8495348] },
      "properties": { "highway": "street_lamp" },
      "geohash": "tdjg2j0kt"
    },
    {
      "type": "Feature",
      "geometry": { "type": "Point", "coordinates": [75.5874976, 11.8492664] },
      "properties": { "highway": "street_lamp" },
      "geohash": "tdjg2j14u"
    },
    {
      "type": "Feature",
      "geometry": { "type": "Point", "coordinates": [75.5875408, 11.848841] },
      "properties": { "highway": "street_lamp" },
      "geohash": "tdjg2j10t"
    },
    {
      "type": "Feature",
      "geometry": { "type": "Point", "coordinates": [75.5899863, 11.8500034] },
      "properties": { "highway": "street_lamp" },
      "geohash": "tdjg2j4zq"
    },
    {
      "type": "Feature",
      "geometry": { "type": "Point", "coordinates": [75.5901616, 11.8493156] },
      "properties": { "highway": "street_lamp" },
      "geohash": "tdjg2j556"
    },
    {
      "type": "Feature",
      "geometry": { "type": "Point", "coordinates": [75.5901852, 11.8486269] },
      "properties": { "highway": "street_lamp" },
      "geohash": "tdjg2hgp6"
    },
    {
      "type": "Feature",
      "geometry": { "type": "Point", "coordinates": [75.5901832, 11.8484857] },
      "properties": { "highway": "street_lamp" },
      "geohash": "tdjg2hgn6"
    },
    {
      "type": "Feature",
      "geometry": { "type": "Point", "coordinates": [75.5906914, 11.8485085] },
      "properties": { "highway": "street_lamp" },
      "geohash": "tdjg2hgqw"
    },
    {
      "type": "Feature",
      "geometry": { "type": "Point", "coordinates": [75.5908761, 11.8480672] },
      "properties": { "highway": "street_lamp" },
      "geohash": "tdjg2hgeg"
    },
    {
      "type": "Feature",
      "geometry": { "type": "Point", "coordinates": [75.5909759, 11.8476501] },
      "properties": { "highway": "street_lamp" },
      "geohash": "tdjg2hg9t"
    },
    {
      "type": "Feature",
      "geometry": { "type": "Point", "coordinates": [75.5916297, 11.8473981] },
      "properties": { "highway": "street_lamp" },
      "geohash": "tdjg2hu0h"
    },
    {
      "type": "Feature",
      "geometry": { "type": "Point", "coordinates": [75.5790716, 11.8476934] },
      "properties": { "highway": "street_lamp" },
      "geohash": "tdjerug1b"
    },
    {
      "type": "Feature",
      "geometry": { "type": "Point", "coordinates": [75.5789969, 11.8481688] },
      "properties": { "highway": "street_lamp" },
      "geohash": "tdjerufuw"
    },
    {
      "type": "Feature",
      "geometry": { "type": "Point", "coordinates": [75.5800406, 11.8485146] },
      "properties": { "highway": "street_lamp" },
      "geohash": "tdjerugww"
    },
    {
      "type": "Feature",
      "geometry": { "type": "Point", "coordinates": [75.5802316, 11.8484558] },
      "properties": { "highway": "street_lamp" },
      "geohash": "tdjerugy7"
    },
    {
      "type": "Feature",
      "geometry": { "type": "Point", "coordinates": [75.5787075, 11.8488613] },
      "properties": { "highway": "street_lamp" },
      "geohash": "tdjerv48x"
    },
    {
      "type": "Feature",
      "geometry": { "type": "Point", "coordinates": [75.5781242, 11.8486355] },
      "properties": { "highway": "street_lamp" },
      "geohash": "tdjerufr3"
    },
    {
      "type": "Feature",
      "geometry": { "type": "Point", "coordinates": [75.5778438, 11.8486925] },
      "properties": { "highway": "street_lamp" },
      "geohash": "tdjerufpe"
    },
    {
      "type": "Feature",
      "geometry": { "type": "Point", "coordinates": [75.5777833, 11.8490289] },
      "properties": { "highway": "street_lamp" },
      "geohash": "tdjerv419"
    },
    {
      "type": "Feature",
      "geometry": { "type": "Point", "coordinates": [75.5776665, 11.8495069] },
      "properties": { "highway": "street_lamp" },
      "geohash": "tdjerv1ur"
    },
    {
      "type": "Feature",
      "geometry": { "type": "Point", "coordinates": [75.5776984, 11.8498585] },
      "properties": { "highway": "street_lamp" },
      "geohash": "tdjerv4n2"
    },
    {
      "type": "Feature",
      "geometry": { "type": "Point", "coordinates": [75.5780628, 11.8503536] },
      "properties": { "highway": "street_lamp" },
      "geohash": "tdjerv632"
    },
    {
      "type": "Feature",
      "geometry": { "type": "Point", "coordinates": [75.5785303, 11.8502521] },
      "properties": { "highway": "street_lamp" },
      "geohash": "tdjerv68e"
    },
    {
      "type": "Feature",
      "geometry": { "type": "Point", "coordinates": [75.5798285, 11.8491593] },
      "properties": { "highway": "street_lamp" },
      "geohash": "tdjerv5d3"
    },
    {
      "type": "Feature",
      "geometry": { "type": "Point", "coordinates": [75.5794455, 11.8490999] },
      "properties": { "highway": "street_lamp" },
      "geohash": "tdjerv560"
    },
    {
      "type": "Feature",
      "geometry": { "type": "Point", "coordinates": [75.5803484, 11.8504363] },
      "properties": { "highway": "street_lamp" },
      "geohash": "tdjerv7cv"
    },
    {
      "type": "Feature",
      "geometry": { "type": "Point", "coordinates": [75.5804805, 11.8501617] },
      "properties": { "highway": "street_lamp" },
      "geohash": "tdjervk00"
    },
    {
      "type": "Feature",
      "geometry": { "type": "Point", "coordinates": [75.5804196, 11.8510351] },
      "properties": { "highway": "street_lamp" },
      "geohash": "tdjerv7vr"
    },
    {
      "type": "Feature",
      "geometry": { "type": "Point", "coordinates": [75.580454, 11.8513109] },
      "properties": { "highway": "street_lamp" },
      "geohash": "tdjervknb"
    },
    {
      "type": "Feature",
      "geometry": { "type": "Point", "coordinates": [75.5823158, 11.8517906] },
      "properties": { "highway": "street_lamp" },
      "geohash": "tdjervt3e"
    },
    {
      "type": "Feature",
      "geometry": { "type": "Point", "coordinates": [75.5827835, 11.8509088] },
      "properties": { "highway": "street_lamp" },
      "geohash": "tdjervmsw"
    },
    {
      "type": "Feature",
      "geometry": { "type": "Point", "coordinates": [75.5831276, 11.8515831] },
      "properties": { "highway": "street_lamp" },
      "geohash": "tdjervtbq"
    },
    {
      "type": "Feature",
      "geometry": { "type": "Point", "coordinates": [75.5846256, 11.8508783] },
      "properties": { "highway": "street_lamp" },
      "geohash": "tdjervrh3"
    },
    {
      "type": "Feature",
      "geometry": { "type": "Point", "coordinates": [75.5851124, 11.8510069] },
      "properties": { "highway": "street_lamp" },
      "geohash": "tdjervrmh"
    },
    {
      "type": "Feature",
      "geometry": { "type": "Point", "coordinates": [75.5850641, 11.850726] },
      "properties": { "highway": "street_lamp" },
      "geohash": "tdjervr77"
    },
    {
      "type": "Feature",
      "geometry": { "type": "Point", "coordinates": [75.585386, 11.8506433] },
      "properties": { "highway": "street_lamp" },
      "geohash": "tdjervre5"
    },
    {
      "type": "Feature",
      "geometry": { "type": "Point", "coordinates": [75.5859184, 11.8505502] },
      "properties": { "highway": "street_lamp" },
      "geohash": "tdjervrfr"
    },
    {
      "type": "Feature",
      "geometry": { "type": "Point", "coordinates": [75.5862751, 11.8505738] },
      "properties": { "highway": "street_lamp" },
      "geohash": "tdjg2j24x"
    },
    {
      "type": "Feature",
      "geometry": { "type": "Point", "coordinates": [75.5867378, 11.8506945] },
      "properties": { "highway": "street_lamp" },
      "geohash": "tdjg2j2e6"
    },
    {
      "type": "Feature",
      "geometry": { "type": "Point", "coordinates": [75.589175, 11.8525616] },
      "properties": { "highway": "street_lamp" },
      "geohash": "tdjg2jdq5"
    },
    {
      "type": "Feature",
      "geometry": { "type": "Point", "coordinates": [75.5962038, 11.8442476] },
      "properties": { "highway": "street_lamp" },
      "geohash": "tdjg2hpmx"
    },
    {
      "type": "Feature",
      "geometry": { "type": "Point", "coordinates": [75.5953863, 11.8450824] },
      "properties": { "highway": "street_lamp" },
      "geohash": "tdjg2hqfs"
    },
    {
      "type": "Feature",
      "geometry": { "type": "Point", "coordinates": [75.5955172, 11.84502] },
      "properties": { "highway": "street_lamp" },
      "geohash": "tdjg2hqfp"
    },
    {
      "type": "Feature",
      "geometry": { "type": "Point", "coordinates": [75.5944059, 11.8448538] },
      "properties": { "highway": "street_lamp" },
      "geohash": "tdjg2hq1m"
    },
    {
      "type": "Feature",
      "geometry": { "type": "Point", "coordinates": [75.5954075, 11.844542] },
      "properties": { "highway": "street_lamp" },
      "geohash": "tdjg2hnzk"
    },
    {
      "type": "Feature",
      "geometry": { "type": "Point", "coordinates": [75.5948062, 11.8451429] },
      "properties": { "highway": "street_lamp" },
      "geohash": "tdjg2hq6y"
    },
    {
      "type": "Feature",
      "geometry": { "type": "Point", "coordinates": [75.5958883, 11.8464651] },
      "properties": { "highway": "street_lamp" },
      "geohash": "tdjg2hx4x"
    },
    {
      "type": "Feature",
      "geometry": { "type": "Point", "coordinates": [75.5973302, 11.8474723] },
      "properties": { "highway": "street_lamp" },
      "geohash": "tdjg2kb29"
    },
    {
      "type": "Feature",
      "geometry": { "type": "Point", "coordinates": [75.5966462, 11.8473577] },
      "properties": { "highway": "street_lamp" },
      "geohash": "tdjg2hxzc"
    },
    {
      "type": "Feature",
      "geometry": { "type": "Point", "coordinates": [75.5962703, 11.84743] },
      "properties": { "highway": "street_lamp" },
      "geohash": "tdjg2hz82"
    },
    {
      "type": "Feature",
      "geometry": { "type": "Point", "coordinates": [75.5951253, 11.8483893] },
      "properties": { "highway": "street_lamp" },
      "geohash": "tdjg2hyty"
    },
    {
      "type": "Feature",
      "geometry": { "type": "Point", "coordinates": [75.5955269, 11.8474158] },
      "properties": { "highway": "street_lamp" },
      "geohash": "tdjg2hybp"
    },
    {
      "type": "Feature",
      "geometry": { "type": "Point", "coordinates": [75.5950612, 11.8475135] },
      "properties": { "highway": "street_lamp" },
      "geohash": "tdjg2hy8u"
    },
    {
      "type": "Feature",
      "geometry": { "type": "Point", "coordinates": [75.5945461, 11.8466613] },
      "properties": { "highway": "street_lamp" },
      "geohash": "tdjg2hw7b"
    },
    {
      "type": "Feature",
      "geometry": { "type": "Point", "coordinates": [75.5949339, 11.846674] },
      "properties": { "highway": "street_lamp" },
      "geohash": "tdjg2hwec"
    },
    {
      "type": "Feature",
      "geometry": { "type": "Point", "coordinates": [75.5945714, 11.8461994] },
      "properties": { "highway": "street_lamp" },
      "geohash": "tdjg2hw31"
    },
    {
      "type": "Feature",
      "geometry": { "type": "Point", "coordinates": [75.5951943, 11.8500324] },
      "properties": { "highway": "street_lamp" },
      "geohash": "tdjg2jnxr"
    },
    {
      "type": "Feature",
      "geometry": { "type": "Point", "coordinates": [75.5953252, 11.8492253] },
      "properties": { "highway": "street_lamp" },
      "geohash": "tdjg2jnfd"
    },
    {
      "type": "Feature",
      "geometry": { "type": "Point", "coordinates": [75.5955836, 11.8495093] },
      "properties": { "highway": "street_lamp" },
      "geohash": "tdjg2jph2"
    },
    {
      "type": "Feature",
      "geometry": { "type": "Point", "coordinates": [75.5958455, 11.8497068] },
      "properties": { "highway": "street_lamp" },
      "geohash": "tdjg2jpjw"
    },
    {
      "type": "Feature",
      "geometry": { "type": "Point", "coordinates": [75.5955542, 11.8490216] },
      "properties": { "highway": "street_lamp" },
      "geohash": "tdjg2jp18"
    },
    {
      "type": "Feature",
      "geometry": { "type": "Point", "coordinates": [75.5965385, 11.8493889] },
      "properties": { "highway": "street_lamp" },
      "geohash": "tdjg2jpex"
    },
    {
      "type": "Feature",
      "geometry": { "type": "Point", "coordinates": [75.5968393, 11.8492377] },
      "properties": { "highway": "street_lamp" },
      "geohash": "tdjg2jpfy"
    },
    {
      "type": "Feature",
      "geometry": { "type": "Point", "coordinates": [75.5971925, 11.8492992] },
      "properties": { "highway": "street_lamp" },
      "geohash": "tdjg2m05n"
    },
    {
      "type": "Feature",
      "geometry": { "type": "Point", "coordinates": [75.594518, 11.8512754] },
      "properties": { "highway": "street_lamp" },
      "geohash": "tdjg2jqnx"
    },
    {
      "type": "Feature",
      "geometry": { "type": "Point", "coordinates": [75.5945556, 11.8506506] },
      "properties": { "highway": "street_lamp" },
      "geohash": "tdjg2jq70"
    },
    {
      "type": "Feature",
      "geometry": { "type": "Point", "coordinates": [75.5938636, 11.8504773] },
      "properties": { "highway": "street_lamp" },
      "geohash": "tdjg2jmf0"
    },
    {
      "type": "Feature",
      "geometry": { "type": "Point", "coordinates": [75.594341, 11.8502831] },
      "properties": { "highway": "street_lamp" },
      "geohash": "tdjg2jq0g"
    },
    {
      "type": "Feature",
      "geometry": { "type": "Point", "coordinates": [75.5719419, 11.852783] },
      "properties": { "highway": "street_lamp" },
      "geohash": "tdjerttz3"
    },
    {
      "type": "Feature",
      "geometry": { "type": "Point", "coordinates": [75.5727833, 11.855791] },
      "properties": { "highway": "street_lamp" },
      "geohash": "tdjerwq2v"
    },
    {
      "type": "Feature",
      "geometry": { "type": "Point", "coordinates": [75.572755, 11.8564076] },
      "properties": { "highway": "street_lamp" },
      "geohash": "tdjerwqks"
    },
    {
      "type": "Feature",
      "geometry": { "type": "Point", "coordinates": [75.5733849, 11.8564491] },
      "properties": { "highway": "street_lamp" },
      "geohash": "tdjerwqug"
    },
    {
      "type": "Feature",
      "geometry": { "type": "Point", "coordinates": [75.5717674, 11.8571958] },
      "properties": { "highway": "street_lamp" },
      "geohash": "tdjerwt9j"
    },
    {
      "type": "Feature",
      "geometry": { "type": "Point", "coordinates": [75.5713255, 11.8571299] },
      "properties": { "highway": "street_lamp" },
      "geohash": "tdjerwt2g"
    },
    {
      "type": "Feature",
      "geometry": { "type": "Point", "coordinates": [75.5709494, 11.8570703] },
      "properties": { "highway": "street_lamp" },
      "geohash": "tdjerwt06"
    },
    {
      "type": "Feature",
      "geometry": { "type": "Point", "coordinates": [75.5707001, 11.8570443] },
      "properties": { "highway": "street_lamp" },
      "geohash": "tdjerwsbk"
    },
    {
      "type": "Feature",
      "geometry": { "type": "Point", "coordinates": [75.5699603, 11.8576764] },
      "properties": { "highway": "street_lamp" },
      "geohash": "tdjerws7g"
    },
    {
      "type": "Feature",
      "geometry": { "type": "Point", "coordinates": [75.5695783, 11.8577005] },
      "properties": { "highway": "street_lamp" },
      "geohash": "tdjerwsh4"
    },
    {
      "type": "Feature",
      "geometry": { "type": "Point", "coordinates": [75.5693334, 11.8577312] },
      "properties": { "highway": "street_lamp" },
      "geohash": "tdjerweum"
    },
    {
      "type": "Feature",
      "geometry": { "type": "Point", "coordinates": [75.56859, 11.8578366] },
      "properties": { "highway": "street_lamp" },
      "geohash": "tdjerwekg"
    },
    {
      "type": "Feature",
      "geometry": { "type": "Point", "coordinates": [75.5765827, 11.8511442] },
      "properties": { "highway": "street_lamp" },
      "geohash": "tdjerv3jy"
    },
    {
      "type": "Feature",
      "geometry": { "type": "Point", "coordinates": [75.5767266, 11.8508678] },
      "properties": { "highway": "street_lamp" },
      "geohash": "tdjerv3k3"
    },
    {
      "type": "Feature",
      "geometry": { "type": "Point", "coordinates": [75.5767979, 11.8507309] },
      "properties": { "highway": "street_lamp" },
      "geohash": "tdjerv37e"
    },
    {
      "type": "Feature",
      "geometry": { "type": "Point", "coordinates": [75.5775542, 11.8521807] },
      "properties": { "highway": "street_lamp" },
      "geohash": "tdjerv9gu"
    },
    {
      "type": "Feature",
      "geometry": { "type": "Point", "coordinates": [75.5769518, 11.8529337] },
      "properties": { "highway": "street_lamp" },
      "geohash": "tdjervc2q"
    },
    {
      "type": "Feature",
      "geometry": { "type": "Point", "coordinates": [75.5776955, 11.8529326] },
      "properties": { "highway": "street_lamp" },
      "geohash": "tdjervcbr"
    },
    {
      "type": "Feature",
      "geometry": { "type": "Point", "coordinates": [75.5779171, 11.85148] },
      "properties": { "highway": "street_lamp" },
      "geohash": "tdjerv6pv"
    },
    {
      "type": "Feature",
      "geometry": { "type": "Point", "coordinates": [75.5781006, 11.8511203] },
      "properties": { "highway": "street_lamp" },
      "geohash": "tdjerv6mc"
    },
    {
      "type": "Feature",
      "geometry": { "type": "Point", "coordinates": [75.5775744, 11.8539516] },
      "properties": { "highway": "street_lamp" },
      "geohash": "tdjervcym"
    },
    {
      "type": "Feature",
      "geometry": { "type": "Point", "coordinates": [75.5776083, 11.8537043] },
      "properties": { "highway": "street_lamp" },
      "geohash": "tdjervcuv"
    },
    {
      "type": "Feature",
      "geometry": { "type": "Point", "coordinates": [75.5768072, 11.8537616] },
      "properties": { "highway": "street_lamp" },
      "geohash": "tdjervcm5"
    },
    {
      "type": "Feature",
      "geometry": { "type": "Point", "coordinates": [75.5761849, 11.8540481] },
      "properties": { "highway": "street_lamp" },
      "geohash": "tdjervbyu"
    },
    {
      "type": "Feature",
      "geometry": { "type": "Point", "coordinates": [75.5761417, 11.854434] },
      "properties": { "highway": "street_lamp" },
      "geohash": "tdjery0c5"
    },
    {
      "type": "Feature",
      "geometry": { "type": "Point", "coordinates": [75.5759137, 11.8547747] },
      "properties": { "highway": "street_lamp" },
      "geohash": "tdjery0en"
    },
    {
      "type": "Feature",
      "geometry": { "type": "Point", "coordinates": [75.5761356, 11.8546662] },
      "properties": { "highway": "street_lamp" },
      "geohash": "tdjery0f7"
    },
    {
      "type": "Feature",
      "geometry": { "type": "Point", "coordinates": [75.5759692, 11.8530952] },
      "properties": { "highway": "street_lamp" },
      "geohash": "tdjervb9r"
    },
    {
      "type": "Feature",
      "geometry": { "type": "Point", "coordinates": [75.5754208, 11.8527515] },
      "properties": { "highway": "street_lamp" },
      "geohash": "tdjerv8r6"
    },
    {
      "type": "Feature",
      "geometry": { "type": "Point", "coordinates": [75.5758336, 11.85286] },
      "properties": { "highway": "street_lamp" },
      "geohash": "tdjerv8xu"
    },
    {
      "type": "Feature",
      "geometry": { "type": "Point", "coordinates": [75.5759877, 11.8528479] },
      "properties": { "highway": "street_lamp" },
      "geohash": "tdjerv8zb"
    },
    {
      "type": "Feature",
      "geometry": { "type": "Point", "coordinates": [75.5761202, 11.8539817] },
      "properties": { "highway": "street_lamp" },
      "geohash": "tdjervby7"
    },
    {
      "type": "Feature",
      "geometry": { "type": "Point", "coordinates": [75.5760493, 11.8535927] },
      "properties": { "highway": "street_lamp" },
      "geohash": "tdjervbu1"
    },
    {
      "type": "Feature",
      "geometry": { "type": "Point", "coordinates": [75.5752731, 11.8540815] },
      "properties": { "highway": "street_lamp" },
      "geohash": "tdjervbpp"
    },
    {
      "type": "Feature",
      "geometry": { "type": "Point", "coordinates": [75.5756184, 11.8540434] },
      "properties": { "highway": "street_lamp" },
      "geohash": "tdjervbqz"
    },
    {
      "type": "Feature",
      "geometry": { "type": "Point", "coordinates": [75.5768586, 11.8550372] },
      "properties": { "highway": "street_lamp" },
      "geohash": "tdjery1ks"
    },
    {
      "type": "Feature",
      "geometry": { "type": "Point", "coordinates": [75.5754844, 11.8557367] },
      "properties": { "highway": "street_lamp" },
      "geohash": "tdjery22s"
    },
    {
      "type": "Feature",
      "geometry": { "type": "Point", "coordinates": [75.575774, 11.8556523] },
      "properties": { "highway": "street_lamp" },
      "geohash": "tdjery285"
    },
    {
      "type": "Feature",
      "geometry": { "type": "Point", "coordinates": [75.5759281, 11.8555045] },
      "properties": { "highway": "street_lamp" },
      "geohash": "tdjery0xq"
    },
    {
      "type": "Feature",
      "geometry": { "type": "Point", "coordinates": [75.5760329, 11.8566684] },
      "properties": { "highway": "street_lamp" },
      "geohash": "tdjery2y1"
    },
    {
      "type": "Feature",
      "geometry": { "type": "Point", "coordinates": [75.5757366, 11.8562129] },
      "properties": { "highway": "street_lamp" },
      "geohash": "tdjery2e6"
    },
    {
      "type": "Feature",
      "geometry": { "type": "Point", "coordinates": [75.5751283, 11.855837] },
      "properties": { "highway": "street_lamp" },
      "geohash": "tdjery21k"
    },
    {
      "type": "Feature",
      "geometry": { "type": "Point", "coordinates": [75.576682, 11.8575551] },
      "properties": { "highway": "street_lamp" },
      "geohash": "tdjery972"
    },
    {
      "type": "Feature",
      "geometry": { "type": "Point", "coordinates": [75.5771586, 11.8575595] },
      "properties": { "highway": "street_lamp" },
      "geohash": "tdjery9e7"
    },
    {
      "type": "Feature",
      "geometry": { "type": "Point", "coordinates": [75.5776642, 11.8575595] },
      "properties": { "highway": "street_lamp" },
      "geohash": "tdjery9gr"
    },
    {
      "type": "Feature",
      "geometry": { "type": "Point", "coordinates": [75.5781685, 11.8576474] },
      "properties": { "highway": "street_lamp" },
      "geohash": "tdjeryd7f"
    },
    {
      "type": "Feature",
      "geometry": { "type": "Point", "coordinates": [75.578442, 11.8579939] },
      "properties": { "highway": "street_lamp" },
      "geohash": "tdjerydtc"
    },
    {
      "type": "Feature",
      "geometry": { "type": "Point", "coordinates": [75.5790388, 11.8580871] },
      "properties": { "highway": "street_lamp" },
      "geohash": "tdjerydyr"
    },
    {
      "type": "Feature",
      "geometry": { "type": "Point", "coordinates": [75.5789709, 11.8585998] },
      "properties": { "highway": "street_lamp" },
      "geohash": "tdjeryfcm"
    },
    {
      "type": "Feature",
      "geometry": { "type": "Point", "coordinates": [75.5800308, 11.8589435] },
      "properties": { "highway": "street_lamp" },
      "geohash": "tdjerygeq"
    },
    {
      "type": "Feature",
      "geometry": { "type": "Point", "coordinates": [75.5805207, 11.85923] },
      "properties": { "highway": "street_lamp" },
      "geohash": "tdjeryuj1"
    },
    {
      "type": "Feature",
      "geometry": { "type": "Point", "coordinates": [75.5808981, 11.8587672] },
      "properties": { "highway": "street_lamp" },
      "geohash": "tdjeryu66"
    },
    {
      "type": "Feature",
      "geometry": { "type": "Point", "coordinates": [75.5809751, 11.8584822] },
      "properties": { "highway": "street_lamp" },
      "geohash": "tdjeryu2s"
    },
    {
      "type": "Feature",
      "geometry": { "type": "Point", "coordinates": [75.5814058, 11.8586051] },
      "properties": { "highway": "street_lamp" },
      "geohash": "tdjeryu9q"
    },
    {
      "type": "Feature",
      "geometry": { "type": "Point", "coordinates": [75.582236, 11.8582614] },
      "properties": { "highway": "street_lamp" },
      "geohash": "tdjerytr3"
    },
    {
      "type": "Feature",
      "geometry": { "type": "Point", "coordinates": [75.5798502, 11.8569669] },
      "properties": { "highway": "street_lamp" },
      "geohash": "tdjery7xf"
    },
    {
      "type": "Feature",
      "geometry": { "type": "Point", "coordinates": [75.5811578, 11.8572731] },
      "properties": { "highway": "street_lamp" },
      "geohash": "tdjerys98"
    },
    {
      "type": "Feature",
      "geometry": { "type": "Point", "coordinates": [75.5858268, 11.8583091] },
      "properties": { "highway": "street_lamp" },
      "geohash": "tdjeryxzt"
    },
    {
      "type": "Feature",
      "geometry": { "type": "Point", "coordinates": [75.5859382, 11.8589254] },
      "properties": { "highway": "street_lamp" },
      "geohash": "tdjg2nb50"
    },
    {
      "type": "Feature",
      "geometry": { "type": "Point", "coordinates": [75.5856594, 11.8589918] },
      "properties": { "highway": "street_lamp" },
      "geohash": "tdjeryzg9"
    },
    {
      "type": "Feature",
      "geometry": { "type": "Point", "coordinates": [75.5852696, 11.8594893] },
      "properties": { "highway": "street_lamp" },
      "geohash": "tdjeryzw8"
    },
    {
      "type": "Feature",
      "geometry": { "type": "Point", "coordinates": [75.5721765, 11.8492559] },
      "properties": { "highway": "street_lamp" },
      "geohash": "tdjertjfz"
    },
    {
      "type": "Feature",
      "geometry": { "type": "Point", "coordinates": [75.5720344, 11.8504215] },
      "properties": { "highway": "street_lamp" },
      "geohash": "tdjertmcs"
    },
    {
      "type": "Feature",
      "geometry": { "type": "Point", "coordinates": [75.5721401, 11.8500056] },
      "properties": { "highway": "street_lamp" },
      "geohash": "tdjertjzq"
    },
    {
      "type": "Feature",
      "geometry": { "type": "Point", "coordinates": [75.5720517, 11.8502533] },
      "properties": { "highway": "street_lamp" },
      "geohash": "tdjertmbs"
    },
    {
      "type": "Feature",
      "geometry": { "type": "Point", "coordinates": [75.5719879, 11.8507607] },
      "properties": { "highway": "street_lamp" },
      "geohash": "tdjertmgd"
    },
    {
      "type": "Feature",
      "geometry": { "type": "Point", "coordinates": [75.5626625, 11.8537175] },
      "properties": { "highway": "street_lamp" },
      "geohash": "tdjermzhc"
    },
    {
      "type": "Feature",
      "geometry": { "type": "Point", "coordinates": [75.5617548, 11.8538229] },
      "properties": { "highway": "street_lamp" },
      "geohash": "tdjermyms"
    },
    {
      "type": "Feature",
      "geometry": { "type": "Point", "coordinates": [75.5614184, 11.8537473] },
      "properties": { "highway": "street_lamp" },
      "geohash": "tdjermyjh"
    },
    {
      "type": "Feature",
      "geometry": { "type": "Point", "coordinates": [75.5581705, 11.852461] },
      "properties": { "highway": "street_lamp" },
      "geohash": "tdjermev8"
    },
    {
      "type": "Feature",
      "geometry": { "type": "Point", "coordinates": [75.5577526, 11.8525724] },
      "properties": { "highway": "street_lamp" },
      "geohash": "tdjermeqp"
    },
    {
      "type": "Feature",
      "geometry": { "type": "Point", "coordinates": [75.5543989, 11.8555184] },
      "properties": { "highway": "street_lamp" },
      "geohash": "tdjerq1p3"
    },
    {
      "type": "Feature",
      "geometry": { "type": "Point", "coordinates": [75.5559717, 11.8543051] },
      "properties": { "highway": "street_lamp" },
      "geohash": "tdjerq40m"
    },
    {
      "type": "Feature",
      "geometry": { "type": "Point", "coordinates": [75.5556124, 11.8548311] },
      "properties": { "highway": "street_lamp" },
      "geohash": "tdjerq1gm"
    },
    {
      "type": "Feature",
      "geometry": { "type": "Point", "coordinates": [75.5547937, 11.8555589] },
      "properties": { "highway": "street_lamp" },
      "geohash": "tdjerq1rd"
    },
    {
      "type": "Feature",
      "geometry": { "type": "Point", "coordinates": [75.5555154, 11.8558434] },
      "properties": { "highway": "street_lamp" },
      "geohash": "tdjerq3c7"
    },
    {
      "type": "Feature",
      "geometry": { "type": "Point", "coordinates": [75.5624373, 11.8585156] },
      "properties": { "highway": "street_lamp" },
      "geohash": "tdjerqybu"
    },
    {
      "type": "Feature",
      "geometry": { "type": "Point", "coordinates": [75.5623877, 11.8593192] },
      "properties": { "highway": "street_lamp" },
      "geohash": "tdjerqyve"
    },
    {
      "type": "Feature",
      "geometry": { "type": "Point", "coordinates": [75.5611773, 11.8595824] },
      "properties": { "highway": "street_lamp" },
      "geohash": "tdjerqvzp"
    },
    {
      "type": "Feature",
      "geometry": { "type": "Point", "coordinates": [75.5605933, 11.8589421] },
      "properties": { "highway": "street_lamp" },
      "geohash": "tdjerqve3"
    },
    {
      "type": "Feature",
      "geometry": { "type": "Point", "coordinates": [75.5601925, 11.8590386] },
      "properties": { "highway": "street_lamp" },
      "geohash": "tdjerqv7b"
    },
    {
      "type": "Feature",
      "geometry": { "type": "Point", "coordinates": [75.5610537, 11.8606892] },
      "properties": { "highway": "street_lamp" },
      "geohash": "tdjerrjvs"
    },
    {
      "type": "Feature",
      "geometry": { "type": "Point", "coordinates": [75.5619456, 11.8606857] },
      "properties": { "highway": "street_lamp" },
      "geohash": "tdjerrnt8"
    },
    {
      "type": "Feature",
      "geometry": { "type": "Point", "coordinates": [75.5623101, 11.860677] },
      "properties": { "highway": "street_lamp" },
      "geohash": "tdjerrnv3"
    },
    {
      "type": "Feature",
      "geometry": { "type": "Point", "coordinates": [75.562411, 11.860684] },
      "properties": { "highway": "street_lamp" },
      "geohash": "tdjerrnv7"
    },
    {
      "type": "Feature",
      "geometry": { "type": "Point", "coordinates": [75.5643209, 11.8654936] },
      "properties": { "highway": "street_lamp" },
      "geohash": "tdjex8038"
    },
    {
      "type": "Feature",
      "geometry": { "type": "Point", "coordinates": [75.5688322, 11.8637325] },
      "properties": { "highway": "street_lamp" },
      "geohash": "tdjerxex3"
    },
    {
      "type": "Feature",
      "geometry": { "type": "Point", "coordinates": [75.569014, 11.864019] },
      "properties": { "highway": "street_lamp" },
      "geohash": "tdjerxg8v"
    },
    {
      "type": "Feature",
      "geometry": { "type": "Point", "coordinates": [75.5691301, 11.8644702] },
      "properties": { "highway": "street_lamp" },
      "geohash": "tdjerxgg8"
    },
    {
      "type": "Feature",
      "geometry": { "type": "Point", "coordinates": [75.5689478, 11.8646624] },
      "properties": { "highway": "street_lamp" },
      "geohash": "tdjerxgss"
    },
    {
      "type": "Feature",
      "geometry": { "type": "Point", "coordinates": [75.568739, 11.865014] },
      "properties": { "highway": "street_lamp" },
      "geohash": "tdjerxgqx"
    },
    {
      "type": "Feature",
      "geometry": { "type": "Point", "coordinates": [75.56867, 11.8652859] },
      "properties": { "highway": "street_lamp" },
      "geohash": "tdjex852m"
    },
    {
      "type": "Feature",
      "geometry": { "type": "Point", "coordinates": [75.5685638, 11.8657725] },
      "properties": { "highway": "street_lamp" },
      "geohash": "tdjex8575"
    },
    {
      "type": "Feature",
      "geometry": { "type": "Point", "coordinates": [75.5682771, 11.8668289] },
      "properties": { "highway": "street_lamp" },
      "geohash": "tdjex871k"
    },
    {
      "type": "Feature",
      "geometry": { "type": "Point", "coordinates": [75.5685479, 11.8676221] },
      "properties": { "highway": "street_lamp" },
      "geohash": "tdjex87mf"
    },
    {
      "type": "Feature",
      "geometry": { "type": "Point", "coordinates": [75.5680241, 11.8675095] },
      "properties": { "highway": "street_lamp" },
      "geohash": "tdjex86vq"
    },
    {
      "type": "Feature",
      "geometry": { "type": "Point", "coordinates": [75.5678099, 11.8674021] },
      "properties": { "highway": "street_lamp" },
      "geohash": "tdjex86u9"
    },
    {
      "type": "Feature",
      "geometry": { "type": "Point", "coordinates": [75.5673463, 11.8676913] },
      "properties": { "highway": "street_lamp" },
      "geohash": "tdjex86qq"
    },
    {
      "type": "Feature",
      "geometry": { "type": "Point", "coordinates": [75.5675003, 11.8672799] },
      "properties": { "highway": "street_lamp" },
      "geohash": "tdjex86ef"
    },
    {
      "type": "Feature",
      "geometry": { "type": "Point", "coordinates": [75.5710342, 11.8667001] },
      "properties": { "highway": "street_lamp" },
      "geohash": "tdjex8m0s"
    },
    {
      "type": "Feature",
      "geometry": { "type": "Point", "coordinates": [75.5708492, 11.8667447] },
      "properties": { "highway": "street_lamp" },
      "geohash": "tdjex8m0b"
    },
    {
      "type": "Feature",
      "geometry": { "type": "Point", "coordinates": [75.5704736, 11.866789] },
      "properties": { "highway": "street_lamp" },
      "geohash": "tdjex8k9p"
    },
    {
      "type": "Feature",
      "geometry": { "type": "Point", "coordinates": [75.5692795, 11.8679324] },
      "properties": { "highway": "street_lamp" },
      "geohash": "tdjex87ze"
    },
    {
      "type": "Feature",
      "geometry": { "type": "Point", "coordinates": [75.56925, 11.8681267] },
      "properties": { "highway": "street_lamp" },
      "geohash": "tdjex8ebg"
    },
    {
      "type": "Feature",
      "geometry": { "type": "Point", "coordinates": [75.5695585, 11.8682028] },
      "properties": { "highway": "street_lamp" },
      "geohash": "tdjex8s16"
    },
    {
      "type": "Feature",
      "geometry": { "type": "Point", "coordinates": [75.5698723, 11.8684049] },
      "properties": { "highway": "street_lamp" },
      "geohash": "tdjex8s63"
    },
    {
      "type": "Feature",
      "geometry": { "type": "Point", "coordinates": [75.5701271, 11.8686963] },
      "properties": { "highway": "street_lamp" },
      "geohash": "tdjex8skp"
    },
    {
      "type": "Feature",
      "geometry": { "type": "Point", "coordinates": [75.5704543, 11.8687829] },
      "properties": { "highway": "street_lamp" },
      "geohash": "tdjex8ssx"
    },
    {
      "type": "Feature",
      "geometry": { "type": "Point", "coordinates": [75.5718875, 11.8687748] },
      "properties": { "highway": "street_lamp" },
      "geohash": "tdjex8tu8"
    },
    {
      "type": "Feature",
      "geometry": { "type": "Point", "coordinates": [75.5716086, 11.8690794] },
      "properties": { "highway": "street_lamp" },
      "geohash": "tdjex8tw6"
    },
    {
      "type": "Feature",
      "geometry": { "type": "Point", "coordinates": [75.5760116, 11.874272] },
      "properties": { "highway": "street_lamp" },
      "geohash": "tdjexc8u8"
    },
    {
      "type": "Feature",
      "geometry": { "type": "Point", "coordinates": [75.5756259, 11.8740746] },
      "properties": { "highway": "street_lamp" },
      "geohash": "tdjexc87r"
    },
    {
      "type": "Feature",
      "geometry": { "type": "Point", "coordinates": [75.5756099, 11.8739118] },
      "properties": { "highway": "street_lamp" },
      "geohash": "tdjexc86x"
    },
    {
      "type": "Feature",
      "geometry": { "type": "Point", "coordinates": [75.5752259, 11.8737352] },
      "properties": { "highway": "street_lamp" },
      "geohash": "tdjexc81w"
    },
    {
      "type": "Feature",
      "geometry": { "type": "Point", "coordinates": [75.5748957, 11.8736675] },
      "properties": { "highway": "street_lamp" },
      "geohash": "tdjex9xcn"
    },
    {
      "type": "Feature",
      "geometry": { "type": "Point", "coordinates": [75.5750083, 11.8736203] },
      "properties": { "highway": "street_lamp" },
      "geohash": "tdjexc80c"
    },
    {
      "type": "Feature",
      "geometry": { "type": "Point", "coordinates": [75.5747374, 11.873388] },
      "properties": { "highway": "street_lamp" },
      "geohash": "tdjex9rz7"
    },
    {
      "type": "Feature",
      "geometry": { "type": "Point", "coordinates": [75.5745309, 11.8731728] },
      "properties": { "highway": "street_lamp" },
      "geohash": "tdjex9rwn"
    },
    {
      "type": "Feature",
      "geometry": { "type": "Point", "coordinates": [75.5742721, 11.8729378] },
      "properties": { "highway": "street_lamp" },
      "geohash": "tdjex9rsb"
    },
    {
      "type": "Feature",
      "geometry": { "type": "Point", "coordinates": [75.5740253, 11.8726872] },
      "properties": { "highway": "street_lamp" },
      "geohash": "tdjex9r76"
    },
    {
      "type": "Feature",
      "geometry": { "type": "Point", "coordinates": [75.5738697, 11.8725297] },
      "properties": { "highway": "street_lamp" },
      "geohash": "tdjex9r4q"
    },
    {
      "type": "Feature",
      "geometry": { "type": "Point", "coordinates": [75.5736645, 11.8723302] },
      "properties": { "highway": "street_lamp" },
      "geohash": "tdjex9r16"
    },
    {
      "type": "Feature",
      "geometry": { "type": "Point", "coordinates": [75.573458, 11.8721241] },
      "properties": { "highway": "street_lamp" },
      "geohash": "tdjex9qbj"
    },
    {
      "type": "Feature",
      "geometry": { "type": "Point", "coordinates": [75.5732247, 11.8718984] },
      "properties": { "highway": "street_lamp" },
      "geohash": "tdjex9nwz"
    },
    {
      "type": "Feature",
      "geometry": { "type": "Point", "coordinates": [75.5729229, 11.8715427] },
      "properties": { "highway": "street_lamp" },
      "geohash": "tdjex9ns8"
    },
    {
      "type": "Feature",
      "geometry": { "type": "Point", "coordinates": [75.5727217, 11.8710125] },
      "properties": { "highway": "street_lamp" },
      "geohash": "tdjex9n3s"
    },
    {
      "type": "Feature",
      "geometry": { "type": "Point", "coordinates": [75.5724616, 11.8700505] },
      "properties": { "highway": "street_lamp" },
      "geohash": "tdjex8yhj"
    },
    {
      "type": "Feature",
      "geometry": { "type": "Point", "coordinates": [75.5723409, 11.8696213] },
      "properties": { "highway": "street_lamp" },
      "geohash": "tdjex8y1e"
    },
    {
      "type": "Feature",
      "geometry": { "type": "Point", "coordinates": [75.572817, 11.8693943] },
      "properties": { "highway": "street_lamp" },
      "geohash": "tdjex8y2n"
    },
    {
      "type": "Feature",
      "geometry": { "type": "Point", "coordinates": [75.5729444, 11.8693825] },
      "properties": { "highway": "street_lamp" },
      "geohash": "tdjex8y81"
    },
    {
      "type": "Feature",
      "geometry": { "type": "Point", "coordinates": [75.5732703, 11.869351] },
      "properties": { "highway": "street_lamp" },
      "geohash": "tdjex8wzb"
    },
    {
      "type": "Feature",
      "geometry": { "type": "Point", "coordinates": [75.5735733, 11.869326] },
      "properties": { "highway": "street_lamp" },
      "geohash": "tdjex8wzz"
    },
    {
      "type": "Feature",
      "geometry": { "type": "Point", "coordinates": [75.574028, 11.8694809] },
      "properties": { "highway": "street_lamp" },
      "geohash": "tdjex8z2d"
    },
    {
      "type": "Feature",
      "geometry": { "type": "Point", "coordinates": [75.5741889, 11.8694835] },
      "properties": { "highway": "street_lamp" },
      "geohash": "tdjex8z2y"
    },
    {
      "type": "Feature",
      "geometry": { "type": "Point", "coordinates": [75.5745396, 11.8694689] },
      "properties": { "highway": "street_lamp" },
      "geohash": "tdjex8z8w"
    },
    {
      "type": "Feature",
      "geometry": { "type": "Point", "coordinates": [75.5749069, 11.8694187] },
      "properties": { "highway": "street_lamp" },
      "geohash": "tdjex8zbq"
    },
    {
      "type": "Feature",
      "geometry": { "type": "Point", "coordinates": [75.5753696, 11.869404] },
      "properties": { "highway": "street_lamp" },
      "geohash": "tdjexbb23"
    },
    {
      "type": "Feature",
      "geometry": { "type": "Point", "coordinates": [75.5755935, 11.8694178] },
      "properties": { "highway": "street_lamp" },
      "geohash": "tdjexbb2q"
    },
    {
      "type": "Feature",
      "geometry": { "type": "Point", "coordinates": [75.5758448, 11.8692931] },
      "properties": { "highway": "street_lamp" },
      "geohash": "tdjexb8xs"
    },
    {
      "type": "Feature",
      "geometry": { "type": "Point", "coordinates": [75.5762951, 11.8692784] },
      "properties": { "highway": "street_lamp" },
      "geohash": "tdjexb8zx"
    },
    {
      "type": "Feature",
      "geometry": { "type": "Point", "coordinates": [75.5764685, 11.8689858] },
      "properties": { "highway": "street_lamp" },
      "geohash": "tdjexb9jg"
    },
    {
      "type": "Feature",
      "geometry": { "type": "Point", "coordinates": [75.5768437, 11.8690784] },
      "properties": { "highway": "street_lamp" },
      "geohash": "tdjexb9qk"
    },
    {
      "type": "Feature",
      "geometry": { "type": "Point", "coordinates": [75.5774471, 11.8692498] },
      "properties": { "highway": "street_lamp" },
      "geohash": "tdjexb9z6"
    },
    {
      "type": "Feature",
      "geometry": { "type": "Point", "coordinates": [75.577656, 11.8692657] },
      "properties": { "highway": "street_lamp" },
      "geohash": "tdjexb9zr"
    },
    {
      "type": "Feature",
      "geometry": { "type": "Point", "coordinates": [75.5778923, 11.8692296] },
      "properties": { "highway": "street_lamp" },
      "geohash": "tdjexbdpk"
    },
    {
      "type": "Feature",
      "geometry": { "type": "Point", "coordinates": [75.578368, 11.8690112] },
      "properties": { "highway": "street_lamp" },
      "geohash": "tdjexbdqp"
    },
    {
      "type": "Feature",
      "geometry": { "type": "Point", "coordinates": [75.5788759, 11.8688478] },
      "properties": { "highway": "street_lamp" },
      "geohash": "tdjexbdv5"
    },
    {
      "type": "Feature",
      "geometry": { "type": "Point", "coordinates": [75.5688038, 11.8621384] },
      "properties": { "highway": "street_lamp" },
      "geohash": "tdjerx7tb"
    },
    {
      "type": "Feature",
      "geometry": { "type": "Point", "coordinates": [75.5713895, 11.8623064] },
      "properties": { "highway": "street_lamp" },
      "geohash": "tdjerxmqv"
    },
    {
      "type": "Feature",
      "geometry": { "type": "Point", "coordinates": [75.5724087, 11.8622749] },
      "properties": { "highway": "street_lamp" },
      "geohash": "tdjerxqnu"
    },
    {
      "type": "Feature",
      "geometry": { "type": "Point", "coordinates": [76.309473, 9.89067] },
      "properties": { "highway": "street_lamp" },
      "geohash": "t9y222wc7"
    },
    {
      "type": "Feature",
      "geometry": { "type": "Point", "coordinates": [76.3096999, 9.8907952] },
      "properties": { "highway": "street_lamp" },
      "geohash": "t9y222x40"
    },
    {
      "type": "Feature",
      "geometry": { "type": "Point", "coordinates": [76.3095721, 9.8909786] },
      "properties": { "highway": "street_lamp" },
      "geohash": "t9y222wgj"
    },
    {
      "type": "Feature",
      "geometry": { "type": "Point", "coordinates": [76.3098428, 9.8910899] },
      "properties": { "highway": "street_lamp" },
      "geohash": "t9y222x5u"
    },
    {
      "type": "Feature",
      "geometry": { "type": "Point", "coordinates": [76.3101041, 9.891151] },
      "properties": { "highway": "street_lamp" },
      "geohash": "t9y222xk4"
    },
    {
      "type": "Feature",
      "geometry": { "type": "Point", "coordinates": [76.3103626, 9.8912903] },
      "properties": { "highway": "street_lamp" },
      "geohash": "t9y222xsb"
    },
    {
      "type": "Feature",
      "geometry": { "type": "Point", "coordinates": [76.3105832, 9.891362] },
      "properties": { "highway": "street_lamp" },
      "geohash": "t9y222xtm"
    },
    {
      "type": "Feature",
      "geometry": { "type": "Point", "coordinates": [76.3104888, 9.8915957] },
      "properties": { "highway": "street_lamp" },
      "geohash": "t9y222xwe"
    },
    {
      "type": "Feature",
      "geometry": { "type": "Point", "coordinates": [76.3104792, 9.8917688] },
      "properties": { "highway": "street_lamp" },
      "geohash": "t9y222xxe"
    },
    {
      "type": "Feature",
      "geometry": { "type": "Point", "coordinates": [76.3108576, 9.8918373] },
      "properties": { "highway": "street_lamp" },
      "geohash": "t9y222zb5"
    },
    {
      "type": "Feature",
      "geometry": { "type": "Point", "coordinates": [76.3111705, 9.8922333] },
      "properties": { "highway": "street_lamp" },
      "geohash": "t9y228b47"
    },
    {
      "type": "Feature",
      "geometry": { "type": "Point", "coordinates": [76.3114285, 9.8922878] },
      "properties": { "highway": "street_lamp" },
      "geohash": "t9y228b6c"
    },
    {
      "type": "Feature",
      "geometry": { "type": "Point", "coordinates": [76.3106385, 9.8925079] },
      "properties": { "highway": "street_lamp" },
      "geohash": "t9y222zsn"
    },
    {
      "type": "Feature",
      "geometry": { "type": "Point", "coordinates": [76.3108688, 9.8925578] },
      "properties": { "highway": "street_lamp" },
      "geohash": "t9y222zuk"
    },
    {
      "type": "Feature",
      "geometry": { "type": "Point", "coordinates": [76.3111498, 9.8926032] },
      "properties": { "highway": "street_lamp" },
      "geohash": "t9y228bhd"
    },
    {
      "type": "Feature",
      "geometry": { "type": "Point", "coordinates": [76.3114164, 9.8916101] },
      "properties": { "highway": "street_lamp" },
      "geohash": "t9y2288qb"
    },
    {
      "type": "Feature",
      "geometry": { "type": "Point", "coordinates": [76.3115114, 9.8911329] },
      "properties": { "highway": "street_lamp" },
      "geohash": "t9y2288k5"
    },
    {
      "type": "Feature",
      "geometry": { "type": "Point", "coordinates": [76.30866, 9.8917364] },
      "properties": { "highway": "street_lamp" },
      "geohash": "t9y222wr8"
    },
    {
      "type": "Feature",
      "geometry": { "type": "Point", "coordinates": [76.3091308, 9.8919189] },
      "properties": { "highway": "street_lamp" },
      "geohash": "t9y222y8e"
    },
    {
      "type": "Feature",
      "geometry": { "type": "Point", "coordinates": [76.3093602, 9.8920087] },
      "properties": { "highway": "street_lamp" },
      "geohash": "t9y222yc0"
    },
    {
      "type": "Feature",
      "geometry": { "type": "Point", "coordinates": [76.3092082, 9.8923309] },
      "properties": { "highway": "street_lamp" },
      "geohash": "t9y222yej"
    },
    {
      "type": "Feature",
      "geometry": { "type": "Point", "coordinates": [76.3097057, 9.8922538] },
      "properties": { "highway": "street_lamp" },
      "geohash": "t9y222z49"
    },
    {
      "type": "Feature",
      "geometry": { "type": "Point", "coordinates": [76.3099406, 9.8923536] },
      "properties": { "highway": "street_lamp" },
      "geohash": "t9y222z5n"
    },
    {
      "type": "Feature",
      "geometry": { "type": "Point", "coordinates": [76.3100696, 9.8923218] },
      "properties": { "highway": "street_lamp" },
      "geohash": "t9y222z6c"
    },
    {
      "type": "Feature",
      "geometry": { "type": "Point", "coordinates": [76.3104105, 9.8924307] },
      "properties": { "highway": "street_lamp" },
      "geohash": "t9y222ze9"
    },
    {
      "type": "Feature",
      "geometry": { "type": "Point", "coordinates": [76.3100974, 9.8926414] },
      "properties": { "highway": "street_lamp" },
      "geohash": "t9y222zkf"
    },
    {
      "type": "Feature",
      "geometry": { "type": "Point", "coordinates": [76.3100214, 9.8929069] },
      "properties": { "highway": "street_lamp" },
      "geohash": "t9y222zq2"
    },
    {
      "type": "Feature",
      "geometry": { "type": "Point", "coordinates": [76.3099222, 9.8933973] },
      "properties": { "highway": "street_lamp" },
      "geohash": "t9y223p1n"
    },
    {
      "type": "Feature",
      "geometry": { "type": "Point", "coordinates": [76.3110738, 9.8928891] },
      "properties": { "highway": "street_lamp" },
      "geohash": "t9y228bn2"
    },
    {
      "type": "Feature",
      "geometry": { "type": "Point", "coordinates": [76.3114377, 9.8929708] },
      "properties": { "highway": "street_lamp" },
      "geohash": "t9y228bq9"
    },
    {
      "type": "Feature",
      "geometry": { "type": "Point", "coordinates": [76.3118339, 9.892939] },
      "properties": { "highway": "street_lamp" },
      "geohash": "t9y228bwd"
    },
    {
      "type": "Feature",
      "geometry": { "type": "Point", "coordinates": [76.3120259, 9.8930748] },
      "properties": { "highway": "street_lamp" },
      "geohash": "t9y228bxr"
    },
    {
      "type": "Feature",
      "geometry": { "type": "Point", "coordinates": [76.3122346, 9.8933656] },
      "properties": { "highway": "street_lamp" },
      "geohash": "t9y2290c5"
    },
    {
      "type": "Feature",
      "geometry": { "type": "Point", "coordinates": [76.3106177, 9.89374] },
      "properties": { "highway": "street_lamp" },
      "geohash": "t9y223pen"
    },
    {
      "type": "Feature",
      "geometry": { "type": "Point", "coordinates": [76.3105026, 9.8940436] },
      "properties": { "highway": "street_lamp" },
      "geohash": "t9y223psg"
    },
    {
      "type": "Feature",
      "geometry": { "type": "Point", "coordinates": [76.3097609, 9.8940803] },
      "properties": { "highway": "street_lamp" },
      "geohash": "t9y223pj4"
    },
    {
      "type": "Feature",
      "geometry": { "type": "Point", "coordinates": [76.3101249, 9.8941983] },
      "properties": { "highway": "street_lamp" },
      "geohash": "t9y223pmf"
    },
    {
      "type": "Feature",
      "geometry": { "type": "Point", "coordinates": [76.310773, 9.8942036] },
      "properties": { "highway": "street_lamp" },
      "geohash": "t9y223pvc"
    },
    {
      "type": "Feature",
      "geometry": { "type": "Point", "coordinates": [76.3111659, 9.8943889] },
      "properties": { "highway": "street_lamp" },
      "geohash": "t9y2290ng"
    },
    {
      "type": "Feature",
      "geometry": { "type": "Point", "coordinates": [76.3102723, 9.8945795] },
      "properties": { "highway": "street_lamp" },
      "geohash": "t9y223r2n"
    },
    {
      "type": "Feature",
      "geometry": { "type": "Point", "coordinates": [76.3094523, 9.8938716] },
      "properties": { "highway": "street_lamp" },
      "geohash": "t9y223ngg"
    },
    {
      "type": "Feature",
      "geometry": { "type": "Point", "coordinates": [76.3092542, 9.8938307] },
      "properties": { "highway": "street_lamp" },
      "geohash": "t9y223new"
    },
    {
      "type": "Feature",
      "geometry": { "type": "Point", "coordinates": [76.3091022, 9.8940395] },
      "properties": { "highway": "street_lamp" },
      "geohash": "t9y223nsf"
    },
    {
      "type": "Feature",
      "geometry": { "type": "Point", "coordinates": [76.3091298, 9.8941711] },
      "properties": { "highway": "street_lamp" },
      "geohash": "t9y223nte"
    },
    {
      "type": "Feature",
      "geometry": { "type": "Point", "coordinates": [76.3085934, 9.8935293] },
      "properties": { "highway": "street_lamp" },
      "geohash": "t9y223n1z"
    },
    {
      "type": "Feature",
      "geometry": { "type": "Point", "coordinates": [76.309907, 9.8949089] },
      "properties": { "highway": "street_lamp" },
      "geohash": "t9y223r4j"
    },
    {
      "type": "Feature",
      "geometry": { "type": "Point", "coordinates": [76.3108573, 9.8949879] },
      "properties": { "highway": "street_lamp" },
      "geohash": "t9y223rf7"
    },
    {
      "type": "Feature",
      "geometry": { "type": "Point", "coordinates": [76.311645, 9.8949334] },
      "properties": { "highway": "street_lamp" },
      "geohash": "t9y22926n"
    },
    {
      "type": "Feature",
      "geometry": { "type": "Point", "coordinates": [76.3107782, 9.8953844] },
      "properties": { "highway": "street_lamp" },
      "geohash": "t9y223ruf"
    },
    {
      "type": "Feature",
      "geometry": { "type": "Point", "coordinates": [76.3111291, 9.8952965] },
      "properties": { "highway": "street_lamp" },
      "geohash": "t9y2292h6"
    },
    {
      "type": "Feature",
      "geometry": { "type": "Point", "coordinates": [76.3091052, 9.8952112] },
      "properties": { "highway": "street_lamp" },
      "geohash": "t9y223qeg"
    },
    {
      "type": "Feature",
      "geometry": { "type": "Point", "coordinates": [76.3088442, 9.8950923] },
      "properties": { "highway": "street_lamp" },
      "geohash": "t9y223q7h"
    },
    {
      "type": "Feature",
      "geometry": { "type": "Point", "coordinates": [76.3085678, 9.8950287] },
      "properties": { "highway": "street_lamp" },
      "geohash": "t9y223q4w"
    },
    {
      "type": "Feature",
      "geometry": { "type": "Point", "coordinates": [76.3080764, 9.8949437] },
      "properties": { "highway": "street_lamp" },
      "geohash": "t9y223mf5"
    },
    {
      "type": "Feature",
      "geometry": { "type": "Point", "coordinates": [76.3092174, 9.8955007] },
      "properties": { "highway": "street_lamp" },
      "geohash": "t9y223qtm"
    },
    {
      "type": "Feature",
      "geometry": { "type": "Point", "coordinates": [76.3077062, 9.8948663] },
      "properties": { "highway": "street_lamp" },
      "geohash": "t9y223m9f"
    },
    {
      "type": "Feature",
      "geometry": { "type": "Point", "coordinates": [76.3087383, 9.8957457] },
      "properties": { "highway": "street_lamp" },
      "geohash": "t9y223qqf"
    },
    {
      "type": "Feature",
      "geometry": { "type": "Point", "coordinates": [76.3090792, 9.8961088] },
      "properties": { "highway": "street_lamp" },
      "geohash": "t9y223w94"
    },
    {
      "type": "Feature",
      "geometry": { "type": "Point", "coordinates": [76.3088765, 9.8967033] },
      "properties": { "highway": "street_lamp" },
      "geohash": "t9y223wkm"
    },
    {
      "type": "Feature",
      "geometry": { "type": "Point", "coordinates": [76.3104834, 9.8960886] },
      "properties": { "highway": "street_lamp" },
      "geohash": "t9y223x8g"
    },
    {
      "type": "Feature",
      "geometry": { "type": "Point", "coordinates": [76.3104103, 9.8964172] },
      "properties": { "highway": "street_lamp" },
      "geohash": "t9y223xdc"
    },
    {
      "type": "Feature",
      "geometry": { "type": "Point", "coordinates": [76.3103414, 9.8967895] },
      "properties": { "highway": "street_lamp" },
      "geohash": "t9y223xkz"
    },
    {
      "type": "Feature",
      "geometry": { "type": "Point", "coordinates": [76.3100419, 9.8967305] },
      "properties": { "highway": "street_lamp" },
      "geohash": "t9y223xk8"
    },
    {
      "type": "Feature",
      "geometry": { "type": "Point", "coordinates": [76.3095795, 9.8966943] },
      "properties": { "highway": "street_lamp" },
      "geohash": "t9y223wuq"
    },
    {
      "type": "Feature",
      "geometry": { "type": "Point", "coordinates": [76.3092216, 9.8971304] },
      "properties": { "highway": "street_lamp" },
      "geohash": "t9y223wwv"
    },
    {
      "type": "Feature",
      "geometry": { "type": "Point", "coordinates": [76.3084181, 9.8969324] },
      "properties": { "highway": "street_lamp" },
      "geohash": "t9y223wjg"
    },
    {
      "type": "Feature",
      "geometry": { "type": "Point", "coordinates": [76.3081417, 9.8969574] },
      "properties": { "highway": "street_lamp" },
      "geohash": "t9y223tvu"
    },
    {
      "type": "Feature",
      "geometry": { "type": "Point", "coordinates": [76.3086548, 9.8972124] },
      "properties": { "highway": "street_lamp" },
      "geohash": "t9y223wr2"
    },
    {
      "type": "Feature",
      "geometry": { "type": "Point", "coordinates": [76.3082845, 9.8973817] },
      "properties": { "highway": "street_lamp" },
      "geohash": "t9y223vbr"
    },
    {
      "type": "Feature",
      "geometry": { "type": "Point", "coordinates": [76.3082908, 9.8979113] },
      "properties": { "highway": "street_lamp" },
      "geohash": "t9y223y58"
    },
    {
      "type": "Feature",
      "geometry": { "type": "Point", "coordinates": [76.3077249, 9.8980314] },
      "properties": { "highway": "street_lamp" },
      "geohash": "t9y223vs4"
    },
    {
      "type": "Feature",
      "geometry": { "type": "Point", "coordinates": [76.3075936, 9.8982983] },
      "properties": { "highway": "street_lamp" },
      "geohash": "t9y223vmz"
    },
    {
      "type": "Feature",
      "geometry": { "type": "Point", "coordinates": [76.3080811, 9.8982764] },
      "properties": { "highway": "street_lamp" },
      "geohash": "t9y223vve"
    },
    {
      "type": "Feature",
      "geometry": { "type": "Point", "coordinates": [76.3094636, 9.8982142] },
      "properties": { "highway": "street_lamp" },
      "geohash": "t9y223yv7"
    },
    {
      "type": "Feature",
      "geometry": { "type": "Point", "coordinates": [76.3097017, 9.8982276] },
      "properties": { "highway": "street_lamp" },
      "geohash": "t9y223zj2"
    },
    {
      "type": "Feature",
      "geometry": { "type": "Point", "coordinates": [76.3100074, 9.8983347] },
      "properties": { "highway": "street_lamp" },
      "geohash": "t9y223zmb"
    },
    {
      "type": "Feature",
      "geometry": { "type": "Point", "coordinates": [76.3103979, 9.8983934] },
      "properties": { "highway": "street_lamp" },
      "geohash": "t9y223zw3"
    },
    {
      "type": "Feature",
      "geometry": { "type": "Point", "coordinates": [76.3108458, 9.8985933] },
      "properties": { "highway": "street_lamp" },
      "geohash": "t9y223zz7"
    },
    {
      "type": "Feature",
      "geometry": { "type": "Point", "coordinates": [76.3111867, 9.8987158] },
      "properties": { "highway": "street_lamp" },
      "geohash": "t9y22d005"
    },
    {
      "type": "Feature",
      "geometry": { "type": "Point", "coordinates": [76.3114525, 9.8987689] },
      "properties": { "highway": "street_lamp" },
      "geohash": "t9y22d029"
    },
    {
      "type": "Feature",
      "geometry": { "type": "Point", "coordinates": [76.3116657, 9.8987476] },
      "properties": { "highway": "street_lamp" },
      "geohash": "t9y22d02q"
    },
    {
      "type": "Feature",
      "geometry": { "type": "Point", "coordinates": [76.3121503, 9.8989119] },
      "properties": { "highway": "street_lamp" },
      "geohash": "t9y22d0c3"
    },
    {
      "type": "Feature",
      "geometry": { "type": "Point", "coordinates": [76.3127851, 9.898675] },
      "properties": { "highway": "street_lamp" },
      "geohash": "t9y229crb"
    },
    {
      "type": "Feature",
      "geometry": { "type": "Point", "coordinates": [76.3129648, 9.8985026] },
      "properties": { "highway": "street_lamp" },
      "geohash": "t9y229cqu"
    },
    {
      "type": "Feature",
      "geometry": { "type": "Point", "coordinates": [76.3133195, 9.8985389] },
      "properties": { "highway": "street_lamp" },
      "geohash": "t9y229cxj"
    },
    {
      "type": "Feature",
      "geometry": { "type": "Point", "coordinates": [76.3133724, 9.8981788] },
      "properties": { "highway": "street_lamp" },
      "geohash": "t9y229ctn"
    },
    {
      "type": "Feature",
      "geometry": { "type": "Point", "coordinates": [76.3129969, 9.898086] },
      "properties": { "highway": "street_lamp" },
      "geohash": "t9y229ckt"
    },
    {
      "type": "Feature",
      "geometry": { "type": "Point", "coordinates": [76.3130302, 9.8971214] },
      "properties": { "highway": "street_lamp" },
      "geohash": "t9y2299qy"
    },
    {
      "type": "Feature",
      "geometry": { "type": "Point", "coordinates": [76.3132319, 9.8974679] },
      "properties": { "highway": "street_lamp" },
      "geohash": "t9y229c8g"
    },
    {
      "type": "Feature",
      "geometry": { "type": "Point", "coordinates": [76.3129602, 9.8973681] },
      "properties": { "highway": "street_lamp" },
      "geohash": "t9y229c2k"
    },
    {
      "type": "Feature",
      "geometry": { "type": "Point", "coordinates": [76.3127529, 9.8992059] },
      "properties": { "highway": "street_lamp" },
      "geohash": "t9y22d170"
    },
    {
      "type": "Feature",
      "geometry": { "type": "Point", "coordinates": [76.3118942, 9.8993324] },
      "properties": { "highway": "street_lamp" },
      "geohash": "t9y22d0eu"
    },
    {
      "type": "Feature",
      "geometry": { "type": "Point", "coordinates": [76.312587, 9.8994646] },
      "properties": { "highway": "street_lamp" },
      "geohash": "t9y22d1hs"
    },
    {
      "type": "Feature",
      "geometry": { "type": "Point", "coordinates": [76.3126306, 9.8997087] },
      "properties": { "highway": "street_lamp" },
      "geohash": "t9y22d1jv"
    },
    {
      "type": "Feature",
      "geometry": { "type": "Point", "coordinates": [76.3129648, 9.9000001] },
      "properties": { "highway": "street_lamp" },
      "geohash": "t9y22d1rs"
    },
    {
      "type": "Feature",
      "geometry": { "type": "Point", "coordinates": [76.3120112, 9.8996415] },
      "properties": { "highway": "street_lamp" },
      "geohash": "t9y22d0tw"
    },
    {
      "type": "Feature",
      "geometry": { "type": "Point", "coordinates": [76.312154, 9.900109] },
      "properties": { "highway": "street_lamp" },
      "geohash": "t9y22d2b6"
    },
    {
      "type": "Feature",
      "geometry": { "type": "Point", "coordinates": [76.3117533, 9.899873] },
      "properties": { "highway": "street_lamp" },
      "geohash": "t9y22d0wb"
    },
    {
      "type": "Feature",
      "geometry": { "type": "Point", "coordinates": [76.3113801, 9.899696] },
      "properties": { "highway": "street_lamp" },
      "geohash": "t9y22d0mb"
    },
    {
      "type": "Feature",
      "geometry": { "type": "Point", "coordinates": [76.3115782, 9.9001634] },
      "properties": { "highway": "street_lamp" },
      "geohash": "t9y22d22s"
    },
    {
      "type": "Feature",
      "geometry": { "type": "Point", "coordinates": [76.3112972, 9.9001181] },
      "properties": { "highway": "street_lamp" },
      "geohash": "t9y22d20q"
    },
    {
      "type": "Feature",
      "geometry": { "type": "Point", "coordinates": [76.3109893, 9.8999606] },
      "properties": { "highway": "street_lamp" },
      "geohash": "t9y226pzq"
    },
    {
      "type": "Feature",
      "geometry": { "type": "Point", "coordinates": [76.3126746, 9.900767] },
      "properties": { "highway": "street_lamp" },
      "geohash": "t9y22d3hn"
    },
    {
      "type": "Feature",
      "geometry": { "type": "Point", "coordinates": [76.3130293, 9.900826] },
      "properties": { "highway": "street_lamp" },
      "geohash": "t9y22d3kq"
    },
    {
      "type": "Feature",
      "geometry": { "type": "Point", "coordinates": [76.3143928, 9.9006853] },
      "properties": { "highway": "street_lamp" },
      "geohash": "t9y22d67w"
    },
    {
      "type": "Feature",
      "geometry": { "type": "Point", "coordinates": [76.3143467, 9.9003813] },
      "properties": { "highway": "street_lamp" },
      "geohash": "t9y22d63v"
    },
    {
      "type": "Feature",
      "geometry": { "type": "Point", "coordinates": [76.3124166, 9.9010846] },
      "properties": { "highway": "street_lamp" },
      "geohash": "t9y22d3jb"
    },
    {
      "type": "Feature",
      "geometry": { "type": "Point", "coordinates": [76.3122277, 9.9010302] },
      "properties": { "highway": "street_lamp" },
      "geohash": "t9y22d2ve"
    },
    {
      "type": "Feature",
      "geometry": { "type": "Point", "coordinates": [76.3112373, 9.9006263] },
      "properties": { "highway": "street_lamp" },
      "geohash": "t9y22d25k"
    },
    {
      "type": "Feature",
      "geometry": { "type": "Point", "coordinates": [76.3125048, 9.9014857] },
      "properties": { "highway": "street_lamp" },
      "geohash": "t9y22d906"
    },
    {
      "type": "Feature",
      "geometry": { "type": "Point", "coordinates": [76.3145909, 9.900472] },
      "properties": { "highway": "street_lamp" },
      "geohash": "t9y22d6d6"
    },
    {
      "type": "Feature",
      "geometry": { "type": "Point", "coordinates": [76.3146117, 9.9007491] },
      "properties": { "highway": "street_lamp" },
      "geohash": "t9y22d6s5"
    },
    {
      "type": "Feature",
      "geometry": { "type": "Point", "coordinates": [76.3146661, 9.9010252] },
      "properties": { "highway": "street_lamp" },
      "geohash": "t9y22d6ts"
    },
    {
      "type": "Feature",
      "geometry": { "type": "Point", "coordinates": [76.3147176, 9.9012789] },
      "properties": { "highway": "street_lamp" },
      "geohash": "t9y22d6xj"
    },
    {
      "type": "Feature",
      "geometry": { "type": "Point", "coordinates": [76.314781, 9.9015524] },
      "properties": { "highway": "street_lamp" },
      "geohash": "t9y22dd8x"
    },
    {
      "type": "Feature",
      "geometry": { "type": "Point", "coordinates": [76.3146047, 9.9016337] },
      "properties": { "highway": "street_lamp" },
      "geohash": "t9y22dd95"
    },
    {
      "type": "Feature",
      "geometry": { "type": "Point", "coordinates": [76.3125087, 9.9017925] },
      "properties": { "highway": "street_lamp" },
      "geohash": "t9y22d944"
    },
    {
      "type": "Feature",
      "geometry": { "type": "Point", "coordinates": [76.3148426, 9.9018177] },
      "properties": { "highway": "street_lamp" },
      "geohash": "t9y22ddf2"
    },
    {
      "type": "Feature",
      "geometry": { "type": "Point", "coordinates": [76.3147152, 9.9022373] },
      "properties": { "highway": "street_lamp" },
      "geohash": "t9y22ddst"
    },
    {
      "type": "Feature",
      "geometry": { "type": "Point", "coordinates": [76.3149456, 9.9020739] },
      "properties": { "highway": "street_lamp" },
      "geohash": "t9y22ddgg"
    },
    {
      "type": "Feature",
      "geometry": { "type": "Point", "coordinates": [76.3147797, 9.9027001] },
      "properties": { "highway": "street_lamp" },
      "geohash": "t9y22ddxr"
    },
    {
      "type": "Feature",
      "geometry": { "type": "Point", "coordinates": [76.3139091, 9.902868] },
      "properties": { "highway": "street_lamp" },
      "geohash": "t9y22df06"
    },
    {
      "type": "Feature",
      "geometry": { "type": "Point", "coordinates": [76.31343, 9.9028726] },
      "properties": { "highway": "street_lamp" },
      "geohash": "t9y22dc8r"
    },
    {
      "type": "Feature",
      "geometry": { "type": "Point", "coordinates": [76.3142294, 9.9030146] },
      "properties": { "highway": "street_lamp" },
      "geohash": "t9y22df34"
    },
    {
      "type": "Feature",
      "geometry": { "type": "Point", "coordinates": [76.3148212, 9.9029361] },
      "properties": { "highway": "street_lamp" },
      "geohash": "t9y22dfbb"
    },
    {
      "type": "Feature",
      "geometry": { "type": "Point", "coordinates": [76.3149666, 9.9023429] },
      "properties": { "highway": "street_lamp" },
      "geohash": "t9y22ddv7"
    },
    {
      "type": "Feature",
      "geometry": { "type": "Point", "coordinates": [76.3150354, 9.9026333] },
      "properties": { "highway": "street_lamp" },
      "geohash": "t9y22ddzj"
    },
    {
      "type": "Feature",
      "geometry": { "type": "Point", "coordinates": [76.3151344, 9.9028771] },
      "properties": { "highway": "street_lamp" },
      "geohash": "t9y22dfbr"
    },
    {
      "type": "Feature",
      "geometry": { "type": "Point", "coordinates": [76.3151851, 9.903104] },
      "properties": { "highway": "street_lamp" },
      "geohash": "t9y22dg1b"
    },
    {
      "type": "Feature",
      "geometry": { "type": "Point", "coordinates": [76.3154615, 9.9037438] },
      "properties": { "highway": "street_lamp" },
      "geohash": "t9y22dgjr"
    },
    {
      "type": "Feature",
      "geometry": { "type": "Point", "coordinates": [76.3153555, 9.9037302] },
      "properties": { "highway": "street_lamp" },
      "geohash": "t9y22dgjk"
    },
    {
      "type": "Feature",
      "geometry": { "type": "Point", "coordinates": [76.3152894, 9.9041342] },
      "properties": { "highway": "street_lamp" },
      "geohash": "t9y22dgpg"
    },
    {
      "type": "Feature",
      "geometry": { "type": "Point", "coordinates": [76.3154661, 9.9042612] },
      "properties": { "highway": "street_lamp" },
      "geohash": "t9y22e50x"
    },
    {
      "type": "Feature",
      "geometry": { "type": "Point", "coordinates": [76.3155859, 9.9042884] },
      "properties": { "highway": "street_lamp" },
      "geohash": "t9y22e52d"
    },
    {
      "type": "Feature",
      "geometry": { "type": "Point", "coordinates": [76.3153832, 9.9044926] },
      "properties": { "highway": "street_lamp" },
      "geohash": "t9y22e51v"
    },
    {
      "type": "Feature",
      "geometry": { "type": "Point", "coordinates": [76.3154691, 9.9044754] },
      "properties": { "highway": "street_lamp" },
      "geohash": "t9y22e51z"
    },
    {
      "type": "Feature",
      "geometry": { "type": "Point", "coordinates": [76.3155721, 9.9046106] },
      "properties": { "highway": "street_lamp" },
      "geohash": "t9y22e569"
    },
    {
      "type": "Feature",
      "geometry": { "type": "Point", "coordinates": [76.3156688, 9.9046469] },
      "properties": { "highway": "street_lamp" },
      "geohash": "t9y22e56g"
    },
    {
      "type": "Feature",
      "geometry": { "type": "Point", "coordinates": [76.3154477, 9.9048193] },
      "properties": { "highway": "street_lamp" },
      "geohash": "t9y22e55y"
    },
    {
      "type": "Feature",
      "geometry": { "type": "Point", "coordinates": [76.3155487, 9.9048225] },
      "properties": { "highway": "street_lamp" },
      "geohash": "t9y22e57c"
    },
    {
      "type": "Feature",
      "geometry": { "type": "Point", "coordinates": [76.3156319, 9.9049736] },
      "properties": { "highway": "street_lamp" },
      "geohash": "t9y22e5ke"
    },
    {
      "type": "Feature",
      "geometry": { "type": "Point", "coordinates": [76.3157209, 9.905052] },
      "properties": { "highway": "street_lamp" },
      "geohash": "t9y22e5mj"
    },
    {
      "type": "Feature",
      "geometry": { "type": "Point", "coordinates": [76.3155352, 9.9052368] },
      "properties": { "highway": "street_lamp" },
      "geohash": "t9y22e5q0"
    },
    {
      "type": "Feature",
      "geometry": { "type": "Point", "coordinates": [76.3156522, 9.9052737] },
      "properties": { "highway": "street_lamp" },
      "geohash": "t9y22e5q7"
    },
    {
      "type": "Feature",
      "geometry": { "type": "Point", "coordinates": [76.3157149, 9.9053639] },
      "properties": { "highway": "street_lamp" },
      "geohash": "t9y22e5qv"
    },
    {
      "type": "Feature",
      "geometry": { "type": "Point", "coordinates": [76.3156043, 9.9055045] },
      "properties": { "highway": "street_lamp" },
      "geohash": "t9y22e5rd"
    },
    {
      "type": "Feature",
      "geometry": { "type": "Point", "coordinates": [76.3157379, 9.9056472] },
      "properties": { "highway": "street_lamp" },
      "geohash": "t9y22e72t"
    },
    {
      "type": "Feature",
      "geometry": { "type": "Point", "coordinates": [76.31583, 9.9058857] },
      "properties": { "highway": "street_lamp" },
      "geohash": "t9y22e73z"
    },
    {
      "type": "Feature",
      "geometry": { "type": "Point", "coordinates": [76.3163349, 9.9061447] },
      "properties": { "highway": "street_lamp" },
      "geohash": "t9y22e7g7"
    },
    {
      "type": "Feature",
      "geometry": { "type": "Point", "coordinates": [76.3158899, 9.9061489] },
      "properties": { "highway": "street_lamp" },
      "geohash": "t9y22e7e3"
    },
    {
      "type": "Feature",
      "geometry": { "type": "Point", "coordinates": [76.3163382, 9.9064662] },
      "properties": { "highway": "street_lamp" },
      "geohash": "t9y22e7v7"
    },
    {
      "type": "Feature",
      "geometry": { "type": "Point", "coordinates": [76.3159498, 9.9064257] },
      "properties": { "highway": "street_lamp" },
      "geohash": "t9y22e7t4"
    },
    {
      "type": "Feature",
      "geometry": { "type": "Point", "coordinates": [76.3160051, 9.9066844] },
      "properties": { "highway": "street_lamp" },
      "geohash": "t9y22e7we"
    },
    {
      "type": "Feature",
      "geometry": { "type": "Point", "coordinates": [76.3163237, 9.9069455] },
      "properties": { "highway": "street_lamp" },
      "geohash": "t9y22eeb5"
    },
    {
      "type": "Feature",
      "geometry": { "type": "Point", "coordinates": [76.3161018, 9.9071971] },
      "properties": { "highway": "street_lamp" },
      "geohash": "t9y22ee9w"
    },
    {
      "type": "Feature",
      "geometry": { "type": "Point", "coordinates": [76.3161525, 9.9074649] },
      "properties": { "highway": "street_lamp" },
      "geohash": "t9y22eeep"
    },
    {
      "type": "Feature",
      "geometry": { "type": "Point", "coordinates": [76.3163318, 9.9074701] },
      "properties": { "highway": "street_lamp" },
      "geohash": "t9y22eeg5"
    },
    {
      "type": "Feature",
      "geometry": { "type": "Point", "coordinates": [76.3161817, 9.9077606] },
      "properties": { "highway": "street_lamp" },
      "geohash": "t9y22eesz"
    },
    {
      "type": "Feature",
      "geometry": { "type": "Point", "coordinates": [76.316263, 9.9080139] },
      "properties": { "highway": "street_lamp" },
      "geohash": "t9y22eey3"
    },
    {
      "type": "Feature",
      "geometry": { "type": "Point", "coordinates": [76.3162918, 9.908287] },
      "properties": { "highway": "street_lamp" },
      "geohash": "t9y22eezf"
    },
    {
      "type": "Feature",
      "geometry": { "type": "Point", "coordinates": [76.3163874, 9.9085676] },
      "properties": { "highway": "street_lamp" },
      "geohash": "t9y22egcs"
    },
    {
      "type": "Feature",
      "geometry": { "type": "Point", "coordinates": [76.3164335, 9.908799] },
      "properties": { "highway": "street_lamp" },
      "geohash": "t9y22egfv"
    },
    {
      "type": "Feature",
      "geometry": { "type": "Point", "coordinates": [76.3164522, 9.909053] },
      "properties": { "highway": "street_lamp" },
      "geohash": "t9y22eguq"
    },
    {
      "type": "Feature",
      "geometry": { "type": "Point", "coordinates": [76.3165669, 9.9096337] },
      "properties": { "highway": "street_lamp" },
      "geohash": "t9y22eupb"
    },
    {
      "type": "Feature",
      "geometry": { "type": "Point", "coordinates": [76.3166184, 9.9099232] },
      "properties": { "highway": "street_lamp" },
      "geohash": "t9y22sh16"
    },
    {
      "type": "Feature",
      "geometry": { "type": "Point", "coordinates": [76.3184556, 9.9095347] },
      "properties": { "highway": "street_lamp" },
      "geohash": "t9y22evrh"
    },
    {
      "type": "Feature",
      "geometry": { "type": "Point", "coordinates": [76.3189532, 9.9097791] },
      "properties": { "highway": "street_lamp" },
      "geohash": "t9y22sjb8"
    },
    {
      "type": "Feature",
      "geometry": { "type": "Point", "coordinates": [76.3196615, 9.9097097] },
      "properties": { "highway": "street_lamp" },
      "geohash": "t9y22sn21"
    },
    {
      "type": "Feature",
      "geometry": { "type": "Point", "coordinates": [76.3199114, 9.9100287] },
      "properties": { "highway": "street_lamp" },
      "geohash": "t9y22sn6n"
    },
    {
      "type": "Feature",
      "geometry": { "type": "Point", "coordinates": [76.319829, 9.9104584] },
      "properties": { "highway": "street_lamp" },
      "geohash": "t9y22snks"
    },
    {
      "type": "Feature",
      "geometry": { "type": "Point", "coordinates": [76.3197442, 9.9108191] },
      "properties": { "highway": "street_lamp" },
      "geohash": "t9y22snqd"
    },
    {
      "type": "Feature",
      "geometry": { "type": "Point", "coordinates": [76.3207912, 9.9107412] },
      "properties": { "highway": "street_lamp" },
      "geohash": "t9y22spn7"
    },
    {
      "type": "Feature",
      "geometry": { "type": "Point", "coordinates": [76.3214144, 9.9093505] },
      "properties": { "highway": "street_lamp" },
      "geohash": "t9y22ezw1"
    },
    {
      "type": "Feature",
      "geometry": { "type": "Point", "coordinates": [76.3211137, 9.9085403] },
      "properties": { "highway": "street_lamp" },
      "geohash": "t9y22ez36"
    },
    {
      "type": "Feature",
      "geometry": { "type": "Point", "coordinates": [76.3213937, 9.9085866] },
      "properties": { "highway": "street_lamp" },
      "geohash": "t9y22ez99"
    },
    {
      "type": "Feature",
      "geometry": { "type": "Point", "coordinates": [76.3216895, 9.9084723] },
      "properties": { "highway": "street_lamp" },
      "geohash": "t9y22ezc0"
    },
    {
      "type": "Feature",
      "geometry": { "type": "Point", "coordinates": [76.3219383, 9.9079005] },
      "properties": { "highway": "street_lamp" },
      "geohash": "t9y22exvw"
    },
    {
      "type": "Feature",
      "geometry": { "type": "Point", "coordinates": [76.32221, 9.9072561] },
      "properties": { "highway": "street_lamp" },
      "geohash": "t9y22g81u"
    },
    {
      "type": "Feature",
      "geometry": { "type": "Point", "coordinates": [76.3218876, 9.9071699] },
      "properties": { "highway": "street_lamp" },
      "geohash": "t9y22exck"
    },
    {
      "type": "Feature",
      "geometry": { "type": "Point", "coordinates": [76.3210861, 9.9068432] },
      "properties": { "highway": "street_lamp" },
      "geohash": "t9y22errd"
    },
    {
      "type": "Feature",
      "geometry": { "type": "Point", "coordinates": [76.3204135, 9.9073242] },
      "properties": { "highway": "street_lamp" },
      "geohash": "t9y22ewf6"
    },
    {
      "type": "Feature",
      "geometry": { "type": "Point", "coordinates": [76.3207083, 9.9067434] },
      "properties": { "highway": "street_lamp" },
      "geohash": "t9y22ernc"
    },
    {
      "type": "Feature",
      "geometry": { "type": "Point", "coordinates": [76.3210555, 9.9044771] },
      "properties": { "highway": "street_lamp" },
      "geohash": "t9y22ep3c"
    },
    {
      "type": "Feature",
      "geometry": { "type": "Point", "coordinates": [76.3211642, 9.9041844] },
      "properties": { "highway": "street_lamp" },
      "geohash": "t9y22ep2h"
    },
    {
      "type": "Feature",
      "geometry": { "type": "Point", "coordinates": [76.3208754, 9.9033417] },
      "properties": { "highway": "street_lamp" },
      "geohash": "t9y22dz5j"
    },
    {
      "type": "Feature",
      "geometry": { "type": "Point", "coordinates": [76.3211085, 9.902709] },
      "properties": { "highway": "street_lamp" },
      "geohash": "t9y22dxr6"
    },
    {
      "type": "Feature",
      "geometry": { "type": "Point", "coordinates": [76.3219569, 9.903006] },
      "properties": { "highway": "street_lamp" },
      "geohash": "t9y22dzcn"
    },
    {
      "type": "Feature",
      "geometry": { "type": "Point", "coordinates": [76.3222222, 9.9034561] },
      "properties": { "highway": "street_lamp" },
      "geohash": "t9y22fb5u"
    },
    {
      "type": "Feature",
      "geometry": { "type": "Point", "coordinates": [76.3216529, 9.9026075] },
      "properties": { "highway": "street_lamp" },
      "geohash": "t9y22dxwz"
    },
    {
      "type": "Feature",
      "geometry": { "type": "Point", "coordinates": [76.321134, 9.9038307] },
      "properties": { "highway": "street_lamp" },
      "geohash": "t9y22dzmg"
    },
    {
      "type": "Feature",
      "geometry": { "type": "Point", "coordinates": [76.3191252, 9.902856] },
      "properties": { "highway": "street_lamp" },
      "geohash": "t9y22dvbk"
    },
    {
      "type": "Feature",
      "geometry": { "type": "Point", "coordinates": [76.3185392, 9.9033515] },
      "properties": { "highway": "street_lamp" },
      "geohash": "t9y22dv7n"
    },
    {
      "type": "Feature",
      "geometry": { "type": "Point", "coordinates": [76.3189072, 9.9034534] },
      "properties": { "highway": "street_lamp" },
      "geohash": "t9y22dvez"
    },
    {
      "type": "Feature",
      "geometry": { "type": "Point", "coordinates": [76.321929, 9.9013297] },
      "properties": { "highway": "street_lamp" },
      "geohash": "t9y22drzm"
    },
    {
      "type": "Feature",
      "geometry": { "type": "Point", "coordinates": [76.3222595, 9.9000262] },
      "properties": { "highway": "street_lamp" },
      "geohash": "t9y22f0pv"
    },
    {
      "type": "Feature",
      "geometry": { "type": "Point", "coordinates": [76.3239139, 9.8988426] },
      "properties": { "highway": "street_lamp" },
      "geohash": "t9y22f12u"
    },
    {
      "type": "Feature",
      "geometry": { "type": "Point", "coordinates": [76.3208697, 9.8981253] },
      "properties": { "highway": "street_lamp" },
      "geohash": "t9y229zhv"
    },
    {
      "type": "Feature",
      "geometry": { "type": "Point", "coordinates": [76.3206947, 9.8960424] },
      "properties": { "highway": "street_lamp" },
      "geohash": "t9y229x09"
    },
    {
      "type": "Feature",
      "geometry": { "type": "Point", "coordinates": [76.3203455, 9.8959168] },
      "properties": { "highway": "street_lamp" },
      "geohash": "t9y229qzb"
    },
    {
      "type": "Feature",
      "geometry": { "type": "Point", "coordinates": [76.3200821, 9.8958439] },
      "properties": { "highway": "street_lamp" },
      "geohash": "t9y229qx6"
    },
    {
      "type": "Feature",
      "geometry": { "type": "Point", "coordinates": [76.3196216, 9.8957164] },
      "properties": { "highway": "street_lamp" },
      "geohash": "t9y229qq8"
    },
    {
      "type": "Feature",
      "geometry": { "type": "Point", "coordinates": [76.3192683, 9.8956186] },
      "properties": { "highway": "street_lamp" },
      "geohash": "t9y229myp"
    },
    {
      "type": "Feature",
      "geometry": { "type": "Point", "coordinates": [76.3184284, 9.8954483] },
      "properties": { "highway": "street_lamp" },
      "geohash": "t9y229mmh"
    },
    {
      "type": "Feature",
      "geometry": { "type": "Point", "coordinates": [76.3182566, 9.8950528] },
      "properties": { "highway": "street_lamp" },
      "geohash": "t9y229m6b"
    },
    {
      "type": "Feature",
      "geometry": { "type": "Point", "coordinates": [76.3182386, 9.8952594] },
      "properties": { "highway": "street_lamp" },
      "geohash": "t9y229mhp"
    },
    {
      "type": "Feature",
      "geometry": { "type": "Point", "coordinates": [76.3180828, 9.8956301] },
      "properties": { "highway": "street_lamp" },
      "geohash": "t9y229mnh"
    },
    {
      "type": "Feature",
      "geometry": { "type": "Point", "coordinates": [76.3176057, 9.8960549] },
      "properties": { "highway": "street_lamp" },
      "geohash": "t9y229sb9"
    },
    {
      "type": "Feature",
      "geometry": { "type": "Point", "coordinates": [76.3170015, 9.8967085] },
      "properties": { "highway": "street_lamp" },
      "geohash": "t9y229ske"
    },
    {
      "type": "Feature",
      "geometry": { "type": "Point", "coordinates": [76.3175257, 9.8964403] },
      "properties": { "highway": "street_lamp" },
      "geohash": "t9y229sdz"
    },
    {
      "type": "Feature",
      "geometry": { "type": "Point", "coordinates": [76.3315805, 9.9009401] },
      "properties": { "highway": "street_lamp" },
      "geohash": "t9y22fqvn"
    },
    {
      "type": "Feature",
      "geometry": { "type": "Point", "coordinates": [76.3331249, 9.9014373] },
      "properties": { "highway": "street_lamp" },
      "geohash": "t9y234804"
    },
    {
      "type": "Feature",
      "geometry": { "type": "Point", "coordinates": [76.3338423, 9.9016625] },
      "properties": { "highway": "street_lamp" },
      "geohash": "t9y234897"
    },
    {
      "type": "Feature",
      "geometry": { "type": "Point", "coordinates": [76.3284687, 9.9001197] },
      "properties": { "highway": "street_lamp" },
      "geohash": "t9y22fk8q"
    },
    {
      "type": "Feature",
      "geometry": { "type": "Point", "coordinates": [76.3291723, 9.8985643] },
      "properties": { "highway": "street_lamp" },
      "geohash": "t9y22cvpq"
    },
    {
      "type": "Feature",
      "geometry": { "type": "Point", "coordinates": [76.3285904, 9.8962984] },
      "properties": { "highway": "street_lamp" },
      "geohash": "t9y22csf1"
    },
    {
      "type": "Feature",
      "geometry": { "type": "Point", "coordinates": [76.3300581, 9.8964551] },
      "properties": { "highway": "street_lamp" },
      "geohash": "t9y22ctg5"
    },
    {
      "type": "Feature",
      "geometry": { "type": "Point", "coordinates": [76.3300175, 9.8973635] },
      "properties": { "highway": "street_lamp" },
      "geohash": "t9y22cvb6"
    },
    {
      "type": "Feature",
      "geometry": { "type": "Point", "coordinates": [76.3285379, 9.8989462] },
      "properties": { "highway": "street_lamp" },
      "geohash": "t9y22fh9x"
    },
    {
      "type": "Feature",
      "geometry": { "type": "Point", "coordinates": [76.3286669, 9.901039] },
      "properties": { "highway": "street_lamp" },
      "geohash": "t9y22fkvd"
    },
    {
      "type": "Feature",
      "geometry": { "type": "Point", "coordinates": [76.3281605, 9.9018691] },
      "properties": { "highway": "street_lamp" },
      "geohash": "t9y22fs6x"
    },
    {
      "type": "Feature",
      "geometry": { "type": "Point", "coordinates": [76.3281188, 9.9024823] },
      "properties": { "highway": "street_lamp" },
      "geohash": "t9y22fsqn"
    },
    {
      "type": "Feature",
      "geometry": { "type": "Point", "coordinates": [76.3280225, 9.9028666] },
      "properties": { "highway": "street_lamp" },
      "geohash": "t9y22fu27"
    },
    {
      "type": "Feature",
      "geometry": { "type": "Point", "coordinates": [76.3352966, 9.9015021] },
      "properties": { "highway": "street_lamp" },
      "geohash": "t9y23498m"
    },
    {
      "type": "Feature",
      "geometry": { "type": "Point", "coordinates": [76.3349004, 9.9019922] },
      "properties": { "highway": "street_lamp" },
      "geohash": "t9y23497k"
    },
    {
      "type": "Feature",
      "geometry": { "type": "Point", "coordinates": [76.3339761, 9.9031336] },
      "properties": { "highway": "street_lamp" },
      "geohash": "t9y234b9y"
    },
    {
      "type": "Feature",
      "geometry": { "type": "Point", "coordinates": [76.3333389, 9.9041287] },
      "properties": { "highway": "street_lamp" },
      "geohash": "t9y234bpx"
    },
    {
      "type": "Feature",
      "geometry": { "type": "Point", "coordinates": [76.334858, 9.9034916] },
      "properties": { "highway": "street_lamp" },
      "geohash": "t9y234ck5"
    },
    {
      "type": "Feature",
      "geometry": { "type": "Point", "coordinates": [76.3351768, 9.9039072] },
      "properties": { "highway": "street_lamp" },
      "geohash": "t9y234cw6"
    },
    {
      "type": "Feature",
      "geometry": { "type": "Point", "coordinates": [76.3319338, 9.9048148] },
      "properties": { "highway": "street_lamp" },
      "geohash": "t9y22gp5w"
    },
    {
      "type": "Feature",
      "geometry": { "type": "Point", "coordinates": [76.3323586, 9.9048337] },
      "properties": { "highway": "street_lamp" },
      "geohash": "t9y22gpeb"
    },
    {
      "type": "Feature",
      "geometry": { "type": "Point", "coordinates": [76.3327523, 9.9049212] },
      "properties": { "highway": "street_lamp" },
      "geohash": "t9y22gpu6"
    },
    {
      "type": "Feature",
      "geometry": { "type": "Point", "coordinates": [76.33233, 9.9071472] },
      "properties": { "highway": "street_lamp" },
      "geohash": "t9y22gx92"
    },
    {
      "type": "Feature",
      "geometry": { "type": "Point", "coordinates": [76.3327814, 9.9074104] },
      "properties": { "highway": "street_lamp" },
      "geohash": "t9y22gxff"
    },
    {
      "type": "Feature",
      "geometry": { "type": "Point", "coordinates": [76.3334071, 9.907258] },
      "properties": { "highway": "street_lamp" },
      "geohash": "t9y23583c"
    },
    {
      "type": "Feature",
      "geometry": { "type": "Point", "coordinates": [76.3340255, 9.9074256] },
      "properties": { "highway": "street_lamp" },
      "geohash": "t9y2358dz"
    },
    {
      "type": "Feature",
      "geometry": { "type": "Point", "coordinates": [76.3328365, 9.9067675] },
      "properties": { "highway": "street_lamp" },
      "geohash": "t9y22grzh"
    },
    {
      "type": "Feature",
      "geometry": { "type": "Point", "coordinates": [76.3324852, 9.909805] },
      "properties": { "highway": "street_lamp" },
      "geohash": "t9y22up8g"
    },
    {
      "type": "Feature",
      "geometry": { "type": "Point", "coordinates": [76.3329196, 9.9099607] },
      "properties": { "highway": "street_lamp" },
      "geohash": "t9y22upct"
    },
    {
      "type": "Feature",
      "geometry": { "type": "Point", "coordinates": [76.3334171, 9.9097338] },
      "properties": { "highway": "street_lamp" },
      "geohash": "t9y23h023"
    },
    {
      "type": "Feature",
      "geometry": { "type": "Point", "coordinates": [76.3168867, 9.9146725] },
      "properties": { "highway": "street_lamp" },
      "geohash": "t9y22sum0"
    },
    {
      "type": "Feature",
      "geometry": { "type": "Point", "coordinates": [76.3170009, 9.9149866] },
      "properties": { "highway": "street_lamp" },
      "geohash": "t9y22suqg"
    },
    {
      "type": "Feature",
      "geometry": { "type": "Point", "coordinates": [76.3170161, 9.9152858] },
      "properties": { "highway": "street_lamp" },
      "geohash": "t9y22th2e"
    },
    {
      "type": "Feature",
      "geometry": { "type": "Point", "coordinates": [76.322083, 9.9145037] },
      "properties": { "highway": "street_lamp" },
      "geohash": "t9y22ubh1"
    },
    {
      "type": "Feature",
      "geometry": { "type": "Point", "coordinates": [76.3219229, 9.9150505] },
      "properties": { "highway": "street_lamp" },
      "geohash": "t9y22szzm"
    },
    {
      "type": "Feature",
      "geometry": { "type": "Point", "coordinates": [76.3217143, 9.9156397] },
      "properties": { "highway": "street_lamp" },
      "geohash": "t9y22tpfb"
    },
    {
      "type": "Feature",
      "geometry": { "type": "Point", "coordinates": [76.3216889, 9.916014] },
      "properties": { "highway": "street_lamp" },
      "geohash": "t9y22tpub"
    },
    {
      "type": "Feature",
      "geometry": { "type": "Point", "coordinates": [76.3221258, 9.916008] },
      "properties": { "highway": "street_lamp" },
      "geohash": "t9y22v0hf"
    },
    {
      "type": "Feature",
      "geometry": { "type": "Point", "coordinates": [76.3207987, 9.9162175] },
      "properties": { "highway": "street_lamp" },
      "geohash": "t9y22tpn5"
    },
    {
      "type": "Feature",
      "geometry": { "type": "Point", "coordinates": [76.320684, 9.9166507] },
      "properties": { "highway": "street_lamp" },
      "geohash": "t9y22tr08"
    },
    {
      "type": "Feature",
      "geometry": { "type": "Point", "coordinates": [76.3205655, 9.9168642] },
      "properties": { "highway": "street_lamp" },
      "geohash": "t9y22tqcy"
    },
    {
      "type": "Feature",
      "geometry": { "type": "Point", "coordinates": [76.3203405, 9.917364] },
      "properties": { "highway": "street_lamp" },
      "geohash": "t9y22tqub"
    },
    {
      "type": "Feature",
      "geometry": { "type": "Point", "coordinates": [76.3098226, 9.9133367] },
      "properties": { "highway": "street_lamp" },
      "geohash": "t9y22kxj7"
    },
    {
      "type": "Feature",
      "geometry": { "type": "Point", "coordinates": [76.3098368, 9.9128232] },
      "properties": { "highway": "street_lamp" },
      "geohash": "t9y22kx4k"
    },
    {
      "type": "Feature",
      "geometry": { "type": "Point", "coordinates": [76.3098915, 9.9124147] },
      "properties": { "highway": "street_lamp" },
      "geohash": "t9y22kx0j"
    },
    {
      "type": "Feature",
      "geometry": { "type": "Point", "coordinates": [76.3103452, 9.9120532] },
      "properties": { "highway": "street_lamp" },
      "geohash": "t9y22krmz"
    },
    {
      "type": "Feature",
      "geometry": { "type": "Point", "coordinates": [76.3111308, 9.9124474] },
      "properties": { "highway": "street_lamp" },
      "geohash": "t9y22s804"
    },
    {
      "type": "Feature",
      "geometry": { "type": "Point", "coordinates": [76.311495, 9.912627] },
      "properties": { "highway": "street_lamp" },
      "geohash": "t9y22s834"
    },
    {
      "type": "Feature",
      "geometry": { "type": "Point", "coordinates": [76.3121903, 9.9128648] },
      "properties": { "highway": "street_lamp" },
      "geohash": "t9y22s8fd"
    },
    {
      "type": "Feature",
      "geometry": { "type": "Point", "coordinates": [76.3104013, 9.913386] },
      "properties": { "highway": "street_lamp" },
      "geohash": "t9y22kxt9"
    },
    {
      "type": "Feature",
      "geometry": { "type": "Point", "coordinates": [76.3105576, 9.9134788] },
      "properties": { "highway": "street_lamp" },
      "geohash": "t9y22kxwh"
    },
    {
      "type": "Feature",
      "geometry": { "type": "Point", "coordinates": [76.3108529, 9.9134414] },
      "properties": { "highway": "street_lamp" },
      "geohash": "t9y22kxvg"
    },
    {
      "type": "Feature",
      "geometry": { "type": "Point", "coordinates": [76.3107315, 9.9134281] },
      "properties": { "highway": "street_lamp" },
      "geohash": "t9y22kxvb"
    },
    {
      "type": "Feature",
      "geometry": { "type": "Point", "coordinates": [76.3103109, 9.9101785] },
      "properties": { "highway": "street_lamp" },
      "geohash": "t9y22kp6z"
    },
    {
      "type": "Feature",
      "geometry": { "type": "Point", "coordinates": [76.3102072, 9.9097791] },
      "properties": { "highway": "street_lamp" },
      "geohash": "t9y22kp2s"
    },
    {
      "type": "Feature",
      "geometry": { "type": "Point", "coordinates": [76.3102981, 9.9095491] },
      "properties": { "highway": "street_lamp" },
      "geohash": "t9y227zrq"
    },
    {
      "type": "Feature",
      "geometry": { "type": "Point", "coordinates": [76.310431, 9.9091447] },
      "properties": { "highway": "street_lamp" },
      "geohash": "t9y227zsc"
    },
    {
      "type": "Feature",
      "geometry": { "type": "Point", "coordinates": [76.3081225, 9.9075261] },
      "properties": { "highway": "street_lamp" },
      "geohash": "t9y227tgs"
    },
    {
      "type": "Feature",
      "geometry": { "type": "Point", "coordinates": [76.3088644, 9.9076827] },
      "properties": { "highway": "street_lamp" },
      "geohash": "t9y227wkm"
    },
    {
      "type": "Feature",
      "geometry": { "type": "Point", "coordinates": [76.3103955, 9.9065895] },
      "properties": { "highway": "street_lamp" },
      "geohash": "t9y227rw1"
    },
    {
      "type": "Feature",
      "geometry": { "type": "Point", "coordinates": [76.3076243, 9.9059638] },
      "properties": { "highway": "street_lamp" },
      "geohash": "t9y227md2"
    },
    {
      "type": "Feature",
      "geometry": { "type": "Point", "coordinates": [76.3077773, 9.9049691] },
      "properties": { "highway": "street_lamp" },
      "geohash": "t9y227jss"
    },
    {
      "type": "Feature",
      "geometry": { "type": "Point", "coordinates": [76.3098006, 9.9057203] },
      "properties": { "highway": "street_lamp" },
      "geohash": "t9y227r15"
    },
    {
      "type": "Feature",
      "geometry": { "type": "Point", "coordinates": [76.3075726, 9.9043242] },
      "properties": { "highway": "street_lamp" },
      "geohash": "t9y227j2z"
    },
    {
      "type": "Feature",
      "geometry": { "type": "Point", "coordinates": [76.3075002, 9.9045949] },
      "properties": { "highway": "street_lamp" },
      "geohash": "t9y227j6m"
    },
    {
      "type": "Feature",
      "geometry": { "type": "Point", "coordinates": [76.3071507, 9.9034994] },
      "properties": { "highway": "street_lamp" },
      "geohash": "t9y226vhj"
    },
    {
      "type": "Feature",
      "geometry": { "type": "Point", "coordinates": [76.3090855, 9.905559] },
      "properties": { "highway": "street_lamp" },
      "geohash": "t9y227q84"
    },
    {
      "type": "Feature",
      "geometry": { "type": "Point", "coordinates": [76.3116283, 9.904842] },
      "properties": { "highway": "street_lamp" },
      "geohash": "t9y22e07v"
    },
    {
      "type": "Feature",
      "geometry": { "type": "Point", "coordinates": [76.3111312, 9.9040434] },
      "properties": { "highway": "street_lamp" },
      "geohash": "t9y22dbp4"
    },
    {
      "type": "Feature",
      "geometry": { "type": "Point", "coordinates": [76.3100968, 9.9030627] },
      "properties": { "highway": "street_lamp" },
      "geohash": "t9y226z3d"
    },
    {
      "type": "Feature",
      "geometry": { "type": "Point", "coordinates": [76.3113196, 9.9029895] },
      "properties": { "highway": "street_lamp" },
      "geohash": "t9y22db1n"
    },
    {
      "type": "Feature",
      "geometry": { "type": "Point", "coordinates": [76.3112684, 9.9034566] },
      "properties": { "highway": "street_lamp" },
      "geohash": "t9y22db5v"
    },
    {
      "type": "Feature",
      "geometry": { "type": "Point", "coordinates": [76.3114736, 9.902536] },
      "properties": { "highway": "street_lamp" },
      "geohash": "t9y22d8q6"
    },
    {
      "type": "Feature",
      "geometry": { "type": "Point", "coordinates": [76.3123477, 9.9025563] },
      "properties": { "highway": "street_lamp" },
      "geohash": "t9y22d8yw"
    },
    {
      "type": "Feature",
      "geometry": { "type": "Point", "coordinates": [76.3123838, 9.9023552] },
      "properties": { "highway": "street_lamp" },
      "geohash": "t9y22d8vr"
    },
    {
      "type": "Feature",
      "geometry": { "type": "Point", "coordinates": [76.3097949, 9.902083] },
      "properties": { "highway": "street_lamp" },
      "geohash": "t9y226x5g"
    },
    {
      "type": "Feature",
      "geometry": { "type": "Point", "coordinates": [76.3086354, 9.9017902] },
      "properties": { "highway": "street_lamp" },
      "geohash": "t9y226w60"
    },
    {
      "type": "Feature",
      "geometry": { "type": "Point", "coordinates": [76.3105749, 9.9022049] },
      "properties": { "highway": "street_lamp" },
      "geohash": "t9y226xst"
    },
    {
      "type": "Feature",
      "geometry": { "type": "Point", "coordinates": [76.3085222, 9.9034532] },
      "properties": { "highway": "street_lamp" },
      "geohash": "t9y226y5v"
    },
    {
      "type": "Feature",
      "geometry": { "type": "Point", "coordinates": [76.3072175, 9.9000572] },
      "properties": { "highway": "street_lamp" },
      "geohash": "t9y226m0p"
    },
    {
      "type": "Feature",
      "geometry": { "type": "Point", "coordinates": [76.3075321, 9.8999308] },
      "properties": { "highway": "street_lamp" },
      "geohash": "t9y226jrq"
    },
    {
      "type": "Feature",
      "geometry": { "type": "Point", "coordinates": [76.3076373, 9.8994868] },
      "properties": { "highway": "street_lamp" },
      "geohash": "t9y226js8"
    },
    {
      "type": "Feature",
      "geometry": { "type": "Point", "coordinates": [76.307841, 9.8986821] },
      "properties": { "highway": "street_lamp" },
      "geohash": "t9y226j8j"
    },
    {
      "type": "Feature",
      "geometry": { "type": "Point", "coordinates": [76.3072385, 9.8987492] },
      "properties": { "highway": "street_lamp" },
      "geohash": "t9y226j0r"
    },
    {
      "type": "Feature",
      "geometry": { "type": "Point", "coordinates": [76.3056212, 9.9012768] },
      "properties": { "highway": "street_lamp" },
      "geohash": "t9y226kp1"
    },
    {
      "type": "Feature",
      "geometry": { "type": "Point", "coordinates": [76.3062219, 9.9015394] },
      "properties": { "highway": "street_lamp" },
      "geohash": "t9y226s2x"
    },
    {
      "type": "Feature",
      "geometry": { "type": "Point", "coordinates": [76.3068827, 9.9017432] },
      "properties": { "highway": "street_lamp" },
      "geohash": "t9y226scz"
    },
    {
      "type": "Feature",
      "geometry": { "type": "Point", "coordinates": [76.3070546, 9.9010584] },
      "properties": { "highway": "street_lamp" },
      "geohash": "t9y226mjg"
    },
    {
      "type": "Feature",
      "geometry": { "type": "Point", "coordinates": [76.307335, 9.9012389] },
      "properties": { "highway": "street_lamp" },
      "geohash": "t9y226mqc"
    },
    {
      "type": "Feature",
      "geometry": { "type": "Point", "coordinates": [76.3073952, 9.9022808] },
      "properties": { "highway": "street_lamp" },
      "geohash": "t9y226tkg"
    },
    {
      "type": "Feature",
      "geometry": { "type": "Point", "coordinates": [76.3077667, 9.9024172] },
      "properties": { "highway": "street_lamp" },
      "geohash": "t9y226ttg"
    },
    {
      "type": "Feature",
      "geometry": { "type": "Point", "coordinates": [76.3056641, 9.902517] },
      "properties": { "highway": "street_lamp" },
      "geohash": "t9y226sn6"
    },
    {
      "type": "Feature",
      "geometry": { "type": "Point", "coordinates": [76.3067899, 9.9030945] },
      "properties": { "highway": "street_lamp" },
      "geohash": "t9y226uct"
    },
    {
      "type": "Feature",
      "geometry": { "type": "Point", "coordinates": [76.3050779, 9.919744] },
      "properties": { "highway": "street_lamp" },
      "geohash": "t9y22mgdt"
    },
    {
      "type": "Feature",
      "geometry": { "type": "Point", "coordinates": [76.3054464, 9.9198619] },
      "properties": { "highway": "street_lamp" },
      "geohash": "t9y22mggm"
    },
    {
      "type": "Feature",
      "geometry": { "type": "Point", "coordinates": [76.3050963, 9.9195715] },
      "properties": { "highway": "street_lamp" },
      "geohash": "t9y22mg9t"
    },
    {
      "type": "Feature",
      "geometry": { "type": "Point", "coordinates": [76.3099055, 9.8950787] },
      "properties": { "highway": "street_lamp" },
      "geohash": "t9y223r5j"
    },
    {
      "type": "Feature",
      "geometry": { "type": "Point", "coordinates": [76.328125, 9.8901116] },
      "properties": { "highway": "street_lamp" },
      "geohash": "t9y22bkqn"
    },
    {
      "type": "Feature",
      "geometry": { "type": "Point", "coordinates": [76.0954374, 11.1578899] },
      "properties": {
        "highway": "street_lamp",
        "name": "Kallikkaparambil",
        "survey:date": "2021-11-18"
      },
      "geohash": "t9yp7x5p2"
    },
    {
      "type": "Feature",
      "geometry": { "type": "Point", "coordinates": [76.0948544, 11.1525947] },
      "properties": {
        "highway": "street_lamp",
        "name": "Vazhakudachalil",
        "survey:date": "2021-11-18"
      },
      "geohash": "t9yp7w68d"
    },
    {
      "type": "Feature",
      "geometry": { "type": "Point", "coordinates": [76.0919468, 11.1442113] },
      "properties": {
        "highway": "street_lamp",
        "name": "Thottungan pura",
        "survey:date": "2021-11-18"
      },
      "geohash": "t9yp7s8rw"
    },
    {
      "type": "Feature",
      "geometry": { "type": "Point", "coordinates": [76.0908385, 11.1451549] },
      "properties": {
        "highway": "street_lamp",
        "name": "Valiyapurrakkal",
        "survey:date": "2021-11-18"
      },
      "geohash": "t9yp7kztj"
    },
    {
      "type": "Feature",
      "geometry": { "type": "Point", "coordinates": [76.0913236, 11.1439414] },
      "properties": {
        "highway": "street_lamp",
        "name": "Kappratt",
        "survey:date": "2021-11-18"
      },
      "geohash": "t9yp7s8n0"
    },
    {
      "type": "Feature",
      "geometry": { "type": "Point", "coordinates": [76.0908197, 11.1441303] },
      "properties": {
        "highway": "street_lamp",
        "name": "Madathil",
        "survey:date": "2021-11-18"
      },
      "geohash": "t9yp7kxxk"
    },
    {
      "type": "Feature",
      "geometry": { "type": "Point", "coordinates": [76.0852052, 11.1512632] },
      "properties": {
        "highway": "street_lamp",
        "name": "Thaazhathe veed",
        "survey:date": "2021-11-18"
      },
      "geohash": "t9yp7q58c"
    },
    {
      "type": "Feature",
      "geometry": { "type": "Point", "coordinates": [76.0805012, 11.145568] },
      "properties": {
        "highway": "street_lamp",
        "name": "Puthiyakulam",
        "survey:date": "2021-11-18"
      },
      "geohash": "t9yp7kbps"
    },
    {
      "type": "Feature",
      "geometry": { "type": "Point", "coordinates": [76.0423705, 11.1593219] },
      "properties": {
        "highway": "street_lamp",
        "name": "Chembreeri",
        "survey:date": "2021-11-18"
      },
      "geohash": "t9yp6rkrg"
    },
    {
      "type": "Feature",
      "geometry": { "type": "Point", "coordinates": [76.0394787, 11.1590205] },
      "properties": {
        "highway": "street_lamp",
        "name": "Konnolath",
        "survey:date": "2021-11-18"
      },
      "geohash": "t9yp6r6q0"
    },
    {
      "type": "Feature",
      "geometry": { "type": "Point", "coordinates": [76.0354623, 11.15976] },
      "properties": {
        "highway": "street_lamp",
        "name": "Chavilkad",
        "survey:date": "2021-11-18"
      },
      "geohash": "t9yp6px66"
    },
    {
      "type": "Feature",
      "geometry": { "type": "Point", "coordinates": [76.0481646, 11.152716] },
      "properties": {
        "highway": "street_lamp",
        "name": "Pulikkalakandi",
        "survey:date": "2021-11-18"
      },
      "geohash": "t9yp6w296"
    },
    {
      "type": "Feature",
      "geometry": { "type": "Point", "coordinates": [76.0342397, 11.1699479] },
      "properties": {
        "highway": "street_lamp",
        "name": "Kanniparambil",
        "survey:date": "2021-11-18"
      },
      "geohash": "t9ypd1qmw"
    },
    {
      "type": "Feature",
      "geometry": { "type": "Point", "coordinates": [76.0371584, 11.1719264] },
      "properties": {
        "highway": "street_lamp",
        "name": "Athadikunnu",
        "survey:date": "2021-11-18"
      },
      "geohash": "t9ypd3b94"
    },
    {
      "type": "Feature",
      "geometry": { "type": "Point", "coordinates": [76.0484263, 11.1649679] },
      "properties": {
        "highway": "street_lamp",
        "name": "Aakkamburam",
        "survey:date": "2021-11-18"
      },
      "geohash": "t9ypd88b8"
    },
    {
      "type": "Feature",
      "geometry": { "type": "Point", "coordinates": [76.0481996, 11.166204] },
      "properties": {
        "highway": "street_lamp",
        "name": "Nechithadathil",
        "survey:date": "2021-11-18"
      },
      "geohash": "t9ypd88xg"
    },
    {
      "type": "Feature",
      "geometry": { "type": "Point", "coordinates": [76.0478237, 11.1671635] },
      "properties": {
        "highway": "street_lamp",
        "name": "Neeruzhi",
        "survey:date": "2021-11-18"
      },
      "geohash": "t9ypd8bm6"
    },
    {
      "type": "Feature",
      "geometry": { "type": "Point", "coordinates": [76.047179, 11.1662807] },
      "properties": {
        "highway": "street_lamp",
        "name": "Pothamkodukunnu",
        "survey:date": "2021-11-18"
      },
      "geohash": "t9ypd2zb7"
    },
    {
      "type": "Feature",
      "geometry": { "type": "Point", "coordinates": [76.0464305, 11.1676261] },
      "properties": {
        "highway": "street_lamp",
        "name": "Kacherikkunnu",
        "survey:date": "2021-11-18"
      },
      "geohash": "t9ypd3p24"
    },
    {
      "type": "Feature",
      "geometry": { "type": "Point", "coordinates": [76.7834265, 9.2550808] },
      "properties": {
        "direction": "90",
        "highway": "street_lamp",
        "lamp_type": "electric"
      },
      "geohash": "t9wsehzfz"
    },
    {
      "type": "Feature",
      "geometry": { "type": "Point", "coordinates": [76.7834186, 9.2558056] },
      "properties": {
        "direction": "90",
        "highway": "street_lamp",
        "lamp_mount": "straight_mast",
        "lamp_type": "electric"
      },
      "geohash": "t9wsehzyz"
    },
    {
      "type": "Feature",
      "geometry": { "type": "Point", "coordinates": [76.783392, 9.2555038] },
      "properties": {
        "direction": "90",
        "highway": "street_lamp",
        "lamp_mount": "lamppost",
        "lamp_type": "electric"
      },
      "geohash": "t9wsehzvn"
    },
    {
      "type": "Feature",
      "geometry": { "type": "Point", "coordinates": [76.7834271, 9.2551362] },
      "properties": {
        "direction": "90",
        "highway": "street_lamp",
        "lamp_mount": "straight_mast",
        "lamp_type": "electric"
      },
      "geohash": "t9wsehzgp"
    },
    {
      "type": "Feature",
      "geometry": { "type": "Point", "coordinates": [76.7834349, 9.2558868] },
      "properties": {
        "direction": "90",
        "highway": "street_lamp",
        "lamp_type": "electric"
      },
      "geohash": "t9wsehzzr"
    },
    {
      "type": "Feature",
      "geometry": { "type": "Point", "coordinates": [76.783193, 9.2559117] },
      "properties": {
        "direction": "180",
        "highway": "street_lamp",
        "lamp_type": "electric"
      },
      "geohash": "t9wsehzzd"
    },
    {
      "type": "Feature",
      "geometry": { "type": "Point", "coordinates": [76.7833231, 9.2559063] },
      "properties": {
        "direction": "180",
        "highway": "street_lamp",
        "lamp_type": "electric"
      },
      "geohash": "t9wsehzzt"
    },
    {
      "type": "Feature",
      "geometry": { "type": "Point", "coordinates": [76.7832415, 9.2554144] },
      "properties": {
        "direction": "270",
        "highway": "street_lamp",
        "lamp_mount": "suspended",
        "lamp_type": "led"
      },
      "geohash": "t9wsehzue"
    },
    {
      "type": "Feature",
      "geometry": { "type": "Point", "coordinates": [76.789879, 9.2679991] },
      "properties": { "highway": "street_lamp", "lamp_type": "electric" },
      "geohash": "t9wserhwj"
    },
    {
      "type": "Feature",
      "geometry": { "type": "Point", "coordinates": [76.7897456, 9.2675923] },
      "properties": {
        "direction": "45",
        "highway": "street_lamp",
        "lamp_type": "electric"
      },
      "geohash": "t9wserhed"
    },
    {
      "type": "Feature",
      "geometry": { "type": "Point", "coordinates": [76.7896226, 9.2676268] },
      "properties": {
        "direction": "45",
        "highway": "street_lamp",
        "lamp_type": "led"
      },
      "geohash": "t9wserh7z"
    },
    {
      "type": "Feature",
      "geometry": { "type": "Point", "coordinates": [76.7898721, 9.2679164] },
      "properties": {
        "direction": "270",
        "highway": "street_lamp",
        "lamp_type": "electric"
      },
      "geohash": "t9wserhtt"
    },
    {
      "type": "Feature",
      "geometry": { "type": "Point", "coordinates": [76.789937, 9.268097] },
      "properties": {
        "direction": "270",
        "highway": "street_lamp",
        "lamp_type": "electric"
      },
      "geohash": "t9wserhwx"
    },
    {
      "type": "Feature",
      "geometry": { "type": "Point", "coordinates": [76.7899971, 9.2682191] },
      "properties": {
        "direction": "270",
        "highway": "street_lamp",
        "lamp_type": "led"
      },
      "geohash": "t9wserhz2"
    },
    {
      "type": "Feature",
      "geometry": { "type": "Point", "coordinates": [76.7900586, 9.2683411] },
      "properties": {
        "direction": "270",
        "highway": "street_lamp",
        "lamp_mount": "bent_mast",
        "lamp_type": "electric"
      },
      "geohash": "t9wserkb4"
    },
    {
      "type": "Feature",
      "geometry": { "type": "Point", "coordinates": [76.7971543, 9.2867016] },
      "properties": {
        "direction": "90",
        "highway": "street_lamp",
        "lamp_mount": "straight_mast",
        "lamp_type": "electric"
      },
      "geohash": "t9wsgd9fz"
    },
    {
      "type": "Feature",
      "geometry": { "type": "Point", "coordinates": [76.7972019, 9.2867766] },
      "properties": { "direction": "270", "highway": "street_lamp" },
      "geohash": "t9wsgdd52"
    },
    {
      "type": "Feature",
      "geometry": { "type": "Point", "coordinates": [76.7972065, 9.2868734] },
      "properties": { "direction": "270", "highway": "street_lamp" },
      "geohash": "t9wsgdd5b"
    },
    {
      "type": "Feature",
      "geometry": { "type": "Point", "coordinates": [76.7901094, 9.2684771] },
      "properties": {
        "direction": "-70",
        "highway": "street_lamp",
        "lamp_type": "electric"
      },
      "geohash": "t9wserkbg"
    },
    {
      "type": "Feature",
      "geometry": { "type": "Point", "coordinates": [76.7889448, 9.2675437] },
      "properties": { "highway": "street_lamp" },
      "geohash": "t9wserh52"
    },
    {
      "type": "Feature",
      "geometry": { "type": "Point", "coordinates": [76.7885786, 9.2680748] },
      "properties": { "highway": "street_lamp" },
      "geohash": "t9wser5wr"
    },
    {
      "type": "Feature",
      "geometry": { "type": "Point", "coordinates": [76.7881072, 9.2681143] },
      "properties": { "highway": "street_lamp" },
      "geohash": "t9wser5qs"
    },
    {
      "type": "Feature",
      "geometry": { "type": "Point", "coordinates": [76.7911207, 9.2728337] },
      "properties": { "highway": "street_lamp" },
      "geohash": "t9wsg2jd4"
    },
    {
      "type": "Feature",
      "geometry": { "type": "Point", "coordinates": [76.7907597, 9.2718661] },
      "properties": { "highway": "street_lamp" },
      "geohash": "t9wservkd"
    },
    {
      "type": "Feature",
      "geometry": { "type": "Point", "coordinates": [76.7905648, 9.2710806] },
      "properties": { "highway": "street_lamp" },
      "geohash": "t9wsertpv"
    },
    {
      "type": "Feature",
      "geometry": { "type": "Point", "coordinates": [76.790365, 9.2698806] },
      "properties": { "highway": "street_lamp" },
      "geohash": "t9wsert0c"
    },
    {
      "type": "Feature",
      "geometry": { "type": "Point", "coordinates": [76.7902943, 9.2693915] },
      "properties": { "highway": "street_lamp" },
      "geohash": "t9wserkyp"
    },
    {
      "type": "Feature",
      "geometry": { "type": "Point", "coordinates": [76.7902872, 9.2688587] },
      "properties": {
        "direction": "300",
        "highway": "street_lamp",
        "lamp_type": "electric"
      },
      "geohash": "t9wserkgp"
    },
    {
      "type": "Feature",
      "geometry": { "type": "Point", "coordinates": [76.6786209, 9.2251069] },
      "properties": {
        "highway": "street_lamp",
        "lamp_mount": "high_mast",
        "lamp_type": "led"
      },
      "geohash": "t9ws2z7sj"
    },
    {
      "type": "Feature",
      "geometry": { "type": "Point", "coordinates": [76.6787533, 9.2250823] },
      "properties": { "direction": "0", "highway": "street_lamp" },
      "geohash": "t9ws2z7gb"
    },
    {
      "type": "Feature",
      "geometry": { "type": "Point", "coordinates": [76.6794823, 9.2253127] },
      "properties": { "direction": "0", "highway": "street_lamp" },
      "geohash": "t9ws2zkm3"
    },
    {
      "type": "Feature",
      "geometry": { "type": "Point", "coordinates": [76.6800794, 9.2252929] },
      "properties": { "direction": "200", "highway": "street_lamp" },
      "geohash": "t9ws2zktp"
    },
    {
      "type": "Feature",
      "geometry": { "type": "Point", "coordinates": [76.6802882, 9.2252161] },
      "properties": { "direction": "190", "highway": "street_lamp" },
      "geohash": "t9ws2zkuu"
    },
    {
      "type": "Feature",
      "geometry": { "type": "Point", "coordinates": [76.6804882, 9.225127] },
      "properties": { "direction": "-150", "highway": "street_lamp" },
      "geohash": "t9ws2zmh2"
    },
    {
      "type": "Feature",
      "geometry": { "type": "Point", "coordinates": [76.6807589, 9.2249977] },
      "properties": { "direction": "200", "highway": "street_lamp" },
      "geohash": "t9ws2zm5x"
    },
    {
      "type": "Feature",
      "geometry": { "type": "Point", "coordinates": [76.6800422, 9.2251881] },
      "properties": { "direction": "0", "highway": "street_lamp" },
      "geohash": "t9ws2zksw"
    },
    {
      "type": "Feature",
      "geometry": { "type": "Point", "coordinates": [76.6810474, 9.2248283] },
      "properties": { "direction": "-5", "highway": "street_lamp" },
      "geohash": "t9ws2zm6t"
    },
    {
      "type": "Feature",
      "geometry": { "type": "Point", "coordinates": [76.6815358, 9.2246991] },
      "properties": { "direction": "200", "highway": "street_lamp" },
      "geohash": "t9ws2zmcc"
    },
    {
      "type": "Feature",
      "geometry": { "type": "Point", "coordinates": [76.6825498, 9.224079] },
      "properties": { "direction": "200", "highway": "street_lamp" },
      "geohash": "t9ws2znw0"
    },
    {
      "type": "Feature",
      "geometry": { "type": "Point", "coordinates": [76.6748734, 9.2250635] },
      "properties": { "highway": "street_lamp" },
      "geohash": "t9ws2z2gy"
    },
    {
      "type": "Feature",
      "geometry": { "type": "Point", "coordinates": [76.675442, 9.2247458] },
      "properties": { "highway": "street_lamp" },
      "geohash": "t9ws2z365"
    },
    {
      "type": "Feature",
      "geometry": { "type": "Point", "coordinates": [76.6706063, 9.2239447] },
      "properties": { "highway": "street_lamp" },
      "geohash": "t9ws2xjv6"
    },
    {
      "type": "Feature",
      "geometry": { "type": "Point", "coordinates": [76.6705213, 9.2238801] },
      "properties": { "highway": "street_lamp" },
      "geohash": "t9ws2xjub"
    },
    {
      "type": "Feature",
      "geometry": { "type": "Point", "coordinates": [76.6703426, 9.2237892] },
      "properties": { "highway": "street_lamp" },
      "geohash": "t9ws2xjsk"
    },
    {
      "type": "Feature",
      "geometry": { "type": "Point", "coordinates": [76.6694596, 9.2232862] },
      "properties": { "highway": "street_lamp" },
      "geohash": "t9ws2xhcx"
    },
    {
      "type": "Feature",
      "geometry": { "type": "Point", "coordinates": [76.6693214, 9.2230399] },
      "properties": { "highway": "street_lamp", "lamp_type": "electric" },
      "geohash": "t9ws2xhbh"
    },
    {
      "type": "Feature",
      "geometry": { "type": "Point", "coordinates": [76.6691479, 9.2228041] },
      "properties": { "highway": "street_lamp", "lamp_type": "electric" },
      "geohash": "t9ws2wuy8"
    },
    {
      "type": "Feature",
      "geometry": { "type": "Point", "coordinates": [76.6689267, 9.2224565] },
      "properties": { "highway": "street_lamp", "lamp_type": "electric" },
      "geohash": "t9ws2wuse"
    },
    {
      "type": "Feature",
      "geometry": { "type": "Point", "coordinates": [76.6681092, 9.2209263] },
      "properties": { "highway": "street_lamp", "lamp_type": "electric" },
      "geohash": "t9ws2ws5b"
    },
    {
      "type": "Feature",
      "geometry": { "type": "Point", "coordinates": [76.6680313, 9.2207098] },
      "properties": { "highway": "street_lamp", "lamp_type": "electric" },
      "geohash": "t9ws2wefw"
    },
    {
      "type": "Feature",
      "geometry": { "type": "Point", "coordinates": [76.6679464, 9.2203098] },
      "properties": { "highway": "street_lamp", "lamp_type": "electric" },
      "geohash": "t9ws2webh"
    },
    {
      "type": "Feature",
      "geometry": { "type": "Point", "coordinates": [76.6678473, 9.2202154] },
      "properties": { "highway": "street_lamp", "lamp_type": "electric" },
      "geohash": "t9ws2w7zd"
    },
    {
      "type": "Feature",
      "geometry": { "type": "Point", "coordinates": [76.6677553, 9.2198696] },
      "properties": { "highway": "street_lamp", "lamp_type": "electric" },
      "geohash": "t9ws2w7v8"
    },
    {
      "type": "Feature",
      "geometry": { "type": "Point", "coordinates": [76.6676541, 9.2187891] },
      "properties": { "highway": "street_lamp", "lamp_type": "electric" },
      "geohash": "t9ws2w5xm"
    },
    {
      "type": "Feature",
      "geometry": { "type": "Point", "coordinates": [76.6679022, 9.2187546] },
      "properties": { "highway": "street_lamp", "lamp_type": "electric" },
      "geohash": "t9ws2w5z5"
    },
    {
      "type": "Feature",
      "geometry": { "type": "Point", "coordinates": [76.6694432, 9.2192869] },
      "properties": { "highway": "street_lamp", "lamp_type": "electric" },
      "geohash": "t9ws2wkfp"
    },
    {
      "type": "Feature",
      "geometry": { "type": "Point", "coordinates": [76.669846, 9.2192961] },
      "properties": { "highway": "street_lamp", "lamp_type": "electric" },
      "geohash": "t9ws2wm62"
    },
    {
      "type": "Feature",
      "geometry": { "type": "Point", "coordinates": [76.6683126, 9.218925] },
      "properties": {
        "highway": "street_lamp",
        "lamp_type": "electric",
        "lit": "yes"
      },
      "geohash": "t9ws2wk0j"
    },
    {
      "type": "Feature",
      "geometry": { "type": "Point", "coordinates": [76.6684487, 9.2188741] },
      "properties": {
        "highway": "street_lamp",
        "lamp_type": "electric",
        "lit": "yes"
      },
      "geohash": "t9ws2whrb"
    },
    {
      "type": "Feature",
      "geometry": { "type": "Point", "coordinates": [76.6690351, 9.2190236] },
      "properties": {
        "highway": "street_lamp",
        "lamp_type": "electric",
        "lit": "yes"
      },
      "geohash": "t9ws2wk8w"
    },
    {
      "type": "Feature",
      "geometry": { "type": "Point", "coordinates": [76.6693929, 9.21914] },
      "properties": {
        "highway": "street_lamp",
        "lamp_type": "electric",
        "lit": "yes"
      },
      "geohash": "t9ws2wkcq"
    },
    {
      "type": "Feature",
      "geometry": { "type": "Point", "coordinates": [76.6692878, 9.2194205] },
      "properties": { "highway": "street_lamp", "lamp_type": "electric" },
      "geohash": "t9ws2wkg5"
    },
    {
      "type": "Feature",
      "geometry": { "type": "Point", "coordinates": [76.6693101, 9.2197697] },
      "properties": { "highway": "street_lamp", "lamp_type": "electric" },
      "geohash": "t9ws2wkvh"
    },
    {
      "type": "Feature",
      "geometry": { "type": "Point", "coordinates": [76.6693304, 9.2202532] },
      "properties": { "highway": "street_lamp", "lamp_type": "electric" },
      "geohash": "t9ws2wkzu"
    },
    {
      "type": "Feature",
      "geometry": { "type": "Point", "coordinates": [76.6694809, 9.2205061] },
      "properties": { "highway": "street_lamp", "lamp_type": "electric" },
      "geohash": "t9ws2wt12"
    },
    {
      "type": "Feature",
      "geometry": { "type": "Point", "coordinates": [76.6694585, 9.2208712] },
      "properties": { "highway": "street_lamp", "lamp_type": "electric" },
      "geohash": "t9ws2wsgr"
    },
    {
      "type": "Feature",
      "geometry": { "type": "Point", "coordinates": [76.6694097, 9.221124] },
      "properties": { "highway": "street_lamp", "lamp_type": "electric" },
      "geohash": "t9ws2wsuy"
    },
    {
      "type": "Feature",
      "geometry": { "type": "Point", "coordinates": [76.6689036, 9.2213066] },
      "properties": { "highway": "street_lamp", "lamp_type": "electric" },
      "geohash": "t9ws2wsw4"
    },
    {
      "type": "Feature",
      "geometry": { "type": "Point", "coordinates": [76.6687186, 9.2212846] },
      "properties": { "highway": "street_lamp", "lamp_type": "electric" },
      "geohash": "t9ws2wsmy"
    },
    {
      "type": "Feature",
      "geometry": { "type": "Point", "coordinates": [76.6702056, 9.2193848] },
      "properties": { "highway": "street_lamp", "lamp_type": "electric" },
      "geohash": "t9ws2wmdc"
    },
    {
      "type": "Feature",
      "geometry": { "type": "Point", "coordinates": [76.6706901, 9.2193583] },
      "properties": { "highway": "street_lamp", "lamp_type": "electric" },
      "geohash": "t9ws2wmfs"
    },
    {
      "type": "Feature",
      "geometry": { "type": "Point", "coordinates": [76.6708127, 9.2192362] },
      "properties": { "highway": "street_lamp", "lamp_type": "electric" },
      "geohash": "t9ws2wmcz"
    },
    {
      "type": "Feature",
      "geometry": { "type": "Point", "coordinates": [76.670717, 9.2190702] },
      "properties": { "highway": "street_lamp", "lamp_type": "electric" },
      "geohash": "t9ws2wmbv"
    },
    {
      "type": "Feature",
      "geometry": { "type": "Point", "coordinates": [76.7971209, 9.2863575] },
      "properties": { "highway": "street_lamp", "lamp_type": "electric" },
      "geohash": "t9wsgd9by"
    },
    {
      "type": "Feature",
      "geometry": { "type": "Point", "coordinates": [76.7973173, 9.2860955] },
      "properties": { "highway": "street_lamp", "lamp_type": "electric" },
      "geohash": "t9wsgd6p7"
    },
    {
      "type": "Feature",
      "geometry": { "type": "Point", "coordinates": [76.7972186, 9.2856051] },
      "properties": { "highway": "street_lamp", "lamp_type": "electric" },
      "geohash": "t9wsgd6h8"
    },
    {
      "type": "Feature",
      "geometry": { "type": "Point", "coordinates": [76.7974004, 9.2850487] },
      "properties": { "highway": "street_lamp", "lamp_type": "electric" },
      "geohash": "t9wsgd61m"
    },
    {
      "type": "Feature",
      "geometry": { "type": "Point", "coordinates": [76.7974774, 9.2847446] },
      "properties": { "highway": "street_lamp", "lamp_type": "electric" },
      "geohash": "t9wsgd4pw"
    },
    {
      "type": "Feature",
      "geometry": { "type": "Point", "coordinates": [76.7977789, 9.2816733] },
      "properties": { "highway": "street_lamp" },
      "geohash": "t9wsg9dmt"
    },
    {
      "type": "Feature",
      "geometry": { "type": "Point", "coordinates": [76.7978013, 9.2822198] },
      "properties": { "highway": "street_lamp" },
      "geohash": "t9wsg9f2y"
    },
    {
      "type": "Feature",
      "geometry": { "type": "Point", "coordinates": [76.7977452, 9.2827913] },
      "properties": { "highway": "street_lamp" },
      "geohash": "t9wsg9fkj"
    },
    {
      "type": "Feature",
      "geometry": { "type": "Point", "coordinates": [76.7978013, 9.2833721] },
      "properties": { "highway": "street_lamp" },
      "geohash": "t9wsg9frw"
    },
    {
      "type": "Feature",
      "geometry": { "type": "Point", "coordinates": [76.7976752, 9.2839251] },
      "properties": { "highway": "street_lamp" },
      "geohash": "t9wsgd46g"
    },
    {
      "type": "Feature",
      "geometry": { "type": "Point", "coordinates": [76.7977826, 9.2846441] },
      "properties": { "highway": "street_lamp" },
      "geohash": "t9wsgd4qy"
    },
    {
      "type": "Feature",
      "geometry": { "type": "Point", "coordinates": [76.6707688, 9.2186896] },
      "properties": { "highway": "street_lamp", "lamp_type": "electric" },
      "geohash": "t9ws2wjyy"
    },
    {
      "type": "Feature",
      "geometry": { "type": "Point", "coordinates": [76.670782, 9.2183416] },
      "properties": { "highway": "street_lamp", "lamp_type": "electric" },
      "geohash": "t9ws2wjuw"
    },
    {
      "type": "Feature",
      "geometry": { "type": "Point", "coordinates": [76.6724319, 9.2169369] },
      "properties": { "highway": "street_lamp", "lamp_type": "electric" },
      "geohash": "t9ws2tzht"
    },
    {
      "type": "Feature",
      "geometry": { "type": "Point", "coordinates": [76.6720791, 9.2165273] },
      "properties": { "highway": "street_lamp", "lamp_type": "electric" },
      "geohash": "t9ws2tyfh"
    },
    {
      "type": "Feature",
      "geometry": { "type": "Point", "coordinates": [76.6702951, 9.224596] },
      "properties": {
        "highway": "street_lamp",
        "lamp_mount": "high_mast",
        "lamp_type": "led"
      },
      "geohash": "t9ws2xm95"
    },
    {
      "type": "Feature",
      "geometry": { "type": "Point", "coordinates": [76.6677331, 9.220823] },
      "properties": { "highway": "street_lamp", "lamp_type": "electric" },
      "geohash": "t9ws2weep"
    },
    {
      "type": "Feature",
      "geometry": { "type": "Point", "coordinates": [76.669742, 9.2242675] },
      "properties": { "highway": "street_lamp", "lamp_type": "electric" },
      "geohash": "t9ws2xjpq"
    },
    {
      "type": "Feature",
      "geometry": { "type": "Point", "coordinates": [76.6693635, 9.2240712] },
      "properties": { "highway": "street_lamp", "lamp_type": "electric" },
      "geohash": "t9ws2xhyj"
    },
    {
      "type": "Feature",
      "geometry": { "type": "Point", "coordinates": [76.6691417, 9.2237301] },
      "properties": { "highway": "street_lamp", "lamp_type": "electric" },
      "geohash": "t9ws2xhu0"
    },
    {
      "type": "Feature",
      "geometry": { "type": "Point", "coordinates": [76.6690529, 9.2234605] },
      "properties": { "highway": "street_lamp", "lamp_type": "electric" },
      "geohash": "t9ws2xhdw"
    },
    {
      "type": "Feature",
      "geometry": { "type": "Point", "coordinates": [76.6689619, 9.2233406] },
      "properties": { "highway": "street_lamp", "lamp_type": "electric" },
      "geohash": "t9ws2xh9u"
    },
    {
      "type": "Feature",
      "geometry": { "type": "Point", "coordinates": [76.6688591, 9.2231631] },
      "properties": { "highway": "street_lamp", "lamp_type": "electric" },
      "geohash": "t9ws2xh8c"
    },
    {
      "type": "Feature",
      "geometry": { "type": "Point", "coordinates": [76.6687911, 9.2228116] },
      "properties": { "highway": "street_lamp", "lamp_type": "electric" },
      "geohash": "t9ws2wuwb"
    },
    {
      "type": "Feature",
      "geometry": { "type": "Point", "coordinates": [76.6682005, 9.2219917] },
      "properties": { "highway": "street_lamp", "lamp_type": "electric" },
      "geohash": "t9ws2wu1f"
    },
    {
      "type": "Feature",
      "geometry": { "type": "Point", "coordinates": [76.6684204, 9.2224127] },
      "properties": { "highway": "street_lamp", "lamp_type": "electric" },
      "geohash": "t9ws2wuhr"
    },
    {
      "type": "Feature",
      "geometry": { "type": "Point", "coordinates": [76.6686175, 9.2227476] },
      "properties": { "highway": "street_lamp", "lamp_type": "electric" },
      "geohash": "t9ws2wuqk"
    },
    {
      "type": "Feature",
      "geometry": { "type": "Point", "coordinates": [76.6680657, 9.2216636] },
      "properties": { "highway": "street_lamp", "lamp_type": "electric" },
      "geohash": "t9ws2wgbp"
    },
    {
      "type": "Feature",
      "geometry": { "type": "Point", "coordinates": [76.6679369, 9.2214227] },
      "properties": { "highway": "street_lamp", "lamp_type": "electric" },
      "geohash": "t9ws2weys"
    },
    {
      "type": "Feature",
      "geometry": { "type": "Point", "coordinates": [76.6679141, 9.2212744] },
      "properties": { "highway": "street_lamp", "lamp_type": "electric" },
      "geohash": "t9ws2wevg"
    },
    {
      "type": "Feature",
      "geometry": { "type": "Point", "coordinates": [76.6678591, 9.2211076] },
      "properties": { "highway": "street_lamp", "lamp_type": "electric" },
      "geohash": "t9ws2weuf"
    },
    {
      "type": "Feature",
      "geometry": { "type": "Point", "coordinates": [76.6676162, 9.2206894] },
      "properties": { "highway": "street_lamp", "lamp_type": "electric" },
      "geohash": "t9ws2wedk"
    },
    {
      "type": "Feature",
      "geometry": { "type": "Point", "coordinates": [76.6674854, 9.2204613] },
      "properties": { "highway": "street_lamp", "lamp_type": "electric" },
      "geohash": "t9ws2we91"
    },
    {
      "type": "Feature",
      "geometry": { "type": "Point", "coordinates": [76.6673686, 9.2201663] },
      "properties": { "highway": "street_lamp", "lamp_type": "electric" },
      "geohash": "t9ws2w7rr"
    },
    {
      "type": "Feature",
      "geometry": { "type": "Point", "coordinates": [76.6672402, 9.2198966] },
      "properties": { "highway": "street_lamp", "lamp_type": "electric" },
      "geohash": "t9ws2w7mu"
    },
    {
      "type": "Feature",
      "geometry": { "type": "Point", "coordinates": [76.6671889, 9.219673] },
      "properties": { "highway": "street_lamp", "lamp_type": "electric" },
      "geohash": "t9ws2w7k6"
    },
    {
      "type": "Feature",
      "geometry": { "type": "Point", "coordinates": [76.6673569, 9.2195975] },
      "properties": { "highway": "street_lamp", "lamp_type": "electric" },
      "geohash": "t9ws2w7kn"
    },
    {
      "type": "Feature",
      "geometry": { "type": "Point", "coordinates": [76.6671751, 9.2193208] },
      "properties": { "highway": "street_lamp", "lamp_type": "electric" },
      "geohash": "t9ws2w766"
    },
    {
      "type": "Feature",
      "geometry": { "type": "Point", "coordinates": [76.6671866, 9.218917] },
      "properties": { "highway": "street_lamp", "lamp_type": "electric" },
      "geohash": "t9ws2w724"
    },
    {
      "type": "Feature",
      "geometry": { "type": "Point", "coordinates": [76.667227, 9.2187154] },
      "properties": { "highway": "street_lamp", "lamp_type": "electric" },
      "geohash": "t9ws2w5qg"
    },
    {
      "type": "Feature",
      "geometry": { "type": "Point", "coordinates": [76.6672921, 9.2183221] },
      "properties": { "highway": "street_lamp", "lamp_type": "electric" },
      "geohash": "t9ws2w5kt"
    },
    {
      "type": "Feature",
      "geometry": { "type": "Point", "coordinates": [76.6717401, 9.2163881] },
      "properties": {
        "direction": "90",
        "highway": "street_lamp",
        "lamp_type": "electric"
      },
      "geohash": "t9ws2ty9m"
    },
    {
      "type": "Feature",
      "geometry": { "type": "Point", "coordinates": [76.6718125, 9.2160227] },
      "properties": { "highway": "street_lamp", "lamp_type": "electric" },
      "geohash": "t9ws2twxn"
    },
    {
      "type": "Feature",
      "geometry": { "type": "Point", "coordinates": [76.671673, 9.21584] },
      "properties": { "highway": "street_lamp", "lamp_type": "electric" },
      "geohash": "t9ws2tww5"
    },
    {
      "type": "Feature",
      "geometry": { "type": "Point", "coordinates": [76.6715067, 9.2156124] },
      "properties": { "highway": "street_lamp", "lamp_type": "electric" },
      "geohash": "t9ws2twkz"
    },
    {
      "type": "Feature",
      "geometry": { "type": "Point", "coordinates": [76.671268, 9.2153953] },
      "properties": { "highway": "street_lamp", "lamp_type": "electric" },
      "geohash": "t9ws2tw7d"
    },
    {
      "type": "Feature",
      "geometry": { "type": "Point", "coordinates": [76.67115, 9.2151226] },
      "properties": { "highway": "street_lamp", "lamp_type": "electric" },
      "geohash": "t9ws2tw1z"
    },
    {
      "type": "Feature",
      "geometry": { "type": "Point", "coordinates": [76.6709542, 9.2146486] },
      "properties": { "highway": "street_lamp", "lamp_type": "electric" },
      "geohash": "t9ws2tqp4"
    },
    {
      "type": "Feature",
      "geometry": { "type": "Point", "coordinates": [76.6707342, 9.2144315] },
      "properties": { "highway": "street_lamp", "lamp_type": "electric" },
      "geohash": "t9ws2tmvv"
    },
    {
      "type": "Feature",
      "geometry": { "type": "Point", "coordinates": [76.670694, 9.2140926] },
      "properties": { "highway": "street_lamp", "lamp_type": "electric" },
      "geohash": "t9ws2tmgu"
    },
    {
      "type": "Feature",
      "geometry": { "type": "Point", "coordinates": [76.6704633, 9.213857] },
      "properties": { "highway": "street_lamp", "lamp_type": "electric" },
      "geohash": "t9ws2tmdx"
    },
    {
      "type": "Feature",
      "geometry": { "type": "Point", "coordinates": [76.6707503, 9.2135843] },
      "properties": { "highway": "street_lamp", "lamp_type": "electric" },
      "geohash": "t9ws2tmcj"
    },
    {
      "type": "Feature",
      "geometry": { "type": "Point", "coordinates": [76.6710856, 9.2136823] },
      "properties": { "highway": "street_lamp", "lamp_type": "electric" },
      "geohash": "t9ws2tq1t"
    },
    {
      "type": "Feature",
      "geometry": { "type": "Point", "coordinates": [76.6715389, 9.2136002] },
      "properties": { "highway": "street_lamp", "lamp_type": "electric" },
      "geohash": "t9ws2tq90"
    },
    {
      "type": "Feature",
      "geometry": { "type": "Point", "coordinates": [76.6721397, 9.2136823] },
      "properties": { "highway": "street_lamp", "lamp_type": "electric" },
      "geohash": "t9ws2tqcw"
    },
    {
      "type": "Feature",
      "geometry": { "type": "Point", "coordinates": [76.6724777, 9.2136267] },
      "properties": { "highway": "street_lamp", "lamp_type": "electric" },
      "geohash": "t9ws2tr1q"
    },
    {
      "type": "Feature",
      "geometry": { "type": "Point", "coordinates": [76.6720727, 9.2135075] },
      "properties": { "highway": "street_lamp", "lamp_type": "electric" },
      "geohash": "t9ws2tqbs"
    },
    {
      "type": "Feature",
      "geometry": { "type": "Point", "coordinates": [76.6721961, 9.2132242] },
      "properties": { "highway": "street_lamp", "lamp_type": "electric" },
      "geohash": "t9ws2tnyz"
    },
    {
      "type": "Feature",
      "geometry": { "type": "Point", "coordinates": [76.6728425, 9.2135843] },
      "properties": { "highway": "street_lamp", "lamp_type": "electric" },
      "geohash": "t9ws2tr3n"
    },
    {
      "type": "Feature",
      "geometry": { "type": "Point", "coordinates": [76.6723516, 9.213023] },
      "properties": { "highway": "street_lamp", "lamp_type": "electric" },
      "geohash": "t9ws2tpje"
    },
    {
      "type": "Feature",
      "geometry": { "type": "Point", "coordinates": [76.6723087, 9.2128191] },
      "properties": { "highway": "street_lamp", "lamp_type": "electric" },
      "geohash": "t9ws2tphd"
    },
    {
      "type": "Feature",
      "geometry": { "type": "Point", "coordinates": [76.6780354, 9.2248701] },
      "properties": { "highway": "street_lamp", "lamp_type": "electric" },
      "geohash": "t9ws2z74z"
    },
    {
      "type": "Feature",
      "geometry": { "type": "Point", "coordinates": [76.6780424, 9.2247721] },
      "properties": { "highway": "street_lamp", "lamp_type": "electric" },
      "geohash": "t9ws2z74p"
    },
    {
      "type": "Feature",
      "geometry": { "type": "Point", "coordinates": [76.6779718, 9.2248425] },
      "properties": { "highway": "street_lamp" },
      "geohash": "t9ws2z74w"
    },
    {
      "type": "Feature",
      "geometry": { "type": "Point", "coordinates": [76.677941, 9.2247183] },
      "properties": { "highway": "street_lamp", "lamp_type": "electric" },
      "geohash": "t9ws2z71v"
    },
    {
      "type": "Feature",
      "geometry": { "type": "Point", "coordinates": [76.6778683, 9.2247769] },
      "properties": { "highway": "street_lamp", "lamp_type": "electric" },
      "geohash": "t9ws2z745"
    },
    {
      "type": "Feature",
      "geometry": { "type": "Point", "coordinates": [76.6778299, 9.224652] },
      "properties": { "highway": "street_lamp", "lamp_type": "electric" },
      "geohash": "t9ws2z716"
    },
    {
      "type": "Feature",
      "geometry": { "type": "Point", "coordinates": [76.6777837, 9.2247238] },
      "properties": { "highway": "street_lamp", "lamp_type": "electric" },
      "geohash": "t9ws2z71c"
    },
    {
      "type": "Feature",
      "geometry": { "type": "Point", "coordinates": [76.6776858, 9.2246499] },
      "properties": { "highway": "street_lamp", "lamp_type": "electric" },
      "geohash": "t9ws2z6cr"
    },
    {
      "type": "Feature",
      "geometry": { "type": "Point", "coordinates": [76.6777117, 9.2245858] },
      "properties": { "highway": "street_lamp", "lamp_type": "electric" },
      "geohash": "t9ws2z710"
    },
    {
      "type": "Feature",
      "geometry": { "type": "Point", "coordinates": [76.6775467, 9.2245492] },
      "properties": { "highway": "street_lamp", "lamp_type": "electric" },
      "geohash": "t9ws2z6bu"
    },
    {
      "type": "Feature",
      "geometry": { "type": "Point", "coordinates": [76.6783447, 9.2257611] },
      "properties": { "highway": "street_lamp", "lamp_type": "electric" },
      "geohash": "t9ws2z7ry"
    },
    {
      "type": "Feature",
      "geometry": { "type": "Point", "coordinates": [76.678185, 9.2258323] },
      "properties": { "highway": "street_lamp", "lamp_type": "electric" },
      "geohash": "t9ws2ze27"
    },
    {
      "type": "Feature",
      "geometry": { "type": "Point", "coordinates": [76.6782565, 9.2259741] },
      "properties": { "highway": "street_lamp", "lamp_type": "electric" },
      "geohash": "t9ws2ze3h"
    },
    {
      "type": "Feature",
      "geometry": { "type": "Point", "coordinates": [76.6781435, 9.2260374] },
      "properties": { "highway": "street_lamp", "lamp_type": "electric" },
      "geohash": "t9ws2ze3d"
    },
    {
      "type": "Feature",
      "geometry": { "type": "Point", "coordinates": [76.6781836, 9.2261972] },
      "properties": { "highway": "street_lamp", "lamp_type": "led" },
      "geohash": "t9ws2ze67"
    },
    {
      "type": "Feature",
      "geometry": { "type": "Point", "coordinates": [76.6781301, 9.2261607] },
      "properties": { "highway": "street_lamp", "lamp_type": "electric" },
      "geohash": "t9ws2ze63"
    },
    {
      "type": "Feature",
      "geometry": { "type": "Point", "coordinates": [76.6781783, 9.226365] },
      "properties": { "highway": "street_lamp", "lamp_type": "electric" },
      "geohash": "t9ws2ze77"
    },
    {
      "type": "Feature",
      "geometry": { "type": "Point", "coordinates": [76.678058, 9.2263092] },
      "properties": { "highway": "street_lamp", "lamp_type": "electric" },
      "geohash": "t9ws2ze70"
    },
    {
      "type": "Feature",
      "geometry": { "type": "Point", "coordinates": [76.6781188, 9.2265674] },
      "properties": { "highway": "street_lamp", "lamp_type": "electric" },
      "geohash": "t9ws2zek9"
    },
    {
      "type": "Feature",
      "geometry": { "type": "Point", "coordinates": [76.6780101, 9.2265531] },
      "properties": { "highway": "street_lamp", "lamp_type": "electric" },
      "geohash": "t9ws2zehx"
    },
    {
      "type": "Feature",
      "geometry": { "type": "Point", "coordinates": [76.6779688, 9.2267312] },
      "properties": { "highway": "street_lamp", "lamp_type": "electric" },
      "geohash": "t9ws2zejw"
    },
    {
      "type": "Feature",
      "geometry": { "type": "Point", "coordinates": [76.6780437, 9.2268194] },
      "properties": { "highway": "street_lamp", "lamp_type": "electric" },
      "geohash": "t9ws2zenp"
    },
    {
      "type": "Feature",
      "geometry": { "type": "Point", "coordinates": [76.677992, 9.2271082] },
      "properties": { "highway": "street_lamp", "lamp_type": "led" },
      "geohash": "t9ws2zepy"
    },
    {
      "type": "Feature",
      "geometry": { "type": "Point", "coordinates": [76.6778783, 9.2272405] },
      "properties": { "highway": "street_lamp", "lamp_type": "electric" },
      "geohash": "t9ws2zg0s"
    },
    {
      "type": "Feature",
      "geometry": { "type": "Point", "coordinates": [76.6779268, 9.2274865] },
      "properties": {
        "highway": "street_lamp",
        "lamp_mount": "cast steel mast",
        "lamp_type": "led"
      },
      "geohash": "t9ws2zg4j"
    },
    {
      "type": "Feature",
      "geometry": { "type": "Point", "coordinates": [76.677943, 9.2272881] },
      "properties": {
        "highway": "street_lamp",
        "lamp_mount": "cast steel mast",
        "lamp_type": "led"
      },
      "geohash": "t9ws2zg0v"
    },
    {
      "type": "Feature",
      "geometry": { "type": "Point", "coordinates": [76.67785, 9.2276251] },
      "properties": { "highway": "street_lamp" },
      "geohash": "t9ws2zg4g"
    },
    {
      "type": "Feature",
      "geometry": { "type": "Point", "coordinates": [76.6778268, 9.2279292] },
      "properties": { "highway": "street_lamp", "lamp_type": "led" },
      "geohash": "t9ws2zghd"
    },
    {
      "type": "Feature",
      "geometry": { "type": "Point", "coordinates": [76.6778621, 9.2274735] },
      "properties": { "highway": "street_lamp" },
      "geohash": "t9ws2zg1g"
    },
    {
      "type": "Feature",
      "geometry": { "type": "Point", "coordinates": [76.6779093, 9.2283635] },
      "properties": { "highway": "street_lamp", "lamp_type": "led" },
      "geohash": "t9ws2zgph"
    },
    {
      "type": "Feature",
      "geometry": { "type": "Point", "coordinates": [76.6779345, 9.2282767] },
      "properties": { "highway": "street_lamp", "lamp_type": "electric" },
      "geohash": "t9ws2zgnt"
    },
    {
      "type": "Feature",
      "geometry": { "type": "Point", "coordinates": [76.6779214, 9.2281999] },
      "properties": { "highway": "street_lamp", "lamp_type": "led" },
      "geohash": "t9ws2zgnj"
    },
    {
      "type": "Feature",
      "geometry": { "type": "Point", "coordinates": [76.6777869, 9.2283097] },
      "properties": { "highway": "street_lamp", "lamp_type": "led" },
      "geohash": "t9ws2zgnc"
    },
    {
      "type": "Feature",
      "geometry": { "type": "Point", "coordinates": [76.6778072, 9.2280552] },
      "properties": { "highway": "street_lamp", "lamp_type": "electric" },
      "geohash": "t9ws2zgj6"
    },
    {
      "type": "Feature",
      "geometry": { "type": "Point", "coordinates": [76.6778668, 9.2285152] },
      "properties": { "highway": "street_lamp", "lamp_type": "led" },
      "geohash": "t9ws2zgpg"
    },
    {
      "type": "Feature",
      "geometry": { "type": "Point", "coordinates": [76.6777431, 9.2285562] },
      "properties": { "highway": "street_lamp", "lamp_type": "led" },
      "geohash": "t9ws8b500"
    },
    {
      "type": "Feature",
      "geometry": { "type": "Point", "coordinates": [76.6842225, 9.2239509] },
      "properties": { "highway": "street_lamp", "lamp_type": "electric" },
      "geohash": "t9ws2zptr"
    },
    {
      "type": "Feature",
      "geometry": { "type": "Point", "coordinates": [76.6845844, 9.2238472] },
      "properties": { "highway": "street_lamp", "lamp_type": "electric" },
      "geohash": "t9ws3p0hb"
    },
    {
      "type": "Feature",
      "geometry": { "type": "Point", "coordinates": [76.6850188, 9.2238679] },
      "properties": { "highway": "street_lamp", "lamp_type": "electric" },
      "geohash": "t9ws3p0kf"
    },
    {
      "type": "Feature",
      "geometry": { "type": "Point", "coordinates": [76.685425, 9.223967] },
      "properties": { "highway": "street_lamp", "lamp_type": "electric" },
      "geohash": "t9ws3p0te"
    },
    {
      "type": "Feature",
      "geometry": { "type": "Point", "coordinates": [76.6859481, 9.2240085] },
      "properties": { "highway": "street_lamp", "lamp_type": "electric" },
      "geohash": "t9ws3p1j8"
    },
    {
      "type": "Feature",
      "geometry": { "type": "Point", "coordinates": [76.6866976, 9.2240315] },
      "properties": { "highway": "street_lamp", "lamp_type": "electric" },
      "geohash": "t9ws3p1tc"
    },
    {
      "type": "Feature",
      "geometry": { "type": "Point", "coordinates": [76.6869518, 9.2238505] },
      "properties": { "highway": "street_lamp", "lamp_type": "electric" },
      "geohash": "t9ws3p1sz"
    },
    {
      "type": "Feature",
      "geometry": { "type": "Point", "coordinates": [76.687234, 9.2238616] },
      "properties": { "highway": "street_lamp", "lamp_type": "electric" },
      "geohash": "t9ws3p1uy"
    },
    {
      "type": "Feature",
      "geometry": { "type": "Point", "coordinates": [76.6874535, 9.2236554] },
      "properties": { "highway": "street_lamp", "lamp_type": "electric" },
      "geohash": "t9ws3p45e"
    },
    {
      "type": "Feature",
      "geometry": { "type": "Point", "coordinates": [76.6878318, 9.2236242] },
      "properties": { "highway": "street_lamp", "lamp_type": "electric" },
      "geohash": "t9ws3p47e"
    },
    {
      "type": "Feature",
      "geometry": { "type": "Point", "coordinates": [76.6830317, 9.2237642] },
      "properties": { "highway": "street_lamp", "lamp_type": "electric" },
      "geohash": "t9ws2znuk"
    },
    {
      "type": "Feature",
      "geometry": { "type": "Point", "coordinates": [76.6834917, 9.2238748] },
      "properties": { "highway": "street_lamp", "lamp_type": "electric" },
      "geohash": "t9ws2zphy"
    },
    {
      "type": "Feature",
      "geometry": { "type": "Point", "coordinates": [76.6839867, 9.223831] },
      "properties": { "highway": "street_lamp", "lamp_type": "electric" },
      "geohash": "t9ws2zpsd"
    },
    {
      "type": "Feature",
      "geometry": { "type": "Point", "coordinates": [76.6881318, 9.2234557] },
      "properties": { "highway": "street_lamp", "lamp_type": "electric" },
      "geohash": "t9ws3p4dd"
    },
    {
      "type": "Feature",
      "geometry": { "type": "Point", "coordinates": [76.6886664, 9.2234476] },
      "properties": { "highway": "street_lamp", "lamp_type": "electric" },
      "geohash": "t9ws3p4fr"
    },
    {
      "type": "Feature",
      "geometry": { "type": "Point", "coordinates": [76.6894377, 9.2234162] },
      "properties": { "highway": "street_lamp", "lamp_type": "electric" },
      "geohash": "t9ws3p5d3"
    },
    {
      "type": "Feature",
      "geometry": { "type": "Point", "coordinates": [76.6900892, 9.2234519] },
      "properties": { "highway": "street_lamp", "lamp_type": "electric" },
      "geohash": "t9ws3ph48"
    },
    {
      "type": "Feature",
      "geometry": { "type": "Point", "coordinates": [76.6907593, 9.2232398] },
      "properties": { "highway": "street_lamp", "lamp_type": "electric" },
      "geohash": "t9ws3ph92"
    },
    {
      "type": "Feature",
      "geometry": { "type": "Point", "coordinates": [76.6910839, 9.2232375] },
      "properties": { "highway": "street_lamp", "lamp_type": "electric" },
      "geohash": "t9ws3ph9r"
    },
    {
      "type": "Feature",
      "geometry": { "type": "Point", "coordinates": [76.6915953, 9.2232698] },
      "properties": { "highway": "street_lamp", "lamp_type": "electric" },
      "geohash": "t9ws3pj17"
    },
    {
      "type": "Feature",
      "geometry": { "type": "Point", "coordinates": [76.6920132, 9.223445] },
      "properties": { "highway": "street_lamp", "lamp_type": "electric" },
      "geohash": "t9ws3pj6m"
    },
    {
      "type": "Feature",
      "geometry": { "type": "Point", "coordinates": [76.6923611, 9.2234957] },
      "properties": { "highway": "street_lamp", "lamp_type": "electric" },
      "geohash": "t9ws3pjdv"
    },
    {
      "type": "Feature",
      "geometry": { "type": "Point", "coordinates": [76.6929496, 9.2237999] },
      "properties": { "highway": "street_lamp", "lamp_type": "electric" },
      "geohash": "t9ws3pnhe"
    },
    {
      "type": "Feature",
      "geometry": { "type": "Point", "coordinates": [76.6933675, 9.2237423] },
      "properties": { "highway": "street_lamp", "lamp_type": "electric" },
      "geohash": "t9ws3pnkh"
    },
    {
      "type": "Feature",
      "geometry": { "type": "Point", "coordinates": [76.6937365, 9.2237815] },
      "properties": { "highway": "street_lamp", "lamp_type": "electric" },
      "geohash": "t9ws3pnsm"
    },
    {
      "type": "Feature",
      "geometry": { "type": "Point", "coordinates": [76.6941614, 9.2238575] },
      "properties": { "highway": "street_lamp", "lamp_type": "electric" },
      "geohash": "t9ws3pnuz"
    },
    {
      "type": "Feature",
      "geometry": { "type": "Point", "coordinates": [76.6945841, 9.2239036] },
      "properties": { "highway": "street_lamp", "lamp_type": "electric" },
      "geohash": "t9ws3ppm1"
    },
    {
      "type": "Feature",
      "geometry": { "type": "Point", "coordinates": [76.6950908, 9.2239198] },
      "properties": { "highway": "street_lamp", "lamp_type": "electric" },
      "geohash": "t9ws3pptj"
    },
    {
      "type": "Feature",
      "geometry": { "type": "Point", "coordinates": [76.6955531, 9.2239728] },
      "properties": { "highway": "street_lamp", "lamp_type": "electric" },
      "geohash": "t9ws3ppvx"
    },
    {
      "type": "Feature",
      "geometry": { "type": "Point", "coordinates": [76.6963903, 9.2241242] },
      "properties": { "highway": "street_lamp", "lamp_type": "electric" },
      "geohash": "t9ws3r0w7"
    },
    {
      "type": "Feature",
      "geometry": { "type": "Point", "coordinates": [76.6968578, 9.2241984] },
      "properties": { "highway": "street_lamp", "lamp_type": "electric" },
      "geohash": "t9ws3r0yy"
    },
    {
      "type": "Feature",
      "geometry": { "type": "Point", "coordinates": [76.6973436, 9.2242345] },
      "properties": { "highway": "street_lamp", "lamp_type": "electric" },
      "geohash": "t9ws3r1r1"
    },
    {
      "type": "Feature",
      "geometry": { "type": "Point", "coordinates": [76.6977745, 9.2241442] },
      "properties": { "highway": "street_lamp", "lamp_type": "electric" },
      "geohash": "t9ws3r1we"
    },
    {
      "type": "Feature",
      "geometry": { "type": "Point", "coordinates": [76.6980551, 9.2239175] },
      "properties": { "highway": "street_lamp", "lamp_type": "electric" },
      "geohash": "t9ws3r1v4"
    },
    {
      "type": "Feature",
      "geometry": { "type": "Point", "coordinates": [76.6984189, 9.2236928] },
      "properties": { "highway": "street_lamp", "lamp_type": "electric" },
      "geohash": "t9ws3r45f"
    },
    {
      "type": "Feature",
      "geometry": { "type": "Point", "coordinates": [76.6989332, 9.2234982] },
      "properties": { "highway": "street_lamp", "lamp_type": "electric" },
      "geohash": "t9ws3r46y"
    },
    {
      "type": "Feature",
      "geometry": { "type": "Point", "coordinates": [76.6992259, 9.2234841] },
      "properties": { "highway": "street_lamp", "lamp_type": "electric" },
      "geohash": "t9ws3r4dt"
    },
    {
      "type": "Feature",
      "geometry": { "type": "Point", "coordinates": [76.6994759, 9.2232434] },
      "properties": { "highway": "street_lamp", "lamp_type": "electric" },
      "geohash": "t9ws3r4c7"
    },
    {
      "type": "Feature",
      "geometry": { "type": "Point", "coordinates": [76.6998866, 9.2229544] },
      "properties": { "highway": "street_lamp", "lamp_type": "electric" },
      "geohash": "t9ws3qgps"
    },
    {
      "type": "Feature",
      "geometry": { "type": "Point", "coordinates": [76.7003396, 9.2227694] },
      "properties": { "highway": "street_lamp", "lamp_type": "electric" },
      "geohash": "t9ws3qgqx"
    },
    {
      "type": "Feature",
      "geometry": { "type": "Point", "coordinates": [76.700956, 9.2225205] },
      "properties": { "highway": "street_lamp", "lamp_type": "electric" },
      "geohash": "t9ws3qgvj"
    },
    {
      "type": "Feature",
      "geometry": { "type": "Point", "coordinates": [76.7014767, 9.2224076] },
      "properties": { "highway": "street_lamp", "lamp_type": "electric" },
      "geohash": "t9ws3quk3"
    },
    {
      "type": "Feature",
      "geometry": { "type": "Point", "coordinates": [76.7017125, 9.2221172] },
      "properties": { "highway": "street_lamp", "lamp_type": "electric" },
      "geohash": "t9ws3qu6x"
    },
    {
      "type": "Feature",
      "geometry": { "type": "Point", "coordinates": [76.7023407, 9.2217991] },
      "properties": { "highway": "street_lamp", "lamp_type": "electric" },
      "geohash": "t9ws3quby"
    },
    {
      "type": "Feature",
      "geometry": { "type": "Point", "coordinates": [76.7029221, 9.2217692] },
      "properties": { "highway": "street_lamp", "lamp_type": "electric" },
      "geohash": "t9ws3qv2e"
    },
    {
      "type": "Feature",
      "geometry": { "type": "Point", "coordinates": [76.7034124, 9.2214718] },
      "properties": { "highway": "street_lamp", "lamp_type": "electric" },
      "geohash": "t9ws3qtwz"
    },
    {
      "type": "Feature",
      "geometry": { "type": "Point", "coordinates": [76.7040569, 9.2214557] },
      "properties": { "highway": "street_lamp", "lamp_type": "electric" },
      "geohash": "t9ws3qwny"
    },
    {
      "type": "Feature",
      "geometry": { "type": "Point", "coordinates": [76.7045963, 9.2212344] },
      "properties": { "highway": "street_lamp", "lamp_type": "electric" },
      "geohash": "t9ws3qwtd"
    },
    {
      "type": "Feature",
      "geometry": { "type": "Point", "coordinates": [76.7048811, 9.2211768] },
      "properties": { "highway": "street_lamp", "lamp_type": "electric" },
      "geohash": "t9ws3qwv1"
    },
    {
      "type": "Feature",
      "geometry": { "type": "Point", "coordinates": [76.7053505, 9.2211538] },
      "properties": { "highway": "street_lamp", "lamp_type": "electric" },
      "geohash": "t9ws3qxjh"
    },
    {
      "type": "Feature",
      "geometry": { "type": "Point", "coordinates": [76.7057147, 9.220921] },
      "properties": { "highway": "street_lamp", "lamp_type": "electric" },
      "geohash": "t9ws3qx7u"
    },
    {
      "type": "Feature",
      "geometry": { "type": "Point", "coordinates": [76.7067291, 9.2205347] },
      "properties": { "highway": "street_lamp", "lamp_type": "electric" },
      "geohash": "t9ws3w81s"
    },
    {
      "type": "Feature",
      "geometry": { "type": "Point", "coordinates": [76.7063029, 9.2207883] },
      "properties": { "highway": "street_lamp", "lamp_type": "electric" },
      "geohash": "t9ws3qxff"
    },
    {
      "type": "Feature",
      "geometry": { "type": "Point", "coordinates": [76.7065604, 9.2205235] },
      "properties": { "highway": "street_lamp", "lamp_type": "electric" },
      "geohash": "t9ws3w812"
    },
    {
      "type": "Feature",
      "geometry": { "type": "Point", "coordinates": [76.7068769, 9.2203991] },
      "properties": { "highway": "street_lamp", "lamp_type": "electric" },
      "geohash": "t9ws3w80x"
    },
    {
      "type": "Feature",
      "geometry": { "type": "Point", "coordinates": [76.7074521, 9.2203517] },
      "properties": { "highway": "street_lamp", "lamp_type": "electric" },
      "geohash": "t9ws3w88m"
    },
    {
      "type": "Feature",
      "geometry": { "type": "Point", "coordinates": [76.7079567, 9.2204725] },
      "properties": { "highway": "street_lamp", "lamp_type": "electric" },
      "geohash": "t9ws3w910"
    },
    {
      "type": "Feature",
      "geometry": { "type": "Point", "coordinates": [76.7085914, 9.2204329] },
      "properties": { "highway": "street_lamp", "lamp_type": "electric" },
      "geohash": "t9ws3w92z"
    },
    {
      "type": "Feature",
      "geometry": { "type": "Point", "coordinates": [76.7090813, 9.2205743] },
      "properties": { "highway": "street_lamp", "lamp_type": "electric" },
      "geohash": "t9ws3w9ce"
    },
    {
      "type": "Feature",
      "geometry": { "type": "Point", "coordinates": [76.7095188, 9.2205181] },
      "properties": { "highway": "street_lamp", "lamp_type": "electric" },
      "geohash": "t9ws3wd1m"
    },
    {
      "type": "Feature",
      "geometry": { "type": "Point", "coordinates": [76.7098146, 9.2204071] },
      "properties": { "highway": "street_lamp", "lamp_type": "electric" },
      "geohash": "t9ws3wd2u"
    },
    {
      "type": "Feature",
      "geometry": { "type": "Point", "coordinates": [76.7102444, 9.2205485] },
      "properties": { "highway": "street_lamp", "lamp_type": "electric" },
      "geohash": "t9ws3wd9w"
    },
    {
      "type": "Feature",
      "geometry": { "type": "Point", "coordinates": [76.7106388, 9.2204694] },
      "properties": { "highway": "street_lamp", "lamp_type": "electric" },
      "geohash": "t9ws3wdcp"
    },
    {
      "type": "Feature",
      "geometry": { "type": "Point", "coordinates": [76.7110116, 9.2206656] },
      "properties": { "highway": "street_lamp", "lamp_type": "electric" },
      "geohash": "t9ws3we62"
    },
    {
      "type": "Feature",
      "geometry": { "type": "Point", "coordinates": [76.7114244, 9.2205956] },
      "properties": { "highway": "street_lamp", "lamp_type": "electric" },
      "geohash": "t9ws3we9c"
    },
    {
      "type": "Feature",
      "geometry": { "type": "Point", "coordinates": [76.7116725, 9.2207948] },
      "properties": { "highway": "street_lamp", "lamp_type": "electric" },
      "geohash": "t9ws3weep"
    },
    {
      "type": "Feature",
      "geometry": { "type": "Point", "coordinates": [76.7121549, 9.2207629] },
      "properties": { "highway": "street_lamp", "lamp_type": "electric" },
      "geohash": "t9ws3ws4f"
    },
    {
      "type": "Feature",
      "geometry": { "type": "Point", "coordinates": [76.7124823, 9.2209655] },
      "properties": { "highway": "street_lamp", "lamp_type": "electric" },
      "geohash": "t9ws3wsk4"
    },
    {
      "type": "Feature",
      "geometry": { "type": "Point", "coordinates": [76.7129105, 9.2209375] },
      "properties": { "highway": "street_lamp", "lamp_type": "electric" },
      "geohash": "t9ws3wseu"
    },
    {
      "type": "Feature",
      "geometry": { "type": "Point", "coordinates": [76.7132862, 9.2212156] },
      "properties": { "highway": "street_lamp", "lamp_type": "electric" },
      "geohash": "t9ws3wsvm"
    },
    {
      "type": "Feature",
      "geometry": { "type": "Point", "coordinates": [76.7134981, 9.2213307] },
      "properties": {
        "highway": "street_lamp",
        "lamp_mount": "high_mast",
        "lamp_type": "led"
      },
      "geohash": "t9ws3wtn4"
    },
    {
      "type": "Feature",
      "geometry": { "type": "Point", "coordinates": [76.7122871, 9.2209217] },
      "properties": { "highway": "street_lamp", "lamp_type": "electric" },
      "geohash": "t9ws3ws5v"
    },
    {
      "type": "Feature",
      "geometry": { "type": "Point", "coordinates": [76.7131545, 9.2299022] },
      "properties": { "highway": "street_lamp", "lamp_type": "led" },
      "geohash": "t9ws98kb4"
    },
    {
      "type": "Feature",
      "geometry": { "type": "Point", "coordinates": [76.7136667, 9.2299042] },
      "properties": { "highway": "street_lamp", "lamp_type": "led" },
      "geohash": "t9ws98m0j"
    },
    {
      "type": "Feature",
      "geometry": { "type": "Point", "coordinates": [76.7139716, 9.2299443] },
      "properties": { "highway": "street_lamp", "lamp_type": "led" },
      "geohash": "t9ws98m2m"
    },
    {
      "type": "Feature",
      "geometry": { "type": "Point", "coordinates": [76.7142887, 9.2299604] },
      "properties": { "highway": "street_lamp", "lamp_type": "led" },
      "geohash": "t9ws98m8k"
    },
    {
      "type": "Feature",
      "geometry": { "type": "Point", "coordinates": [76.7144229, 9.2301169] },
      "properties": { "highway": "street_lamp", "lamp_type": "led" },
      "geohash": "t9ws98m9r"
    },
    {
      "type": "Feature",
      "geometry": { "type": "Point", "coordinates": [76.7148233, 9.2300266] },
      "properties": { "highway": "street_lamp", "lamp_type": "led" },
      "geohash": "t9ws98q0b"
    },
    {
      "type": "Feature",
      "geometry": { "type": "Point", "coordinates": [76.7152177, 9.2302132] },
      "properties": { "highway": "street_lamp", "lamp_type": "led" },
      "geohash": "t9ws98q3f"
    },
    {
      "type": "Feature",
      "geometry": { "type": "Point", "coordinates": [76.7154616, 9.2301209] },
      "properties": { "highway": "street_lamp", "lamp_type": "led" },
      "geohash": "t9ws98q3r"
    },
    {
      "type": "Feature",
      "geometry": { "type": "Point", "coordinates": [76.7158682, 9.2302593] },
      "properties": { "highway": "street_lamp", "lamp_type": "led" },
      "geohash": "t9ws98qf1"
    },
    {
      "type": "Feature",
      "geometry": { "type": "Point", "coordinates": [76.7161812, 9.230165] },
      "properties": { "highway": "street_lamp", "lamp_type": "led" },
      "geohash": "t9ws98r18"
    },
    {
      "type": "Feature",
      "geometry": { "type": "Point", "coordinates": [76.7166548, 9.2302834] },
      "properties": { "highway": "street_lamp", "lamp_type": "led" },
      "geohash": "t9ws98r67"
    },
    {
      "type": "Feature",
      "geometry": { "type": "Point", "coordinates": [76.7170248, 9.2301871] },
      "properties": { "highway": "street_lamp", "lamp_type": "led" },
      "geohash": "t9ws98r9s"
    },
    {
      "type": "Feature",
      "geometry": { "type": "Point", "coordinates": [76.7173724, 9.2303456] },
      "properties": { "highway": "street_lamp", "lamp_type": "led" },
      "geohash": "t9ws98rfs"
    },
    {
      "type": "Feature",
      "geometry": { "type": "Point", "coordinates": [76.7176529, 9.2303015] },
      "properties": { "highway": "street_lamp", "lamp_type": "led" },
      "geohash": "t9ws9b246"
    },
    {
      "type": "Feature",
      "geometry": { "type": "Point", "coordinates": [76.7179537, 9.2306285] },
      "properties": { "highway": "street_lamp", "lamp_type": "led" },
      "geohash": "t9ws9b2k3"
    },
    {
      "type": "Feature",
      "geometry": { "type": "Point", "coordinates": [76.7182302, 9.2306907] },
      "properties": { "highway": "street_lamp", "lamp_type": "led" },
      "geohash": "t9ws9b2s8"
    },
    {
      "type": "Feature",
      "geometry": { "type": "Point", "coordinates": [76.7184274, 9.2309636] },
      "properties": { "highway": "street_lamp", "lamp_type": "led" },
      "geohash": "t9ws9b2wk"
    },
    {
      "type": "Feature",
      "geometry": { "type": "Point", "coordinates": [76.7188339, 9.2311321] },
      "properties": { "highway": "street_lamp", "lamp_type": "led" },
      "geohash": "t9ws9b2zn"
    },
    {
      "type": "Feature",
      "geometry": { "type": "Point", "coordinates": [76.7189234, 9.2313869] },
      "properties": { "highway": "street_lamp", "lamp_type": "led" },
      "geohash": "t9ws9b908"
    },
    {
      "type": "Feature",
      "geometry": { "type": "Point", "coordinates": [76.719212, 9.2314411] },
      "properties": { "highway": "street_lamp", "lamp_type": "led" },
      "geohash": "t9ws9b91p"
    },
    {
      "type": "Feature",
      "geometry": { "type": "Point", "coordinates": [76.7194214, 9.231708] },
      "properties": { "highway": "street_lamp", "lamp_type": "led" },
      "geohash": "t9ws9b96s"
    },
    {
      "type": "Feature",
      "geometry": { "type": "Point", "coordinates": [76.719771, 9.2316558] },
      "properties": { "highway": "street_lamp", "lamp_type": "led" },
      "geohash": "t9ws9b9dk"
    },
    {
      "type": "Feature",
      "geometry": { "type": "Point", "coordinates": [76.7134229, 9.2217158] },
      "properties": { "highway": "street_lamp", "lamp_type": "electric" },
      "geohash": "t9ws3wv02"
    },
    {
      "type": "Feature",
      "geometry": { "type": "Point", "coordinates": [76.7133924, 9.2220729] },
      "properties": { "highway": "street_lamp", "lamp_type": "electric" },
      "geohash": "t9ws3wufr"
    },
    {
      "type": "Feature",
      "geometry": { "type": "Point", "coordinates": [76.7135042, 9.2225545] },
      "properties": { "highway": "street_lamp", "lamp_type": "electric" },
      "geohash": "t9ws3wvj6"
    },
    {
      "type": "Feature",
      "geometry": { "type": "Point", "coordinates": [76.7134798, 9.2229498] },
      "properties": { "highway": "street_lamp", "lamp_type": "electric" },
      "geohash": "t9ws3wvp9"
    },
    {
      "type": "Feature",
      "geometry": { "type": "Point", "coordinates": [76.7132725, 9.2230802] },
      "properties": { "highway": "street_lamp", "lamp_type": "electric" },
      "geohash": "t9ws3xhbk"
    },
    {
      "type": "Feature",
      "geometry": { "type": "Point", "coordinates": [76.7132217, 9.2235316] },
      "properties": { "highway": "street_lamp", "lamp_type": "electric" },
      "geohash": "t9ws3xhfg"
    },
    {
      "type": "Feature",
      "geometry": { "type": "Point", "coordinates": [76.7131404, 9.2238567] },
      "properties": { "highway": "street_lamp", "lamp_type": "electric" },
      "geohash": "t9ws3xhuc"
    },
    {
      "type": "Feature",
      "geometry": { "type": "Point", "coordinates": [76.713305, 9.224274] },
      "properties": { "highway": "street_lamp", "lamp_type": "electric" },
      "geohash": "t9ws3xhzm"
    },
    {
      "type": "Feature",
      "geometry": { "type": "Point", "coordinates": [76.7134372, 9.2247094] },
      "properties": { "highway": "street_lamp", "lamp_type": "electric" },
      "geohash": "t9ws3xm1b"
    },
    {
      "type": "Feature",
      "geometry": { "type": "Point", "coordinates": [76.713366, 9.2250104] },
      "properties": { "highway": "street_lamp", "lamp_type": "electric" },
      "geohash": "t9ws3xkgw"
    },
    {
      "type": "Feature",
      "geometry": { "type": "Point", "coordinates": [76.7131688, 9.2252271] },
      "properties": { "highway": "street_lamp", "lamp_type": "electric" },
      "geohash": "t9ws3xkuf"
    },
    {
      "type": "Feature",
      "geometry": { "type": "Point", "coordinates": [76.7128924, 9.2253134] },
      "properties": { "highway": "street_lamp", "lamp_type": "electric" },
      "geohash": "t9ws3xkt7"
    },
    {
      "type": "Feature",
      "geometry": { "type": "Point", "coordinates": [76.7128131, 9.2256444] },
      "properties": { "highway": "street_lamp", "lamp_type": "electric" },
      "geohash": "t9ws3xkx6"
    },
    {
      "type": "Feature",
      "geometry": { "type": "Point", "coordinates": [76.7129839, 9.2260457] },
      "properties": { "highway": "street_lamp", "lamp_type": "electric" },
      "geohash": "t9ws3xs9w"
    },
    {
      "type": "Feature",
      "geometry": { "type": "Point", "coordinates": [76.7128789, 9.2266877] },
      "properties": { "highway": "street_lamp", "lamp_type": "electric" },
      "geohash": "t9ws3xst7"
    },
    {
      "type": "Feature",
      "geometry": { "type": "Point", "coordinates": [76.7126294, 9.2269657] },
      "properties": { "highway": "street_lamp", "lamp_type": "electric" },
      "geohash": "t9ws3xsqv"
    },
    {
      "type": "Feature",
      "geometry": { "type": "Point", "coordinates": [76.712329, 9.2273761] },
      "properties": { "highway": "street_lamp", "lamp_type": "electric" },
      "geohash": "t9ws3xu1q"
    },
    {
      "type": "Feature",
      "geometry": { "type": "Point", "coordinates": [76.7122083, 9.2278209] },
      "properties": { "highway": "street_lamp", "lamp_type": "electric" },
      "geohash": "t9ws3xu5u"
    },
    {
      "type": "Feature",
      "geometry": { "type": "Point", "coordinates": [76.7123397, 9.2280777] },
      "properties": { "highway": "street_lamp", "lamp_type": "electric" },
      "geohash": "t9ws3xujr"
    },
    {
      "type": "Feature",
      "geometry": { "type": "Point", "coordinates": [76.7126187, 9.2293617] },
      "properties": { "highway": "street_lamp", "lamp_type": "electric" },
      "geohash": "t9ws98hkv"
    },
    {
      "type": "Feature",
      "geometry": { "type": "Point", "coordinates": [76.7126216, 9.2296697] },
      "properties": { "highway": "street_lamp", "lamp_type": "electric" },
      "geohash": "t9ws98hqt"
    },
    {
      "type": "Feature",
      "geometry": { "type": "Point", "coordinates": [76.7124783, 9.2298442] },
      "properties": { "highway": "street_lamp", "lamp_type": "electric" },
      "geohash": "t9ws98hrd"
    },
    {
      "type": "Feature",
      "geometry": { "type": "Point", "coordinates": [76.7199336, 9.2318484] },
      "properties": { "highway": "street_lamp", "lamp_type": "led" },
      "geohash": "t9ws9b9g2"
    },
    {
      "type": "Feature",
      "geometry": { "type": "Point", "coordinates": [76.7202487, 9.2320029] },
      "properties": { "highway": "street_lamp", "lamp_type": "led" },
      "geohash": "t9ws9b9ur"
    },
    {
      "type": "Feature",
      "geometry": { "type": "Point", "coordinates": [76.7203016, 9.2323199] },
      "properties": { "highway": "street_lamp", "lamp_type": "led" },
      "geohash": "t9ws9bdn0"
    },
    {
      "type": "Feature",
      "geometry": { "type": "Point", "coordinates": [76.720828, 9.2322354] },
      "properties": { "highway": "street_lamp", "lamp_type": "led" },
      "geohash": "t9ws9bdms"
    },
    {
      "type": "Feature",
      "geometry": { "type": "Point", "coordinates": [76.7210539, 9.2322915] },
      "properties": { "highway": "street_lamp", "lamp_type": "led" },
      "geohash": "t9ws9bdtf"
    },
    {
      "type": "Feature",
      "geometry": { "type": "Point", "coordinates": [76.7212503, 9.232157] },
      "properties": { "highway": "street_lamp", "lamp_type": "led" },
      "geohash": "t9ws9bdtn"
    },
    {
      "type": "Feature",
      "geometry": { "type": "Point", "coordinates": [76.7215723, 9.2322426] },
      "properties": { "highway": "street_lamp", "lamp_type": "led" },
      "geohash": "t9ws9bdvw"
    },
    {
      "type": "Feature",
      "geometry": { "type": "Point", "coordinates": [76.7219864, 9.2321326] },
      "properties": { "highway": "street_lamp", "lamp_type": "led" },
      "geohash": "t9ws9bejp"
    },
    {
      "type": "Feature",
      "geometry": { "type": "Point", "coordinates": [76.7221528, 9.2322863] },
      "properties": { "highway": "street_lamp", "lamp_type": "led" },
      "geohash": "t9ws9bemg"
    },
    {
      "type": "Feature",
      "geometry": { "type": "Point", "coordinates": [76.722621, 9.2324064] },
      "properties": { "highway": "street_lamp", "lamp_type": "led" },
      "geohash": "t9ws9beww"
    },
    {
      "type": "Feature",
      "geometry": { "type": "Point", "coordinates": [76.7227809, 9.2327014] },
      "properties": { "highway": "street_lamp", "lamp_type": "led" },
      "geohash": "t9ws9bgb6"
    },
    {
      "type": "Feature",
      "geometry": { "type": "Point", "coordinates": [76.7230752, 9.2329664] },
      "properties": { "highway": "street_lamp", "lamp_type": "led" },
      "geohash": "t9ws9bu1c"
    },
    {
      "type": "Feature",
      "geometry": { "type": "Point", "coordinates": [76.7231534, 9.2332119] },
      "properties": { "highway": "street_lamp", "lamp_type": "led" },
      "geohash": "t9ws9bu57"
    },
    {
      "type": "Feature",
      "geometry": { "type": "Point", "coordinates": [76.7233962, 9.2332522] },
      "properties": { "highway": "street_lamp", "lamp_type": "led" },
      "geohash": "t9ws9bu78"
    },
    {
      "type": "Feature",
      "geometry": { "type": "Point", "coordinates": [76.7236164, 9.2334927] },
      "properties": { "highway": "street_lamp", "lamp_type": "led" },
      "geohash": "t9ws9bukv"
    },
    {
      "type": "Feature",
      "geometry": { "type": "Point", "coordinates": [76.7239877, 9.233514] },
      "properties": { "highway": "street_lamp", "lamp_type": "led" },
      "geohash": "t9ws9butn"
    },
    {
      "type": "Feature",
      "geometry": { "type": "Point", "coordinates": [76.7242203, 9.2337117] },
      "properties": { "highway": "street_lamp", "lamp_type": "led" },
      "geohash": "t9ws9buy7"
    },
    {
      "type": "Feature",
      "geometry": { "type": "Point", "coordinates": [76.72459, 9.2336052] },
      "properties": { "highway": "street_lamp", "lamp_type": "led" },
      "geohash": "t9ws9bvjs"
    },
    {
      "type": "Feature",
      "geometry": { "type": "Point", "coordinates": [76.7325138, 9.2336056] },
      "properties": { "highway": "street_lamp", "lamp_type": "led" },
      "geohash": "t9wsd0fvt"
    },
    {
      "type": "Feature",
      "geometry": { "type": "Point", "coordinates": [76.7328155, 9.2337777] },
      "properties": { "highway": "street_lamp", "lamp_type": "led" },
      "geohash": "t9wsd0gns"
    },
    {
      "type": "Feature",
      "geometry": { "type": "Point", "coordinates": [76.7331789, 9.2339127] },
      "properties": { "highway": "street_lamp", "lamp_type": "led" },
      "geohash": "t9wsd0grk"
    },
    {
      "type": "Feature",
      "geometry": { "type": "Point", "coordinates": [76.7334217, 9.234012] },
      "properties": { "highway": "street_lamp", "lamp_type": "led" },
      "geohash": "t9wsd1584"
    },
    {
      "type": "Feature",
      "geometry": { "type": "Point", "coordinates": [76.7336765, 9.2341007] },
      "properties": { "highway": "street_lamp", "lamp_type": "led" },
      "geohash": "t9wsd15b8"
    },
    {
      "type": "Feature",
      "geometry": { "type": "Point", "coordinates": [76.7340748, 9.2342622] },
      "properties": { "highway": "street_lamp", "lamp_type": "led" },
      "geohash": "t9wsd1h13"
    },
    {
      "type": "Feature",
      "geometry": { "type": "Point", "coordinates": [76.7343618, 9.234433] },
      "properties": { "highway": "street_lamp", "lamp_type": "led" },
      "geohash": "t9wsd1h62"
    },
    {
      "type": "Feature",
      "geometry": { "type": "Point", "coordinates": [76.7345952, 9.2346143] },
      "properties": { "highway": "street_lamp", "lamp_type": "led" },
      "geohash": "t9wsd1h7t"
    },
    {
      "type": "Feature",
      "geometry": { "type": "Point", "coordinates": [76.7348245, 9.234695] },
      "properties": { "highway": "street_lamp", "lamp_type": "led" },
      "geohash": "t9wsd1heg"
    },
    {
      "type": "Feature",
      "geometry": { "type": "Point", "coordinates": [76.7350726, 9.2347533] },
      "properties": { "highway": "street_lamp", "lamp_type": "led" },
      "geohash": "t9wsd1hu2"
    },
    {
      "type": "Feature",
      "geometry": { "type": "Point", "coordinates": [76.7353837, 9.2348168] },
      "properties": { "highway": "street_lamp", "lamp_type": "led" },
      "geohash": "t9wsd1jh8"
    },
    {
      "type": "Feature",
      "geometry": { "type": "Point", "coordinates": [76.7355929, 9.2349135] },
      "properties": { "highway": "street_lamp", "lamp_type": "led" },
      "geohash": "t9wsd1jjk"
    },
    {
      "type": "Feature",
      "geometry": { "type": "Point", "coordinates": [76.7299528, 9.2337851] },
      "properties": { "highway": "street_lamp", "lamp_type": "led" },
      "geohash": "t9wsd0cn9"
    },
    {
      "type": "Feature",
      "geometry": { "type": "Point", "coordinates": [76.7301361, 9.2337805] },
      "properties": { "highway": "street_lamp", "lamp_type": "led" },
      "geohash": "t9wsd0cnt"
    },
    {
      "type": "Feature",
      "geometry": { "type": "Point", "coordinates": [76.7303766, 9.2337712] },
      "properties": { "highway": "street_lamp", "lamp_type": "led" },
      "geohash": "t9wsd0cqe"
    },
    {
      "type": "Feature",
      "geometry": { "type": "Point", "coordinates": [76.730644, 9.233762] },
      "properties": { "highway": "street_lamp", "lamp_type": "led" },
      "geohash": "t9wsd0cw9"
    },
    {
      "type": "Feature",
      "geometry": { "type": "Point", "coordinates": [76.7360695, 9.2351148] },
      "properties": { "highway": "street_lamp", "lamp_type": "led" },
      "geohash": "t9wsd1jw2"
    },
    {
      "type": "Feature",
      "geometry": { "type": "Point", "coordinates": [76.7363614, 9.2350641] },
      "properties": { "highway": "street_lamp", "lamp_type": "led" },
      "geohash": "t9wsd1jwn"
    },
    {
      "type": "Feature",
      "geometry": { "type": "Point", "coordinates": [76.7368354, 9.2351655] },
      "properties": { "highway": "street_lamp", "lamp_type": "led" },
      "geohash": "t9wsd1nn9"
    },
    {
      "type": "Feature",
      "geometry": { "type": "Point", "coordinates": [76.725105, 9.2336731] },
      "properties": { "highway": "street_lamp", "lamp_type": "led" },
      "geohash": "t9ws9bvw0"
    },
    {
      "type": "Feature",
      "geometry": { "type": "Point", "coordinates": [76.7253625, 9.2335566] },
      "properties": { "highway": "street_lamp", "lamp_type": "led" },
      "geohash": "t9ws9bvtq"
    },
    {
      "type": "Feature",
      "geometry": { "type": "Point", "coordinates": [76.725789, 9.2335751] },
      "properties": { "highway": "street_lamp", "lamp_type": "led" },
      "geohash": "t9ws9byj2"
    },
    {
      "type": "Feature",
      "geometry": { "type": "Point", "coordinates": [76.7261084, 9.2336331] },
      "properties": { "highway": "street_lamp", "lamp_type": "led" },
      "geohash": "t9ws9byjz"
    },
    {
      "type": "Feature",
      "geometry": { "type": "Point", "coordinates": [76.7264535, 9.233689] },
      "properties": { "highway": "street_lamp", "lamp_type": "led" },
      "geohash": "t9ws9byqp"
    },
    {
      "type": "Feature",
      "geometry": { "type": "Point", "coordinates": [76.7267326, 9.2337169] },
      "properties": { "highway": "street_lamp", "lamp_type": "led" },
      "geohash": "t9ws9bywq"
    },
    {
      "type": "Feature",
      "geometry": { "type": "Point", "coordinates": [76.7271205, 9.2337392] },
      "properties": { "highway": "street_lamp", "lamp_type": "led" },
      "geohash": "t9ws9byyr"
    },
    {
      "type": "Feature",
      "geometry": { "type": "Point", "coordinates": [76.7275334, 9.2337301] },
      "properties": { "highway": "street_lamp", "lamp_type": "led" },
      "geohash": "t9ws9bzq3"
    },
    {
      "type": "Feature",
      "geometry": { "type": "Point", "coordinates": [76.727954, 9.2336556] },
      "properties": { "highway": "street_lamp", "lamp_type": "led" },
      "geohash": "t9ws9bztf"
    },
    {
      "type": "Feature",
      "geometry": { "type": "Point", "coordinates": [76.7283699, 9.2336693] },
      "properties": { "highway": "street_lamp", "lamp_type": "led" },
      "geohash": "t9ws9bzyh"
    },
    {
      "type": "Feature",
      "geometry": { "type": "Point", "coordinates": [76.7288736, 9.2336484] },
      "properties": { "highway": "street_lamp", "lamp_type": "led" },
      "geohash": "t9wsd0bmb"
    },
    {
      "type": "Feature",
      "geometry": { "type": "Point", "coordinates": [76.7290974, 9.2336501] },
      "properties": { "highway": "street_lamp", "lamp_type": "led" },
      "geohash": "t9wsd0bmv"
    },
    {
      "type": "Feature",
      "geometry": { "type": "Point", "coordinates": [76.729347, 9.2336422] },
      "properties": { "highway": "street_lamp", "lamp_type": "led" },
      "geohash": "t9wsd0btg"
    },
    {
      "type": "Feature",
      "geometry": { "type": "Point", "coordinates": [76.7296929, 9.2336859] },
      "properties": { "highway": "street_lamp", "lamp_type": "led" },
      "geohash": "t9wsd0by5"
    },
    {
      "type": "Feature",
      "geometry": { "type": "Point", "coordinates": [76.7301698, 9.2336684] },
      "properties": { "highway": "street_lamp", "lamp_type": "led" },
      "geohash": "t9wsd0cnn"
    },
    {
      "type": "Feature",
      "geometry": { "type": "Point", "coordinates": [76.7304131, 9.233644] },
      "properties": { "highway": "street_lamp", "lamp_type": "led" },
      "geohash": "t9wsd0cmu"
    },
    {
      "type": "Feature",
      "geometry": { "type": "Point", "coordinates": [76.7308758, 9.2336012] },
      "properties": { "highway": "street_lamp", "lamp_type": "led" },
      "geohash": "t9wsd0ctw"
    },
    {
      "type": "Feature",
      "geometry": { "type": "Point", "coordinates": [76.7312856, 9.2335541] },
      "properties": { "highway": "street_lamp", "lamp_type": "led" },
      "geohash": "t9wsd0fj2"
    },
    {
      "type": "Feature",
      "geometry": { "type": "Point", "coordinates": [76.7316137, 9.233513] },
      "properties": { "highway": "street_lamp", "lamp_type": "led" },
      "geohash": "t9wsd0fm0"
    },
    {
      "type": "Feature",
      "geometry": { "type": "Point", "coordinates": [76.7320065, 9.2334887] },
      "properties": { "highway": "street_lamp", "lamp_type": "led" },
      "geohash": "t9wsd0fsc"
    },
    {
      "type": "Feature",
      "geometry": { "type": "Point", "coordinates": [76.737167, 9.2353038] },
      "properties": { "highway": "street_lamp", "lamp_type": "led" },
      "geohash": "t9wsd1nr9"
    },
    {
      "type": "Feature",
      "geometry": { "type": "Point", "coordinates": [76.7374939, 9.2355342] },
      "properties": { "highway": "street_lamp", "lamp_type": "led" },
      "geohash": "t9wsd1q8c"
    },
    {
      "type": "Feature",
      "geometry": { "type": "Point", "coordinates": [76.7376737, 9.2358177] },
      "properties": { "highway": "street_lamp", "lamp_type": "led" },
      "geohash": "t9wsd1qdt"
    },
    {
      "type": "Feature",
      "geometry": { "type": "Point", "coordinates": [76.7379585, 9.2361634] },
      "properties": { "highway": "street_lamp", "lamp_type": "led" },
      "geohash": "t9wsd1qus"
    },
    {
      "type": "Feature",
      "geometry": { "type": "Point", "coordinates": [76.7381757, 9.2363755] },
      "properties": { "highway": "street_lamp", "lamp_type": "led" },
      "geohash": "t9wsd1rjc"
    },
    {
      "type": "Feature",
      "geometry": { "type": "Point", "coordinates": [76.7384839, 9.2367327] },
      "properties": { "highway": "street_lamp", "lamp_type": "led" },
      "geohash": "t9wsd1rrb"
    },
    {
      "type": "Feature",
      "geometry": { "type": "Point", "coordinates": [76.7387945, 9.2369586] },
      "properties": { "highway": "street_lamp", "lamp_type": "led" },
      "geohash": "t9wsd1x3p"
    },
    {
      "type": "Feature",
      "geometry": { "type": "Point", "coordinates": [76.7390513, 9.2371959] },
      "properties": { "highway": "street_lamp", "lamp_type": "led" },
      "geohash": "t9wsd1xdt"
    },
    {
      "type": "Feature",
      "geometry": { "type": "Point", "coordinates": [76.7392988, 9.2373734] },
      "properties": { "highway": "street_lamp", "lamp_type": "led" },
      "geohash": "t9wsd1xge"
    },
    {
      "type": "Feature",
      "geometry": { "type": "Point", "coordinates": [76.7396257, 9.2376154] },
      "properties": { "highway": "street_lamp", "lamp_type": "led" },
      "geohash": "t9wsd38j4"
    },
    {
      "type": "Feature",
      "geometry": { "type": "Point", "coordinates": [76.7399596, 9.2378666] },
      "properties": { "highway": "street_lamp", "lamp_type": "led" },
      "geohash": "t9wsd38q6"
    },
    {
      "type": "Feature",
      "geometry": { "type": "Point", "coordinates": [76.7402889, 9.2380602] },
      "properties": { "highway": "street_lamp", "lamp_type": "led" },
      "geohash": "t9wsd38xd"
    },
    {
      "type": "Feature",
      "geometry": { "type": "Point", "coordinates": [76.7406952, 9.2382907] },
      "properties": { "highway": "street_lamp", "lamp_type": "led" },
      "geohash": "t9wsd3bbg"
    },
    {
      "type": "Feature",
      "geometry": { "type": "Point", "coordinates": [76.7409497, 9.2385304] },
      "properties": { "highway": "street_lamp", "lamp_type": "led" },
      "geohash": "t9wsd3c43"
    },
    {
      "type": "Feature",
      "geometry": { "type": "Point", "coordinates": [76.7412299, 9.2388599] },
      "properties": { "highway": "street_lamp", "lamp_type": "led" },
      "geohash": "t9wsd3ck2"
    },
    {
      "type": "Feature",
      "geometry": { "type": "Point", "coordinates": [76.741426, 9.2390973] },
      "properties": { "highway": "street_lamp", "lamp_type": "led" },
      "geohash": "t9wsd3cms"
    },
    {
      "type": "Feature",
      "geometry": { "type": "Point", "coordinates": [76.7416128, 9.2393232] },
      "properties": { "highway": "street_lamp", "lamp_type": "led" },
      "geohash": "t9wsd3cwc"
    },
    {
      "type": "Feature",
      "geometry": { "type": "Point", "coordinates": [76.7419121, 9.2394439] },
      "properties": { "highway": "street_lamp", "lamp_type": "led" },
      "geohash": "t9wsd3cz8"
    },
    {
      "type": "Feature",
      "geometry": { "type": "Point", "coordinates": [76.7423065, 9.239415] },
      "properties": { "highway": "street_lamp", "lamp_type": "led" },
      "geohash": "t9wsd3fp3"
    },
    {
      "type": "Feature",
      "geometry": { "type": "Point", "coordinates": [76.7424667, 9.2394013] },
      "properties": { "highway": "street_lamp", "lamp_type": "led" },
      "geohash": "t9wsd3fpm"
    },
    {
      "type": "Feature",
      "geometry": { "type": "Point", "coordinates": [76.7427979, 9.2393876] },
      "properties": { "highway": "street_lamp", "lamp_type": "led" },
      "geohash": "t9wsd3frk"
    },
    {
      "type": "Feature",
      "geometry": { "type": "Point", "coordinates": [76.7430752, 9.2394089] },
      "properties": { "highway": "street_lamp", "lamp_type": "led" },
      "geohash": "t9wsd3fx7"
    },
    {
      "type": "Feature",
      "geometry": { "type": "Point", "coordinates": [76.7434226, 9.2395438] },
      "properties": { "highway": "street_lamp", "lamp_type": "led" },
      "geohash": "t9wsd64b5"
    },
    {
      "type": "Feature",
      "geometry": { "type": "Point", "coordinates": [76.7436665, 9.2397344] },
      "properties": { "highway": "street_lamp", "lamp_type": "led" },
      "geohash": "t9wsd6513"
    },
    {
      "type": "Feature",
      "geometry": { "type": "Point", "coordinates": [76.7439186, 9.2400594] },
      "properties": { "highway": "street_lamp", "lamp_type": "led" },
      "geohash": "t9wsd655n"
    },
    {
      "type": "Feature",
      "geometry": { "type": "Point", "coordinates": [76.7442052, 9.239935] },
      "properties": { "highway": "street_lamp", "lamp_type": "led" },
      "geohash": "t9wsd656t"
    },
    {
      "type": "Feature",
      "geometry": { "type": "Point", "coordinates": [76.7445345, 9.2398748] },
      "properties": { "highway": "street_lamp", "lamp_type": "led" },
      "geohash": "t9wsd65dj"
    },
    {
      "type": "Feature",
      "geometry": { "type": "Point", "coordinates": [76.7448516, 9.2397785] },
      "properties": { "highway": "street_lamp", "lamp_type": "led" },
      "geohash": "t9wsd65cs"
    },
    {
      "type": "Feature",
      "geometry": { "type": "Point", "coordinates": [76.745061, 9.2397264] },
      "properties": { "highway": "street_lamp", "lamp_type": "led" },
      "geohash": "t9wsd6h13"
    },
    {
      "type": "Feature",
      "geometry": { "type": "Point", "coordinates": [76.7465359, 9.2396948] },
      "properties": { "highway": "street_lamp", "lamp_type": "led" },
      "geohash": "t9wsd6j15"
    },
    {
      "type": "Feature",
      "geometry": { "type": "Point", "coordinates": [76.7471128, 9.2398205] },
      "properties": { "highway": "street_lamp", "lamp_type": "led" },
      "geohash": "t9wsd6j9c"
    },
    {
      "type": "Feature",
      "geometry": { "type": "Point", "coordinates": [76.7477604, 9.23981] },
      "properties": { "highway": "street_lamp", "lamp_type": "led" },
      "geohash": "t9wsd6n1b"
    },
    {
      "type": "Feature",
      "geometry": { "type": "Point", "coordinates": [76.7481745, 9.239831] },
      "properties": { "highway": "street_lamp", "lamp_type": "led" },
      "geohash": "t9wsd6n3f"
    },
    {
      "type": "Feature",
      "geometry": { "type": "Point", "coordinates": [76.7486275, 9.2398764] },
      "properties": { "highway": "street_lamp", "lamp_type": "led" },
      "geohash": "t9wsd6ndh"
    },
    {
      "type": "Feature",
      "geometry": { "type": "Point", "coordinates": [76.7488257, 9.2402153] },
      "properties": { "highway": "street_lamp", "lamp_type": "led" },
      "geohash": "t9wsd6nu1"
    },
    {
      "type": "Feature",
      "geometry": { "type": "Point", "coordinates": [76.7486912, 9.2408126] },
      "properties": { "highway": "street_lamp", "lamp_type": "led" },
      "geohash": "t9wsd6nxw"
    },
    {
      "type": "Feature",
      "geometry": { "type": "Point", "coordinates": [76.7486382, 9.241658] },
      "properties": { "highway": "street_lamp", "lamp_type": "led" },
      "geohash": "t9wsd6qss"
    },
    {
      "type": "Feature",
      "geometry": { "type": "Point", "coordinates": [76.7486629, 9.2423287] },
      "properties": { "highway": "street_lamp", "lamp_type": "led" },
      "geohash": "t9wsd6w8m"
    },
    {
      "type": "Feature",
      "geometry": { "type": "Point", "coordinates": [76.7488399, 9.242706] },
      "properties": { "highway": "street_lamp", "lamp_type": "led" },
      "geohash": "t9wsd6wf9"
    },
    {
      "type": "Feature",
      "geometry": { "type": "Point", "coordinates": [76.749208, 9.2429435] },
      "properties": { "highway": "street_lamp", "lamp_type": "led" },
      "geohash": "t9wsd6xh4"
    },
    {
      "type": "Feature",
      "geometry": { "type": "Point", "coordinates": [76.7495937, 9.2430588] },
      "properties": { "highway": "street_lamp", "lamp_type": "led" },
      "geohash": "t9wsd6xke"
    },
    {
      "type": "Feature",
      "geometry": { "type": "Point", "coordinates": [76.7499406, 9.2431741] },
      "properties": { "highway": "street_lamp", "lamp_type": "led" },
      "geohash": "t9wsd6xt7"
    },
    {
      "type": "Feature",
      "geometry": { "type": "Point", "coordinates": [76.7502209, 9.2436324] },
      "properties": { "highway": "street_lamp", "lamp_type": "led" },
      "geohash": "t9wsd6zb1"
    },
    {
      "type": "Feature",
      "geometry": { "type": "Point", "coordinates": [76.7501246, 9.2434178] },
      "properties": { "highway": "street_lamp", "lamp_type": "led" },
      "geohash": "t9wsd6xwz"
    },
    {
      "type": "Feature",
      "geometry": { "type": "Point", "coordinates": [76.750547, 9.2437726] },
      "properties": { "highway": "street_lamp", "lamp_type": "led" },
      "geohash": "t9wsddb0c"
    },
    {
      "type": "Feature",
      "geometry": { "type": "Point", "coordinates": [76.7509475, 9.2438275] },
      "properties": { "highway": "street_lamp", "lamp_type": "led" },
      "geohash": "t9wsddb34"
    },
    {
      "type": "Feature",
      "geometry": { "type": "Point", "coordinates": [76.7515736, 9.2438522] },
      "properties": { "highway": "street_lamp", "lamp_type": "led" },
      "geohash": "t9wsddbc3"
    },
    {
      "type": "Feature",
      "geometry": { "type": "Point", "coordinates": [76.7524342, 9.2439827] },
      "properties": { "highway": "street_lamp", "lamp_type": "led" },
      "geohash": "t9wsddc6j"
    },
    {
      "type": "Feature",
      "geometry": { "type": "Point", "coordinates": [76.7529116, 9.2439827] },
      "properties": { "highway": "street_lamp", "lamp_type": "led" },
      "geohash": "t9wsddcf0"
    },
    {
      "type": "Feature",
      "geometry": { "type": "Point", "coordinates": [76.7534132, 9.2439589] },
      "properties": { "highway": "street_lamp", "lamp_type": "led" },
      "geohash": "t9wsddf1u"
    },
    {
      "type": "Feature",
      "geometry": { "type": "Point", "coordinates": [76.7539282, 9.2441469] },
      "properties": { "highway": "street_lamp", "lamp_type": "led" },
      "geohash": "t9wsddfe0"
    },
    {
      "type": "Feature",
      "geometry": { "type": "Point", "coordinates": [76.7546551, 9.2444036] },
      "properties": { "highway": "street_lamp", "lamp_type": "led" },
      "geohash": "t9wsddgh9"
    },
    {
      "type": "Feature",
      "geometry": { "type": "Point", "coordinates": [76.7553149, 9.2446657] },
      "properties": { "highway": "street_lamp", "lamp_type": "led" },
      "geohash": "t9wsddgw0"
    },
    {
      "type": "Feature",
      "geometry": { "type": "Point", "coordinates": [76.7558433, 9.2448802] },
      "properties": { "highway": "street_lamp", "lamp_type": "led" },
      "geohash": "t9wsddgzk"
    },
    {
      "type": "Feature",
      "geometry": { "type": "Point", "coordinates": [76.7562537, 9.245047] },
      "properties": { "highway": "street_lamp", "lamp_type": "led" },
      "geohash": "t9wsdeh0q"
    },
    {
      "type": "Feature",
      "geometry": { "type": "Point", "coordinates": [76.7564937, 9.245223] },
      "properties": { "highway": "street_lamp", "lamp_type": "led" },
      "geohash": "t9wsdeh37"
    },
    {
      "type": "Feature",
      "geometry": { "type": "Point", "coordinates": [76.7810627, 9.2618814] },
      "properties": {
        "direction": "180",
        "highway": "street_lamp",
        "lamp_mount": "high_mast",
        "lamp_type": "led"
      },
      "geohash": "t9wsenn62"
    },
    {
      "type": "Feature",
      "geometry": { "type": "Point", "coordinates": [76.7812422, 9.2620031] },
      "properties": { "highway": "street_lamp", "lamp_type": "led" },
      "geohash": "t9wsenn7h"
    },
    {
      "type": "Feature",
      "geometry": { "type": "Point", "coordinates": [76.7453699, 9.2396822] },
      "properties": { "highway": "street_lamp", "lamp_type": "led" },
      "geohash": "t9wsd6h30"
    },
    {
      "type": "Feature",
      "geometry": { "type": "Point", "coordinates": [76.7456179, 9.2396441] },
      "properties": { "highway": "street_lamp", "lamp_type": "led" },
      "geohash": "t9wsd6h2y"
    },
    {
      "type": "Feature",
      "geometry": { "type": "Point", "coordinates": [76.7459411, 9.2396361] },
      "properties": { "highway": "street_lamp", "lamp_type": "led" },
      "geohash": "t9wsd6h8y"
    },
    {
      "type": "Feature",
      "geometry": { "type": "Point", "coordinates": [76.7191423, 9.2212787] },
      "properties": { "highway": "street_lamp", "lamp_type": "electric" },
      "geohash": "t9ws3y9jv"
    },
    {
      "type": "Feature",
      "geometry": { "type": "Point", "coordinates": [76.7195712, 9.2212727] },
      "properties": { "highway": "street_lamp", "lamp_type": "electric" },
      "geohash": "t9ws3y9mz"
    },
    {
      "type": "Feature",
      "geometry": { "type": "Point", "coordinates": [76.7202461, 9.2211543] },
      "properties": { "highway": "street_lamp", "lamp_type": "electric" },
      "geohash": "t9ws3y9vp"
    },
    {
      "type": "Feature",
      "geometry": { "type": "Point", "coordinates": [76.7205977, 9.2210239] },
      "properties": { "highway": "street_lamp", "lamp_type": "electric" },
      "geohash": "t9ws3ydhr"
    },
    {
      "type": "Feature",
      "geometry": { "type": "Point", "coordinates": [76.7216222, 9.2210861] },
      "properties": { "highway": "street_lamp", "lamp_type": "electric" },
      "geohash": "t9ws3ydux"
    },
    {
      "type": "Feature",
      "geometry": { "type": "Point", "coordinates": [76.7211222, 9.2208574] },
      "properties": { "highway": "street_lamp", "lamp_type": "electric" },
      "geohash": "t9ws3yde7"
    },
    {
      "type": "Feature",
      "geometry": { "type": "Point", "coordinates": [76.7220267, 9.2212707] },
      "properties": { "highway": "street_lamp", "lamp_type": "electric" },
      "geohash": "t9ws3yemb"
    },
    {
      "type": "Feature",
      "geometry": { "type": "Point", "coordinates": [76.7224516, 9.2213469] },
      "properties": { "highway": "street_lamp", "lamp_type": "electric" },
      "geohash": "t9ws3yew4"
    },
    {
      "type": "Feature",
      "geometry": { "type": "Point", "coordinates": [76.7227138, 9.2216058] },
      "properties": { "highway": "street_lamp", "lamp_type": "electric" },
      "geohash": "t9ws3yez8"
    },
    {
      "type": "Feature",
      "geometry": { "type": "Point", "coordinates": [76.7231529, 9.2217021] },
      "properties": { "highway": "street_lamp", "lamp_type": "electric" },
      "geohash": "t9ws3yu07"
    },
    {
      "type": "Feature",
      "geometry": { "type": "Point", "coordinates": [76.7234293, 9.2219529] },
      "properties": { "highway": "street_lamp", "lamp_type": "electric" },
      "geohash": "t9ws3yu3c"
    },
    {
      "type": "Feature",
      "geometry": { "type": "Point", "coordinates": [76.7239416, 9.2221957] },
      "properties": { "highway": "street_lamp", "lamp_type": "electric" },
      "geohash": "t9ws3yuej"
    },
    {
      "type": "Feature",
      "geometry": { "type": "Point", "coordinates": [76.7243827, 9.2223361] },
      "properties": { "highway": "street_lamp", "lamp_type": "electric" },
      "geohash": "t9ws3yuup"
    },
    {
      "type": "Feature",
      "geometry": { "type": "Point", "coordinates": [76.7247059, 9.2224926] },
      "properties": { "highway": "street_lamp", "lamp_type": "electric" },
      "geohash": "t9ws3yvhz"
    },
    {
      "type": "Feature",
      "geometry": { "type": "Point", "coordinates": [76.7251328, 9.2226692] },
      "properties": { "highway": "street_lamp", "lamp_type": "electric" },
      "geohash": "t9ws3yvtc"
    },
    {
      "type": "Feature",
      "geometry": { "type": "Point", "coordinates": [76.7255291, 9.2228438] },
      "properties": { "highway": "street_lamp", "lamp_type": "electric" },
      "geohash": "t9ws3yvyf"
    },
    {
      "type": "Feature",
      "geometry": { "type": "Point", "coordinates": [76.7259174, 9.2229621] },
      "properties": { "highway": "street_lamp", "lamp_type": "electric" },
      "geohash": "t9ws3yype"
    },
    {
      "type": "Feature",
      "geometry": { "type": "Point", "coordinates": [76.726267, 9.22293] },
      "properties": { "highway": "street_lamp", "lamp_type": "electric" },
      "geohash": "t9ws3yyr7"
    },
    {
      "type": "Feature",
      "geometry": { "type": "Point", "coordinates": [76.7265719, 9.2230805] },
      "properties": { "highway": "street_lamp", "lamp_type": "electric" },
      "geohash": "t9ws3zn86"
    },
    {
      "type": "Feature",
      "geometry": { "type": "Point", "coordinates": [76.7270374, 9.2231227] },
      "properties": { "highway": "street_lamp", "lamp_type": "electric" },
      "geohash": "t9ws3znbt"
    },
    {
      "type": "Feature",
      "geometry": { "type": "Point", "coordinates": [76.727444, 9.2229922] },
      "properties": { "highway": "street_lamp", "lamp_type": "electric" },
      "geohash": "t9ws3yzpz"
    },
    {
      "type": "Feature",
      "geometry": { "type": "Point", "coordinates": [76.7278485, 9.2231568] },
      "properties": { "highway": "street_lamp", "lamp_type": "electric" },
      "geohash": "t9ws3zp8b"
    },
    {
      "type": "Feature",
      "geometry": { "type": "Point", "coordinates": [76.7282164, 9.2231267] },
      "properties": { "highway": "street_lamp", "lamp_type": "electric" },
      "geohash": "t9ws3zpb9"
    },
    {
      "type": "Feature",
      "geometry": { "type": "Point", "coordinates": [76.72869, 9.2231608] },
      "properties": { "highway": "street_lamp", "lamp_type": "electric" },
      "geohash": "t9ws6p00u"
    },
    {
      "type": "Feature",
      "geometry": { "type": "Point", "coordinates": [76.7292612, 9.2231146] },
      "properties": { "highway": "street_lamp", "lamp_type": "electric" },
      "geohash": "t9ws6p089"
    },
    {
      "type": "Feature",
      "geometry": { "type": "Point", "coordinates": [76.7138984, 9.2214566] },
      "properties": { "highway": "street_lamp", "lamp_type": "electric" },
      "geohash": "t9ws3wtqg"
    },
    {
      "type": "Feature",
      "geometry": { "type": "Point", "coordinates": [76.7145288, 9.2214672] },
      "properties": { "highway": "street_lamp", "lamp_type": "electric" },
      "geohash": "t9ws3wtyf"
    },
    {
      "type": "Feature",
      "geometry": { "type": "Point", "coordinates": [76.715202, 9.2214195] },
      "properties": { "highway": "street_lamp", "lamp_type": "electric" },
      "geohash": "t9ws3wwq9"
    },
    {
      "type": "Feature",
      "geometry": { "type": "Point", "coordinates": [76.715717, 9.2212978] },
      "properties": { "highway": "street_lamp", "lamp_type": "electric" },
      "geohash": "t9ws3wwtv"
    },
    {
      "type": "Feature",
      "geometry": { "type": "Point", "coordinates": [76.7163687, 9.2213083] },
      "properties": { "highway": "street_lamp", "lamp_type": "electric" },
      "geohash": "t9ws3wxnh"
    },
    {
      "type": "Feature",
      "geometry": { "type": "Point", "coordinates": [76.7168274, 9.2211124] },
      "properties": { "highway": "street_lamp", "lamp_type": "electric" },
      "geohash": "t9ws3wxkz"
    },
    {
      "type": "Feature",
      "geometry": { "type": "Point", "coordinates": [76.7172807, 9.2211919] },
      "properties": { "highway": "street_lamp", "lamp_type": "electric" },
      "geohash": "t9ws3wxv6"
    },
    {
      "type": "Feature",
      "geometry": { "type": "Point", "coordinates": [76.717785, 9.2211018] },
      "properties": { "highway": "street_lamp", "lamp_type": "electric" },
      "geohash": "t9ws3y8hv"
    },
    {
      "type": "Feature",
      "geometry": { "type": "Point", "coordinates": [76.7180666, 9.2212475] },
      "properties": { "highway": "street_lamp", "lamp_type": "electric" },
      "geohash": "t9ws3y8ms"
    },
    {
      "type": "Feature",
      "geometry": { "type": "Point", "coordinates": [76.7186406, 9.2212951] },
      "properties": { "highway": "street_lamp", "lamp_type": "electric" },
      "geohash": "t9ws3y8vc"
    },
    {
      "type": "Feature",
      "geometry": { "type": "Point", "coordinates": [76.7373947, 9.2232905] },
      "properties": { "highway": "street_lamp", "lamp_type": "electric" },
      "geohash": "t9ws6pn3w"
    },
    {
      "type": "Feature",
      "geometry": { "type": "Point", "coordinates": [76.7376407, 9.2237841] },
      "properties": { "highway": "street_lamp", "lamp_type": "electric" },
      "geohash": "t9ws6pnsk"
    },
    {
      "type": "Feature",
      "geometry": { "type": "Point", "coordinates": [76.7378521, 9.2241332] },
      "properties": { "highway": "street_lamp", "lamp_type": "electric" },
      "geohash": "t9ws6pny3"
    },
    {
      "type": "Feature",
      "geometry": { "type": "Point", "coordinates": [76.7381387, 9.2245526] },
      "properties": { "highway": "street_lamp", "lamp_type": "electric" },
      "geohash": "t9ws6pr0b"
    },
    {
      "type": "Feature",
      "geometry": { "type": "Point", "coordinates": [76.738405, 9.2249478] },
      "properties": { "highway": "street_lamp", "lamp_type": "electric" },
      "geohash": "t9ws6pr5n"
    },
    {
      "type": "Feature",
      "geometry": { "type": "Point", "coordinates": [76.7385696, 9.2253772] },
      "properties": { "highway": "street_lamp", "lamp_type": "electric" },
      "geohash": "t9ws6prmd"
    },
    {
      "type": "Feature",
      "geometry": { "type": "Point", "coordinates": [76.7387993, 9.2258307] },
      "properties": { "highway": "street_lamp", "lamp_type": "electric" },
      "geohash": "t9ws6px2r"
    },
    {
      "type": "Feature",
      "geometry": { "type": "Point", "coordinates": [76.7389457, 9.2261677] },
      "properties": { "highway": "street_lamp", "lamp_type": "electric" },
      "geohash": "t9ws6pxd7"
    },
    {
      "type": "Feature",
      "geometry": { "type": "Point", "coordinates": [76.7391683, 9.2265871] },
      "properties": { "highway": "street_lamp", "lamp_type": "electric" },
      "geohash": "t9ws6pxub"
    },
    {
      "type": "Feature",
      "geometry": { "type": "Point", "coordinates": [76.7394326, 9.2270646] },
      "properties": { "highway": "street_lamp", "lamp_type": "electric" },
      "geohash": "t9ws6pxzw"
    },
    {
      "type": "Feature",
      "geometry": { "type": "Point", "coordinates": [76.7397287, 9.2272678] },
      "properties": { "highway": "street_lamp", "lamp_type": "electric" },
      "geohash": "t9ws6rb0t"
    },
    {
      "type": "Feature",
      "geometry": { "type": "Point", "coordinates": [76.7399728, 9.2275591] },
      "properties": { "highway": "street_lamp", "lamp_type": "electric" },
      "geohash": "t9ws6rb66"
    },
    {
      "type": "Feature",
      "geometry": { "type": "Point", "coordinates": [76.7402249, 9.2279059] },
      "properties": { "highway": "street_lamp", "lamp_type": "electric" },
      "geohash": "t9ws6rbs2"
    },
    {
      "type": "Feature",
      "geometry": { "type": "Point", "coordinates": [76.7404581, 9.2282727] },
      "properties": { "highway": "street_lamp", "lamp_type": "electric" },
      "geohash": "t9ws6rbww"
    },
    {
      "type": "Feature",
      "geometry": { "type": "Point", "coordinates": [76.7406642, 9.2285242] },
      "properties": { "highway": "street_lamp", "lamp_type": "electric" },
      "geohash": "t9wsd20b5"
    },
    {
      "type": "Feature",
      "geometry": { "type": "Point", "coordinates": [76.7408768, 9.2289333] },
      "properties": { "highway": "street_lamp", "lamp_type": "electric" },
      "geohash": "t9wsd2142"
    },
    {
      "type": "Feature",
      "geometry": { "type": "Point", "coordinates": [76.7409846, 9.2291826] },
      "properties": { "highway": "street_lamp", "lamp_type": "electric" },
      "geohash": "t9wsd215f"
    },
    {
      "type": "Feature",
      "geometry": { "type": "Point", "coordinates": [76.7412819, 9.2293545] },
      "properties": { "highway": "street_lamp", "lamp_type": "electric" },
      "geohash": "t9wsd21kc"
    },
    {
      "type": "Feature",
      "geometry": { "type": "Point", "coordinates": [76.7419811, 9.2301954] },
      "properties": { "highway": "street_lamp", "lamp_type": "electric" },
      "geohash": "t9wsd23cc"
    },
    {
      "type": "Feature",
      "geometry": { "type": "Point", "coordinates": [76.7421875, 9.2303626] },
      "properties": { "highway": "street_lamp", "lamp_type": "electric" },
      "geohash": "t9wsd23fy"
    },
    {
      "type": "Feature",
      "geometry": { "type": "Point", "coordinates": [76.7426548, 9.2307453] },
      "properties": { "highway": "street_lamp", "lamp_type": "electric" },
      "geohash": "t9wsd26kc"
    },
    {
      "type": "Feature",
      "geometry": { "type": "Point", "coordinates": [76.743026, 9.2311671] },
      "properties": { "highway": "street_lamp", "lamp_type": "electric" },
      "geohash": "t9wsd26x6"
    },
    {
      "type": "Feature",
      "geometry": { "type": "Point", "coordinates": [76.7433763, 9.2314852] },
      "properties": { "highway": "street_lamp", "lamp_type": "electric" },
      "geohash": "t9wsd2dc6"
    },
    {
      "type": "Feature",
      "geometry": { "type": "Point", "coordinates": [76.7436401, 9.231741] },
      "properties": { "highway": "street_lamp", "lamp_type": "electric" },
      "geohash": "t9wsd2e4b"
    },
    {
      "type": "Feature",
      "geometry": { "type": "Point", "coordinates": [76.7440231, 9.2320821] },
      "properties": { "highway": "street_lamp", "lamp_type": "electric" },
      "geohash": "t9wsd2ekc"
    },
    {
      "type": "Feature",
      "geometry": { "type": "Point", "coordinates": [76.7298263, 9.223221] },
      "properties": { "highway": "street_lamp", "lamp_type": "electric" },
      "geohash": "t9ws6p0cn"
    },
    {
      "type": "Feature",
      "geometry": { "type": "Point", "coordinates": [76.7304666, 9.2230404] },
      "properties": { "highway": "street_lamp", "lamp_type": "electric" },
      "geohash": "t9ws6p12j"
    },
    {
      "type": "Feature",
      "geometry": { "type": "Point", "coordinates": [76.7307838, 9.2231327] },
      "properties": { "highway": "street_lamp", "lamp_type": "electric" },
      "geohash": "t9ws6p18s"
    },
    {
      "type": "Feature",
      "geometry": { "type": "Point", "coordinates": [76.7311842, 9.2229822] },
      "properties": { "highway": "street_lamp", "lamp_type": "electric" },
      "geohash": "t9ws6nczy"
    },
    {
      "type": "Feature",
      "geometry": { "type": "Point", "coordinates": [76.7314464, 9.2230966] },
      "properties": { "highway": "street_lamp", "lamp_type": "electric" },
      "geohash": "t9ws6p40k"
    },
    {
      "type": "Feature",
      "geometry": { "type": "Point", "coordinates": [76.7318286, 9.2230745] },
      "properties": { "highway": "street_lamp", "lamp_type": "electric" },
      "geohash": "t9ws6p42m"
    },
    {
      "type": "Feature",
      "geometry": { "type": "Point", "coordinates": [76.7320705, 9.2230585] },
      "properties": { "highway": "street_lamp", "lamp_type": "electric" },
      "geohash": "t9ws6p484"
    },
    {
      "type": "Feature",
      "geometry": { "type": "Point", "coordinates": [76.7326112, 9.2230243] },
      "properties": { "highway": "street_lamp", "lamp_type": "electric" },
      "geohash": "t9ws6p4bp"
    },
    {
      "type": "Feature",
      "geometry": { "type": "Point", "coordinates": [76.7331356, 9.2229983] },
      "properties": { "highway": "street_lamp", "lamp_type": "electric" },
      "geohash": "t9ws6ngrg"
    },
    {
      "type": "Feature",
      "geometry": { "type": "Point", "coordinates": [76.7335869, 9.2228398] },
      "properties": { "highway": "street_lamp", "lamp_type": "electric" },
      "geohash": "t9ws6ngwy"
    },
    {
      "type": "Feature",
      "geometry": { "type": "Point", "coordinates": [76.7341317, 9.2227956] },
      "properties": { "highway": "street_lamp", "lamp_type": "electric" },
      "geohash": "t9ws6nund"
    },
    {
      "type": "Feature",
      "geometry": { "type": "Point", "coordinates": [76.734402, 9.2227154] },
      "properties": { "highway": "street_lamp", "lamp_type": "electric" },
      "geohash": "t9ws6nuq1"
    },
    {
      "type": "Feature",
      "geometry": { "type": "Point", "coordinates": [76.7346683, 9.2225689] },
      "properties": { "highway": "street_lamp", "lamp_type": "electric" },
      "geohash": "t9ws6numr"
    },
    {
      "type": "Feature",
      "geometry": { "type": "Point", "coordinates": [76.7350952, 9.2225889] },
      "properties": { "highway": "street_lamp", "lamp_type": "electric" },
      "geohash": "t9ws6nuv3"
    },
    {
      "type": "Feature",
      "geometry": { "type": "Point", "coordinates": [76.7354143, 9.2225809] },
      "properties": { "highway": "street_lamp", "lamp_type": "electric" },
      "geohash": "t9ws6nvj2"
    },
    {
      "type": "Feature",
      "geometry": { "type": "Point", "coordinates": [76.735703, 9.2224746] },
      "properties": { "highway": "street_lamp", "lamp_type": "electric" },
      "geohash": "t9ws6nvhz"
    },
    {
      "type": "Feature",
      "geometry": { "type": "Point", "coordinates": [76.7359266, 9.2225669] },
      "properties": { "highway": "street_lamp", "lamp_type": "electric" },
      "geohash": "t9ws6nvmk"
    },
    {
      "type": "Feature",
      "geometry": { "type": "Point", "coordinates": [76.7362274, 9.2225227] },
      "properties": { "highway": "street_lamp", "lamp_type": "electric" },
      "geohash": "t9ws6nvt5"
    },
    {
      "type": "Feature",
      "geometry": { "type": "Point", "coordinates": [76.7364713, 9.2226792] },
      "properties": { "highway": "street_lamp", "lamp_type": "electric" },
      "geohash": "t9ws6nvy1"
    },
    {
      "type": "Feature",
      "geometry": { "type": "Point", "coordinates": [76.7368067, 9.222621] },
      "properties": { "highway": "street_lamp", "lamp_type": "electric" },
      "geohash": "t9ws6nyj9"
    },
    {
      "type": "Feature",
      "geometry": { "type": "Point", "coordinates": [76.7496124, 9.2311043] },
      "properties": { "highway": "street_lamp", "lamp_type": "electric" },
      "geohash": "t9wsd2rr5"
    },
    {
      "type": "Feature",
      "geometry": { "type": "Point", "coordinates": [76.7491428, 9.2310561] },
      "properties": { "highway": "street_lamp", "lamp_type": "electric" },
      "geohash": "t9wsd2rnb"
    },
    {
      "type": "Feature",
      "geometry": { "type": "Point", "coordinates": [76.7486794, 9.2312066] },
      "properties": { "highway": "street_lamp", "lamp_type": "electric" },
      "geohash": "t9wsd2qxt"
    },
    {
      "type": "Feature",
      "geometry": { "type": "Point", "coordinates": [76.7481956, 9.2314313] },
      "properties": { "highway": "street_lamp", "lamp_type": "electric" },
      "geohash": "t9wsd2w2f"
    },
    {
      "type": "Feature",
      "geometry": { "type": "Point", "coordinates": [76.7479252, 9.2318065] },
      "properties": { "highway": "street_lamp", "lamp_type": "electric" },
      "geohash": "t9wsd2w5h"
    },
    {
      "type": "Feature",
      "geometry": { "type": "Point", "coordinates": [76.7475187, 9.2317965] },
      "properties": { "highway": "street_lamp", "lamp_type": "electric" },
      "geohash": "t9wsd2tg4"
    },
    {
      "type": "Feature",
      "geometry": { "type": "Point", "coordinates": [76.7471385, 9.2318627] },
      "properties": { "highway": "street_lamp", "lamp_type": "electric" },
      "geohash": "t9wsd2te3"
    },
    {
      "type": "Feature",
      "geometry": { "type": "Point", "coordinates": [76.746486, 9.2319149] },
      "properties": { "highway": "street_lamp", "lamp_type": "electric" },
      "geohash": "t9wsd2t5f"
    },
    {
      "type": "Feature",
      "geometry": { "type": "Point", "coordinates": [76.7460795, 9.2321095] },
      "properties": { "highway": "street_lamp", "lamp_type": "electric" },
      "geohash": "t9wsd2suc"
    },
    {
      "type": "Feature",
      "geometry": { "type": "Point", "coordinates": [76.7456506, 9.2320573] },
      "properties": { "highway": "street_lamp", "lamp_type": "electric" },
      "geohash": "t9wsd2skx"
    },
    {
      "type": "Feature",
      "geometry": { "type": "Point", "coordinates": [76.7450042, 9.2321837] },
      "properties": { "highway": "street_lamp", "lamp_type": "electric" },
      "geohash": "t9wsd2sj2"
    },
    {
      "type": "Feature",
      "geometry": { "type": "Point", "coordinates": [76.744559, 9.2321215] },
      "properties": { "highway": "street_lamp", "lamp_type": "electric" },
      "geohash": "t9wsd2etj"
    },
    {
      "type": "Feature",
      "geometry": { "type": "Point", "coordinates": [76.6786262, 9.2247759] },
      "properties": { "highway": "street_lamp", "lamp_type": "led" },
      "geohash": "t9ws2z7dj"
    },
    {
      "type": "Feature",
      "geometry": { "type": "Point", "coordinates": [76.678497, 9.2245366] },
      "properties": { "highway": "street_lamp", "lamp_type": "led" },
      "geohash": "t9ws2z78f"
    },
    {
      "type": "Feature",
      "geometry": { "type": "Point", "coordinates": [76.6785218, 9.2241925] },
      "properties": { "highway": "street_lamp", "lamp_type": "led" },
      "geohash": "t9ws2z5wg"
    },
    {
      "type": "Feature",
      "geometry": { "type": "Point", "coordinates": [76.6786634, 9.2240632] },
      "properties": { "highway": "street_lamp", "lamp_type": "led" },
      "geohash": "t9ws2z5wn"
    },
    {
      "type": "Feature",
      "geometry": { "type": "Point", "coordinates": [76.6786016, 9.2237045] },
      "properties": { "highway": "street_lamp", "lamp_type": "led" },
      "geohash": "t9ws2z5eu"
    },
    {
      "type": "Feature",
      "geometry": { "type": "Point", "coordinates": [76.6786855, 9.223452] },
      "properties": { "highway": "street_lamp", "lamp_type": "led" },
      "geohash": "t9ws2z5dw"
    },
    {
      "type": "Feature",
      "geometry": { "type": "Point", "coordinates": [76.6786143, 9.2232089] },
      "properties": { "highway": "street_lamp", "lamp_type": "led" },
      "geohash": "t9ws2z59j"
    },
    {
      "type": "Feature",
      "geometry": { "type": "Point", "coordinates": [76.6787217, 9.2230498] },
      "properties": { "highway": "street_lamp", "lamp_type": "led" },
      "geohash": "t9ws2z58p"
    },
    {
      "type": "Feature",
      "geometry": { "type": "Point", "coordinates": [76.6786376, 9.2228597] },
      "properties": { "highway": "street_lamp", "lamp_type": "led" },
      "geohash": "t9ws2ygxj"
    },
    {
      "type": "Feature",
      "geometry": { "type": "Point", "coordinates": [76.6787228, 9.222741] },
      "properties": { "highway": "street_lamp", "lamp_type": "led" },
      "geohash": "t9ws2ygwr"
    },
    {
      "type": "Feature",
      "geometry": { "type": "Point", "coordinates": [76.6816804, 9.2160772] },
      "properties": { "highway": "street_lamp", "lamp_type": "led" },
      "geohash": "t9ws2vtzs"
    },
    {
      "type": "Feature",
      "geometry": { "type": "Point", "coordinates": [76.6819192, 9.2159584] },
      "properties": { "highway": "street_lamp", "lamp_type": "led" },
      "geohash": "t9ws2vwnf"
    },
    {
      "type": "Feature",
      "geometry": { "type": "Point", "coordinates": [76.681888, 9.2157925] },
      "properties": { "highway": "street_lamp", "lamp_type": "led" },
      "geohash": "t9ws2vwjc"
    },
    {
      "type": "Feature",
      "geometry": { "type": "Point", "coordinates": [76.6820648, 9.2157283] },
      "properties": { "highway": "street_lamp", "lamp_type": "led" },
      "geohash": "t9ws2vwjt"
    },
    {
      "type": "Feature",
      "geometry": { "type": "Point", "coordinates": [76.6820994, 9.2154735] },
      "properties": { "highway": "street_lamp", "lamp_type": "led" },
      "geohash": "t9ws2vwhn"
    },
    {
      "type": "Feature",
      "geometry": { "type": "Point", "coordinates": [76.6823209, 9.2154052] },
      "properties": { "highway": "street_lamp", "lamp_type": "led" },
      "geohash": "t9ws2vw7e"
    },
    {
      "type": "Feature",
      "geometry": { "type": "Point", "coordinates": [76.6824876, 9.2151845] },
      "properties": { "highway": "street_lamp", "lamp_type": "led" },
      "geohash": "t9ws2vw6r"
    },
    {
      "type": "Feature",
      "geometry": { "type": "Point", "coordinates": [76.6825811, 9.2150541] },
      "properties": { "highway": "street_lamp", "lamp_type": "led" },
      "geohash": "t9ws2vw99"
    },
    {
      "type": "Feature",
      "geometry": { "type": "Point", "coordinates": [76.6825893, 9.2148575] },
      "properties": { "highway": "street_lamp", "lamp_type": "led" },
      "geohash": "t9ws2vw83"
    },
    {
      "type": "Feature",
      "geometry": { "type": "Point", "coordinates": [76.6828027, 9.2145685] },
      "properties": { "highway": "street_lamp", "lamp_type": "led" },
      "geohash": "t9ws2vqwy"
    },
    {
      "type": "Feature",
      "geometry": { "type": "Point", "coordinates": [76.6830792, 9.214396] },
      "properties": { "highway": "street_lamp", "lamp_type": "led" },
      "geohash": "t9ws2vqvt"
    },
    {
      "type": "Feature",
      "geometry": { "type": "Point", "coordinates": [76.683198, 9.2140019] },
      "properties": { "highway": "street_lamp", "lamp_type": "led" },
      "geohash": "t9ws2vr52"
    },
    {
      "type": "Feature",
      "geometry": { "type": "Point", "coordinates": [76.6834748, 9.2138484] },
      "properties": { "highway": "street_lamp", "lamp_type": "led" },
      "geohash": "t9ws2vr4w"
    },
    {
      "type": "Feature",
      "geometry": { "type": "Point", "coordinates": [76.6837512, 9.2134932] },
      "properties": { "highway": "street_lamp", "lamp_type": "led" },
      "geohash": "t9ws2vr2k"
    },
    {
      "type": "Feature",
      "geometry": { "type": "Point", "coordinates": [76.6838386, 9.2131401] },
      "properties": { "highway": "street_lamp", "lamp_type": "led" },
      "geohash": "t9ws2vpqq"
    },
    {
      "type": "Feature",
      "geometry": { "type": "Point", "coordinates": [76.6841232, 9.2129615] },
      "properties": { "highway": "street_lamp", "lamp_type": "led" },
      "geohash": "t9ws2vptm"
    },
    {
      "type": "Feature",
      "geometry": { "type": "Point", "coordinates": [76.6841659, 9.2126686] },
      "properties": { "highway": "street_lamp", "lamp_type": "led" },
      "geohash": "t9ws2vpew"
    },
    {
      "type": "Feature",
      "geometry": { "type": "Point", "coordinates": [76.6843942, 9.2125674] },
      "properties": { "highway": "street_lamp", "lamp_type": "led" },
      "geohash": "t9ws2vpg5"
    },
    {
      "type": "Feature",
      "geometry": { "type": "Point", "coordinates": [76.6844596, 9.2122829] },
      "properties": { "highway": "street_lamp", "lamp_type": "led" },
      "geohash": "t9ws2vpcm"
    },
    {
      "type": "Feature",
      "geometry": { "type": "Point", "coordinates": [76.6848086, 9.2119698] },
      "properties": { "highway": "street_lamp", "lamp_type": "led" },
      "geohash": "t9ws3hbpt"
    },
    {
      "type": "Feature",
      "geometry": { "type": "Point", "coordinates": [76.684881, 9.2117183] },
      "properties": { "highway": "street_lamp", "lamp_type": "led" },
      "geohash": "t9ws3hbnp"
    },
    {
      "type": "Feature",
      "geometry": { "type": "Point", "coordinates": [76.685223, 9.2115329] },
      "properties": { "highway": "street_lamp", "lamp_type": "led" },
      "geohash": "t9ws3hbmp"
    },
    {
      "type": "Feature",
      "geometry": { "type": "Point", "coordinates": [76.6854014, 9.2113383] },
      "properties": { "highway": "street_lamp", "lamp_type": "led" },
      "geohash": "t9ws3hbeg"
    },
    {
      "type": "Feature",
      "geometry": { "type": "Point", "coordinates": [76.6855596, 9.2110656] },
      "properties": { "highway": "street_lamp", "lamp_type": "led" },
      "geohash": "t9ws3hbdr"
    },
    {
      "type": "Feature",
      "geometry": { "type": "Point", "coordinates": [76.6857259, 9.2110431] },
      "properties": { "highway": "street_lamp", "lamp_type": "led" },
      "geohash": "t9ws3hbf4"
    },
    {
      "type": "Feature",
      "geometry": { "type": "Point", "coordinates": [76.6858319, 9.2108207] },
      "properties": { "highway": "street_lamp", "lamp_type": "led" },
      "geohash": "t9ws3hbbv"
    },
    {
      "type": "Feature",
      "geometry": { "type": "Point", "coordinates": [76.6861216, 9.2107545] },
      "properties": { "highway": "street_lamp", "lamp_type": "led" },
      "geohash": "t9ws3hc0s"
    },
    {
      "type": "Feature",
      "geometry": { "type": "Point", "coordinates": [76.6863174, 9.2105202] },
      "properties": { "highway": "street_lamp", "lamp_type": "led" },
      "geohash": "t9ws3h9r0"
    },
    {
      "type": "Feature",
      "geometry": { "type": "Point", "coordinates": [76.6866862, 9.2102462] },
      "properties": { "highway": "street_lamp", "lamp_type": "led" },
      "geohash": "t9ws3h9t9"
    },
    {
      "type": "Feature",
      "geometry": { "type": "Point", "coordinates": [76.6868592, 9.2101138] },
      "properties": { "highway": "street_lamp", "lamp_type": "led" },
      "geohash": "t9ws3h9sv"
    },
    {
      "type": "Feature",
      "geometry": { "type": "Point", "coordinates": [76.687059, 9.2101138] },
      "properties": { "highway": "street_lamp", "lamp_type": "led" },
      "geohash": "t9ws3h9uc"
    },
    {
      "type": "Feature",
      "geometry": { "type": "Point", "coordinates": [76.6874405, 9.2098268] },
      "properties": { "highway": "street_lamp", "lamp_type": "led" },
      "geohash": "t9ws3hd54"
    },
    {
      "type": "Feature",
      "geometry": { "type": "Point", "coordinates": [76.6876857, 9.2095801] },
      "properties": { "highway": "street_lamp", "lamp_type": "led" },
      "geohash": "t9ws3hd38"
    },
    {
      "type": "Feature",
      "geometry": { "type": "Point", "coordinates": [76.6878211, 9.2093727] },
      "properties": { "highway": "street_lamp", "lamp_type": "led" },
      "geohash": "t9ws3hd27"
    },
    {
      "type": "Feature",
      "geometry": { "type": "Point", "coordinates": [76.6798474, 9.2188319] },
      "properties": { "highway": "street_lamp", "lamp_type": "led" },
      "geohash": "t9ws2yhx9"
    },
    {
      "type": "Feature",
      "geometry": { "type": "Point", "coordinates": [76.6798354, 9.2186412] },
      "properties": { "highway": "street_lamp", "lamp_type": "led" },
      "geohash": "t9ws2yhw3"
    },
    {
      "type": "Feature",
      "geometry": { "type": "Point", "coordinates": [76.6801751, 9.2183455] },
      "properties": { "highway": "street_lamp", "lamp_type": "led" },
      "geohash": "t9ws2yhuc"
    },
    {
      "type": "Feature",
      "geometry": { "type": "Point", "coordinates": [76.680133, 9.2182049] },
      "properties": { "highway": "street_lamp", "lamp_type": "led" },
      "geohash": "t9ws2yhgb"
    },
    {
      "type": "Feature",
      "geometry": { "type": "Point", "coordinates": [76.6803619, 9.2180989] },
      "properties": { "highway": "street_lamp", "lamp_type": "led" },
      "geohash": "t9ws2yhgm"
    },
    {
      "type": "Feature",
      "geometry": { "type": "Point", "coordinates": [76.6804814, 9.2177607] },
      "properties": { "highway": "street_lamp", "lamp_type": "led" },
      "geohash": "t9ws2yj12"
    },
    {
      "type": "Feature",
      "geometry": { "type": "Point", "coordinates": [76.6806664, 9.2176813] },
      "properties": { "highway": "street_lamp", "lamp_type": "led" },
      "geohash": "t9ws2yj0v"
    },
    {
      "type": "Feature",
      "geometry": { "type": "Point", "coordinates": [76.6806558, 9.2174894] },
      "properties": { "highway": "street_lamp", "lamp_type": "led" },
      "geohash": "t9ws2vvpu"
    },
    {
      "type": "Feature",
      "geometry": { "type": "Point", "coordinates": [76.6808469, 9.2172152] },
      "properties": { "highway": "street_lamp", "lamp_type": "led" },
      "geohash": "t9ws2vvq1"
    },
    {
      "type": "Feature",
      "geometry": { "type": "Point", "coordinates": [76.6808097, 9.2174737] },
      "properties": { "highway": "street_lamp", "lamp_type": "led" },
      "geohash": "t9ws2vvr8"
    },
    {
      "type": "Feature",
      "geometry": { "type": "Point", "coordinates": [76.6810628, 9.2171314] },
      "properties": { "highway": "street_lamp", "lamp_type": "led" },
      "geohash": "t9ws2vvmw"
    },
    {
      "type": "Feature",
      "geometry": { "type": "Point", "coordinates": [76.6809966, 9.2169988] },
      "properties": { "highway": "street_lamp", "lamp_type": "led" },
      "geohash": "t9ws2vvku"
    },
    {
      "type": "Feature",
      "geometry": { "type": "Point", "coordinates": [76.6811017, 9.2168428] },
      "properties": { "highway": "street_lamp", "lamp_type": "led" },
      "geohash": "t9ws2vvkp"
    },
    {
      "type": "Feature",
      "geometry": { "type": "Point", "coordinates": [76.6812654, 9.216601] },
      "properties": { "highway": "street_lamp", "lamp_type": "led" },
      "geohash": "t9ws2vvdd"
    },
    {
      "type": "Feature",
      "geometry": { "type": "Point", "coordinates": [76.6815851, 9.2164116] },
      "properties": { "highway": "street_lamp", "lamp_type": "led" },
      "geohash": "t9ws2vvc6"
    },
    {
      "type": "Feature",
      "geometry": { "type": "Point", "coordinates": [76.6813691, 9.2166974] },
      "properties": { "highway": "street_lamp", "lamp_type": "led" },
      "geohash": "t9ws2vvej"
    },
    {
      "type": "Feature",
      "geometry": { "type": "Point", "coordinates": [76.681226, 9.2164754] },
      "properties": { "highway": "street_lamp", "lamp_type": "electric" },
      "geohash": "t9ws2vv9f"
    },
    {
      "type": "Feature",
      "geometry": { "type": "Point", "coordinates": [76.6811698, 9.2160912] },
      "properties": { "highway": "street_lamp", "lamp_type": "led" },
      "geohash": "t9ws2vtx8"
    },
    {
      "type": "Feature",
      "geometry": { "type": "Point", "coordinates": [76.6810073, 9.2159645] },
      "properties": { "highway": "street_lamp", "lamp_type": "led" },
      "geohash": "t9ws2vtqu"
    },
    {
      "type": "Feature",
      "geometry": { "type": "Point", "coordinates": [76.6811247, 9.2159874] },
      "properties": { "highway": "street_lamp", "lamp_type": "led" },
      "geohash": "t9ws2vtrp"
    },
    {
      "type": "Feature",
      "geometry": { "type": "Point", "coordinates": [76.6788194, 9.2222697] },
      "properties": { "highway": "street_lamp", "lamp_type": "led" },
      "geohash": "t9ws2ygg9"
    },
    {
      "type": "Feature",
      "geometry": { "type": "Point", "coordinates": [76.6788498, 9.2219378] },
      "properties": { "highway": "street_lamp", "lamp_type": "led" },
      "geohash": "t9ws2ygcd"
    },
    {
      "type": "Feature",
      "geometry": { "type": "Point", "coordinates": [76.6789595, 9.2215782] },
      "properties": { "highway": "street_lamp", "lamp_type": "led" },
      "geohash": "t9ws2yezt"
    },
    {
      "type": "Feature",
      "geometry": { "type": "Point", "coordinates": [76.6787451, 9.2219868] },
      "properties": { "highway": "street_lamp", "lamp_type": "led" },
      "geohash": "t9ws2ygcb"
    },
    {
      "type": "Feature",
      "geometry": { "type": "Point", "coordinates": [76.6788098, 9.2216736] },
      "properties": { "highway": "street_lamp", "lamp_type": "led" },
      "geohash": "t9ws2ygb1"
    },
    {
      "type": "Feature",
      "geometry": { "type": "Point", "coordinates": [76.6788338, 9.2214245] },
      "properties": { "highway": "street_lamp", "lamp_type": "led" },
      "geohash": "t9ws2yeyd"
    },
    {
      "type": "Feature",
      "geometry": { "type": "Point", "coordinates": [76.6789743, 9.2214161] },
      "properties": { "highway": "street_lamp", "lamp_type": "led" },
      "geohash": "t9ws2yeyt"
    },
    {
      "type": "Feature",
      "geometry": { "type": "Point", "coordinates": [76.6790052, 9.2211871] },
      "properties": { "highway": "street_lamp", "lamp_type": "led" },
      "geohash": "t9ws2yevq"
    },
    {
      "type": "Feature",
      "geometry": { "type": "Point", "coordinates": [76.6790427, 9.2208932] },
      "properties": { "highway": "street_lamp", "lamp_type": "led" },
      "geohash": "t9ws2yegx"
    },
    {
      "type": "Feature",
      "geometry": { "type": "Point", "coordinates": [76.6790937, 9.2207225] },
      "properties": { "highway": "street_lamp", "lamp_type": "led" },
      "geohash": "t9ws2ys48"
    },
    {
      "type": "Feature",
      "geometry": { "type": "Point", "coordinates": [76.6791849, 9.2203835] },
      "properties": { "highway": "street_lamp", "lamp_type": "led" },
      "geohash": "t9ws2ys0d"
    },
    {
      "type": "Feature",
      "geometry": { "type": "Point", "coordinates": [76.6792559, 9.2201585] },
      "properties": { "highway": "street_lamp", "lamp_type": "led" },
      "geohash": "t9ws2ykpk"
    },
    {
      "type": "Feature",
      "geometry": { "type": "Point", "coordinates": [76.6793069, 9.2199441] },
      "properties": { "highway": "street_lamp", "lamp_type": "led" },
      "geohash": "t9ws2yknj"
    },
    {
      "type": "Feature",
      "geometry": { "type": "Point", "coordinates": [76.6793391, 9.2197607] },
      "properties": { "highway": "street_lamp", "lamp_type": "led" },
      "geohash": "t9ws2ykhy"
    },
    {
      "type": "Feature",
      "geometry": { "type": "Point", "coordinates": [76.6794987, 9.2195271] },
      "properties": { "highway": "street_lamp", "lamp_type": "led" },
      "geohash": "t9ws2yk79"
    },
    {
      "type": "Feature",
      "geometry": { "type": "Point", "coordinates": [76.6795255, 9.2191365] },
      "properties": { "highway": "street_lamp", "lamp_type": "led" },
      "geohash": "t9ws2yk36"
    },
    {
      "type": "Feature",
      "geometry": { "type": "Point", "coordinates": [76.6794121, 9.2195589] },
      "properties": { "highway": "street_lamp", "lamp_type": "led" },
      "geohash": "t9ws2yk5z"
    },
    {
      "type": "Feature",
      "geometry": { "type": "Point", "coordinates": [76.6795872, 9.2192663] },
      "properties": { "highway": "street_lamp", "lamp_type": "electric" },
      "geohash": "t9ws2yk65"
    },
    {
      "type": "Feature",
      "geometry": { "type": "Point", "coordinates": [76.6795631, 9.2190823] },
      "properties": { "highway": "street_lamp", "lamp_type": "led" },
      "geohash": "t9ws2yk35"
    },
    {
      "type": "Feature",
      "geometry": { "type": "Point", "coordinates": [76.6797293, 9.2189949] },
      "properties": { "highway": "street_lamp", "lamp_type": "led" },
      "geohash": "t9ws2yk2x"
    },
    {
      "type": "Feature",
      "geometry": { "type": "Point", "coordinates": [76.7014694, 9.194001] },
      "properties": { "highway": "street_lamp", "lamp_type": "led" },
      "geohash": "t9ws33sqc"
    },
    {
      "type": "Feature",
      "geometry": { "type": "Point", "coordinates": [76.7019189, 9.1939172] },
      "properties": { "highway": "street_lamp", "lamp_type": "led" },
      "geohash": "t9ws33swk"
    },
    {
      "type": "Feature",
      "geometry": { "type": "Point", "coordinates": [76.7024727, 9.1938098] },
      "properties": { "highway": "street_lamp", "lamp_type": "led" },
      "geohash": "t9ws33tjc"
    },
    {
      "type": "Feature",
      "geometry": { "type": "Point", "coordinates": [76.7030261, 9.1937614] },
      "properties": { "highway": "street_lamp", "lamp_type": "led" },
      "geohash": "t9ws33tmw"
    },
    {
      "type": "Feature",
      "geometry": { "type": "Point", "coordinates": [76.7035641, 9.1937279] },
      "properties": { "highway": "street_lamp", "lamp_type": "led" },
      "geohash": "t9ws33tv6"
    },
    {
      "type": "Feature",
      "geometry": { "type": "Point", "coordinates": [76.70424, 9.1932646] },
      "properties": { "highway": "street_lamp", "lamp_type": "led" },
      "geohash": "t9ws33w6d"
    },
    {
      "type": "Feature",
      "geometry": { "type": "Point", "coordinates": [76.7045619, 9.1932302] },
      "properties": { "highway": "street_lamp", "lamp_type": "led" },
      "geohash": "t9ws33wd3"
    },
    {
      "type": "Feature",
      "geometry": { "type": "Point", "coordinates": [76.7048221, 9.1930236] },
      "properties": { "highway": "street_lamp", "lamp_type": "led" },
      "geohash": "t9ws33w9p"
    },
    {
      "type": "Feature",
      "geometry": { "type": "Point", "coordinates": [76.7049133, 9.1927059] },
      "properties": { "highway": "street_lamp", "lamp_type": "led" },
      "geohash": "t9ws33qz6"
    },
    {
      "type": "Feature",
      "geometry": { "type": "Point", "coordinates": [76.7052163, 9.1924941] },
      "properties": { "highway": "street_lamp", "lamp_type": "led" },
      "geohash": "t9ws33rn1"
    },
    {
      "type": "Feature",
      "geometry": { "type": "Point", "coordinates": [76.7053156, 9.1921684] },
      "properties": { "highway": "street_lamp", "lamp_type": "led" },
      "geohash": "t9ws33rh7"
    },
    {
      "type": "Feature",
      "geometry": { "type": "Point", "coordinates": [76.7053853, 9.1917501] },
      "properties": { "highway": "street_lamp", "lamp_type": "led" },
      "geohash": "t9ws33r1v"
    },
    {
      "type": "Feature",
      "geometry": { "type": "Point", "coordinates": [76.705388, 9.1912788] },
      "properties": { "highway": "street_lamp", "lamp_type": "led" },
      "geohash": "t9ws33ppj"
    },
    {
      "type": "Feature",
      "geometry": { "type": "Point", "coordinates": [76.7054282, 9.1909769] },
      "properties": { "highway": "street_lamp", "lamp_type": "led" },
      "geohash": "t9ws33pjq"
    },
    {
      "type": "Feature",
      "geometry": { "type": "Point", "coordinates": [76.7053156, 9.1903547] },
      "properties": { "highway": "street_lamp", "lamp_type": "led" },
      "geohash": "t9ws33p1e"
    },
    {
      "type": "Feature",
      "geometry": { "type": "Point", "coordinates": [76.7054175, 9.1900158] },
      "properties": { "highway": "street_lamp", "lamp_type": "led" },
      "geohash": "t9ws32zpt"
    },
    {
      "type": "Feature",
      "geometry": { "type": "Point", "coordinates": [76.7057421, 9.1898781] },
      "properties": { "highway": "street_lamp", "lamp_type": "led" },
      "geohash": "t9ws32zqv"
    },
    {
      "type": "Feature",
      "geometry": { "type": "Point", "coordinates": [76.7061229, 9.1894968] },
      "properties": { "highway": "street_lamp", "lamp_type": "led" },
      "geohash": "t9ws32zsw"
    },
    {
      "type": "Feature",
      "geometry": { "type": "Point", "coordinates": [76.7063053, 9.1892744] },
      "properties": { "highway": "street_lamp", "lamp_type": "led" },
      "geohash": "t9ws32zg6"
    },
    {
      "type": "Feature",
      "geometry": { "type": "Point", "coordinates": [76.7066352, 9.1892744] },
      "properties": { "highway": "street_lamp", "lamp_type": "led" },
      "geohash": "t9ws38b56"
    },
    {
      "type": "Feature",
      "geometry": { "type": "Point", "coordinates": [76.706823, 9.1890705] },
      "properties": { "highway": "street_lamp", "lamp_type": "led" },
      "geohash": "t9ws38b4n"
    },
    {
      "type": "Feature",
      "geometry": { "type": "Point", "coordinates": [76.70722, 9.1890493] },
      "properties": { "highway": "street_lamp", "lamp_type": "led" },
      "geohash": "t9ws38b6p"
    },
    {
      "type": "Feature",
      "geometry": { "type": "Point", "coordinates": [76.7074855, 9.1888825] },
      "properties": { "highway": "street_lamp", "lamp_type": "led" },
      "geohash": "t9ws38b9j"
    },
    {
      "type": "Feature",
      "geometry": { "type": "Point", "coordinates": [76.6990344, 9.195719] },
      "properties": { "highway": "street_lamp", "lamp_type": "led" },
      "geohash": "t9ws3648c"
    },
    {
      "type": "Feature",
      "geometry": { "type": "Point", "coordinates": [76.699316, 9.1956104] },
      "properties": { "highway": "street_lamp", "lamp_type": "led" },
      "geohash": "t9ws3648r"
    },
    {
      "type": "Feature",
      "geometry": { "type": "Point", "coordinates": [76.6995145, 9.1953139] },
      "properties": { "highway": "street_lamp", "lamp_type": "led" },
      "geohash": "t9ws33fys"
    },
    {
      "type": "Feature",
      "geometry": { "type": "Point", "coordinates": [76.6996379, 9.1951153] },
      "properties": { "highway": "street_lamp", "lamp_type": "led" },
      "geohash": "t9ws33fvr"
    },
    {
      "type": "Feature",
      "geometry": { "type": "Point", "coordinates": [76.6997773, 9.1948638] },
      "properties": { "highway": "street_lamp", "lamp_type": "led" },
      "geohash": "t9ws33g5f"
    },
    {
      "type": "Feature",
      "geometry": { "type": "Point", "coordinates": [76.7000107, 9.1945725] },
      "properties": { "highway": "street_lamp", "lamp_type": "led" },
      "geohash": "t9ws33g4r"
    },
    {
      "type": "Feature",
      "geometry": { "type": "Point", "coordinates": [76.6879472, 9.2091143] },
      "properties": { "highway": "street_lamp", "lamp_type": "led" },
      "geohash": "t9ws3h6qy"
    },
    {
      "type": "Feature",
      "geometry": { "type": "Point", "coordinates": [76.6881853, 9.2086487] },
      "properties": { "highway": "street_lamp", "lamp_type": "led" },
      "geohash": "t9ws3h6sk"
    },
    {
      "type": "Feature",
      "geometry": { "type": "Point", "coordinates": [76.6884235, 9.2081324] },
      "properties": { "highway": "street_lamp", "lamp_type": "led" },
      "geohash": "t9ws3h6c3"
    },
    {
      "type": "Feature",
      "geometry": { "type": "Point", "coordinates": [76.68865, 9.207706] },
      "properties": { "highway": "street_lamp", "lamp_type": "led" },
      "geohash": "t9ws3h4yz"
    },
    {
      "type": "Feature",
      "geometry": { "type": "Point", "coordinates": [76.6888531, 9.207298] },
      "properties": { "highway": "street_lamp", "lamp_type": "led" },
      "geohash": "t9ws3h5h7"
    },
    {
      "type": "Feature",
      "geometry": { "type": "Point", "coordinates": [76.689061, 9.2068785] },
      "properties": { "highway": "street_lamp", "lamp_type": "led" },
      "geohash": "t9ws3h53b"
    },
    {
      "type": "Feature",
      "geometry": { "type": "Point", "coordinates": [76.6892805, 9.206595] },
      "properties": { "highway": "street_lamp", "lamp_type": "led" },
      "geohash": "t9ws3h52m"
    },
    {
      "type": "Feature",
      "geometry": { "type": "Point", "coordinates": [76.6895256, 9.2063461] },
      "properties": { "highway": "street_lamp", "lamp_type": "led" },
      "geohash": "t9ws35gwg"
    },
    {
      "type": "Feature",
      "geometry": { "type": "Point", "coordinates": [76.6896727, 9.2060857] },
      "properties": { "highway": "street_lamp", "lamp_type": "led" },
      "geohash": "t9ws35gtq"
    },
    {
      "type": "Feature",
      "geometry": { "type": "Point", "coordinates": [76.6898946, 9.205922] },
      "properties": { "highway": "street_lamp", "lamp_type": "led" },
      "geohash": "t9ws35guk"
    },
    {
      "type": "Feature",
      "geometry": { "type": "Point", "coordinates": [76.6902098, 9.2057975] },
      "properties": { "highway": "street_lamp", "lamp_type": "led" },
      "geohash": "t9ws35u5e"
    },
    {
      "type": "Feature",
      "geometry": { "type": "Point", "coordinates": [76.6904876, 9.2055279] },
      "properties": { "highway": "street_lamp", "lamp_type": "led" },
      "geohash": "t9ws35u61"
    },
    {
      "type": "Feature",
      "geometry": { "type": "Point", "coordinates": [76.6906628, 9.2053204] },
      "properties": { "highway": "street_lamp", "lamp_type": "led" },
      "geohash": "t9ws35u2v"
    },
    {
      "type": "Feature",
      "geometry": { "type": "Point", "coordinates": [76.6908309, 9.2051015] },
      "properties": { "highway": "street_lamp", "lamp_type": "led" },
      "geohash": "t9ws35sx9"
    },
    {
      "type": "Feature",
      "geometry": { "type": "Point", "coordinates": [76.6909757, 9.2046773] },
      "properties": { "highway": "street_lamp", "lamp_type": "led" },
      "geohash": "t9ws35stj"
    },
    {
      "type": "Feature",
      "geometry": { "type": "Point", "coordinates": [76.6912465, 9.2045667] },
      "properties": { "highway": "street_lamp", "lamp_type": "led" },
      "geohash": "t9ws35su7"
    },
    {
      "type": "Feature",
      "geometry": { "type": "Point", "coordinates": [76.6913749, 9.2043362] },
      "properties": { "highway": "street_lamp", "lamp_type": "led" },
      "geohash": "t9ws35sgn"
    },
    {
      "type": "Feature",
      "geometry": { "type": "Point", "coordinates": [76.6916645, 9.2040043] },
      "properties": { "highway": "street_lamp", "lamp_type": "led" },
      "geohash": "t9ws35t1j"
    },
    {
      "type": "Feature",
      "geometry": { "type": "Point", "coordinates": [76.6918373, 9.2038522] },
      "properties": { "highway": "street_lamp", "lamp_type": "led" },
      "geohash": "t9ws35t23"
    },
    {
      "type": "Feature",
      "geometry": { "type": "Point", "coordinates": [76.6921338, 9.2036355] },
      "properties": { "highway": "street_lamp", "lamp_type": "led" },
      "geohash": "t9ws35mx0"
    },
    {
      "type": "Feature",
      "geometry": { "type": "Point", "coordinates": [76.692323, 9.203382] },
      "properties": { "highway": "street_lamp", "lamp_type": "led" },
      "geohash": "t9ws35mts"
    },
    {
      "type": "Feature",
      "geometry": { "type": "Point", "coordinates": [76.6927573, 9.2032114] },
      "properties": { "highway": "street_lamp", "lamp_type": "led" },
      "geohash": "t9ws35muw"
    },
    {
      "type": "Feature",
      "geometry": { "type": "Point", "coordinates": [76.6927946, 9.2029509] },
      "properties": { "highway": "street_lamp", "lamp_type": "led" },
      "geohash": "t9ws35mgp"
    },
    {
      "type": "Feature",
      "geometry": { "type": "Point", "coordinates": [76.6930795, 9.2027181] },
      "properties": { "highway": "street_lamp", "lamp_type": "led" },
      "geohash": "t9ws35q1w"
    },
    {
      "type": "Feature",
      "geometry": { "type": "Point", "coordinates": [76.6932546, 9.2023724] },
      "properties": { "highway": "street_lamp", "lamp_type": "led" },
      "geohash": "t9ws35nrd"
    },
    {
      "type": "Feature",
      "geometry": { "type": "Point", "coordinates": [76.6934251, 9.2020705] },
      "properties": { "highway": "street_lamp", "lamp_type": "led" },
      "geohash": "t9ws35nmy"
    },
    {
      "type": "Feature",
      "geometry": { "type": "Point", "coordinates": [76.6935909, 9.2016924] },
      "properties": { "highway": "street_lamp", "lamp_type": "led" },
      "geohash": "t9ws35ned"
    },
    {
      "type": "Feature",
      "geometry": { "type": "Point", "coordinates": [76.693773, 9.2013559] },
      "properties": { "highway": "street_lamp", "lamp_type": "led" },
      "geohash": "t9ws35n9y"
    },
    {
      "type": "Feature",
      "geometry": { "type": "Point", "coordinates": [76.6939201, 9.2010701] },
      "properties": { "highway": "street_lamp", "lamp_type": "led" },
      "geohash": "t9ws35nb1"
    },
    {
      "type": "Feature",
      "geometry": { "type": "Point", "coordinates": [76.6940929, 9.2006206] },
      "properties": { "highway": "street_lamp", "lamp_type": "led" },
      "geohash": "t9ws34yvm"
    },
    {
      "type": "Feature",
      "geometry": { "type": "Point", "coordinates": [76.6940906, 9.2003625] },
      "properties": { "highway": "street_lamp", "lamp_type": "led" },
      "geohash": "t9ws34ygv"
    },
    {
      "type": "Feature",
      "geometry": { "type": "Point", "coordinates": [76.6943591, 9.2002334] },
      "properties": { "highway": "street_lamp", "lamp_type": "led" },
      "geohash": "t9ws34z5h"
    },
    {
      "type": "Feature",
      "geometry": { "type": "Point", "coordinates": [76.6945202, 9.1999868] },
      "properties": { "highway": "street_lamp", "lamp_type": "led" },
      "geohash": "t9ws34z1z"
    },
    {
      "type": "Feature",
      "geometry": { "type": "Point", "coordinates": [76.6946603, 9.1996157] },
      "properties": { "highway": "street_lamp", "lamp_type": "led" },
      "geohash": "t9ws34xre"
    },
    {
      "type": "Feature",
      "geometry": { "type": "Point", "coordinates": [76.6949405, 9.1996042] },
      "properties": { "highway": "street_lamp", "lamp_type": "led" },
      "geohash": "t9ws34xx9"
    },
    {
      "type": "Feature",
      "geometry": { "type": "Point", "coordinates": [76.695195, 9.1994612] },
      "properties": { "highway": "street_lamp", "lamp_type": "led" },
      "geohash": "t9ws34xwx"
    },
    {
      "type": "Feature",
      "geometry": { "type": "Point", "coordinates": [76.6952721, 9.1992561] },
      "properties": { "highway": "street_lamp", "lamp_type": "led" },
      "geohash": "t9ws34xv9"
    },
    {
      "type": "Feature",
      "geometry": { "type": "Point", "coordinates": [76.6955896, 9.1991017] },
      "properties": { "highway": "street_lamp", "lamp_type": "led" },
      "geohash": "t9ws368h8"
    },
    {
      "type": "Feature",
      "geometry": { "type": "Point", "coordinates": [76.6959142, 9.1990671] },
      "properties": { "highway": "street_lamp", "lamp_type": "led" },
      "geohash": "t9ws368k2"
    },
    {
      "type": "Feature",
      "geometry": { "type": "Point", "coordinates": [76.6962341, 9.1988942] },
      "properties": { "highway": "street_lamp", "lamp_type": "led" },
      "geohash": "t9ws3687r"
    },
    {
      "type": "Feature",
      "geometry": { "type": "Point", "coordinates": [76.6966427, 9.1986061] },
      "properties": { "highway": "street_lamp", "lamp_type": "led" },
      "geohash": "t9ws368cc"
    },
    {
      "type": "Feature",
      "geometry": { "type": "Point", "coordinates": [76.6969766, 9.1983387] },
      "properties": { "highway": "street_lamp", "lamp_type": "led" },
      "geohash": "t9ws36901"
    },
    {
      "type": "Feature",
      "geometry": { "type": "Point", "coordinates": [76.6972218, 9.1979699] },
      "properties": { "highway": "street_lamp", "lamp_type": "led" },
      "geohash": "t9ws363nn"
    },
    {
      "type": "Feature",
      "geometry": { "type": "Point", "coordinates": [76.6974483, 9.1977003] },
      "properties": { "highway": "street_lamp", "lamp_type": "led" },
      "geohash": "t9ws363kk"
    },
    {
      "type": "Feature",
      "geometry": { "type": "Point", "coordinates": [76.6977728, 9.1975043] },
      "properties": { "highway": "street_lamp", "lamp_type": "led" },
      "geohash": "t9ws363e7"
    },
    {
      "type": "Feature",
      "geometry": { "type": "Point", "coordinates": [76.6978289, 9.1971955] },
      "properties": { "highway": "street_lamp", "lamp_type": "led" },
      "geohash": "t9ws3639s"
    },
    {
      "type": "Feature",
      "geometry": { "type": "Point", "coordinates": [76.6981581, 9.1969627] },
      "properties": { "highway": "street_lamp", "lamp_type": "led" },
      "geohash": "t9ws363bh"
    },
    {
      "type": "Feature",
      "geometry": { "type": "Point", "coordinates": [76.6983216, 9.196527] },
      "properties": { "highway": "street_lamp", "lamp_type": "led" },
      "geohash": "t9ws364j8"
    },
    {
      "type": "Feature",
      "geometry": { "type": "Point", "coordinates": [76.6985037, 9.1965593] },
      "properties": { "highway": "street_lamp", "lamp_type": "led" },
      "geohash": "t9ws364ju"
    },
    {
      "type": "Feature",
      "geometry": { "type": "Point", "coordinates": [76.6988633, 9.1961513] },
      "properties": { "highway": "street_lamp", "lamp_type": "led" },
      "geohash": "t9ws3647m"
    },
    {
      "type": "Feature",
      "geometry": { "type": "Point", "coordinates": [76.7095481, 9.1860944] },
      "properties": { "highway": "street_lamp", "lamp_type": "led" },
      "geohash": "t9ws3860y"
    },
    {
      "type": "Feature",
      "geometry": { "type": "Point", "coordinates": [76.7097841, 9.1858005] },
      "properties": { "highway": "street_lamp", "lamp_type": "led" },
      "geohash": "t9ws384r5"
    },
    {
      "type": "Feature",
      "geometry": { "type": "Point", "coordinates": [76.7098056, 9.1855304] },
      "properties": { "highway": "street_lamp", "lamp_type": "led" },
      "geohash": "t9ws384ms"
    },
    {
      "type": "Feature",
      "geometry": { "type": "Point", "coordinates": [76.7096608, 9.1851094] },
      "properties": { "highway": "street_lamp", "lamp_type": "led" },
      "geohash": "t9ws38470"
    },
    {
      "type": "Feature",
      "geometry": { "type": "Point", "coordinates": [76.7097225, 9.1847811] },
      "properties": { "highway": "street_lamp", "lamp_type": "led" },
      "geohash": "t9ws38434"
    },
    {
      "type": "Feature",
      "geometry": { "type": "Point", "coordinates": [76.7098968, 9.184421] },
      "properties": { "highway": "street_lamp", "lamp_type": "led" },
      "geohash": "t9ws1xfrn"
    },
    {
      "type": "Feature",
      "geometry": { "type": "Point", "coordinates": [76.7097198, 9.1842621] },
      "properties": { "highway": "street_lamp", "lamp_type": "led" },
      "geohash": "t9ws1xfq4"
    },
    {
      "type": "Feature",
      "geometry": { "type": "Point", "coordinates": [76.7097278, 9.183857] },
      "properties": { "highway": "street_lamp", "lamp_type": "led" },
      "geohash": "t9ws1xf7f"
    },
    {
      "type": "Feature",
      "geometry": { "type": "Point", "coordinates": [76.7096795, 9.1836054] },
      "properties": { "highway": "street_lamp", "lamp_type": "led" },
      "geohash": "t9ws1xf63"
    },
    {
      "type": "Feature",
      "geometry": { "type": "Point", "coordinates": [76.7096125, 9.1832003] },
      "properties": { "highway": "street_lamp", "lamp_type": "led" },
      "geohash": "t9ws1xf0p"
    },
    {
      "type": "Feature",
      "geometry": { "type": "Point", "coordinates": [76.7094972, 9.182827] },
      "properties": { "highway": "street_lamp", "lamp_type": "led" },
      "geohash": "t9ws1xdju"
    },
    {
      "type": "Feature",
      "geometry": { "type": "Point", "coordinates": [76.7096259, 9.1826443] },
      "properties": { "highway": "street_lamp", "lamp_type": "led" },
      "geohash": "t9ws1xdhz"
    },
    {
      "type": "Feature",
      "geometry": { "type": "Point", "coordinates": [76.709465, 9.1823557] },
      "properties": { "highway": "street_lamp", "lamp_type": "led" },
      "geohash": "t9ws1xd5h"
    },
    {
      "type": "Feature",
      "geometry": { "type": "Point", "coordinates": [76.7090626, 9.1815534] },
      "properties": { "highway": "street_lamp", "lamp_type": "led" },
      "geohash": "t9ws1x3y6"
    },
    {
      "type": "Feature",
      "geometry": { "type": "Point", "coordinates": [76.7088025, 9.1815639] },
      "properties": { "highway": "street_lamp", "lamp_type": "led" },
      "geohash": "t9ws1x3wk"
    },
    {
      "type": "Feature",
      "geometry": { "type": "Point", "coordinates": [76.7087005, 9.1810873] },
      "properties": { "highway": "street_lamp", "lamp_type": "led" },
      "geohash": "t9ws1x3ed"
    },
    {
      "type": "Feature",
      "geometry": { "type": "Point", "coordinates": [76.7086844, 9.180669] },
      "properties": { "highway": "street_lamp", "lamp_type": "led" },
      "geohash": "t9ws1x393"
    },
    {
      "type": "Feature",
      "geometry": { "type": "Point", "coordinates": [76.7088507, 9.1801738] },
      "properties": { "highway": "street_lamp", "lamp_type": "led" },
      "geohash": "t9ws1x1wm"
    },
    {
      "type": "Feature",
      "geometry": { "type": "Point", "coordinates": [76.708891, 9.1797396] },
      "properties": { "highway": "street_lamp", "lamp_type": "led" },
      "geohash": "t9ws1x1ey"
    },
    {
      "type": "Feature",
      "geometry": { "type": "Point", "coordinates": [76.7088078, 9.1794774] },
      "properties": { "highway": "street_lamp", "lamp_type": "led" },
      "geohash": "t9ws1x1dk"
    },
    {
      "type": "Feature",
      "geometry": { "type": "Point", "coordinates": [76.7112637, 9.1767795] },
      "properties": { "highway": "street_lamp", "lamp_type": "led" },
      "geohash": "t9ws1we6w"
    },
    {
      "type": "Feature",
      "geometry": { "type": "Point", "coordinates": [76.7113805, 9.1765296] },
      "properties": { "highway": "street_lamp", "lamp_type": "led" },
      "geohash": "t9ws1we90"
    },
    {
      "type": "Feature",
      "geometry": { "type": "Point", "coordinates": [76.7114725, 9.1763218] },
      "properties": { "highway": "street_lamp", "lamp_type": "led" },
      "geohash": "t9ws1w7xf"
    },
    {
      "type": "Feature",
      "geometry": { "type": "Point", "coordinates": [76.7114088, 9.1761034] },
      "properties": { "highway": "street_lamp", "lamp_type": "led" },
      "geohash": "t9ws1w7w9"
    },
    {
      "type": "Feature",
      "geometry": { "type": "Point", "coordinates": [76.7116371, 9.1759671] },
      "properties": { "highway": "street_lamp", "lamp_type": "led" },
      "geohash": "t9ws1w7ty"
    },
    {
      "type": "Feature",
      "geometry": { "type": "Point", "coordinates": [76.7118176, 9.1756789] },
      "properties": { "highway": "street_lamp", "lamp_type": "led" },
      "geohash": "t9ws1w7u4"
    },
    {
      "type": "Feature",
      "geometry": { "type": "Point", "coordinates": [76.7117999, 9.1753557] },
      "properties": { "highway": "street_lamp", "lamp_type": "led" },
      "geohash": "t9ws1w7f6"
    },
    {
      "type": "Feature",
      "geometry": { "type": "Point", "coordinates": [76.7120795, 9.175209] },
      "properties": { "highway": "street_lamp", "lamp_type": "led" },
      "geohash": "t9ws1wk13"
    },
    {
      "type": "Feature",
      "geometry": { "type": "Point", "coordinates": [76.7120972, 9.1750168] },
      "properties": { "highway": "street_lamp", "lamp_type": "led" },
      "geohash": "t9ws1wk03"
    },
    {
      "type": "Feature",
      "geometry": { "type": "Point", "coordinates": [76.7123874, 9.1749015] },
      "properties": { "highway": "street_lamp", "lamp_type": "led" },
      "geohash": "t9ws1whr8"
    },
    {
      "type": "Feature",
      "geometry": { "type": "Point", "coordinates": [76.7124016, 9.1746779] },
      "properties": { "highway": "street_lamp", "lamp_type": "led" },
      "geohash": "t9ws1whq2"
    },
    {
      "type": "Feature",
      "geometry": { "type": "Point", "coordinates": [76.7126475, 9.1746115] },
      "properties": { "highway": "street_lamp", "lamp_type": "led" },
      "geohash": "t9ws1whmy"
    },
    {
      "type": "Feature",
      "geometry": { "type": "Point", "coordinates": [76.7126971, 9.1743337] },
      "properties": { "highway": "street_lamp", "lamp_type": "led" },
      "geohash": "t9ws1whkr"
    },
    {
      "type": "Feature",
      "geometry": { "type": "Point", "coordinates": [76.7130262, 9.1741957] },
      "properties": { "highway": "street_lamp", "lamp_type": "led" },
      "geohash": "t9ws1whex"
    },
    {
      "type": "Feature",
      "geometry": { "type": "Point", "coordinates": [76.7130846, 9.1739232] },
      "properties": { "highway": "street_lamp", "lamp_type": "led" },
      "geohash": "t9ws1whcb"
    },
    {
      "type": "Feature",
      "geometry": { "type": "Point", "coordinates": [76.7133288, 9.1737467] },
      "properties": { "highway": "street_lamp", "lamp_type": "led" },
      "geohash": "t9ws1whby"
    },
    {
      "type": "Feature",
      "geometry": { "type": "Point", "coordinates": [76.7133164, 9.1735179] },
      "properties": { "highway": "street_lamp", "lamp_type": "led" },
      "geohash": "t9ws1tuzt"
    },
    {
      "type": "Feature",
      "geometry": { "type": "Point", "coordinates": [76.7134262, 9.1732419] },
      "properties": { "highway": "street_lamp", "lamp_type": "led" },
      "geohash": "t9ws1tvn0"
    },
    {
      "type": "Feature",
      "geometry": { "type": "Point", "coordinates": [76.713504, 9.1729449] },
      "properties": { "highway": "street_lamp", "lamp_type": "led" },
      "geohash": "t9ws1tvh6"
    },
    {
      "type": "Feature",
      "geometry": { "type": "Point", "coordinates": [76.7138579, 9.1726619] },
      "properties": { "highway": "street_lamp", "lamp_type": "led" },
      "geohash": "t9ws1tv6d"
    },
    {
      "type": "Feature",
      "geometry": { "type": "Point", "coordinates": [76.7001904, 9.1942283] },
      "properties": { "highway": "street_lamp", "lamp_type": "led" },
      "geohash": "t9ws33g27"
    },
    {
      "type": "Feature",
      "geometry": { "type": "Point", "coordinates": [76.7005713, 9.1941912] },
      "properties": { "highway": "street_lamp", "lamp_type": "led" },
      "geohash": "t9ws33g8h"
    },
    {
      "type": "Feature",
      "geometry": { "type": "Point", "coordinates": [76.7008985, 9.1939662] },
      "properties": { "highway": "street_lamp", "lamp_type": "led" },
      "geohash": "t9ws33eys"
    },
    {
      "type": "Feature",
      "geometry": { "type": "Point", "coordinates": [76.7011587, 9.1940456] },
      "properties": { "highway": "street_lamp", "lamp_type": "led" },
      "geohash": "t9ws33sp4"
    },
    {
      "type": "Feature",
      "geometry": { "type": "Point", "coordinates": [76.7077028, 9.1887422] },
      "properties": { "highway": "street_lamp", "lamp_type": "led" },
      "geohash": "t9ws38bb7"
    },
    {
      "type": "Feature",
      "geometry": { "type": "Point", "coordinates": [76.7077618, 9.1885092] },
      "properties": { "highway": "street_lamp", "lamp_type": "led" },
      "geohash": "t9ws388yu"
    },
    {
      "type": "Feature",
      "geometry": { "type": "Point", "coordinates": [76.708317, 9.1881464] },
      "properties": { "highway": "street_lamp", "lamp_type": "led" },
      "geohash": "t9ws389kc"
    },
    {
      "type": "Feature",
      "geometry": { "type": "Point", "coordinates": [76.708722, 9.1880432] },
      "properties": { "highway": "street_lamp", "lamp_type": "led" },
      "geohash": "t9ws389s4"
    },
    {
      "type": "Feature",
      "geometry": { "type": "Point", "coordinates": [76.7090036, 9.1877334] },
      "properties": { "highway": "street_lamp", "lamp_type": "led" },
      "geohash": "t9ws389f3"
    },
    {
      "type": "Feature",
      "geometry": { "type": "Point", "coordinates": [76.7090492, 9.1872356] },
      "properties": { "highway": "street_lamp", "lamp_type": "led" },
      "geohash": "t9ws383zd"
    },
    {
      "type": "Feature",
      "geometry": { "type": "Point", "coordinates": [76.7094435, 9.1862983] },
      "properties": { "highway": "street_lamp", "lamp_type": "led" },
      "geohash": "t9ws38645"
    },
    {
      "type": "Feature",
      "geometry": { "type": "Point", "coordinates": [76.7091038, 9.1792319] },
      "properties": { "highway": "street_lamp", "lamp_type": "led" },
      "geohash": "t9ws1x1bg"
    },
    {
      "type": "Feature",
      "geometry": { "type": "Point", "coordinates": [76.7091685, 9.1789369] },
      "properties": { "highway": "street_lamp", "lamp_type": "led" },
      "geohash": "t9ws1wczj"
    },
    {
      "type": "Feature",
      "geometry": { "type": "Point", "coordinates": [76.7093791, 9.1788444] },
      "properties": { "highway": "street_lamp", "lamp_type": "led" },
      "geohash": "t9ws1wfnd"
    },
    {
      "type": "Feature",
      "geometry": { "type": "Point", "coordinates": [76.7094516, 9.1785771] },
      "properties": { "highway": "street_lamp", "lamp_type": "led" },
      "geohash": "t9ws1wfj5"
    },
    {
      "type": "Feature",
      "geometry": { "type": "Point", "coordinates": [76.7096516, 9.1782486] },
      "properties": { "highway": "street_lamp", "lamp_type": "led" },
      "geohash": "t9ws1wf70"
    },
    {
      "type": "Feature",
      "geometry": { "type": "Point", "coordinates": [76.7099984, 9.1780163] },
      "properties": { "highway": "street_lamp", "lamp_type": "led" },
      "geohash": "t9ws1wf9b"
    },
    {
      "type": "Feature",
      "geometry": { "type": "Point", "coordinates": [76.7102621, 9.1777438] },
      "properties": { "highway": "street_lamp", "lamp_type": "led" },
      "geohash": "t9ws1wf8n"
    },
    {
      "type": "Feature",
      "geometry": { "type": "Point", "coordinates": [76.7105771, 9.1774992] },
      "properties": { "highway": "street_lamp", "lamp_type": "led" },
      "geohash": "t9ws1wdyy"
    },
    {
      "type": "Feature",
      "geometry": { "type": "Point", "coordinates": [76.7108514, 9.1772966] },
      "properties": { "highway": "street_lamp", "lamp_type": "led" },
      "geohash": "t9ws1wejs"
    },
    {
      "type": "Feature",
      "geometry": { "type": "Point", "coordinates": [76.7111098, 9.1770642] },
      "properties": { "highway": "street_lamp", "lamp_type": "led" },
      "geohash": "t9ws1wek6"
    },
    {
      "type": "Feature",
      "geometry": { "type": "Point", "coordinates": [76.719878, 9.1640606] },
      "properties": { "highway": "street_lamp", "lamp_type": "led" },
      "geohash": "t9ws1u38w"
    },
    {
      "type": "Feature",
      "geometry": { "type": "Point", "coordinates": [76.7198373, 9.1638378] },
      "properties": { "highway": "street_lamp", "lamp_type": "led" },
      "geohash": "t9ws1u1xj"
    },
    {
      "type": "Feature",
      "geometry": { "type": "Point", "coordinates": [76.7199735, 9.1634846] },
      "properties": { "highway": "street_lamp", "lamp_type": "led" },
      "geohash": "t9ws1u1v0"
    },
    {
      "type": "Feature",
      "geometry": { "type": "Point", "coordinates": [76.7200243, 9.1631274] },
      "properties": { "highway": "street_lamp", "lamp_type": "led" },
      "geohash": "t9ws1u1g4"
    },
    {
      "type": "Feature",
      "geometry": { "type": "Point", "coordinates": [76.7200304, 9.1628124] },
      "properties": { "highway": "street_lamp", "lamp_type": "led" },
      "geohash": "t9ws1u1c6"
    },
    {
      "type": "Feature",
      "geometry": { "type": "Point", "coordinates": [76.7200467, 9.1624993] },
      "properties": { "highway": "street_lamp", "lamp_type": "led" },
      "geohash": "t9ws1gcz6"
    },
    {
      "type": "Feature",
      "geometry": { "type": "Point", "coordinates": [76.7202378, 9.1620177] },
      "properties": { "highway": "street_lamp", "lamp_type": "led" },
      "geohash": "t9ws1gcux"
    },
    {
      "type": "Feature",
      "geometry": { "type": "Point", "coordinates": [76.7206057, 9.1616063] },
      "properties": { "highway": "street_lamp", "lamp_type": "led" },
      "geohash": "t9ws1gf4p"
    },
    {
      "type": "Feature",
      "geometry": { "type": "Point", "coordinates": [76.7209838, 9.1616966] },
      "properties": { "highway": "street_lamp", "lamp_type": "led" },
      "geohash": "t9ws1gfdb"
    },
    {
      "type": "Feature",
      "geometry": { "type": "Point", "coordinates": [76.7222665, 9.1619976] },
      "properties": { "highway": "street_lamp", "lamp_type": "led" },
      "geohash": "t9ws1ggkw"
    },
    {
      "type": "Feature",
      "geometry": { "type": "Point", "coordinates": [76.7225632, 9.1619515] },
      "properties": { "highway": "street_lamp", "lamp_type": "led" },
      "geohash": "t9ws1ggsj"
    },
    {
      "type": "Feature",
      "geometry": { "type": "Point", "coordinates": [76.7230145, 9.1618431] },
      "properties": { "highway": "street_lamp", "lamp_type": "led" },
      "geohash": "t9ws1gggx"
    },
    {
      "type": "Feature",
      "geometry": { "type": "Point", "coordinates": [76.7233845, 9.161518] },
      "properties": { "highway": "street_lamp", "lamp_type": "led" },
      "geohash": "t9ws1gu38"
    },
    {
      "type": "Feature",
      "geometry": { "type": "Point", "coordinates": [76.7237747, 9.1613273] },
      "properties": { "highway": "street_lamp", "lamp_type": "led" },
      "geohash": "t9ws1gu89"
    },
    {
      "type": "Feature",
      "geometry": { "type": "Point", "coordinates": [76.7241508, 9.1611407] },
      "properties": { "highway": "street_lamp", "lamp_type": "led" },
      "geohash": "t9ws1gszd"
    },
    {
      "type": "Feature",
      "geometry": { "type": "Point", "coordinates": [76.7242951, 9.1606811] },
      "properties": { "highway": "street_lamp", "lamp_type": "led" },
      "geohash": "t9ws1gsuv"
    },
    {
      "type": "Feature",
      "geometry": { "type": "Point", "coordinates": [76.7243276, 9.1602698] },
      "properties": { "highway": "street_lamp", "lamp_type": "led" },
      "geohash": "t9ws1gsfq"
    },
    {
      "type": "Feature",
      "geometry": { "type": "Point", "coordinates": [76.724413, 9.1598724] },
      "properties": { "highway": "street_lamp", "lamp_type": "led" },
      "geohash": "t9ws1gt00"
    },
    {
      "type": "Feature",
      "geometry": { "type": "Point", "coordinates": [76.7246163, 9.1594289] },
      "properties": { "highway": "street_lamp", "lamp_type": "led" },
      "geohash": "t9ws1gmjt"
    },
    {
      "type": "Feature",
      "geometry": { "type": "Point", "coordinates": [76.7250818, 9.1588911] },
      "properties": { "highway": "street_lamp", "lamp_type": "led" },
      "geohash": "t9ws1gm6r"
    },
    {
      "type": "Feature",
      "geometry": { "type": "Point", "coordinates": [76.7137907, 9.1724068] },
      "properties": { "highway": "street_lamp", "lamp_type": "led" },
      "geohash": "t9ws1tv30"
    },
    {
      "type": "Feature",
      "geometry": { "type": "Point", "coordinates": [76.7140349, 9.172281] },
      "properties": { "highway": "street_lamp", "lamp_type": "led" },
      "geohash": "t9ws1tv2q"
    },
    {
      "type": "Feature",
      "geometry": { "type": "Point", "coordinates": [76.7139818, 9.172005] },
      "properties": { "highway": "street_lamp", "lamp_type": "led" },
      "geohash": "t9ws1ttqv"
    },
    {
      "type": "Feature",
      "geometry": { "type": "Point", "coordinates": [76.7142349, 9.1718006] },
      "properties": { "highway": "street_lamp", "lamp_type": "led" },
      "geohash": "t9ws1ttte"
    },
    {
      "type": "Feature",
      "geometry": { "type": "Point", "coordinates": [76.7142189, 9.171556] },
      "properties": { "highway": "street_lamp", "lamp_type": "led" },
      "geohash": "t9ws1tts4"
    },
    {
      "type": "Feature",
      "geometry": { "type": "Point", "coordinates": [76.7144667, 9.1713883] },
      "properties": { "highway": "street_lamp", "lamp_type": "led" },
      "geohash": "t9ws1ttg0"
    },
    {
      "type": "Feature",
      "geometry": { "type": "Point", "coordinates": [76.7144578, 9.1711857] },
      "properties": { "highway": "street_lamp", "lamp_type": "led" },
      "geohash": "t9ws1ttf0"
    },
    {
      "type": "Feature",
      "geometry": { "type": "Point", "coordinates": [76.7146737, 9.1711333] },
      "properties": { "highway": "street_lamp", "lamp_type": "led" },
      "geohash": "t9ws1ttct"
    },
    {
      "type": "Feature",
      "geometry": { "type": "Point", "coordinates": [76.7148507, 9.1709603] },
      "properties": { "highway": "street_lamp", "lamp_type": "led" },
      "geohash": "t9ws1tw09"
    },
    {
      "type": "Feature",
      "geometry": { "type": "Point", "coordinates": [76.7150489, 9.1707909] },
      "properties": { "highway": "street_lamp", "lamp_type": "led" },
      "geohash": "t9ws1tqpw"
    },
    {
      "type": "Feature",
      "geometry": { "type": "Point", "coordinates": [76.7150436, 9.1706144] },
      "properties": { "highway": "street_lamp", "lamp_type": "led" },
      "geohash": "t9ws1tqnw"
    },
    {
      "type": "Feature",
      "geometry": { "type": "Point", "coordinates": [76.7152895, 9.1704258] },
      "properties": { "highway": "street_lamp", "lamp_type": "led" },
      "geohash": "t9ws1tqme"
    },
    {
      "type": "Feature",
      "geometry": { "type": "Point", "coordinates": [76.7155532, 9.1703576] },
      "properties": { "highway": "street_lamp", "lamp_type": "led" },
      "geohash": "t9ws1tqt1"
    },
    {
      "type": "Feature",
      "geometry": { "type": "Point", "coordinates": [76.7157461, 9.1702371] },
      "properties": { "highway": "street_lamp", "lamp_type": "led" },
      "geohash": "t9ws1tqsw"
    },
    {
      "type": "Feature",
      "geometry": { "type": "Point", "coordinates": [76.7159549, 9.170017] },
      "properties": { "highway": "street_lamp", "lamp_type": "led" },
      "geohash": "t9ws1tqg5"
    },
    {
      "type": "Feature",
      "geometry": { "type": "Point", "coordinates": [76.7160204, 9.1696606] },
      "properties": { "highway": "street_lamp", "lamp_type": "led" },
      "geohash": "t9ws1tqch"
    },
    {
      "type": "Feature",
      "geometry": { "type": "Point", "coordinates": [76.7162681, 9.169547] },
      "properties": { "highway": "street_lamp", "lamp_type": "led" },
      "geohash": "t9ws1tr06"
    },
    {
      "type": "Feature",
      "geometry": { "type": "Point", "coordinates": [76.7162699, 9.1692658] },
      "properties": { "highway": "street_lamp", "lamp_type": "led" },
      "geohash": "t9ws1tpnf"
    },
    {
      "type": "Feature",
      "geometry": { "type": "Point", "coordinates": [76.7165123, 9.1691382] },
      "properties": { "highway": "street_lamp", "lamp_type": "led" },
      "geohash": "t9ws1tpq0"
    },
    {
      "type": "Feature",
      "geometry": { "type": "Point", "coordinates": [76.7165176, 9.1688325] },
      "properties": { "highway": "street_lamp", "lamp_type": "led" },
      "geohash": "t9ws1tpk2"
    },
    {
      "type": "Feature",
      "geometry": { "type": "Point", "coordinates": [76.7167442, 9.168691] },
      "properties": { "highway": "street_lamp", "lamp_type": "led" },
      "geohash": "t9ws1tp7m"
    },
    {
      "type": "Feature",
      "geometry": { "type": "Point", "coordinates": [76.7166486, 9.1684639] },
      "properties": { "highway": "street_lamp", "lamp_type": "led" },
      "geohash": "t9ws1tp65"
    },
    {
      "type": "Feature",
      "geometry": { "type": "Point", "coordinates": [76.7168963, 9.1682909] },
      "properties": { "highway": "street_lamp", "lamp_type": "led" },
      "geohash": "t9ws1tp91"
    },
    {
      "type": "Feature",
      "geometry": { "type": "Point", "coordinates": [76.7168716, 9.1680341] },
      "properties": { "highway": "street_lamp", "lamp_type": "led" },
      "geohash": "t9ws1szx8"
    },
    {
      "type": "Feature",
      "geometry": { "type": "Point", "coordinates": [76.7171919, 9.1678752] },
      "properties": { "highway": "street_lamp", "lamp_type": "led" },
      "geohash": "t9ws1szy8"
    },
    {
      "type": "Feature",
      "geometry": { "type": "Point", "coordinates": [76.7172538, 9.1675921] },
      "properties": { "highway": "street_lamp", "lamp_type": "led" },
      "geohash": "t9ws1szv1"
    },
    {
      "type": "Feature",
      "geometry": { "type": "Point", "coordinates": [76.7175405, 9.1674751] },
      "properties": { "highway": "street_lamp", "lamp_type": "led" },
      "geohash": "t9ws1ubh2"
    },
    {
      "type": "Feature",
      "geometry": { "type": "Point", "coordinates": [76.717606, 9.1671833] },
      "properties": { "highway": "street_lamp", "lamp_type": "led" },
      "geohash": "t9ws1ub49"
    },
    {
      "type": "Feature",
      "geometry": { "type": "Point", "coordinates": [76.7178218, 9.167103] },
      "properties": { "highway": "street_lamp", "lamp_type": "led" },
      "geohash": "t9ws1ub4n"
    },
    {
      "type": "Feature",
      "geometry": { "type": "Point", "coordinates": [76.7178909, 9.1668217] },
      "properties": { "highway": "street_lamp", "lamp_type": "led" },
      "geohash": "t9ws1ub28"
    },
    {
      "type": "Feature",
      "geometry": { "type": "Point", "coordinates": [76.7181421, 9.1667134] },
      "properties": { "highway": "street_lamp", "lamp_type": "led" },
      "geohash": "t9ws1u8ry"
    },
    {
      "type": "Feature",
      "geometry": { "type": "Point", "coordinates": [76.7182377, 9.1663098] },
      "properties": { "highway": "street_lamp", "lamp_type": "led" },
      "geohash": "t9ws1u8t8"
    },
    {
      "type": "Feature",
      "geometry": { "type": "Point", "coordinates": [76.7184978, 9.1663186] },
      "properties": { "highway": "street_lamp", "lamp_type": "led" },
      "geohash": "t9ws1u8tw"
    },
    {
      "type": "Feature",
      "geometry": { "type": "Point", "coordinates": [76.7185297, 9.1660268] },
      "properties": { "highway": "street_lamp", "lamp_type": "led" },
      "geohash": "t9ws1u8ez"
    },
    {
      "type": "Feature",
      "geometry": { "type": "Point", "coordinates": [76.7188429, 9.1659395] },
      "properties": { "highway": "street_lamp", "lamp_type": "led" },
      "geohash": "t9ws1u8gq"
    },
    {
      "type": "Feature",
      "geometry": { "type": "Point", "coordinates": [76.7188482, 9.16566] },
      "properties": { "highway": "street_lamp", "lamp_type": "led" },
      "geohash": "t9ws1u8cy"
    },
    {
      "type": "Feature",
      "geometry": { "type": "Point", "coordinates": [76.7190977, 9.1652686] },
      "properties": { "highway": "street_lamp", "lamp_type": "led" },
      "geohash": "t9ws1u3ps"
    },
    {
      "type": "Feature",
      "geometry": { "type": "Point", "coordinates": [76.7191862, 9.1649909] },
      "properties": { "highway": "street_lamp", "lamp_type": "led" },
      "geohash": "t9ws1u3jy"
    },
    {
      "type": "Feature",
      "geometry": { "type": "Point", "coordinates": [76.7193101, 9.1647271] },
      "properties": { "highway": "street_lamp", "lamp_type": "led" },
      "geohash": "t9ws1u3k3"
    },
    {
      "type": "Feature",
      "geometry": { "type": "Point", "coordinates": [76.719549, 9.1643235] },
      "properties": { "highway": "street_lamp", "lamp_type": "led" },
      "geohash": "t9ws1u36p"
    },
    {
      "type": "Feature",
      "geometry": { "type": "Point", "coordinates": [76.725403, 9.1586482] },
      "properties": { "highway": "street_lamp", "lamp_type": "led" },
      "geohash": "t9ws1gm8z"
    },
    {
      "type": "Feature",
      "geometry": { "type": "Point", "coordinates": [76.7256896, 9.1583372] },
      "properties": { "highway": "street_lamp", "lamp_type": "led" },
      "geohash": "t9ws1gjzn"
    },
    {
      "type": "Feature",
      "geometry": { "type": "Point", "coordinates": [76.7261327, 9.1582629] },
      "properties": { "highway": "street_lamp", "lamp_type": "led" },
      "geohash": "t9ws1gnq8"
    },
    {
      "type": "Feature",
      "geometry": { "type": "Point", "coordinates": [76.7264762, 9.1581305] },
      "properties": { "highway": "street_lamp", "lamp_type": "led" },
      "geohash": "t9ws1gntb"
    },
    {
      "type": "Feature",
      "geometry": { "type": "Point", "coordinates": [76.7269783, 9.1577432] },
      "properties": { "highway": "street_lamp", "lamp_type": "led" },
      "geohash": "t9ws1gngs"
    },
    {
      "type": "Feature",
      "geometry": { "type": "Point", "coordinates": [76.7272737, 9.1576204] },
      "properties": { "highway": "street_lamp", "lamp_type": "led" },
      "geohash": "t9ws1gp55"
    },
    {
      "type": "Feature",
      "geometry": { "type": "Point", "coordinates": [76.7277082, 9.1575939] },
      "properties": { "highway": "street_lamp", "lamp_type": "led" },
      "geohash": "t9ws1gp6v"
    },
    {
      "type": "Feature",
      "geometry": { "type": "Point", "coordinates": [76.7280837, 9.1573132] },
      "properties": { "highway": "street_lamp", "lamp_type": "led" },
      "geohash": "t9ws1gp9j"
    },
    {
      "type": "Feature",
      "geometry": { "type": "Point", "coordinates": [76.7285883, 9.15727] },
      "properties": { "highway": "street_lamp", "lamp_type": "led" },
      "geohash": "t9ws4500c"
    },
    {
      "type": "Feature",
      "geometry": { "type": "Point", "coordinates": [76.7286839, 9.1571215] },
      "properties": { "highway": "street_lamp", "lamp_type": "led" },
      "geohash": "t9ws45005"
    },
    {
      "type": "Feature",
      "geometry": { "type": "Point", "coordinates": [76.7290561, 9.157009] },
      "properties": { "highway": "street_lamp", "lamp_type": "led" },
      "geohash": "t9ws44brk"
    },
    {
      "type": "Feature",
      "geometry": { "type": "Point", "coordinates": [76.7293888, 9.1570387] },
      "properties": { "highway": "street_lamp", "lamp_type": "led" },
      "geohash": "t9ws44bxs"
    },
    {
      "type": "Feature",
      "geometry": { "type": "Point", "coordinates": [76.7296755, 9.1569496] },
      "properties": { "highway": "street_lamp", "lamp_type": "led" },
      "geohash": "t9ws44bz5"
    },
    {
      "type": "Feature",
      "geometry": { "type": "Point", "coordinates": [76.7302276, 9.156857] },
      "properties": { "highway": "street_lamp", "lamp_type": "led" },
      "geohash": "t9ws44cnx"
    },
    {
      "type": "Feature",
      "geometry": { "type": "Point", "coordinates": [76.7304913, 9.1567557] },
      "properties": { "highway": "street_lamp", "lamp_type": "led" },
      "geohash": "t9ws44cmy"
    },
    {
      "type": "Feature",
      "geometry": { "type": "Point", "coordinates": [76.7292101, 9.1572012] },
      "properties": { "highway": "street_lamp", "lamp_type": "led" },
      "geohash": "t9ws45088"
    },
    {
      "type": "Feature",
      "geometry": { "type": "Point", "coordinates": [76.7294967, 9.1573322] },
      "properties": { "highway": "street_lamp", "lamp_type": "led" },
      "geohash": "t9ws4509q"
    },
    {
      "type": "Feature",
      "geometry": { "type": "Point", "coordinates": [76.729748, 9.1575663] },
      "properties": { "highway": "street_lamp", "lamp_type": "electric" },
      "geohash": "t9ws450fs"
    },
    {
      "type": "Feature",
      "geometry": { "type": "Point", "coordinates": [76.7300754, 9.1577201] },
      "properties": { "highway": "street_lamp", "lamp_type": "led" },
      "geohash": "t9ws4515s"
    },
    {
      "type": "Feature",
      "geometry": { "type": "Point", "coordinates": [76.7303338, 9.1578389] },
      "properties": { "highway": "street_lamp", "lamp_type": "led" },
      "geohash": "t9ws451k6"
    },
    {
      "type": "Feature",
      "geometry": { "type": "Point", "coordinates": [76.7309525, 9.1568331] },
      "properties": { "highway": "street_lamp", "lamp_type": "led" },
      "geohash": "t9ws44cy2"
    },
    {
      "type": "Feature",
      "geometry": { "type": "Point", "coordinates": [76.7312065, 9.1568184] },
      "properties": { "highway": "street_lamp", "lamp_type": "led" },
      "geohash": "t9ws44cyq"
    },
    {
      "type": "Feature",
      "geometry": { "type": "Point", "coordinates": [76.7314861, 9.1567835] },
      "properties": { "highway": "street_lamp", "lamp_type": "led" },
      "geohash": "t9ws44fnj"
    },
    {
      "type": "Feature",
      "geometry": { "type": "Point", "coordinates": [76.7316329, 9.1566821] },
      "properties": { "highway": "street_lamp", "lamp_type": "led" },
      "geohash": "t9ws44fm8"
    },
    {
      "type": "Feature",
      "geometry": { "type": "Point", "coordinates": [76.731801, 9.1567433] },
      "properties": { "highway": "street_lamp", "lamp_type": "led" },
      "geohash": "t9ws44fmu"
    },
    {
      "type": "Feature",
      "geometry": { "type": "Point", "coordinates": [76.7320276, 9.1565476] },
      "properties": { "highway": "street_lamp", "lamp_type": "led" },
      "geohash": "t9ws44fsc"
    },
    {
      "type": "Feature",
      "geometry": { "type": "Point", "coordinates": [76.732316, 9.1564934] },
      "properties": { "highway": "street_lamp", "lamp_type": "led" },
      "geohash": "t9ws44fu2"
    },
    {
      "type": "Feature",
      "geometry": { "type": "Point", "coordinates": [76.7324027, 9.1561999] },
      "properties": { "highway": "street_lamp", "lamp_type": "led" },
      "geohash": "t9ws44ffd"
    },
    {
      "type": "Feature",
      "geometry": { "type": "Point", "coordinates": [76.7324911, 9.1557661] },
      "properties": { "highway": "street_lamp", "lamp_type": "led" },
      "geohash": "t9ws44fbh"
    },
    {
      "type": "Feature",
      "geometry": { "type": "Point", "coordinates": [76.7324894, 9.1554592] },
      "properties": { "highway": "street_lamp", "lamp_type": "led" },
      "geohash": "t9ws44dyk"
    },
    {
      "type": "Feature",
      "geometry": { "type": "Point", "coordinates": [76.7325468, 9.1551395] },
      "properties": { "highway": "street_lamp", "lamp_type": "led" },
      "geohash": "t9ws44dut"
    },
    {
      "type": "Feature",
      "geometry": { "type": "Point", "coordinates": [76.7325734, 9.1548814] },
      "properties": { "highway": "street_lamp", "lamp_type": "led" },
      "geohash": "t9ws44dgn"
    },
    {
      "type": "Feature",
      "geometry": { "type": "Point", "coordinates": [76.7326664, 9.1545804] },
      "properties": { "highway": "street_lamp", "lamp_type": "led" },
      "geohash": "t9ws44e12"
    },
    {
      "type": "Feature",
      "geometry": { "type": "Point", "coordinates": [76.7328263, 9.1543524] },
      "properties": { "highway": "street_lamp", "lamp_type": "led" },
      "geohash": "t9ws447pu"
    },
    {
      "type": "Feature",
      "geometry": { "type": "Point", "coordinates": [76.7329548, 9.1541157] },
      "properties": { "highway": "street_lamp", "lamp_type": "led" },
      "geohash": "t9ws447nx"
    },
    {
      "type": "Feature",
      "geometry": { "type": "Point", "coordinates": [76.7330946, 9.1539288] },
      "properties": { "highway": "street_lamp", "lamp_type": "led" },
      "geohash": "t9ws447md"
    },
    {
      "type": "Feature",
      "geometry": { "type": "Point", "coordinates": [76.73313, 9.1537488] },
      "properties": { "highway": "street_lamp", "lamp_type": "led" },
      "geohash": "t9ws447k7"
    },
    {
      "type": "Feature",
      "geometry": { "type": "Point", "coordinates": [76.7333477, 9.1536912] },
      "properties": { "highway": "street_lamp", "lamp_type": "led" },
      "geohash": "t9ws447s0"
    },
    {
      "type": "Feature",
      "geometry": { "type": "Point", "coordinates": [76.7334096, 9.153513] },
      "properties": { "highway": "street_lamp", "lamp_type": "led" },
      "geohash": "t9ws447e4"
    },
    {
      "type": "Feature",
      "geometry": { "type": "Point", "coordinates": [76.7337918, 9.1535479] },
      "properties": { "highway": "street_lamp", "lamp_type": "led" },
      "geohash": "t9ws447g6"
    },
    {
      "type": "Feature",
      "geometry": { "type": "Point", "coordinates": [76.7341121, 9.1535322] },
      "properties": { "highway": "street_lamp", "lamp_type": "led" },
      "geohash": "t9ws44k54"
    },
    {
      "type": "Feature",
      "geometry": { "type": "Point", "coordinates": [76.7343493, 9.1533645] },
      "properties": { "highway": "street_lamp", "lamp_type": "led" },
      "geohash": "t9ws44k4p"
    },
    {
      "type": "Feature",
      "geometry": { "type": "Point", "coordinates": [76.734751, 9.1533784] },
      "properties": { "highway": "street_lamp", "lamp_type": "led" },
      "geohash": "t9ws44kd3"
    },
    {
      "type": "Feature",
      "geometry": { "type": "Point", "coordinates": [76.7350946, 9.1532089] },
      "properties": { "highway": "street_lamp", "lamp_type": "led" },
      "geohash": "t9ws44kc3"
    },
    {
      "type": "Feature",
      "geometry": { "type": "Point", "coordinates": [76.7355101, 9.1530902] },
      "properties": { "highway": "street_lamp", "lamp_type": "led" },
      "geohash": "t9ws44m0d"
    },
    {
      "type": "Feature",
      "geometry": { "type": "Point", "coordinates": [76.7353756, 9.1529032] },
      "properties": { "highway": "street_lamp", "lamp_type": "led" },
      "geohash": "t9ws44hzx"
    },
    {
      "type": "Feature",
      "geometry": { "type": "Point", "coordinates": [76.7349916, 9.1531321] },
      "properties": { "highway": "street_lamp", "lamp_type": "led" },
      "geohash": "t9ws44k8y"
    },
    {
      "type": "Feature",
      "geometry": { "type": "Point", "coordinates": [76.7346607, 9.1532666] },
      "properties": { "highway": "street_lamp", "lamp_type": "led" },
      "geohash": "t9ws44k3x"
    },
    {
      "type": "Feature",
      "geometry": { "type": "Point", "coordinates": [76.7354569, 9.15272] },
      "properties": { "highway": "street_lamp", "lamp_type": "led" },
      "geohash": "t9ws44jn3"
    },
    {
      "type": "Feature",
      "geometry": { "type": "Point", "coordinates": [76.735476, 9.1523352] },
      "properties": { "highway": "street_lamp", "lamp_type": "led" },
      "geohash": "t9ws44jh4"
    },
    {
      "type": "Feature",
      "geometry": { "type": "Point", "coordinates": [76.7361785, 9.1529431] },
      "properties": { "highway": "street_lamp", "lamp_type": "led" },
      "geohash": "t9ws44jxf"
    },
    {
      "type": "Feature",
      "geometry": { "type": "Point", "coordinates": [76.7358282, 9.153027] },
      "properties": { "highway": "street_lamp", "lamp_type": "led" },
      "geohash": "t9ws44m24"
    },
    {
      "type": "Feature",
      "geometry": { "type": "Point", "coordinates": [76.7367944, 9.1527108] },
      "properties": { "highway": "street_lamp", "lamp_type": "led" },
      "geohash": "t9ws44nn2"
    },
    {
      "type": "Feature",
      "geometry": { "type": "Point", "coordinates": [76.7370435, 9.1526067] },
      "properties": { "highway": "street_lamp", "lamp_type": "led" },
      "geohash": "t9ws44njy"
    },
    {
      "type": "Feature",
      "geometry": { "type": "Point", "coordinates": [76.735225, 9.1515872] },
      "properties": { "highway": "street_lamp", "lamp_type": "led" },
      "geohash": "t9ws41uzu"
    },
    {
      "type": "Feature",
      "geometry": { "type": "Point", "coordinates": [76.7349595, 9.151431] },
      "properties": { "highway": "street_lamp", "lamp_type": "led" },
      "geohash": "t9ws41uwy"
    },
    {
      "type": "Feature",
      "geometry": { "type": "Point", "coordinates": [76.7348495, 9.1511979] },
      "properties": { "highway": "street_lamp", "lamp_type": "led" },
      "geohash": "t9ws41ute"
    },
    {
      "type": "Feature",
      "geometry": { "type": "Point", "coordinates": [76.7345705, 9.1508616] },
      "properties": { "highway": "street_lamp", "lamp_type": "led" },
      "geohash": "t9ws41u7t"
    },
    {
      "type": "Feature",
      "geometry": { "type": "Point", "coordinates": [76.7345196, 9.150671] },
      "properties": { "highway": "street_lamp", "lamp_type": "led" },
      "geohash": "t9ws41u6e"
    },
    {
      "type": "Feature",
      "geometry": { "type": "Point", "coordinates": [76.7342943, 9.1504909] },
      "properties": { "highway": "street_lamp", "lamp_type": "led" },
      "geohash": "t9ws41u1q"
    },
    {
      "type": "Feature",
      "geometry": { "type": "Point", "coordinates": [76.7341387, 9.1503479] },
      "properties": { "highway": "street_lamp", "lamp_type": "led" },
      "geohash": "t9ws41u0e"
    },
    {
      "type": "Feature",
      "geometry": { "type": "Point", "coordinates": [76.7339912, 9.1501678] },
      "properties": { "highway": "street_lamp", "lamp_type": "led" },
      "geohash": "t9ws41ezx"
    },
    {
      "type": "Feature",
      "geometry": { "type": "Point", "coordinates": [76.7336908, 9.1499931] },
      "properties": { "highway": "street_lamp", "lamp_type": "led" },
      "geohash": "t9ws41ey8"
    },
    {
      "type": "Feature",
      "geometry": { "type": "Point", "coordinates": [76.7336344, 9.1498448] },
      "properties": { "highway": "street_lamp", "lamp_type": "led" },
      "geohash": "t9ws41etx"
    },
    {
      "type": "Feature",
      "geometry": { "type": "Point", "coordinates": [76.7336505, 9.1495402] },
      "properties": { "highway": "street_lamp", "lamp_type": "led" },
      "geohash": "t9ws41eez"
    },
    {
      "type": "Feature",
      "geometry": { "type": "Point", "coordinates": [76.7334252, 9.1493363] },
      "properties": { "highway": "street_lamp", "lamp_type": "led" },
      "geohash": "t9ws41edd"
    },
    {
      "type": "Feature",
      "geometry": { "type": "Point", "coordinates": [76.7334494, 9.1490053] },
      "properties": { "highway": "street_lamp", "lamp_type": "led" },
      "geohash": "t9ws41e8f"
    },
    {
      "type": "Feature",
      "geometry": { "type": "Point", "coordinates": [76.7331785, 9.1487643] },
      "properties": { "highway": "street_lamp", "lamp_type": "led" },
      "geohash": "t9ws417rk"
    },
    {
      "type": "Feature",
      "geometry": { "type": "Point", "coordinates": [76.7332187, 9.1484307] },
      "properties": { "highway": "street_lamp", "lamp_type": "led" },
      "geohash": "t9ws417mm"
    },
    {
      "type": "Feature",
      "geometry": { "type": "Point", "coordinates": [76.7328834, 9.1482135] },
      "properties": { "highway": "street_lamp", "lamp_type": "led" },
      "geohash": "t9ws417hj"
    },
    {
      "type": "Feature",
      "geometry": { "type": "Point", "coordinates": [76.7329263, 9.1479222] },
      "properties": { "highway": "street_lamp", "lamp_type": "led" },
      "geohash": "t9ws4174w"
    },
    {
      "type": "Feature",
      "geometry": { "type": "Point", "coordinates": [76.7326233, 9.1477766] },
      "properties": { "highway": "street_lamp", "lamp_type": "led" },
      "geohash": "t9ws416cx"
    },
    {
      "type": "Feature",
      "geometry": { "type": "Point", "coordinates": [76.7326662, 9.1474747] },
      "properties": { "highway": "street_lamp", "lamp_type": "led" },
      "geohash": "t9ws415pb"
    },
    {
      "type": "Feature",
      "geometry": { "type": "Point", "coordinates": [76.7323068, 9.1471808] },
      "properties": { "highway": "street_lamp", "lamp_type": "led" },
      "geohash": "t9ws414y0"
    },
    {
      "type": "Feature",
      "geometry": { "type": "Point", "coordinates": [76.7321807, 9.1469133] },
      "properties": { "highway": "street_lamp", "lamp_type": "led" },
      "geohash": "t9ws414st"
    },
    {
      "type": "Feature",
      "geometry": { "type": "Point", "coordinates": [76.7323282, 9.1468551] },
      "properties": { "highway": "street_lamp", "lamp_type": "led" },
      "geohash": "t9ws414u2"
    },
    {
      "type": "Feature",
      "geometry": { "type": "Point", "coordinates": [76.7320949, 9.1467174] },
      "properties": { "highway": "street_lamp", "lamp_type": "led" },
      "geohash": "t9ws414e7"
    },
    {
      "type": "Feature",
      "geometry": { "type": "Point", "coordinates": [76.7322156, 9.146532] },
      "properties": { "highway": "street_lamp", "lamp_type": "led" },
      "geohash": "t9ws414dq"
    },
    {
      "type": "Feature",
      "geometry": { "type": "Point", "coordinates": [76.7319795, 9.1465426] },
      "properties": { "highway": "street_lamp", "lamp_type": "led" },
      "geohash": "t9ws414d2"
    },
    {
      "type": "Feature",
      "geometry": { "type": "Point", "coordinates": [76.7324784, 9.1470934] },
      "properties": { "highway": "street_lamp", "lamp_type": "led" },
      "geohash": "t9ws414vs"
    },
    {
      "type": "Feature",
      "geometry": { "type": "Point", "coordinates": [76.7316586, 9.1465006] },
      "properties": { "highway": "street_lamp", "lamp_type": "led" },
      "geohash": "t9ws41461"
    },
    {
      "type": "Feature",
      "geometry": { "type": "Point", "coordinates": [76.7315023, 9.1466503] },
      "properties": { "highway": "street_lamp", "lamp_type": "led" },
      "geohash": "t9ws4145j"
    },
    {
      "type": "Feature",
      "geometry": { "type": "Point", "coordinates": [76.7313194, 9.146853] },
      "properties": { "highway": "street_lamp", "lamp_type": "led" },
      "geohash": "t9ws414h3"
    },
    {
      "type": "Feature",
      "geometry": { "type": "Point", "coordinates": [76.7309697, 9.1472604] },
      "properties": { "highway": "street_lamp", "lamp_type": "led" },
      "geohash": "t9ws411y9"
    },
    {
      "type": "Feature",
      "geometry": { "type": "Point", "coordinates": [76.7306628, 9.1476758] },
      "properties": { "highway": "street_lamp", "lamp_type": "led" },
      "geohash": "t9ws41394"
    },
    {
      "type": "Feature",
      "geometry": { "type": "Point", "coordinates": [76.7304331, 9.148025] },
      "properties": { "highway": "street_lamp", "lamp_type": "led" },
      "geohash": "t9ws4137h"
    },
    {
      "type": "Feature",
      "geometry": { "type": "Point", "coordinates": [76.73024, 9.1483582] },
      "properties": { "highway": "street_lamp", "lamp_type": "led" },
      "geohash": "t9ws413m0"
    },
    {
      "type": "Feature",
      "geometry": { "type": "Point", "coordinates": [76.730057, 9.1487114] },
      "properties": { "highway": "street_lamp", "lamp_type": "led" },
      "geohash": "t9ws413p5"
    },
    {
      "type": "Feature",
      "geometry": { "type": "Point", "coordinates": [76.7298538, 9.1490646] },
      "properties": { "highway": "street_lamp", "lamp_type": "led" },
      "geohash": "t9ws418cp"
    },
    {
      "type": "Feature",
      "geometry": { "type": "Point", "coordinates": [76.7295997, 9.1495001] },
      "properties": { "highway": "street_lamp", "lamp_type": "led" },
      "geohash": "t9ws418g9"
    },
    {
      "type": "Feature",
      "geometry": { "type": "Point", "coordinates": [76.7295956, 9.1498473] },
      "properties": { "highway": "street_lamp", "lamp_type": "led" },
      "geohash": "t9ws418v9"
    },
    {
      "type": "Feature",
      "geometry": { "type": "Point", "coordinates": [76.7293395, 9.1502266] },
      "properties": { "highway": "street_lamp", "lamp_type": "led" },
      "geohash": "t9ws418xg"
    },
    {
      "type": "Feature",
      "geometry": { "type": "Point", "coordinates": [76.7290264, 9.1505818] },
      "properties": { "highway": "street_lamp", "lamp_type": "led" },
      "geohash": "t9ws41b65"
    },
    {
      "type": "Feature",
      "geometry": { "type": "Point", "coordinates": [76.7285081, 9.151234] },
      "properties": { "highway": "street_lamp", "lamp_type": "led" },
      "geohash": "t9ws1czvz"
    },
    {
      "type": "Feature",
      "geometry": { "type": "Point", "coordinates": [76.7282479, 9.1515571] },
      "properties": { "highway": "street_lamp", "lamp_type": "led" },
      "geohash": "t9ws1czz9"
    },
    {
      "type": "Feature",
      "geometry": { "type": "Point", "coordinates": [76.7277661, 9.1520869] },
      "properties": { "highway": "street_lamp", "lamp_type": "led" },
      "geohash": "t9ws1fp6y"
    },
    {
      "type": "Feature",
      "geometry": { "type": "Point", "coordinates": [76.7275547, 9.1524803] },
      "properties": { "highway": "street_lamp", "lamp_type": "led" },
      "geohash": "t9ws1fpm1"
    },
    {
      "type": "Feature",
      "geometry": { "type": "Point", "coordinates": [76.727569, 9.1528636] },
      "properties": { "highway": "street_lamp", "lamp_type": "led" },
      "geohash": "t9ws1fpr3"
    },
    {
      "type": "Feature",
      "geometry": { "type": "Point", "coordinates": [76.7276056, 9.1532429] },
      "properties": { "highway": "street_lamp", "lamp_type": "led" },
      "geohash": "t9ws1fr3d"
    },
    {
      "type": "Feature",
      "geometry": { "type": "Point", "coordinates": [76.7275568, 9.1536322] },
      "properties": { "highway": "street_lamp", "lamp_type": "led" },
      "geohash": "t9ws1fr7c"
    },
    {
      "type": "Feature",
      "geometry": { "type": "Point", "coordinates": [76.7274999, 9.1539995] },
      "properties": { "highway": "street_lamp", "lamp_type": "led" },
      "geohash": "t9ws1frmb"
    },
    {
      "type": "Feature",
      "geometry": { "type": "Point", "coordinates": [76.7273901, 9.1543266] },
      "properties": { "highway": "street_lamp", "lamp_type": "led" },
      "geohash": "t9ws1frpv"
    },
    {
      "type": "Feature",
      "geometry": { "type": "Point", "coordinates": [76.7270872, 9.1544811] },
      "properties": { "highway": "street_lamp", "lamp_type": "led" },
      "geohash": "t9ws1fwbw"
    },
    {
      "type": "Feature",
      "geometry": { "type": "Point", "coordinates": [76.7271299, 9.1548283] },
      "properties": { "highway": "street_lamp", "lamp_type": "led" },
      "geohash": "t9ws1fwfx"
    },
    {
      "type": "Feature",
      "geometry": { "type": "Point", "coordinates": [76.7269144, 9.1550952] },
      "properties": { "highway": "street_lamp", "lamp_type": "led" },
      "geohash": "t9ws1fwu6"
    },
    {
      "type": "Feature",
      "geometry": { "type": "Point", "coordinates": [76.7265953, 9.1551514] },
      "properties": { "highway": "street_lamp", "lamp_type": "led" },
      "geohash": "t9ws1fwse"
    },
    {
      "type": "Feature",
      "geometry": { "type": "Point", "coordinates": [76.7265343, 9.1554986] },
      "properties": { "highway": "street_lamp", "lamp_type": "led" },
      "geohash": "t9ws1fww9"
    },
    {
      "type": "Feature",
      "geometry": { "type": "Point", "coordinates": [76.7261095, 9.1555447] },
      "properties": { "highway": "street_lamp", "lamp_type": "led" },
      "geohash": "t9ws1fwnz"
    },
    {
      "type": "Feature",
      "geometry": { "type": "Point", "coordinates": [76.7258005, 9.155912] },
      "properties": { "highway": "street_lamp", "lamp_type": "led" },
      "geohash": "t9ws1fy10"
    },
    {
      "type": "Feature",
      "geometry": { "type": "Point", "coordinates": [76.7252964, 9.1559421] },
      "properties": { "highway": "street_lamp", "lamp_type": "led" },
      "geohash": "t9ws1fv9h"
    },
    {
      "type": "Feature",
      "geometry": { "type": "Point", "coordinates": [76.725085, 9.1562612] },
      "properties": { "highway": "street_lamp", "lamp_type": "led" },
      "geohash": "t9ws1fve0"
    },
    {
      "type": "Feature",
      "geometry": { "type": "Point", "coordinates": [76.724591, 9.1563615] },
      "properties": { "highway": "street_lamp", "lamp_type": "led" },
      "geohash": "t9ws1fv5s"
    },
    {
      "type": "Feature",
      "geometry": { "type": "Point", "coordinates": [76.7244284, 9.1567568] },
      "properties": { "highway": "street_lamp", "lamp_type": "led" },
      "geohash": "t9ws1fvjb"
    },
    {
      "type": "Feature",
      "geometry": { "type": "Point", "coordinates": [76.7239609, 9.1570278] },
      "properties": { "highway": "street_lamp", "lamp_type": "led" },
      "geohash": "t9ws1fuxt"
    },
    {
      "type": "Feature",
      "geometry": { "type": "Point", "coordinates": [76.7238836, 9.1575335] },
      "properties": { "highway": "street_lamp", "lamp_type": "led" },
      "geohash": "t9ws1ghdk"
    },
    {
      "type": "Feature",
      "geometry": { "type": "Point", "coordinates": [76.7237312, 9.1578646] },
      "properties": { "highway": "street_lamp", "lamp_type": "led" },
      "geohash": "t9ws1ghs2"
    },
    {
      "type": "Feature",
      "geometry": { "type": "Point", "coordinates": [76.7236194, 9.1581496] },
      "properties": { "highway": "street_lamp", "lamp_type": "led" },
      "geohash": "t9ws1ghqj"
    },
    {
      "type": "Feature",
      "geometry": { "type": "Point", "coordinates": [76.7235909, 9.1585188] },
      "properties": { "highway": "street_lamp", "lamp_type": "led" },
      "geohash": "t9ws1gk2j"
    },
    {
      "type": "Feature",
      "geometry": { "type": "Point", "coordinates": [76.7235665, 9.1589784] },
      "properties": { "highway": "street_lamp", "lamp_type": "led" },
      "geohash": "t9ws1gk6u"
    },
    {
      "type": "Feature",
      "geometry": { "type": "Point", "coordinates": [76.7235462, 9.1593176] },
      "properties": { "highway": "street_lamp", "lamp_type": "led" },
      "geohash": "t9ws1gkku"
    },
    {
      "type": "Feature",
      "geometry": { "type": "Point", "coordinates": [76.723408, 9.1595363] },
      "properties": { "highway": "street_lamp", "lamp_type": "led" },
      "geohash": "t9ws1gkq0"
    },
    {
      "type": "Feature",
      "geometry": { "type": "Point", "coordinates": [76.7234242, 9.1598474] },
      "properties": { "highway": "street_lamp", "lamp_type": "led" },
      "geohash": "t9ws1gkrc"
    },
    {
      "type": "Feature",
      "geometry": { "type": "Point", "coordinates": [76.7233449, 9.1602447] },
      "properties": { "highway": "street_lamp", "lamp_type": "led" },
      "geohash": "t9ws1gs4r"
    },
    {
      "type": "Feature",
      "geometry": { "type": "Point", "coordinates": [76.7233775, 9.1605658] },
      "properties": { "highway": "street_lamp", "lamp_type": "led" },
      "geohash": "t9ws1gsk0"
    },
    {
      "type": "Feature",
      "geometry": { "type": "Point", "coordinates": [76.7232253, 9.1608096] },
      "properties": { "highway": "street_lamp", "lamp_type": "led" },
      "geohash": "t9ws1gsjs"
    },
    {
      "type": "Feature",
      "geometry": { "type": "Point", "coordinates": [76.722922, 9.1610513] },
      "properties": { "highway": "street_lamp", "lamp_type": "led" },
      "geohash": "t9ws1geyv"
    },
    {
      "type": "Feature",
      "geometry": { "type": "Point", "coordinates": [76.7229217, 9.1612474] },
      "properties": { "highway": "street_lamp", "lamp_type": "led" },
      "geohash": "t9ws1ggbj"
    },
    {
      "type": "Feature",
      "geometry": { "type": "Point", "coordinates": [76.7231873, 9.1606066] },
      "properties": { "highway": "street_lamp", "lamp_type": "led" },
      "geohash": "t9ws1gsh7"
    },
    {
      "type": "Feature",
      "geometry": { "type": "Point", "coordinates": [76.7236218, 9.1598625] },
      "properties": { "highway": "street_lamp", "lamp_type": "led" },
      "geohash": "t9ws1gs2j"
    },
    {
      "type": "Feature",
      "geometry": { "type": "Point", "coordinates": [76.7235172, 9.1602782] },
      "properties": { "highway": "street_lamp", "lamp_type": "led" },
      "geohash": "t9ws1gs67"
    },
    {
      "type": "Feature",
      "geometry": { "type": "Point", "coordinates": [76.6776634, 9.2291495] },
      "properties": { "highway": "street_lamp", "lamp_type": "electric" },
      "geohash": "t9ws8b4gx"
    },
    {
      "type": "Feature",
      "geometry": { "type": "Point", "coordinates": [76.6771078, 9.2298307] },
      "properties": { "highway": "street_lamp", "lamp_type": "led" },
      "geohash": "t9ws8b4xd"
    },
    {
      "type": "Feature",
      "geometry": { "type": "Point", "coordinates": [76.6768706, 9.230201] },
      "properties": { "highway": "street_lamp", "lamp_type": "led" },
      "geohash": "t9ws8b63u"
    },
    {
      "type": "Feature",
      "geometry": { "type": "Point", "coordinates": [76.6767007, 9.2306132] },
      "properties": { "highway": "street_lamp", "lamp_type": "led" },
      "geohash": "t9ws8b6k0"
    },
    {
      "type": "Feature",
      "geometry": { "type": "Point", "coordinates": [76.676046, 9.2309835] },
      "properties": { "highway": "street_lamp", "lamp_type": "led" },
      "geohash": "t9ws8b3y3"
    },
    {
      "type": "Feature",
      "geometry": { "type": "Point", "coordinates": [76.6756054, 9.2313625] },
      "properties": { "highway": "street_lamp", "lamp_type": "led" },
      "geohash": "t9ws8b92x"
    },
    {
      "type": "Feature",
      "geometry": { "type": "Point", "coordinates": [76.6751291, 9.2316206] },
      "properties": { "highway": "street_lamp", "lamp_type": "led" },
      "geohash": "t9ws8b94h"
    },
    {
      "type": "Feature",
      "geometry": { "type": "Point", "coordinates": [76.6750875, 9.2318761] },
      "properties": { "highway": "street_lamp", "lamp_type": "electric" },
      "geohash": "t9ws8b95e"
    },
    {
      "type": "Feature",
      "geometry": { "type": "Point", "coordinates": [76.6746654, 9.2321863] },
      "properties": {
        "highway": "street_lamp",
        "lamp_mount": "high_mast",
        "lamp_type": "led"
      },
      "geohash": "t9ws8b8v3"
    },
    {
      "type": "Feature",
      "geometry": { "type": "Point", "coordinates": [76.6748471, 9.23246] },
      "properties": { "highway": "street_lamp", "lamp_type": "led" },
      "geohash": "t9ws8b8yv"
    },
    {
      "type": "Feature",
      "geometry": { "type": "Point", "coordinates": [76.6744478, 9.2330649] },
      "properties": { "highway": "street_lamp", "lamp_type": "led" },
      "geohash": "t9ws8bbds"
    },
    {
      "type": "Feature",
      "geometry": { "type": "Point", "coordinates": [76.6743841, 9.2328064] },
      "properties": { "highway": "street_lamp", "lamp_type": "led" },
      "geohash": "t9ws8bb8f"
    },
    {
      "type": "Feature",
      "geometry": { "type": "Point", "coordinates": [76.6742131, 9.2333683] },
      "properties": { "highway": "street_lamp", "lamp_type": "led" },
      "geohash": "t9ws8bbkq"
    },
    {
      "type": "Feature",
      "geometry": { "type": "Point", "coordinates": [76.6726869, 9.2342949] },
      "properties": { "highway": "street_lamp", "lamp_type": "led" },
      "geohash": "t9ws89p3e"
    },
    {
      "type": "Feature",
      "geometry": { "type": "Point", "coordinates": [76.6725099, 9.2347688] },
      "properties": { "highway": "street_lamp", "lamp_type": "led" },
      "geohash": "t9ws89phq"
    },
    {
      "type": "Feature",
      "geometry": { "type": "Point", "coordinates": [76.672298, 9.235473] },
      "properties": { "highway": "street_lamp", "lamp_type": "led" },
      "geohash": "t9ws89r0d"
    },
    {
      "type": "Feature",
      "geometry": { "type": "Point", "coordinates": [76.6723275, 9.2357827] },
      "properties": { "highway": "street_lamp", "lamp_type": "led" },
      "geohash": "t9ws89r46"
    },
    {
      "type": "Feature",
      "geometry": { "type": "Point", "coordinates": [76.6722739, 9.2364049] },
      "properties": { "highway": "street_lamp", "lamp_type": "led" },
      "geohash": "t9ws89rjc"
    },
    {
      "type": "Feature",
      "geometry": { "type": "Point", "coordinates": [76.6721129, 9.2367173] },
      "properties": { "highway": "street_lamp", "lamp_type": "led" },
      "geohash": "t9ws89qzv"
    },
    {
      "type": "Feature",
      "geometry": { "type": "Point", "coordinates": [76.6721237, 9.2372547] },
      "properties": { "highway": "street_lamp", "lamp_type": "led" },
      "geohash": "t9ws89wfv"
    },
    {
      "type": "Feature",
      "geometry": { "type": "Point", "coordinates": [76.6718313, 9.23753] },
      "properties": { "highway": "street_lamp", "lamp_type": "led" },
      "geohash": "t9ws89wsx"
    },
    {
      "type": "Feature",
      "geometry": { "type": "Point", "coordinates": [76.671783, 9.2378874] },
      "properties": { "highway": "street_lamp", "lamp_type": "led" },
      "geohash": "t9ws89www"
    },
    {
      "type": "Feature",
      "geometry": { "type": "Point", "coordinates": [76.671775, 9.2383957] },
      "properties": { "highway": "street_lamp", "lamp_type": "led" },
      "geohash": "t9ws89y9t"
    },
    {
      "type": "Feature",
      "geometry": { "type": "Point", "coordinates": [76.6717508, 9.238912] },
      "properties": { "highway": "street_lamp", "lamp_type": "led" },
      "geohash": "t9ws89yst"
    },
    {
      "type": "Feature",
      "geometry": { "type": "Point", "coordinates": [76.6720915, 9.2391635] },
      "properties": { "highway": "street_lamp", "lamp_type": "led" },
      "geohash": "t9ws89yyj"
    },
    {
      "type": "Feature",
      "geometry": { "type": "Point", "coordinates": [76.6722497, 9.2396639] },
      "properties": { "highway": "street_lamp", "lamp_type": "led" },
      "geohash": "t9ws8dp0b"
    },
    {
      "type": "Feature",
      "geometry": { "type": "Point", "coordinates": [76.6726432, 9.240066] },
      "properties": { "highway": "street_lamp", "lamp_type": "led" },
      "geohash": "t9ws8dp76"
    },
    {
      "type": "Feature",
      "geometry": { "type": "Point", "coordinates": [76.6726551, 9.240458] },
      "properties": { "highway": "street_lamp", "lamp_type": "led" },
      "geohash": "t9ws8dpmd"
    },
    {
      "type": "Feature",
      "geometry": { "type": "Point", "coordinates": [76.6728674, 9.2407811] },
      "properties": { "highway": "street_lamp", "lamp_type": "electric" },
      "geohash": "t9ws8dprr"
    },
    {
      "type": "Feature",
      "geometry": { "type": "Point", "coordinates": [76.6727949, 9.2410396] },
      "properties": { "highway": "street_lamp", "lamp_type": "led" },
      "geohash": "t9ws8dr2v"
    },
    {
      "type": "Feature",
      "geometry": { "type": "Point", "coordinates": [76.6729187, 9.2412283] },
      "properties": { "highway": "street_lamp", "lamp_type": "led" },
      "geohash": "t9ws8drd0"
    },
    {
      "type": "Feature",
      "geometry": { "type": "Point", "coordinates": [76.6727276, 9.2415409] },
      "properties": { "highway": "street_lamp", "lamp_type": "led" },
      "geohash": "t9ws8dr7u"
    },
    {
      "type": "Feature",
      "geometry": { "type": "Point", "coordinates": [76.6726303, 9.2418833] },
      "properties": { "highway": "street_lamp", "lamp_type": "led" },
      "geohash": "t9ws8drmc"
    },
    {
      "type": "Feature",
      "geometry": { "type": "Point", "coordinates": [76.6723914, 9.2420038] },
      "properties": { "highway": "street_lamp", "lamp_type": "led" },
      "geohash": "t9ws8drns"
    },
    {
      "type": "Feature",
      "geometry": { "type": "Point", "coordinates": [76.6723932, 9.2422448] },
      "properties": { "highway": "street_lamp", "lamp_type": "led" },
      "geohash": "t9ws8drpu"
    },
    {
      "type": "Feature",
      "geometry": { "type": "Point", "coordinates": [76.6722003, 9.242423] },
      "properties": { "highway": "street_lamp", "lamp_type": "electric" },
      "geohash": "t9ws8dwcp"
    },
    {
      "type": "Feature",
      "geometry": { "type": "Point", "coordinates": [76.6723082, 9.2427024] },
      "properties": { "highway": "street_lamp", "lamp_type": "led" },
      "geohash": "t9ws8dx4d"
    },
    {
      "type": "Feature",
      "geometry": { "type": "Point", "coordinates": [76.6723295, 9.2428841] },
      "properties": { "highway": "street_lamp", "lamp_type": "led" },
      "geohash": "t9ws8dx5d"
    },
    {
      "type": "Feature",
      "geometry": { "type": "Point", "coordinates": [76.6721454, 9.2431286] },
      "properties": { "highway": "street_lamp", "lamp_type": "electric" },
      "geohash": "t9ws8dwvn"
    },
    {
      "type": "Feature",
      "geometry": { "type": "Point", "coordinates": [76.6720976, 9.2433609] },
      "properties": { "highway": "street_lamp", "lamp_type": "led" },
      "geohash": "t9ws8dwym"
    },
    {
      "type": "Feature",
      "geometry": { "type": "Point", "coordinates": [76.6578489, 9.2595087] },
      "properties": { "highway": "street_lamp", "lamp_type": "electric" },
      "geohash": "t9ws8mss9"
    },
    {
      "type": "Feature",
      "geometry": { "type": "Point", "coordinates": [76.6575232, 9.2600045] },
      "properties": { "highway": "street_lamp", "lamp_type": "electric" },
      "geohash": "t9ws8msr3"
    },
    {
      "type": "Feature",
      "geometry": { "type": "Point", "coordinates": [76.6573891, 9.2602454] },
      "properties": { "highway": "street_lamp", "lamp_type": "electric" },
      "geohash": "t9ws8mu0y"
    },
    {
      "type": "Feature",
      "geometry": { "type": "Point", "coordinates": [76.6572228, 9.2606716] },
      "properties": { "highway": "street_lamp", "lamp_type": "led" },
      "geohash": "t9ws8mu56"
    },
    {
      "type": "Feature",
      "geometry": { "type": "Point", "coordinates": [76.6570726, 9.2611296] },
      "properties": { "highway": "street_lamp", "lamp_type": "electric" },
      "geohash": "t9ws8mgvz"
    },
    {
      "type": "Feature",
      "geometry": { "type": "Point", "coordinates": [76.6569358, 9.2615241] },
      "properties": { "highway": "street_lamp", "lamp_type": "electric" },
      "geohash": "t9ws8q5bk"
    },
    {
      "type": "Feature",
      "geometry": { "type": "Point", "coordinates": [76.6567614, 9.262072] },
      "properties": { "highway": "street_lamp", "lamp_type": "electric" },
      "geohash": "t9ws8q5g2"
    },
    {
      "type": "Feature",
      "geometry": { "type": "Point", "coordinates": [76.6568178, 9.2624585] },
      "properties": { "highway": "street_lamp", "lamp_type": "electric" },
      "geohash": "t9ws8q5v9"
    },
    {
      "type": "Feature",
      "geometry": { "type": "Point", "coordinates": [76.6567319, 9.2628053] },
      "properties": { "highway": "street_lamp", "lamp_type": "led" },
      "geohash": "t9ws8q5xz"
    },
    {
      "type": "Feature",
      "geometry": { "type": "Point", "coordinates": [76.6565764, 9.2632421] },
      "properties": { "highway": "street_lamp", "lamp_type": "electric" },
      "geohash": "t9ws8q7d7"
    },
    {
      "type": "Feature",
      "geometry": { "type": "Point", "coordinates": [76.6562599, 9.2634989] },
      "properties": { "highway": "street_lamp", "lamp_type": "electric" },
      "geohash": "t9ws8q77u"
    },
    {
      "type": "Feature",
      "geometry": { "type": "Point", "coordinates": [76.6563537, 9.263941] },
      "properties": { "highway": "street_lamp", "lamp_type": "electric" },
      "geohash": "t9ws8q7qq"
    },
    {
      "type": "Feature",
      "geometry": { "type": "Point", "coordinates": [76.6560614, 9.2640945] },
      "properties": { "highway": "street_lamp", "lamp_type": "electric" },
      "geohash": "t9ws8q7pr"
    },
    {
      "type": "Feature",
      "geometry": { "type": "Point", "coordinates": [76.6559943, 9.2644519] },
      "properties": { "highway": "street_lamp", "lamp_type": "led" },
      "geohash": "t9ws8qe1q"
    },
    {
      "type": "Feature",
      "geometry": { "type": "Point", "coordinates": [76.6559058, 9.2648755] },
      "properties": { "highway": "street_lamp", "lamp_type": "led" },
      "geohash": "t9ws8qe5u"
    },
    {
      "type": "Feature",
      "geometry": { "type": "Point", "coordinates": [76.6559434, 9.2653943] },
      "properties": { "highway": "street_lamp", "lamp_type": "led" },
      "geohash": "t9ws8qenu"
    },
    {
      "type": "Feature",
      "geometry": { "type": "Point", "coordinates": [76.6557702, 9.2658803] },
      "properties": { "highway": "street_lamp", "lamp_type": "led" },
      "geohash": "t9ws8qg18"
    },
    {
      "type": "Feature",
      "geometry": { "type": "Point", "coordinates": [76.6559467, 9.2661173] },
      "properties": { "highway": "street_lamp", "lamp_type": "electric" },
      "geohash": "t9ws8qg5j"
    },
    {
      "type": "Feature",
      "geometry": { "type": "Point", "coordinates": [76.6557879, 9.2666081] },
      "properties": { "highway": "street_lamp", "lamp_type": "electric" },
      "geohash": "t9ws8qgjc"
    },
    {
      "type": "Feature",
      "geometry": { "type": "Point", "coordinates": [76.6560028, 9.26694] },
      "properties": { "highway": "street_lamp", "lamp_type": "electric" },
      "geohash": "t9ws8qgpy"
    },
    {
      "type": "Feature",
      "geometry": { "type": "Point", "coordinates": [76.6557506, 9.2675737] },
      "properties": { "highway": "street_lamp", "lamp_type": "electric" },
      "geohash": "t9ws8r558"
    },
    {
      "type": "Feature",
      "geometry": { "type": "Point", "coordinates": [76.6559397, 9.2679517] },
      "properties": { "highway": "street_lamp", "lamp_type": "electric" },
      "geohash": "t9ws8r5js"
    },
    {
      "type": "Feature",
      "geometry": { "type": "Point", "coordinates": [76.6557646, 9.2681568] },
      "properties": { "highway": "street_lamp", "lamp_type": "electric" },
      "geohash": "t9ws8r5nb"
    },
    {
      "type": "Feature",
      "geometry": { "type": "Point", "coordinates": [76.6559397, 9.2686476] },
      "properties": { "highway": "street_lamp", "lamp_type": "electric" },
      "geohash": "t9ws8r71u"
    },
    {
      "type": "Feature",
      "geometry": { "type": "Point", "coordinates": [76.6557272, 9.2690094] },
      "properties": { "highway": "street_lamp", "lamp_type": "electric" },
      "geohash": "t9ws8r6gz"
    },
    {
      "type": "Feature",
      "geometry": { "type": "Point", "coordinates": [76.6558977, 9.2693274] },
      "properties": { "highway": "street_lamp", "lamp_type": "electric" },
      "geohash": "t9ws8r7je"
    },
    {
      "type": "Feature",
      "geometry": { "type": "Point", "coordinates": [76.6555825, 9.2697446] },
      "properties": { "highway": "street_lamp", "lamp_type": "electric" },
      "geohash": "t9ws8rdbh"
    },
    {
      "type": "Feature",
      "geometry": { "type": "Point", "coordinates": [76.6556829, 9.2700349] },
      "properties": { "highway": "street_lamp", "lamp_type": "electric" },
      "geohash": "t9ws8rdcy"
    },
    {
      "type": "Feature",
      "geometry": { "type": "Point", "coordinates": [76.6553513, 9.2703391] },
      "properties": { "highway": "street_lamp", "lamp_type": "electric" },
      "geohash": "t9ws8rdex"
    },
    {
      "type": "Feature",
      "geometry": { "type": "Point", "coordinates": [76.6554937, 9.2706618] },
      "properties": { "highway": "street_lamp", "lamp_type": "electric" },
      "geohash": "t9ws8rdvd"
    },
    {
      "type": "Feature",
      "geometry": { "type": "Point", "coordinates": [76.6721808, 9.2435687] },
      "properties": { "highway": "street_lamp", "lamp_type": "led" },
      "geohash": "t9ws8dwzx"
    },
    {
      "type": "Feature",
      "geometry": { "type": "Point", "coordinates": [76.6720039, 9.243684] },
      "properties": { "highway": "street_lamp", "lamp_type": "led" },
      "geohash": "t9ws8dyb7"
    },
    {
      "type": "Feature",
      "geometry": { "type": "Point", "coordinates": [76.6720941, 9.2438203] },
      "properties": { "highway": "street_lamp", "lamp_type": "led" },
      "geohash": "t9ws8dycj"
    },
    {
      "type": "Feature",
      "geometry": { "type": "Point", "coordinates": [76.6719525, 9.24396] },
      "properties": { "highway": "street_lamp", "lamp_type": "led" },
      "geohash": "t9ws8dycc"
    },
    {
      "type": "Feature",
      "geometry": { "type": "Point", "coordinates": [76.671811, 9.2441172] },
      "properties": { "highway": "street_lamp", "lamp_type": "led" },
      "geohash": "t9ws8dydy"
    },
    {
      "type": "Feature",
      "geometry": { "type": "Point", "coordinates": [76.6717101, 9.2441958] },
      "properties": { "highway": "street_lamp", "lamp_type": "led" },
      "geohash": "t9ws8dyek"
    },
    {
      "type": "Feature",
      "geometry": { "type": "Point", "coordinates": [76.6713332, 9.2444228] },
      "properties": { "highway": "street_lamp", "lamp_type": "led" },
      "geohash": "t9ws8dyke"
    },
    {
      "type": "Feature",
      "geometry": { "type": "Point", "coordinates": [76.6711633, 9.2445399] },
      "properties": { "highway": "street_lamp", "lamp_type": "led" },
      "geohash": "t9ws8dyjr"
    },
    {
      "type": "Feature",
      "geometry": { "type": "Point", "coordinates": [76.6709881, 9.2446726] },
      "properties": { "highway": "street_lamp", "lamp_type": "led" },
      "geohash": "t9ws8dyn5"
    },
    {
      "type": "Feature",
      "geometry": { "type": "Point", "coordinates": [76.6706784, 9.2449171] },
      "properties": { "highway": "street_lamp", "lamp_type": "led" },
      "geohash": "t9ws8dvzs"
    },
    {
      "type": "Feature",
      "geometry": { "type": "Point", "coordinates": [76.6702148, 9.2452822] },
      "properties": { "highway": "street_lamp", "lamp_type": "led" },
      "geohash": "t9ws8ej99"
    },
    {
      "type": "Feature",
      "geometry": { "type": "Point", "coordinates": [76.669914, 9.2455337] },
      "properties": { "highway": "street_lamp", "lamp_type": "led" },
      "geohash": "t9ws8ej74"
    },
    {
      "type": "Feature",
      "geometry": { "type": "Point", "coordinates": [76.6696344, 9.2457695] },
      "properties": { "highway": "street_lamp", "lamp_type": "led" },
      "geohash": "t9ws8ejhe"
    },
    {
      "type": "Feature",
      "geometry": { "type": "Point", "coordinates": [76.6692964, 9.2460454] },
      "properties": { "highway": "street_lamp", "lamp_type": "led" },
      "geohash": "t9ws8ehyh"
    },
    {
      "type": "Feature",
      "geometry": { "type": "Point", "coordinates": [76.6690504, 9.2463878] },
      "properties": { "highway": "street_lamp", "lamp_type": "led" },
      "geohash": "t9ws8ek8n"
    },
    {
      "type": "Feature",
      "geometry": { "type": "Point", "coordinates": [76.6689035, 9.2466969] },
      "properties": { "highway": "street_lamp", "lamp_type": "led" },
      "geohash": "t9ws8ek9f"
    },
    {
      "type": "Feature",
      "geometry": { "type": "Point", "coordinates": [76.6686947, 9.2471528] },
      "properties": { "highway": "street_lamp", "lamp_type": "led" },
      "geohash": "t9ws8ekkw"
    },
    {
      "type": "Feature",
      "geometry": { "type": "Point", "coordinates": [76.6685461, 9.2474602] },
      "properties": { "highway": "street_lamp", "lamp_type": "led" },
      "geohash": "t9ws8ekq6"
    },
    {
      "type": "Feature",
      "geometry": { "type": "Point", "coordinates": [76.6683691, 9.2477693] },
      "properties": { "highway": "street_lamp", "lamp_type": "led" },
      "geohash": "t9ws8es0n"
    },
    {
      "type": "Feature",
      "geometry": { "type": "Point", "coordinates": [76.6682293, 9.248082] },
      "properties": { "highway": "street_lamp", "lamp_type": "led" },
      "geohash": "t9ws8es1g"
    },
    {
      "type": "Feature",
      "geometry": { "type": "Point", "coordinates": [76.6680594, 9.2484156] },
      "properties": { "highway": "street_lamp", "lamp_type": "led" },
      "geohash": "t9ws8eegz"
    },
    {
      "type": "Feature",
      "geometry": { "type": "Point", "coordinates": [76.6679373, 9.2486688] },
      "properties": { "highway": "street_lamp", "lamp_type": "electric" },
      "geohash": "t9ws8eevk"
    },
    {
      "type": "Feature",
      "geometry": { "type": "Point", "coordinates": [76.6678046, 9.2488383] },
      "properties": { "highway": "street_lamp", "lamp_type": "led" },
      "geohash": "t9ws8eey3"
    },
    {
      "type": "Feature",
      "geometry": { "type": "Point", "coordinates": [76.6675303, 9.2491177] },
      "properties": { "highway": "street_lamp", "lamp_type": "led" },
      "geohash": "t9ws8eg84"
    },
    {
      "type": "Feature",
      "geometry": { "type": "Point", "coordinates": [76.6672792, 9.2493516] },
      "properties": { "highway": "street_lamp", "lamp_type": "led" },
      "geohash": "t9ws8eg3m"
    },
    {
      "type": "Feature",
      "geometry": { "type": "Point", "coordinates": [76.666854, 9.2495036] },
      "properties": { "highway": "street_lamp", "lamp_type": "led" },
      "geohash": "t9ws8eg47"
    },
    {
      "type": "Feature",
      "geometry": { "type": "Point", "coordinates": [76.6664381, 9.2496891] },
      "properties": { "highway": "street_lamp", "lamp_type": "led" },
      "geohash": "t9ws8efg3"
    },
    {
      "type": "Feature",
      "geometry": { "type": "Point", "coordinates": [76.6660499, 9.2497256] },
      "properties": { "highway": "street_lamp", "lamp_type": "led" },
      "geohash": "t9ws8efe8"
    },
    {
      "type": "Feature",
      "geometry": { "type": "Point", "coordinates": [76.665711, 9.2498077] },
      "properties": { "highway": "street_lamp", "lamp_type": "electric" },
      "geohash": "t9ws8efk0"
    },
    {
      "type": "Feature",
      "geometry": { "type": "Point", "coordinates": [76.6653043, 9.2500754] },
      "properties": { "highway": "street_lamp", "lamp_type": "led" },
      "geohash": "t9ws8ecvx"
    },
    {
      "type": "Feature",
      "geometry": { "type": "Point", "coordinates": [76.6553628, 9.2712786] },
      "properties": { "highway": "street_lamp" },
      "geohash": "t9ws8rf9p"
    },
    {
      "type": "Feature",
      "geometry": { "type": "Point", "coordinates": [76.655061, 9.2720526] },
      "properties": { "highway": "street_lamp", "lamp_type": "electric" },
      "geohash": "t9ws8rft8"
    },
    {
      "type": "Feature",
      "geometry": { "type": "Point", "coordinates": [76.6549591, 9.2726056] },
      "properties": { "highway": "street_lamp", "lamp_type": "electric" },
      "geohash": "t9wsb242y"
    },
    {
      "type": "Feature",
      "geometry": { "type": "Point", "coordinates": [76.6550511, 9.2732797] },
      "properties": { "highway": "street_lamp", "lamp_type": "electric" },
      "geohash": "t9wsb24sb"
    },
    {
      "type": "Feature",
      "geometry": { "type": "Point", "coordinates": [76.6552245, 9.2739713] },
      "properties": { "highway": "street_lamp", "lamp_type": "electric" },
      "geohash": "t9wsb268u"
    },
    {
      "type": "Feature",
      "geometry": { "type": "Point", "coordinates": [76.6555218, 9.2744254] },
      "properties": { "highway": "street_lamp", "lamp_type": "electric" },
      "geohash": "t9wsb26g7"
    },
    {
      "type": "Feature",
      "geometry": { "type": "Point", "coordinates": [76.6553873, 9.2748061] },
      "properties": { "highway": "street_lamp", "lamp_type": "electric" },
      "geohash": "t9wsb26tx"
    },
    {
      "type": "Feature",
      "geometry": { "type": "Point", "coordinates": [76.6555006, 9.2754069] },
      "properties": { "highway": "street_lamp", "lamp_type": "electric" },
      "geohash": "t9wsb2dc4"
    },
    {
      "type": "Feature",
      "geometry": { "type": "Point", "coordinates": [76.6553201, 9.2758959] },
      "properties": { "highway": "street_lamp", "lamp_type": "electric" },
      "geohash": "t9wsb2dsn"
    },
    {
      "type": "Feature",
      "geometry": { "type": "Point", "coordinates": [76.6555218, 9.2761823] },
      "properties": { "highway": "street_lamp", "lamp_type": "led" },
      "geohash": "t9wsb2dve"
    },
    {
      "type": "Feature",
      "geometry": { "type": "Point", "coordinates": [76.6553824, 9.2763668] },
      "properties": { "highway": "street_lamp", "lamp_type": "led" },
      "geohash": "t9wsb2dwz"
    },
    {
      "type": "Feature",
      "geometry": { "type": "Point", "coordinates": [76.6554125, 9.2766218] },
      "properties": { "highway": "street_lamp", "lamp_type": "electric" },
      "geohash": "t9wsb2fb0"
    },
    {
      "type": "Feature",
      "geometry": { "type": "Point", "coordinates": [76.6555523, 9.2769606] },
      "properties": { "highway": "street_lamp", "lamp_type": "electric" },
      "geohash": "t9wsb2ff5"
    },
    {
      "type": "Feature",
      "geometry": { "type": "Point", "coordinates": [76.6556408, 9.2772069] },
      "properties": { "highway": "street_lamp", "lamp_type": "led" },
      "geohash": "t9wsb2fgt"
    },
    {
      "type": "Feature",
      "geometry": { "type": "Point", "coordinates": [76.6557222, 9.2775142] },
      "properties": { "highway": "street_lamp", "lamp_type": "led" },
      "geohash": "t9wsb2fvr"
    },
    {
      "type": "Feature",
      "geometry": { "type": "Point", "coordinates": [76.6557487, 9.2777692] },
      "properties": { "highway": "street_lamp", "lamp_type": "electric" },
      "geohash": "t9wsb2gnb"
    },
    {
      "type": "Feature",
      "geometry": { "type": "Point", "coordinates": [76.655747, 9.2780487] },
      "properties": { "highway": "street_lamp", "lamp_type": "electric" },
      "geohash": "t9wsb3508"
    },
    {
      "type": "Feature",
      "geometry": { "type": "Point", "coordinates": [76.6557169, 9.2783089] },
      "properties": { "highway": "street_lamp", "lamp_type": "electric" },
      "geohash": "t9wsb34fp"
    },
    {
      "type": "Feature",
      "geometry": { "type": "Point", "coordinates": [76.6557098, 9.2785534] },
      "properties": { "highway": "street_lamp", "lamp_type": "electric" },
      "geohash": "t9wsb34gr"
    },
    {
      "type": "Feature",
      "geometry": { "type": "Point", "coordinates": [76.6556603, 9.2788415] },
      "properties": { "highway": "street_lamp", "lamp_type": "electric" },
      "geohash": "t9wsb34vn"
    },
    {
      "type": "Feature",
      "geometry": { "type": "Point", "coordinates": [76.6556213, 9.2791262] },
      "properties": { "highway": "street_lamp", "lamp_type": "led" },
      "geohash": "t9wsb34yv"
    },
    {
      "type": "Feature",
      "geometry": { "type": "Point", "coordinates": [76.6555576, 9.2793882] },
      "properties": { "highway": "street_lamp", "lamp_type": "led" },
      "geohash": "t9wsb36b7"
    },
    {
      "type": "Feature",
      "geometry": { "type": "Point", "coordinates": [76.6554355, 9.2796344] },
      "properties": { "highway": "street_lamp", "lamp_type": "led" },
      "geohash": "t9wsb36cc"
    },
    {
      "type": "Feature",
      "geometry": { "type": "Point", "coordinates": [76.6553311, 9.2798684] },
      "properties": { "highway": "street_lamp", "lamp_type": "led" },
      "geohash": "t9wsb36en"
    },
    {
      "type": "Feature",
      "geometry": { "type": "Point", "coordinates": [76.6551648, 9.280223] },
      "properties": { "highway": "street_lamp", "lamp_type": "electric" },
      "geohash": "t9wsb36t4"
    },
    {
      "type": "Feature",
      "geometry": { "type": "Point", "coordinates": [76.6550568, 9.2804692] },
      "properties": { "highway": "street_lamp", "lamp_type": "electric" },
      "geohash": "t9wsb36w8"
    },
    {
      "type": "Feature",
      "geometry": { "type": "Point", "coordinates": [76.654933, 9.2808098] },
      "properties": { "highway": "street_lamp", "lamp_type": "led" },
      "geohash": "t9wsb3d2t"
    },
    {
      "type": "Feature",
      "geometry": { "type": "Point", "coordinates": [76.6548569, 9.2809914] },
      "properties": { "highway": "street_lamp", "lamp_type": "led" },
      "geohash": "t9wsb3d3e"
    },
    {
      "type": "Feature",
      "geometry": { "type": "Point", "coordinates": [76.6547312, 9.2813442] },
      "properties": { "highway": "street_lamp", "lamp_type": "electric" },
      "geohash": "t9wsb3d78"
    },
    {
      "type": "Feature",
      "geometry": { "type": "Point", "coordinates": [76.6546339, 9.2816987] },
      "properties": { "highway": "street_lamp", "lamp_type": "electric" },
      "geohash": "t9wsb3djy"
    },
    {
      "type": "Feature",
      "geometry": { "type": "Point", "coordinates": [76.6545277, 9.2820899] },
      "properties": { "highway": "street_lamp", "lamp_type": "led" },
      "geohash": "t9wsb3f05"
    },
    {
      "type": "Feature",
      "geometry": { "type": "Point", "coordinates": [76.6650146, 9.2503217] },
      "properties": { "highway": "street_lamp", "lamp_type": "led" },
      "geohash": "t9ws8ecz0"
    },
    {
      "type": "Feature",
      "geometry": { "type": "Point", "coordinates": [76.664725, 9.2505254] },
      "properties": { "highway": "street_lamp", "lamp_type": "led" },
      "geohash": "t9ws8s181"
    },
    {
      "type": "Feature",
      "geometry": { "type": "Point", "coordinates": [76.6641181, 9.2514134] },
      "properties": { "highway": "street_lamp", "lamp_type": "led" },
      "geohash": "t9ws8s1j7"
    },
    {
      "type": "Feature",
      "geometry": { "type": "Point", "coordinates": [76.6639424, 9.2517084] },
      "properties": { "highway": "street_lamp", "lamp_type": "led" },
      "geohash": "t9ws8s0zp"
    },
    {
      "type": "Feature",
      "geometry": { "type": "Point", "coordinates": [76.6637884, 9.2520003] },
      "properties": { "highway": "street_lamp", "lamp_type": "led" },
      "geohash": "t9ws8s2bg"
    },
    {
      "type": "Feature",
      "geometry": { "type": "Point", "coordinates": [76.6636004, 9.252274] },
      "properties": { "highway": "street_lamp", "lamp_type": "led" },
      "geohash": "t9ws8s2dr"
    },
    {
      "type": "Feature",
      "geometry": { "type": "Point", "coordinates": [76.6633971, 9.2525811] },
      "properties": { "highway": "street_lamp", "lamp_type": "led" },
      "geohash": "t9ws8s2s4"
    },
    {
      "type": "Feature",
      "geometry": { "type": "Point", "coordinates": [76.6630397, 9.2530555] },
      "properties": { "highway": "street_lamp", "lamp_type": "led" },
      "geohash": "t9ws8s2qf"
    },
    {
      "type": "Feature",
      "geometry": { "type": "Point", "coordinates": [76.662775, 9.2534325] },
      "properties": { "highway": "street_lamp", "lamp_type": "led" },
      "geohash": "t9ws8s81h"
    },
    {
      "type": "Feature",
      "geometry": { "type": "Point", "coordinates": [76.6625575, 9.2537254] },
      "properties": { "highway": "street_lamp", "lamp_type": "led" },
      "geohash": "t9ws8kxfz"
    },
    {
      "type": "Feature",
      "geometry": { "type": "Point", "coordinates": [76.662279, 9.2540604] },
      "properties": { "highway": "street_lamp", "lamp_type": "led" },
      "geohash": "t9ws8kxub"
    },
    {
      "type": "Feature",
      "geometry": { "type": "Point", "coordinates": [76.662031, 9.2544015] },
      "properties": { "highway": "street_lamp", "lamp_type": "led" },
      "geohash": "t9ws8kxwf"
    },
    {
      "type": "Feature",
      "geometry": { "type": "Point", "coordinates": [76.6616427, 9.254887] },
      "properties": { "highway": "street_lamp", "lamp_type": "electric" },
      "geohash": "t9ws8kz39"
    },
    {
      "type": "Feature",
      "geometry": { "type": "Point", "coordinates": [76.6614679, 9.2551077] },
      "properties": { "highway": "street_lamp", "lamp_type": "electric" },
      "geohash": "t9ws8kz4v"
    },
    {
      "type": "Feature",
      "geometry": { "type": "Point", "coordinates": [76.6612037, 9.2553746] },
      "properties": { "highway": "street_lamp", "lamp_type": "electric" },
      "geohash": "t9ws8kyur"
    },
    {
      "type": "Feature",
      "geometry": { "type": "Point", "coordinates": [76.6610065, 9.2555712] },
      "properties": { "highway": "street_lamp", "lamp_type": "led" },
      "geohash": "t9ws8kyvd"
    },
    {
      "type": "Feature",
      "geometry": { "type": "Point", "coordinates": [76.6604434, 9.2559965] },
      "properties": { "highway": "street_lamp", "lamp_type": "led" },
      "geohash": "t9ws8mn2j"
    },
    {
      "type": "Feature",
      "geometry": { "type": "Point", "coordinates": [76.6601934, 9.2563055] },
      "properties": { "highway": "street_lamp", "lamp_type": "electric" },
      "geohash": "t9ws8mn1z"
    },
    {
      "type": "Feature",
      "geometry": { "type": "Point", "coordinates": [76.6600166, 9.2566084] },
      "properties": { "highway": "street_lamp", "lamp_type": "electric" },
      "geohash": "t9ws8mn5e"
    },
    {
      "type": "Feature",
      "geometry": { "type": "Point", "coordinates": [76.6599231, 9.2569876] },
      "properties": { "highway": "street_lamp", "lamp_type": "led" },
      "geohash": "t9ws8mnjc"
    },
    {
      "type": "Feature",
      "geometry": { "type": "Point", "coordinates": [76.659856, 9.2572183] },
      "properties": { "highway": "street_lamp", "lamp_type": "electric" },
      "geohash": "t9ws8mnp0"
    },
    {
      "type": "Feature",
      "geometry": { "type": "Point", "coordinates": [76.6597645, 9.2574189] },
      "properties": { "highway": "street_lamp", "lamp_type": "electric" },
      "geohash": "t9ws8mmbm"
    },
    {
      "type": "Feature",
      "geometry": { "type": "Point", "coordinates": [76.6596588, 9.2576858] },
      "properties": { "highway": "street_lamp", "lamp_type": "led" },
      "geohash": "t9ws8mmcg"
    },
    {
      "type": "Feature",
      "geometry": { "type": "Point", "coordinates": [76.6597401, 9.2579105] },
      "properties": { "highway": "street_lamp", "lamp_type": "electric" },
      "geohash": "t9ws8mmgj"
    },
    {
      "type": "Feature",
      "geometry": { "type": "Point", "coordinates": [76.6595348, 9.2582395] },
      "properties": { "highway": "street_lamp", "lamp_type": "led" },
      "geohash": "t9ws8mmv0"
    },
    {
      "type": "Feature",
      "geometry": { "type": "Point", "coordinates": [76.659358, 9.2585023] },
      "properties": { "highway": "street_lamp", "lamp_type": "led" },
      "geohash": "t9ws8mmws"
    },
    {
      "type": "Feature",
      "geometry": { "type": "Point", "coordinates": [76.6591425, 9.2587029] },
      "properties": { "highway": "street_lamp", "lamp_type": "electric" },
      "geohash": "t9ws8mmrz"
    },
    {
      "type": "Feature",
      "geometry": { "type": "Point", "coordinates": [76.6588721, 9.2589477] },
      "properties": { "highway": "street_lamp", "lamp_type": "electric" },
      "geohash": "t9ws8mt33"
    },
    {
      "type": "Feature",
      "geometry": { "type": "Point", "coordinates": [76.6585957, 9.259042] },
      "properties": { "highway": "street_lamp", "lamp_type": "led" },
      "geohash": "t9ws8mt1f"
    },
    {
      "type": "Feature",
      "geometry": { "type": "Point", "coordinates": [76.6582887, 9.2592908] },
      "properties": { "highway": "street_lamp", "lamp_type": "electric" },
      "geohash": "t9ws8msg7"
    },
    {
      "type": "Feature",
      "geometry": { "type": "Point", "coordinates": [76.6543811, 9.2825323] },
      "properties": { "highway": "street_lamp", "lamp_type": "led" },
      "geohash": "t9wsb3f48"
    },
    {
      "type": "Feature",
      "geometry": { "type": "Point", "coordinates": [76.65434, 9.2828789] },
      "properties": { "highway": "street_lamp", "lamp_type": "electric" },
      "geohash": "t9wsb3cux"
    },
    {
      "type": "Feature",
      "geometry": { "type": "Point", "coordinates": [76.6541058, 9.2833533] },
      "properties": { "highway": "street_lamp", "lamp_type": "electric" },
      "geohash": "t9wsb3cz6"
    },
    {
      "type": "Feature",
      "geometry": { "type": "Point", "coordinates": [76.6536807, 9.2838793] },
      "properties": { "highway": "street_lamp", "lamp_type": "electric" },
      "geohash": "t9wsb61d8"
    },
    {
      "type": "Feature",
      "geometry": { "type": "Point", "coordinates": [76.6533202, 9.2844236] },
      "properties": { "highway": "street_lamp", "lamp_type": "electric" },
      "geohash": "t9wsb61jx"
    },
    {
      "type": "Feature",
      "geometry": { "type": "Point", "coordinates": [76.6528426, 9.2849314] },
      "properties": { "highway": "street_lamp", "lamp_type": "electric" },
      "geohash": "t9wsb62bs"
    },
    {
      "type": "Feature",
      "geometry": { "type": "Point", "coordinates": [76.6525715, 9.2854453] },
      "properties": { "highway": "street_lamp", "lamp_type": "led" },
      "geohash": "t9wsb62ew"
    },
    {
      "type": "Feature",
      "geometry": { "type": "Point", "coordinates": [76.6523034, 9.2859713] },
      "properties": { "highway": "street_lamp", "lamp_type": "electric" },
      "geohash": "t9wsb62w8"
    },
    {
      "type": "Feature",
      "geometry": { "type": "Point", "coordinates": [76.6521278, 9.2862359] },
      "properties": { "highway": "street_lamp", "lamp_type": "led" },
      "geohash": "t9wsb682h"
    },
    {
      "type": "Feature",
      "geometry": { "type": "Point", "coordinates": [76.6518567, 9.2866737] },
      "properties": { "highway": "street_lamp", "lamp_type": "led" },
      "geohash": "t9wsb684v"
    },
    {
      "type": "Feature",
      "geometry": { "type": "Point", "coordinates": [76.6496556, 9.2905633] },
      "properties": { "highway": "street_lamp", "lamp_type": "electric" },
      "geohash": "t9wsb5q96"
    },
    {
      "type": "Feature",
      "geometry": { "type": "Point", "coordinates": [76.6494415, 9.2907432] },
      "properties": { "highway": "street_lamp", "lamp_type": "electric" },
      "geohash": "t9wsb5q6t"
    },
    {
      "type": "Feature",
      "geometry": { "type": "Point", "coordinates": [76.6492238, 9.2909458] },
      "properties": { "highway": "street_lamp", "lamp_type": "electric" },
      "geohash": "t9wsb5q78"
    },
    {
      "type": "Feature",
      "geometry": { "type": "Point", "coordinates": [76.6489796, 9.2910907] },
      "properties": { "highway": "street_lamp", "lamp_type": "led" },
      "geohash": "t9wsb5qhd"
    },
    {
      "type": "Feature",
      "geometry": { "type": "Point", "coordinates": [76.6486735, 9.2912601] },
      "properties": { "highway": "street_lamp", "lamp_type": "electric" },
      "geohash": "t9wsb5mve"
    },
    {
      "type": "Feature",
      "geometry": { "type": "Point", "coordinates": [76.6483939, 9.2913632] },
      "properties": { "highway": "street_lamp", "lamp_type": "electric" },
      "geohash": "t9wsb5mwj"
    },
    {
      "type": "Feature",
      "geometry": { "type": "Point", "coordinates": [76.6480771, 9.2914802] },
      "properties": { "highway": "street_lamp", "lamp_type": "led" },
      "geohash": "t9wsb5mqv"
    },
    {
      "type": "Feature",
      "geometry": { "type": "Point", "coordinates": [76.6477798, 9.2916985] },
      "properties": { "highway": "street_lamp", "lamp_type": "led" },
      "geohash": "t9wsb5t0n"
    },
    {
      "type": "Feature",
      "geometry": { "type": "Point", "coordinates": [76.6475303, 9.2917928] },
      "properties": { "highway": "street_lamp", "lamp_type": "led" },
      "geohash": "t9wsb5t08"
    },
    {
      "type": "Feature",
      "geometry": { "type": "Point", "coordinates": [76.6472507, 9.2918941] },
      "properties": { "highway": "street_lamp", "lamp_type": "led" },
      "geohash": "t9wsb5sc4"
    },
    {
      "type": "Feature",
      "geometry": { "type": "Point", "coordinates": [76.6473445, 9.2917229] },
      "properties": { "highway": "street_lamp", "lamp_type": "led" },
      "geohash": "t9wsb5sbh"
    },
    {
      "type": "Feature",
      "geometry": { "type": "Point", "coordinates": [76.6470401, 9.2918277] },
      "properties": { "highway": "street_lamp", "lamp_type": "led" },
      "geohash": "t9wsb5s8v"
    },
    {
      "type": "Feature",
      "geometry": { "type": "Point", "coordinates": [76.6467499, 9.2919238] },
      "properties": { "highway": "street_lamp", "lamp_type": "led" },
      "geohash": "t9wsb5s3q"
    },
    {
      "type": "Feature",
      "geometry": { "type": "Point", "coordinates": [76.6465836, 9.2919744] },
      "properties": { "highway": "street_lamp", "lamp_type": "led" },
      "geohash": "t9wsb5s3d"
    },
    {
      "type": "Feature",
      "geometry": { "type": "Point", "coordinates": [76.6463376, 9.2922451] },
      "properties": { "highway": "street_lamp", "lamp_type": "electric" },
      "geohash": "t9wsb5s5m"
    },
    {
      "type": "Feature",
      "geometry": { "type": "Point", "coordinates": [76.6460421, 9.2922329] },
      "properties": { "highway": "street_lamp", "lamp_type": "led" },
      "geohash": "t9wsb5egn"
    },
    {
      "type": "Feature",
      "geometry": { "type": "Point", "coordinates": [76.6458368, 9.2923411] },
      "properties": { "highway": "street_lamp", "lamp_type": "led" },
      "geohash": "t9wsb5egc"
    },
    {
      "type": "Feature",
      "geometry": { "type": "Point", "coordinates": [76.6456492, 9.2925891] },
      "properties": { "highway": "street_lamp", "lamp_type": "led" },
      "geohash": "t9wsb5etm"
    },
    {
      "type": "Feature",
      "geometry": { "type": "Point", "coordinates": [76.645513, 9.2924669] },
      "properties": { "highway": "street_lamp", "lamp_type": "led" },
      "geohash": "t9wsb5es9"
    },
    {
      "type": "Feature",
      "geometry": { "type": "Point", "coordinates": [76.645198, 9.2925612] },
      "properties": { "highway": "street_lamp", "lamp_type": "led" },
      "geohash": "t9wsb5em4"
    },
    {
      "type": "Feature",
      "geometry": { "type": "Point", "coordinates": [76.6451608, 9.2927149] },
      "properties": { "highway": "street_lamp", "lamp_type": "led" },
      "geohash": "t9wsb5emc"
    },
    {
      "type": "Feature",
      "geometry": { "type": "Point", "coordinates": [76.6449201, 9.2927742] },
      "properties": { "highway": "street_lamp", "lamp_type": "led" },
      "geohash": "t9wsb5enk"
    },
    {
      "type": "Feature",
      "geometry": { "type": "Point", "coordinates": [76.6446936, 9.2928563] },
      "properties": { "highway": "street_lamp", "lamp_type": "led" },
      "geohash": "t9wsb5dyy"
    },
    {
      "type": "Feature",
      "geometry": { "type": "Point", "coordinates": [76.644499, 9.2930065] },
      "properties": { "highway": "street_lamp", "lamp_type": "led" },
      "geohash": "t9wsb5dzd"
    },
    {
      "type": "Feature",
      "geometry": { "type": "Point", "coordinates": [76.6442601, 9.2931637] },
      "properties": { "highway": "street_lamp", "lamp_type": "electric" },
      "geohash": "t9wsb5f8s"
    },
    {
      "type": "Feature",
      "geometry": { "type": "Point", "coordinates": [76.6440406, 9.2933174] },
      "properties": { "highway": "street_lamp", "lamp_type": "led" },
      "geohash": "t9wsb5f3r"
    },
    {
      "type": "Feature",
      "geometry": { "type": "Point", "coordinates": [76.6438336, 9.293499] },
      "properties": { "highway": "street_lamp", "lamp_type": "led" },
      "geohash": "t9wsb5f6d"
    },
    {
      "type": "Feature",
      "geometry": { "type": "Point", "coordinates": [76.6436106, 9.2937138] },
      "properties": { "highway": "street_lamp", "lamp_type": "led" },
      "geohash": "t9wsb5f5v"
    },
    {
      "type": "Feature",
      "geometry": { "type": "Point", "coordinates": [76.6433257, 9.2940369] },
      "properties": { "highway": "street_lamp", "lamp_type": "led" },
      "geohash": "t9wsb5cvw"
    },
    {
      "type": "Feature",
      "geometry": { "type": "Point", "coordinates": [76.6431435, 9.2942639] },
      "properties": { "highway": "street_lamp", "lamp_type": "led" },
      "geohash": "t9wsb5cz4"
    },
    {
      "type": "Feature",
      "geometry": { "type": "Point", "coordinates": [76.6515516, 9.2872362] },
      "properties": { "highway": "street_lamp", "lamp_type": "electric" },
      "geohash": "t9wsb4xyn"
    },
    {
      "type": "Feature",
      "geometry": { "type": "Point", "coordinates": [76.6514007, 9.2874886] },
      "properties": { "highway": "street_lamp", "lamp_type": "electric" },
      "geohash": "t9wsb4xze"
    },
    {
      "type": "Feature",
      "geometry": { "type": "Point", "coordinates": [76.6511615, 9.2878215] },
      "properties": { "highway": "street_lamp", "lamp_type": "led" },
      "geohash": "t9wsb4z9m"
    },
    {
      "type": "Feature",
      "geometry": { "type": "Point", "coordinates": [76.6509031, 9.2882773] },
      "properties": { "highway": "street_lamp", "lamp_type": "led" },
      "geohash": "t9wsb4zkp"
    },
    {
      "type": "Feature",
      "geometry": { "type": "Point", "coordinates": [76.6506678, 9.2887209] },
      "properties": { "highway": "street_lamp", "lamp_type": "led" },
      "geohash": "t9wsb4zqd"
    },
    {
      "type": "Feature",
      "geometry": { "type": "Point", "coordinates": [76.6504059, 9.2892815] },
      "properties": { "highway": "street_lamp", "lamp_type": "led" },
      "geohash": "t9wsb5p1g"
    },
    {
      "type": "Feature",
      "geometry": { "type": "Point", "coordinates": [76.6504307, 9.2896692] },
      "properties": { "highway": "street_lamp", "lamp_type": "electric" },
      "geohash": "t9wsb5phh"
    },
    {
      "type": "Feature",
      "geometry": { "type": "Point", "coordinates": [76.6501316, 9.2899556] },
      "properties": { "highway": "street_lamp", "lamp_type": "electric" },
      "geohash": "t9wsb5nvv"
    },
    {
      "type": "Feature",
      "geometry": { "type": "Point", "coordinates": [76.6500095, 9.2901721] },
      "properties": {
        "highway": "street_lamp",
        "lamp_mount": "straight_mast",
        "lamp_type": "led"
      },
      "geohash": "t9wsb5nz4"
    },
    {
      "type": "Feature",
      "geometry": { "type": "Point", "coordinates": [76.6498414, 9.2903538] },
      "properties": { "highway": "street_lamp", "lamp_type": "led" },
      "geohash": "t9wsb5q8n"
    },
    {
      "type": "Feature",
      "geometry": { "type": "Point", "coordinates": [76.4214999, 9.6740428] },
      "properties": { "highway": "street_lamp" },
      "geohash": "t9wr5107q"
    },
    {
      "type": "Feature",
      "geometry": { "type": "Point", "coordinates": [76.3543218, 10.2688277] },
      "properties": { "highway": "street_lamp" },
      "geohash": "t9y63mrs2"
    },
    {
      "type": "Feature",
      "geometry": { "type": "Point", "coordinates": [76.3543135, 10.2689675] },
      "properties": { "highway": "street_lamp" },
      "geohash": "t9y63mrt0"
    },
    {
      "type": "Feature",
      "geometry": { "type": "Point", "coordinates": [76.3543284, 10.2686714] },
      "properties": { "highway": "street_lamp" },
      "geohash": "t9y63mre2"
    },
    {
      "type": "Feature",
      "geometry": { "type": "Point", "coordinates": [76.3542558, 10.2691352] },
      "properties": { "highway": "street_lamp" },
      "geohash": "t9y63mrqp"
    },
    {
      "type": "Feature",
      "geometry": { "type": "Point", "coordinates": [76.3538723, 10.2690983] },
      "properties": { "highway": "street_lamp" },
      "geohash": "t9y63mrjy"
    },
    {
      "type": "Feature",
      "geometry": { "type": "Point", "coordinates": [76.3539748, 10.2691767] },
      "properties": { "highway": "street_lamp" },
      "geohash": "t9y63mrq2"
    },
    {
      "type": "Feature",
      "geometry": { "type": "Point", "coordinates": [76.3540983, 10.2692161] },
      "properties": { "highway": "street_lamp" },
      "geohash": "t9y63mrqe"
    },
    {
      "type": "Feature",
      "geometry": { "type": "Point", "coordinates": [76.353405, 10.2685844] },
      "properties": { "highway": "street_lamp", "survey:date": "2022-12-05" },
      "geohash": "t9y63mqfg"
    },
    {
      "type": "Feature",
      "geometry": { "type": "Point", "coordinates": [76.3534664, 10.2689201] },
      "properties": { "highway": "street_lamp", "survey:date": "2022-12-05" },
      "geohash": "t9y63mquu"
    },
    {
      "type": "Feature",
      "geometry": { "type": "Point", "coordinates": [76.3533372, 10.2687596] },
      "properties": { "highway": "street_lamp", "survey:date": "2022-12-05" },
      "geohash": "t9y63mqgc"
    },
    {
      "type": "Feature",
      "geometry": { "type": "Point", "coordinates": [76.3536167, 10.2690286] },
      "properties": { "highway": "street_lamp", "survey:date": "2022-12-05" },
      "geohash": "t9y63mrj2"
    },
    {
      "type": "Feature",
      "geometry": { "type": "Point", "coordinates": [76.2705403, 10.9314141] },
      "properties": { "highway": "street_lamp" },
      "geohash": "t9ynpw480"
    },
    {
      "type": "Feature",
      "geometry": { "type": "Point", "coordinates": [76.2675179, 10.9161531] },
      "properties": { "highway": "street_lamp" },
      "geohash": "t9ynpe0r1"
    },
    {
      "type": "Feature",
      "geometry": { "type": "Point", "coordinates": [76.2669001, 10.9168279] },
      "properties": { "highway": "street_lamp" },
      "geohash": "t9ynp7rg5"
    },
    {
      "type": "Feature",
      "geometry": { "type": "Point", "coordinates": [76.2671879, 10.9166366] },
      "properties": { "highway": "street_lamp" },
      "geohash": "t9ynpe244"
    },
    {
      "type": "Feature",
      "geometry": { "type": "Point", "coordinates": [76.2728635, 10.9293474] },
      "properties": { "highway": "street_lamp" },
      "geohash": "t9ynptshn"
    },
    {
      "type": "Feature",
      "geometry": { "type": "Point", "coordinates": [76.2724885, 10.9283866] },
      "properties": { "highway": "street_lamp" },
      "geohash": "t9ynpt7ym"
    },
    {
      "type": "Feature",
      "geometry": { "type": "Point", "coordinates": [76.2727857, 10.9301229] },
      "properties": { "highway": "street_lamp" },
      "geohash": "t9ynptu0s"
    },
    {
      "type": "Feature",
      "geometry": { "type": "Point", "coordinates": [76.2726374, 10.9302016] },
      "properties": { "highway": "street_lamp" },
      "geohash": "t9ynptu11"
    },
    {
      "type": "Feature",
      "geometry": { "type": "Point", "coordinates": [76.2698709, 10.9322128] },
      "properties": { "highway": "street_lamp" },
      "geohash": "t9ynpw4hb"
    },
    {
      "type": "Feature",
      "geometry": { "type": "Point", "coordinates": [76.2725019, 10.930286] },
      "properties": { "highway": "street_lamp" },
      "geohash": "t9ynptgcw"
    },
    {
      "type": "Feature",
      "geometry": { "type": "Point", "coordinates": [76.2709355, 10.9310507] },
      "properties": { "highway": "street_lamp" },
      "geohash": "t9ynptfvc"
    },
    {
      "type": "Feature",
      "geometry": { "type": "Point", "coordinates": [76.2718627, 10.9305186] },
      "properties": { "highway": "street_lamp" },
      "geohash": "t9ynptg6z"
    },
    {
      "type": "Feature",
      "geometry": { "type": "Point", "coordinates": [76.2702733, 10.9316207] },
      "properties": { "highway": "street_lamp" },
      "geohash": "t9ynpw436"
    },
    {
      "type": "Feature",
      "geometry": { "type": "Point", "coordinates": [76.2722443, 10.9303502] },
      "properties": { "highway": "street_lamp" },
      "geohash": "t9ynptgcb"
    },
    {
      "type": "Feature",
      "geometry": { "type": "Point", "coordinates": [76.2737957, 10.9290684] },
      "properties": { "highway": "street_lamp" },
      "geohash": "t9ynptsfk"
    },
    {
      "type": "Feature",
      "geometry": { "type": "Point", "coordinates": [76.2730364, 10.929837] },
      "properties": { "highway": "street_lamp" },
      "geohash": "t9ynptsqf"
    },
    {
      "type": "Feature",
      "geometry": { "type": "Point", "coordinates": [76.273134, 10.929715] },
      "properties": { "highway": "street_lamp" },
      "geohash": "t9ynptsqh"
    },
    {
      "type": "Feature",
      "geometry": { "type": "Point", "coordinates": [76.2739557, 10.9289557] },
      "properties": { "highway": "street_lamp" },
      "geohash": "t9ynptscz"
    },
    {
      "type": "Feature",
      "geometry": { "type": "Point", "coordinates": [76.2602271, 10.9246119] },
      "properties": { "highway": "street_lamp" },
      "geohash": "t9ynpkg02"
    },
    {
      "type": "Feature",
      "geometry": { "type": "Point", "coordinates": [76.2705579, 10.9265195] },
      "properties": { "highway": "street_lamp" },
      "geohash": "t9ynpt4e8"
    },
    {
      "type": "Feature",
      "geometry": { "type": "Point", "coordinates": [76.2725762, 10.928741] },
      "properties": { "highway": "street_lamp" },
      "geohash": "t9ynptebx"
    },
    {
      "type": "Feature",
      "geometry": { "type": "Point", "coordinates": [76.272703, 10.9291454] },
      "properties": { "highway": "street_lamp" },
      "geohash": "t9ynpts4f"
    },
    {
      "type": "Feature",
      "geometry": { "type": "Point", "coordinates": [76.2602458, 10.9248278] },
      "properties": { "highway": "street_lamp" },
      "geohash": "t9ynpkg18"
    },
    {
      "type": "Feature",
      "geometry": { "type": "Point", "coordinates": [76.273046, 10.9296006] },
      "properties": { "highway": "street_lamp" },
      "geohash": "t9ynptsmd"
    },
    {
      "type": "Feature",
      "geometry": { "type": "Point", "coordinates": [76.2602137, 10.924608] },
      "properties": { "highway": "street_lamp" },
      "geohash": "t9ynpkfbr"
    },
    {
      "type": "Feature",
      "geometry": { "type": "Point", "coordinates": [76.2708482, 10.9262233] },
      "properties": { "highway": "street_lamp" },
      "geohash": "t9ynpt49z"
    },
    {
      "type": "Feature",
      "geometry": { "type": "Point", "coordinates": [76.2721885, 10.9269192] },
      "properties": { "highway": "street_lamp" },
      "geohash": "t9ynpt5ty"
    },
    {
      "type": "Feature",
      "geometry": { "type": "Point", "coordinates": [76.2600326, 10.9240575] },
      "properties": { "highway": "street_lamp" },
      "geohash": "t9ynpkdv5"
    },
    {
      "type": "Feature",
      "geometry": { "type": "Point", "coordinates": [76.2724118, 10.92744] },
      "properties": { "highway": "street_lamp" },
      "geohash": "t9ynpt7bu"
    },
    {
      "type": "Feature",
      "geometry": { "type": "Point", "coordinates": [76.2602645, 10.9248333] },
      "properties": { "highway": "street_lamp" },
      "geohash": "t9ynpkg1b"
    },
    {
      "type": "Feature",
      "geometry": { "type": "Point", "coordinates": [76.2718424, 10.9263603] },
      "properties": { "highway": "street_lamp" },
      "geohash": "t9ynpt56w"
    },
    {
      "type": "Feature",
      "geometry": { "type": "Point", "coordinates": [76.2590754, 10.9202939] },
      "properties": { "highway": "street_lamp" },
      "geohash": "t9ynp7fpm"
    },
    {
      "type": "Feature",
      "geometry": { "type": "Point", "coordinates": [76.2602432, 10.923202] },
      "properties": { "highway": "street_lamp" },
      "geohash": "t9ynpke02"
    },
    {
      "type": "Feature",
      "geometry": { "type": "Point", "coordinates": [76.2721973, 10.9264036] },
      "properties": { "highway": "street_lamp" },
      "geohash": "t9ynpt5dz"
    },
    {
      "type": "Feature",
      "geometry": { "type": "Point", "coordinates": [76.2600999, 10.9243457] },
      "properties": { "highway": "street_lamp" },
      "geohash": "t9ynpkdyv"
    },
    {
      "type": "Feature",
      "geometry": { "type": "Point", "coordinates": [76.2610143, 10.9249905] },
      "properties": { "highway": "street_lamp" },
      "geohash": "t9ynpkgdd"
    },
    {
      "type": "Feature",
      "geometry": { "type": "Point", "coordinates": [76.2596441, 10.9233628] },
      "properties": { "highway": "street_lamp" },
      "geohash": "t9ynpkd94"
    },
    {
      "type": "Feature",
      "geometry": { "type": "Point", "coordinates": [76.2700634, 10.925834] },
      "properties": { "highway": "street_lamp" },
      "geohash": "t9ynpsfpt"
    },
    {
      "type": "Feature",
      "geometry": { "type": "Point", "coordinates": [76.2602057, 10.924469] },
      "properties": { "highway": "street_lamp" },
      "geohash": "t9ynpkdzx"
    },
    {
      "type": "Feature",
      "geometry": { "type": "Point", "coordinates": [76.2724022, 10.9279648] },
      "properties": { "highway": "street_lamp" },
      "geohash": "t9ynpt7u5"
    },
    {
      "type": "Feature",
      "geometry": { "type": "Point", "coordinates": [76.2702331, 10.926149] },
      "properties": { "highway": "street_lamp" },
      "geohash": "t9ynpt433"
    },
    {
      "type": "Feature",
      "geometry": { "type": "Point", "coordinates": [76.2607105, 10.9230282] },
      "properties": { "highway": "street_lamp" },
      "geohash": "t9ynpk7r7"
    },
    {
      "type": "Feature",
      "geometry": { "type": "Point", "coordinates": [76.2609863, 10.9228846] },
      "properties": { "highway": "street_lamp" },
      "geohash": "t9ynpk7w3"
    },
    {
      "type": "Feature",
      "geometry": { "type": "Point", "coordinates": [76.2684789, 10.9246657] },
      "properties": { "highway": "street_lamp" },
      "geohash": "t9ynpsc0b"
    },
    {
      "type": "Feature",
      "geometry": { "type": "Point", "coordinates": [76.2611995, 10.9226966] },
      "properties": { "highway": "street_lamp" },
      "geohash": "t9ynpk7tq"
    },
    {
      "type": "Feature",
      "geometry": { "type": "Point", "coordinates": [76.2693203, 10.924551] },
      "properties": { "highway": "street_lamp" },
      "geohash": "t9ynpsc85"
    },
    {
      "type": "Feature",
      "geometry": { "type": "Point", "coordinates": [76.2651759, 10.914877] },
      "properties": { "highway": "street_lamp" },
      "geohash": "t9ynp6yxg"
    },
    {
      "type": "Feature",
      "geometry": { "type": "Point", "coordinates": [76.2639773, 10.9094439] },
      "properties": { "highway": "street_lamp" },
      "geohash": "t9ynp6j8p"
    },
    {
      "type": "Feature",
      "geometry": { "type": "Point", "coordinates": [76.2608753, 10.9250717] },
      "properties": { "highway": "street_lamp" },
      "geohash": "t9ynpkg7p"
    },
    {
      "type": "Feature",
      "geometry": { "type": "Point", "coordinates": [76.2641734, 10.9088997] },
      "properties": { "highway": "street_lamp" },
      "geohash": "t9ynp3vuu"
    },
    {
      "type": "Feature",
      "geometry": { "type": "Point", "coordinates": [76.267897, 10.9248977] },
      "properties": { "highway": "street_lamp" },
      "geohash": "t9ynpsbd4"
    },
    {
      "type": "Feature",
      "geometry": { "type": "Point", "coordinates": [76.2659631, 10.9230241] },
      "properties": { "highway": "street_lamp" },
      "geohash": "t9ynpkrpj"
    },
    {
      "type": "Feature",
      "geometry": { "type": "Point", "coordinates": [76.2680328, 10.9249287] },
      "properties": { "highway": "street_lamp" },
      "geohash": "t9ynpsbdm"
    },
    {
      "type": "Feature",
      "geometry": { "type": "Point", "coordinates": [76.2672327, 10.9196824] },
      "properties": { "highway": "street_lamp" },
      "geohash": "t9ynpeb5g"
    },
    {
      "type": "Feature",
      "geometry": { "type": "Point", "coordinates": [76.2586925, 10.9188743] },
      "properties": { "highway": "street_lamp" },
      "geohash": "t9ynp79zh"
    },
    {
      "type": "Feature",
      "geometry": { "type": "Point", "coordinates": [76.2589448, 10.9208421] },
      "properties": { "highway": "street_lamp" },
      "geohash": "t9ynpk44d"
    },
    {
      "type": "Feature",
      "geometry": { "type": "Point", "coordinates": [76.2584671, 10.9181514] },
      "properties": { "highway": "street_lamp" },
      "geohash": "t9ynp79dz"
    },
    {
      "type": "Feature",
      "geometry": { "type": "Point", "coordinates": [76.2651283, 10.9156137] },
      "properties": { "highway": "street_lamp" },
      "geohash": "t9ynp7ns4"
    },
    {
      "type": "Feature",
      "geometry": { "type": "Point", "coordinates": [76.2659625, 10.9223668] },
      "properties": { "highway": "street_lamp" },
      "geohash": "t9ynpkr5m"
    },
    {
      "type": "Feature",
      "geometry": { "type": "Point", "coordinates": [76.2675948, 10.9248623] },
      "properties": { "highway": "street_lamp" },
      "geohash": "t9ynpsb3g"
    },
    {
      "type": "Feature",
      "geometry": { "type": "Point", "coordinates": [76.259141, 10.9223528] },
      "properties": { "highway": "street_lamp" },
      "geohash": "t9ynpk65q"
    },
    {
      "type": "Feature",
      "geometry": { "type": "Point", "coordinates": [76.2648985, 10.9156647] },
      "properties": { "highway": "street_lamp" },
      "geohash": "t9ynp7nkk"
    },
    {
      "type": "Feature",
      "geometry": { "type": "Point", "coordinates": [76.2613687, 10.9208327] },
      "properties": { "highway": "street_lamp" },
      "geohash": "t9ynpk5f6"
    },
    {
      "type": "Feature",
      "geometry": { "type": "Point", "coordinates": [76.2593554, 10.9226026] },
      "properties": { "highway": "street_lamp" },
      "geohash": "t9ynpk6kg"
    },
    {
      "type": "Feature",
      "geometry": { "type": "Point", "coordinates": [76.2590988, 10.9217771] },
      "properties": { "highway": "street_lamp" },
      "geohash": "t9ynpk4pv"
    },
    {
      "type": "Feature",
      "geometry": { "type": "Point", "coordinates": [76.258944, 10.9196019] },
      "properties": { "highway": "street_lamp" },
      "geohash": "t9ynp7f56"
    },
    {
      "type": "Feature",
      "geometry": { "type": "Point", "coordinates": [76.2589851, 10.9213303] },
      "properties": { "highway": "street_lamp" },
      "geohash": "t9ynpk4j7"
    },
    {
      "type": "Feature",
      "geometry": { "type": "Point", "coordinates": [76.2595222, 10.923229] },
      "properties": { "highway": "street_lamp" },
      "geohash": "t9ynpkd2r"
    },
    {
      "type": "Feature",
      "geometry": { "type": "Point", "coordinates": [76.2594152, 10.9227536] },
      "properties": { "highway": "street_lamp" },
      "geohash": "t9ynpk6mt"
    },
    {
      "type": "Feature",
      "geometry": { "type": "Point", "coordinates": [76.2644481, 10.919222] },
      "properties": { "highway": "street_lamp" },
      "geohash": "t9ynp7y14"
    },
    {
      "type": "Feature",
      "geometry": { "type": "Point", "coordinates": [76.2650535, 10.9178841] },
      "properties": { "highway": "street_lamp" },
      "geohash": "t9ynp7w92"
    },
    {
      "type": "Feature",
      "geometry": { "type": "Point", "coordinates": [76.2666044, 10.9213029] },
      "properties": { "highway": "street_lamp" },
      "geohash": "t9ynpkpth"
    },
    {
      "type": "Feature",
      "geometry": { "type": "Point", "coordinates": [76.2592024, 10.9219075] },
      "properties": { "highway": "street_lamp" },
      "geohash": "t9ynpk628"
    },
    {
      "type": "Feature",
      "geometry": { "type": "Point", "coordinates": [76.2607697, 10.9209838] },
      "properties": { "highway": "street_lamp" },
      "geohash": "t9ynpk57k"
    },
    {
      "type": "Feature",
      "geometry": { "type": "Point", "coordinates": [76.2662891, 10.9220491] },
      "properties": { "highway": "street_lamp" },
      "geohash": "t9ynpkr3t"
    },
    {
      "type": "Feature",
      "geometry": { "type": "Point", "coordinates": [76.2600079, 10.9213444] },
      "properties": { "highway": "street_lamp" },
      "geohash": "t9ynpk4v6"
    },
    {
      "type": "Feature",
      "geometry": { "type": "Point", "coordinates": [76.2604958, 10.9210047] },
      "properties": { "highway": "street_lamp" },
      "geohash": "t9ynpk55q"
    },
    {
      "type": "Feature",
      "geometry": { "type": "Point", "coordinates": [76.2636413, 10.9196655] },
      "properties": { "highway": "street_lamp" },
      "geohash": "t9ynp7v7x"
    },
    {
      "type": "Feature",
      "geometry": { "type": "Point", "coordinates": [76.2657816, 10.9171832] },
      "properties": { "highway": "street_lamp" },
      "geohash": "t9ynp7rj1"
    },
    {
      "type": "Feature",
      "geometry": { "type": "Point", "coordinates": [76.2618874, 10.9210226] },
      "properties": { "highway": "street_lamp" },
      "geohash": "t9ynpkh5w"
    },
    {
      "type": "Feature",
      "geometry": { "type": "Point", "coordinates": [76.2656813, 10.9161583] },
      "properties": { "highway": "street_lamp" },
      "geohash": "t9ynp7nzp"
    },
    {
      "type": "Feature",
      "geometry": { "type": "Point", "coordinates": [76.2648504, 10.9182246] },
      "properties": { "highway": "street_lamp" },
      "geohash": "t9ynp7w77"
    },
    {
      "type": "Feature",
      "geometry": { "type": "Point", "coordinates": [76.2666066, 10.9144403] },
      "properties": { "highway": "street_lamp" },
      "geohash": "t9ynp6zth"
    },
    {
      "type": "Feature",
      "geometry": { "type": "Point", "coordinates": [76.2649037, 10.9144293] },
      "properties": { "highway": "street_lamp" },
      "geohash": "t9ynp6ymj"
    },
    {
      "type": "Feature",
      "geometry": { "type": "Point", "coordinates": [76.2646194, 10.9198695] },
      "properties": { "highway": "street_lamp" },
      "geohash": "t9ynp7yhy"
    },
    {
      "type": "Feature",
      "geometry": { "type": "Point", "coordinates": [76.2656086, 10.9152878] },
      "properties": { "highway": "street_lamp" },
      "geohash": "t9ynp7nfj"
    },
    {
      "type": "Feature",
      "geometry": { "type": "Point", "coordinates": [76.2659961, 10.9148523] },
      "properties": { "highway": "street_lamp" },
      "geohash": "t9ynp6zpw"
    },
    {
      "type": "Feature",
      "geometry": { "type": "Point", "coordinates": [76.2655557, 10.9203918] },
      "properties": { "highway": "street_lamp" },
      "geohash": "t9ynp7yzu"
    },
    {
      "type": "Feature",
      "geometry": { "type": "Point", "coordinates": [76.2619101, 10.9207824] },
      "properties": { "highway": "street_lamp" },
      "geohash": "t9ynpkh4p"
    },
    {
      "type": "Feature",
      "geometry": { "type": "Point", "coordinates": [76.2646004, 10.9194841] },
      "properties": { "highway": "street_lamp" },
      "geohash": "t9ynp7y4t"
    },
    {
      "type": "Feature",
      "geometry": { "type": "Point", "coordinates": [76.2642681, 10.9193077] },
      "properties": { "highway": "street_lamp" },
      "geohash": "t9ynp7vcw"
    },
    {
      "type": "Feature",
      "geometry": { "type": "Point", "coordinates": [76.2663457, 10.9146449] },
      "properties": { "highway": "street_lamp" },
      "geohash": "t9ynp6zqq"
    },
    {
      "type": "Feature",
      "geometry": { "type": "Point", "coordinates": [76.2654992, 10.9153181] },
      "properties": { "highway": "street_lamp" },
      "geohash": "t9ynp7nf6"
    },
    {
      "type": "Feature",
      "geometry": { "type": "Point", "coordinates": [76.2637366, 10.919546] },
      "properties": { "highway": "street_lamp" },
      "geohash": "t9ynp7vdc"
    },
    {
      "type": "Feature",
      "geometry": { "type": "Point", "coordinates": [76.2658031, 10.9150644] },
      "properties": { "highway": "street_lamp" },
      "geohash": "t9ynp7p0f"
    },
    {
      "type": "Feature",
      "geometry": { "type": "Point", "coordinates": [76.2618363, 10.9211133] },
      "properties": { "highway": "street_lamp" },
      "geohash": "t9ynpkhhj"
    },
    {
      "type": "Feature",
      "geometry": { "type": "Point", "coordinates": [76.2647414, 10.9189393] },
      "properties": { "highway": "street_lamp" },
      "geohash": "t9ynp7wr3"
    },
    {
      "type": "Feature",
      "geometry": { "type": "Point", "coordinates": [76.2649054, 10.9187124] },
      "properties": { "highway": "street_lamp" },
      "geohash": "t9ynp7wqj"
    },
    {
      "type": "Feature",
      "geometry": { "type": "Point", "coordinates": [76.2632469, 10.9198341] },
      "properties": { "highway": "street_lamp" },
      "geohash": "t9ynp7vhw"
    },
    {
      "type": "Feature",
      "geometry": { "type": "Point", "coordinates": [76.2651096, 10.915489] },
      "properties": { "highway": "street_lamp" },
      "geohash": "t9ynp7ne3"
    },
    {
      "type": "Feature",
      "geometry": { "type": "Point", "coordinates": [76.262439, 10.9204375] },
      "properties": { "highway": "street_lamp" },
      "geohash": "t9ynpkh85"
    },
    {
      "type": "Feature",
      "geometry": { "type": "Point", "coordinates": [76.2770438, 10.936294] },
      "properties": { "highway": "street_lamp" },
      "geohash": "t9ynpwzhx"
    },
    {
      "type": "Feature",
      "geometry": { "type": "Point", "coordinates": [76.2658231, 10.91689] },
      "properties": { "highway": "street_lamp" },
      "geohash": "t9ynp7r56"
    },
    {
      "type": "Feature",
      "geometry": { "type": "Point", "coordinates": [76.2773132, 10.9348054] },
      "properties": { "highway": "street_lamp" },
      "geohash": "t9ynpwx7y"
    },
    {
      "type": "Feature",
      "geometry": { "type": "Point", "coordinates": [76.2660182, 10.9172243] },
      "properties": { "highway": "street_lamp" },
      "geohash": "t9ynp7rjr"
    },
    {
      "type": "Feature",
      "geometry": { "type": "Point", "coordinates": [76.2775216, 10.9358673] },
      "properties": { "highway": "street_lamp" },
      "geohash": "t9ynpwzd5"
    },
    {
      "type": "Feature",
      "geometry": { "type": "Point", "coordinates": [76.2644536, 10.9149686] },
      "properties": { "highway": "street_lamp" },
      "geohash": "t9ynp7n06"
    },
    {
      "type": "Feature",
      "geometry": { "type": "Point", "coordinates": [76.2774934, 10.9358436] },
      "properties": { "highway": "street_lamp" },
      "geohash": "t9ynpwz9f"
    },
    {
      "type": "Feature",
      "geometry": { "type": "Point", "coordinates": [76.276587, 10.9404374] },
      "properties": { "highway": "street_lamp" },
      "geohash": "t9ynpxwut"
    },
    {
      "type": "Feature",
      "geometry": { "type": "Point", "coordinates": [76.2774027, 10.9382112] },
      "properties": { "highway": "street_lamp" },
      "geohash": "t9ynpxpx8"
    },
    {
      "type": "Feature",
      "geometry": { "type": "Point", "coordinates": [76.2768818, 10.9400415] },
      "properties": { "highway": "street_lamp" },
      "geohash": "t9ynpxx4k"
    },
    {
      "type": "Feature",
      "geometry": { "type": "Point", "coordinates": [76.2727897, 10.9375178] },
      "properties": { "highway": "street_lamp" },
      "geohash": "t9ynpxh5s"
    },
    {
      "type": "Feature",
      "geometry": { "type": "Point", "coordinates": [76.2781178, 10.9302194] },
      "properties": { "highway": "street_lamp" },
      "geohash": "t9ynpvb10"
    },
    {
      "type": "Feature",
      "geometry": { "type": "Point", "coordinates": [76.2777338, 10.9345118] },
      "properties": { "highway": "street_lamp" },
      "geohash": "t9ynpwxf0"
    },
    {
      "type": "Feature",
      "geometry": { "type": "Point", "coordinates": [76.2750199, 10.9394227] },
      "properties": { "highway": "street_lamp" },
      "geohash": "t9ynpxmyb"
    },
    {
      "type": "Feature",
      "geometry": { "type": "Point", "coordinates": [76.273929, 10.9394115] },
      "properties": { "highway": "street_lamp" },
      "geohash": "t9ynpxkyx"
    },
    {
      "type": "Feature",
      "geometry": { "type": "Point", "coordinates": [76.2775272, 10.9341354] },
      "properties": { "highway": "street_lamp" },
      "geohash": "t9ynpwrxg"
    },
    {
      "type": "Feature",
      "geometry": { "type": "Point", "coordinates": [76.2776148, 10.9381194] },
      "properties": { "highway": "street_lamp" },
      "geohash": "t9ynpxpxj"
    },
    {
      "type": "Feature",
      "geometry": { "type": "Point", "coordinates": [76.2774225, 10.9310473] },
      "properties": { "highway": "street_lamp" },
      "geohash": "t9ynptztb"
    },
    {
      "type": "Feature",
      "geometry": { "type": "Point", "coordinates": [76.2786413, 10.9296355] },
      "properties": { "highway": "street_lamp" },
      "geohash": "t9ynpv8mt"
    },
    {
      "type": "Feature",
      "geometry": { "type": "Point", "coordinates": [76.2793414, 10.93592] },
      "properties": { "highway": "street_lamp" },
      "geohash": "t9ynpybfm"
    },
    {
      "type": "Feature",
      "geometry": { "type": "Point", "coordinates": [76.2781159, 10.9383181] },
      "properties": { "highway": "street_lamp" },
      "geohash": "t9ynpz202"
    },
    {
      "type": "Feature",
      "geometry": { "type": "Point", "coordinates": [76.2777535, 10.9389052] },
      "properties": { "highway": "street_lamp" },
      "geohash": "t9ynpxrg8"
    },
    {
      "type": "Feature",
      "geometry": { "type": "Point", "coordinates": [76.2774263, 10.9363519] },
      "properties": { "highway": "street_lamp" },
      "geohash": "t9ynpwzsb"
    },
    {
      "type": "Feature",
      "geometry": { "type": "Point", "coordinates": [76.279363, 10.9367801] },
      "properties": { "highway": "street_lamp" },
      "geohash": "t9ynpybzm"
    },
    {
      "type": "Feature",
      "geometry": { "type": "Point", "coordinates": [76.2757086, 10.9330675] },
      "properties": { "highway": "street_lamp" },
      "geohash": "t9ynpwq38"
    },
    {
      "type": "Feature",
      "geometry": { "type": "Point", "coordinates": [76.2766683, 10.9327848] },
      "properties": { "highway": "street_lamp" },
      "geohash": "t9ynpwqbp"
    },
    {
      "type": "Feature",
      "geometry": { "type": "Point", "coordinates": [76.2780238, 10.9380052] },
      "properties": { "highway": "street_lamp" },
      "geohash": "t9ynpxpyq"
    },
    {
      "type": "Feature",
      "geometry": { "type": "Point", "coordinates": [76.2771341, 10.9349227] },
      "properties": { "highway": "street_lamp" },
      "geohash": "t9ynpwxkd"
    },
    {
      "type": "Feature",
      "geometry": { "type": "Point", "coordinates": [76.2742488, 10.9393057] },
      "properties": { "highway": "street_lamp" },
      "geohash": "t9ynpxmnn"
    },
    {
      "type": "Feature",
      "geometry": { "type": "Point", "coordinates": [76.2775131, 10.9309314] },
      "properties": { "highway": "street_lamp" },
      "geohash": "t9ynptzt6"
    },
    {
      "type": "Feature",
      "geometry": { "type": "Point", "coordinates": [76.2786263, 10.9376847] },
      "properties": { "highway": "street_lamp" },
      "geohash": "t9ynpz0ks"
    },
    {
      "type": "Feature",
      "geometry": { "type": "Point", "coordinates": [76.2750293, 10.9393824] },
      "properties": { "highway": "street_lamp" },
      "geohash": "t9ynpxmy9"
    },
    {
      "type": "Feature",
      "geometry": { "type": "Point", "coordinates": [76.2787239, 10.9376031] },
      "properties": { "highway": "street_lamp" },
      "geohash": "t9ynpz0kp"
    },
    {
      "type": "Feature",
      "geometry": { "type": "Point", "coordinates": [76.2763456, 10.9322834] },
      "properties": { "highway": "street_lamp" },
      "geohash": "t9ynpwntp"
    },
    {
      "type": "Feature",
      "geometry": { "type": "Point", "coordinates": [76.2766408, 10.9319234] },
      "properties": { "highway": "street_lamp" },
      "geohash": "t9ynpwngn"
    },
    {
      "type": "Feature",
      "geometry": { "type": "Point", "coordinates": [76.277245, 10.9338819] },
      "properties": { "highway": "street_lamp" },
      "geohash": "t9ynpwrqk"
    },
    {
      "type": "Feature",
      "geometry": { "type": "Point", "coordinates": [76.2695504, 10.9346339] },
      "properties": { "highway": "street_lamp" },
      "geohash": "t9ynpw9fc"
    },
    {
      "type": "Feature",
      "geometry": { "type": "Point", "coordinates": [76.2804876, 10.9301168] },
      "properties": { "highway": "street_lamp" },
      "geohash": "t9ynpvcb8"
    },
    {
      "type": "Feature",
      "geometry": { "type": "Point", "coordinates": [76.2801675, 10.9333818] },
      "properties": { "highway": "street_lamp" },
      "geohash": "t9ynpy3e8"
    },
    {
      "type": "Feature",
      "geometry": { "type": "Point", "coordinates": [76.2693136, 10.93457] },
      "properties": { "highway": "street_lamp" },
      "geohash": "t9ynpw9d7"
    },
    {
      "type": "Feature",
      "geometry": { "type": "Point", "coordinates": [76.2755946, 10.938698] },
      "properties": { "highway": "street_lamp" },
      "geohash": "t9ynpxq4w"
    },
    {
      "type": "Feature",
      "geometry": { "type": "Point", "coordinates": [76.2741276, 10.934477] },
      "properties": { "highway": "street_lamp" },
      "geohash": "t9ynpwt1g"
    },
    {
      "type": "Feature",
      "geometry": { "type": "Point", "coordinates": [76.279883, 10.9349468] },
      "properties": { "highway": "street_lamp" },
      "geohash": "t9ynpy9kd"
    },
    {
      "type": "Feature",
      "geometry": { "type": "Point", "coordinates": [76.2753177, 10.927456] },
      "properties": { "highway": "street_lamp" },
      "geohash": "t9ynptmcp"
    },
    {
      "type": "Feature",
      "geometry": { "type": "Point", "coordinates": [76.2728925, 10.9385277] },
      "properties": { "highway": "street_lamp" },
      "geohash": "t9ynpxk1x"
    },
    {
      "type": "Feature",
      "geometry": { "type": "Point", "coordinates": [76.2805059, 10.9311648] },
      "properties": { "highway": "street_lamp" },
      "geohash": "t9ynpvcy8"
    },
    {
      "type": "Feature",
      "geometry": { "type": "Point", "coordinates": [76.2804516, 10.9328092] },
      "properties": { "highway": "street_lamp" },
      "geohash": "t9ynpy38p"
    },
    {
      "type": "Feature",
      "geometry": { "type": "Point", "coordinates": [76.2734064, 10.9369884] },
      "properties": { "highway": "street_lamp" },
      "geohash": "t9ynpxh8e"
    },
    {
      "type": "Feature",
      "geometry": { "type": "Point", "coordinates": [76.2787894, 10.927709] },
      "properties": { "highway": "street_lamp" },
      "geohash": "t9ynpv2d8"
    },
    {
      "type": "Feature",
      "geometry": { "type": "Point", "coordinates": [76.2791565, 10.9372797] },
      "properties": { "highway": "street_lamp" },
      "geohash": "t9ynpz0f3"
    },
    {
      "type": "Feature",
      "geometry": { "type": "Point", "coordinates": [76.2715801, 10.9354683] },
      "properties": { "highway": "street_lamp" },
      "geohash": "t9ynpwer8"
    },
    {
      "type": "Feature",
      "geometry": { "type": "Point", "coordinates": [76.269893, 10.9355471] },
      "properties": { "highway": "street_lamp" },
      "geohash": "t9ynpwf01"
    },
    {
      "type": "Feature",
      "geometry": { "type": "Point", "coordinates": [76.2716249, 10.938597] },
      "properties": { "highway": "street_lamp" },
      "geohash": "t9ynpx73c"
    },
    {
      "type": "Feature",
      "geometry": { "type": "Point", "coordinates": [76.2745311, 10.9359267] },
      "properties": { "highway": "street_lamp" },
      "geohash": "t9ynpwv6m"
    },
    {
      "type": "Feature",
      "geometry": { "type": "Point", "coordinates": [76.2748598, 10.9387052] },
      "properties": { "highway": "street_lamp" },
      "geohash": "t9ynpxmdt"
    },
    {
      "type": "Feature",
      "geometry": { "type": "Point", "coordinates": [76.2746932, 10.9277779] },
      "properties": { "highway": "street_lamp" },
      "geohash": "t9ynptmdc"
    },
    {
      "type": "Feature",
      "geometry": { "type": "Point", "coordinates": [76.2806705, 10.9319558] },
      "properties": { "highway": "street_lamp" },
      "geohash": "t9ynpy1gk"
    },
    {
      "type": "Feature",
      "geometry": { "type": "Point", "coordinates": [76.2714235, 10.9307987] },
      "properties": { "highway": "street_lamp" },
      "geohash": "t9ynptghs"
    },
    {
      "type": "Feature",
      "geometry": { "type": "Point", "coordinates": [76.2698309, 10.9348456] },
      "properties": { "highway": "street_lamp" },
      "geohash": "t9ynpw9up"
    },
    {
      "type": "Feature",
      "geometry": { "type": "Point", "coordinates": [76.2733294, 10.9349466] },
      "properties": { "highway": "street_lamp" },
      "geohash": "t9ynpwss9"
    },
    {
      "type": "Feature",
      "geometry": { "type": "Point", "coordinates": [76.2701414, 10.9332167] },
      "properties": { "highway": "street_lamp" },
      "geohash": "t9ynpw64x"
    },
    {
      "type": "Feature",
      "geometry": { "type": "Point", "coordinates": [76.2802987, 10.9315628] },
      "properties": { "highway": "street_lamp" },
      "geohash": "t9ynpy18g"
    },
    {
      "type": "Feature",
      "geometry": { "type": "Point", "coordinates": [76.2721938, 10.9359007] },
      "properties": { "highway": "street_lamp" },
      "geohash": "t9ynpwgdn"
    },
    {
      "type": "Feature",
      "geometry": { "type": "Point", "coordinates": [76.2705301, 10.9352539] },
      "properties": { "highway": "street_lamp" },
      "geohash": "t9ynpwdw2"
    },
    {
      "type": "Feature",
      "geometry": { "type": "Point", "coordinates": [76.2700678, 10.9350252] },
      "properties": { "highway": "street_lamp" },
      "geohash": "t9ynpwdjj"
    },
    {
      "type": "Feature",
      "geometry": { "type": "Point", "coordinates": [76.2744377, 10.9282342] },
      "properties": { "highway": "street_lamp" },
      "geohash": "t9ynptmme"
    },
    {
      "type": "Feature",
      "geometry": { "type": "Point", "coordinates": [76.2753512, 10.9350387] },
      "properties": { "highway": "street_lamp" },
      "geohash": "t9ynpwwj0"
    },
    {
      "type": "Feature",
      "geometry": { "type": "Point", "coordinates": [76.2724269, 10.9303193] },
      "properties": { "highway": "street_lamp" },
      "geohash": "t9ynptgcs"
    },
    {
      "type": "Feature",
      "geometry": { "type": "Point", "coordinates": [76.2794066, 10.9286688] },
      "properties": { "highway": "street_lamp" },
      "geohash": "t9ynpv8bp"
    },
    {
      "type": "Feature",
      "geometry": { "type": "Point", "coordinates": [76.2783421, 10.9272946] },
      "properties": { "highway": "street_lamp" },
      "geohash": "t9ynpv20n"
    },
    {
      "type": "Feature",
      "geometry": { "type": "Point", "coordinates": [76.2701318, 10.9333777] },
      "properties": { "highway": "street_lamp" },
      "geohash": "t9ynpw65w"
    },
    {
      "type": "Feature",
      "geometry": { "type": "Point", "coordinates": [76.2726334, 10.9364307] },
      "properties": { "highway": "street_lamp" },
      "geohash": "t9ynpwuj3"
    },
    {
      "type": "Feature",
      "geometry": { "type": "Point", "coordinates": [76.2777296, 10.9276942] },
      "properties": { "highway": "street_lamp" },
      "geohash": "t9ynptrdr"
    },
    {
      "type": "Feature",
      "geometry": { "type": "Point", "coordinates": [76.272587, 10.9303191] },
      "properties": { "highway": "street_lamp" },
      "geohash": "t9ynptu18"
    },
    {
      "type": "Feature",
      "geometry": { "type": "Point", "coordinates": [76.2728164, 10.9376269] },
      "properties": { "highway": "street_lamp" },
      "geohash": "t9ynpxhhm"
    },
    {
      "type": "Feature",
      "geometry": { "type": "Point", "coordinates": [76.2719826, 10.9354701] },
      "properties": { "highway": "street_lamp" },
      "geohash": "t9ynpwexd"
    },
    {
      "type": "Feature",
      "geometry": { "type": "Point", "coordinates": [76.2781816, 10.9275015] },
      "properties": { "highway": "street_lamp" },
      "geohash": "t9ynpv216"
    },
    {
      "type": "Feature",
      "geometry": { "type": "Point", "coordinates": [76.2758672, 10.92787] },
      "properties": { "highway": "street_lamp" },
      "geohash": "t9ynptq7k"
    },
    {
      "type": "Feature",
      "geometry": { "type": "Point", "coordinates": [76.2724294, 10.9361852] },
      "properties": { "highway": "street_lamp" },
      "geohash": "t9ynpwggu"
    },
    {
      "type": "Feature",
      "geometry": { "type": "Point", "coordinates": [76.2755707, 10.9275053] },
      "properties": { "highway": "street_lamp" },
      "geohash": "t9ynptq1m"
    },
    {
      "type": "Feature",
      "geometry": { "type": "Point", "coordinates": [76.2776182, 10.9276095] },
      "properties": { "highway": "street_lamp" },
      "geohash": "t9ynptr9v"
    },
    {
      "type": "Feature",
      "geometry": { "type": "Point", "coordinates": [76.2721167, 10.9304217] },
      "properties": { "highway": "street_lamp" },
      "geohash": "t9ynptgdm"
    },
    {
      "type": "Feature",
      "geometry": { "type": "Point", "coordinates": [76.2762629, 10.9281162] },
      "properties": { "highway": "street_lamp" },
      "geohash": "t9ynptqsv"
    },
    {
      "type": "Feature",
      "geometry": { "type": "Point", "coordinates": [76.2726833, 10.9369864] },
      "properties": { "highway": "street_lamp" },
      "geohash": "t9ynpxh0d"
    },
    {
      "type": "Feature",
      "geometry": { "type": "Point", "coordinates": [76.2756501, 10.927558] },
      "properties": { "highway": "street_lamp" },
      "geohash": "t9ynptq1x"
    },
    {
      "type": "Feature",
      "geometry": { "type": "Point", "coordinates": [76.2799437, 10.9281608] },
      "properties": { "highway": "street_lamp" },
      "geohash": "t9ynpv3m5"
    },
    {
      "type": "Feature",
      "geometry": { "type": "Point", "coordinates": [76.2878242, 10.9237403] },
      "properties": { "highway": "street_lamp" },
      "geohash": "t9ynpux57"
    },
    {
      "type": "Feature",
      "geometry": { "type": "Point", "coordinates": [76.2808007, 10.9270772] },
      "properties": { "highway": "street_lamp" },
      "geohash": "t9ynpv1yz"
    },
    {
      "type": "Feature",
      "geometry": { "type": "Point", "coordinates": [76.2847744, 10.9210921] },
      "properties": { "highway": "street_lamp" },
      "geohash": "t9ynpuhgu"
    },
    {
      "type": "Feature",
      "geometry": { "type": "Point", "coordinates": [76.28098, 10.9268327] },
      "properties": { "highway": "street_lamp" },
      "geohash": "t9ynpv4j7"
    },
    {
      "type": "Feature",
      "geometry": { "type": "Point", "coordinates": [76.2861738, 10.9191226] },
      "properties": { "highway": "street_lamp" },
      "geohash": "t9ynpgvbk"
    },
    {
      "type": "Feature",
      "geometry": { "type": "Point", "coordinates": [76.2830378, 10.9236604] },
      "properties": { "highway": "street_lamp" },
      "geohash": "t9ynpuedg"
    },
    {
      "type": "Feature",
      "geometry": { "type": "Point", "coordinates": [76.2799832, 10.9261059] },
      "properties": { "highway": "street_lamp" },
      "geohash": "t9ynpv13h"
    },
    {
      "type": "Feature",
      "geometry": { "type": "Point", "coordinates": [76.2867956, 10.919116] },
      "properties": { "highway": "street_lamp" },
      "geohash": "t9ynpgy27"
    },
    {
      "type": "Feature",
      "geometry": { "type": "Point", "coordinates": [76.2868683, 10.918639] },
      "properties": { "highway": "street_lamp" },
      "geohash": "t9ynpgwms"
    },
    {
      "type": "Feature",
      "geometry": { "type": "Point", "coordinates": [76.2814329, 10.9261285] },
      "properties": { "highway": "street_lamp" },
      "geohash": "t9ynpv43q"
    },
    {
      "type": "Feature",
      "geometry": { "type": "Point", "coordinates": [76.2800559, 10.9280366] },
      "properties": { "highway": "street_lamp" },
      "geohash": "t9ynpv3kq"
    },
    {
      "type": "Feature",
      "geometry": { "type": "Point", "coordinates": [76.286404, 10.918872] },
      "properties": { "highway": "street_lamp" },
      "geohash": "t9ynpgwp4"
    },
    {
      "type": "Feature",
      "geometry": { "type": "Point", "coordinates": [76.2871808, 10.9185113] },
      "properties": { "highway": "street_lamp" },
      "geohash": "t9ynpgwsu"
    },
    {
      "type": "Feature",
      "geometry": { "type": "Point", "coordinates": [76.2843365, 10.9218647] },
      "properties": { "highway": "street_lamp" },
      "geohash": "t9ynpuk83"
    },
    {
      "type": "Feature",
      "geometry": { "type": "Point", "coordinates": [76.2880047, 10.9246245] },
      "properties": { "highway": "street_lamp" },
      "geohash": "t9ynpuz0x"
    },
    {
      "type": "Feature",
      "geometry": { "type": "Point", "coordinates": [76.2799706, 10.9281555] },
      "properties": { "highway": "street_lamp" },
      "geohash": "t9ynpv3mh"
    },
    {
      "type": "Feature",
      "geometry": { "type": "Point", "coordinates": [76.2805653, 10.9280208] },
      "properties": { "highway": "street_lamp" },
      "geohash": "t9ynpv3u6"
    },
    {
      "type": "Feature",
      "geometry": { "type": "Point", "coordinates": [76.2862165, 10.9191355] },
      "properties": { "highway": "street_lamp" },
      "geohash": "t9ynpgvbt"
    },
    {
      "type": "Feature",
      "geometry": { "type": "Point", "coordinates": [76.2885075, 10.9223882] },
      "properties": { "highway": "street_lamp" },
      "geohash": "t9ynpuree"
    },
    {
      "type": "Feature",
      "geometry": { "type": "Point", "coordinates": [76.2856455, 10.9199064] },
      "properties": { "highway": "street_lamp" },
      "geohash": "t9ynpgvt0"
    },
    {
      "type": "Feature",
      "geometry": { "type": "Point", "coordinates": [76.2852447, 10.920467] },
      "properties": { "highway": "street_lamp" },
      "geohash": "t9ynpuj0r"
    },
    {
      "type": "Feature",
      "geometry": { "type": "Point", "coordinates": [76.2844593, 10.9215449] },
      "properties": { "highway": "street_lamp" },
      "geohash": "t9ynpuhws"
    },
    {
      "type": "Feature",
      "geometry": { "type": "Point", "coordinates": [76.2837438, 10.9225773] },
      "properties": { "highway": "street_lamp" },
      "geohash": "t9ynpukhs"
    },
    {
      "type": "Feature",
      "geometry": { "type": "Point", "coordinates": [76.2834573, 10.9229607] },
      "properties": { "highway": "street_lamp" },
      "geohash": "t9ynpu7yv"
    },
    {
      "type": "Feature",
      "geometry": { "type": "Point", "coordinates": [76.2821622, 10.925149] },
      "properties": { "highway": "street_lamp" },
      "geohash": "t9ynpufgx"
    },
    {
      "type": "Feature",
      "geometry": { "type": "Point", "coordinates": [76.2857466, 10.919645] },
      "properties": { "highway": "street_lamp" },
      "geohash": "t9ynpgved"
    },
    {
      "type": "Feature",
      "geometry": { "type": "Point", "coordinates": [76.2806796, 10.9268913] },
      "properties": { "highway": "street_lamp" },
      "geohash": "t9ynpv1vu"
    },
    {
      "type": "Feature",
      "geometry": { "type": "Point", "coordinates": [76.2840588, 10.9221397] },
      "properties": { "highway": "street_lamp" },
      "geohash": "t9ynpuk65"
    },
    {
      "type": "Feature",
      "geometry": { "type": "Point", "coordinates": [76.28057, 10.9274122] },
      "properties": { "highway": "street_lamp" },
      "geohash": "t9ynpv3bf"
    },
    {
      "type": "Feature",
      "geometry": { "type": "Point", "coordinates": [76.2883439, 10.922771] },
      "properties": { "highway": "street_lamp" },
      "geohash": "t9ynpurmz"
    },
    {
      "type": "Feature",
      "geometry": { "type": "Point", "coordinates": [76.2882963, 10.9250623] },
      "properties": { "highway": "street_lamp" },
      "geohash": "t9ynpuz7n"
    },
    {
      "type": "Feature",
      "geometry": { "type": "Point", "coordinates": [76.2894428, 10.9257033] },
      "properties": { "highway": "street_lamp" },
      "geohash": "t9yq0hbqb"
    },
    {
      "type": "Feature",
      "geometry": { "type": "Point", "coordinates": [76.2797347, 10.9284118] },
      "properties": { "highway": "street_lamp" },
      "geohash": "t9ynpv3nw"
    },
    {
      "type": "Feature",
      "geometry": { "type": "Point", "coordinates": [76.2881066, 10.92419] },
      "properties": { "highway": "street_lamp" },
      "geohash": "t9ynpuxq1"
    },
    {
      "type": "Feature",
      "geometry": { "type": "Point", "coordinates": [76.2880836, 10.9248375] },
      "properties": { "highway": "street_lamp" },
      "geohash": "t9ynpuz3c"
    },
    {
      "type": "Feature",
      "geometry": { "type": "Point", "coordinates": [76.2829055, 10.923954] },
      "properties": { "highway": "street_lamp" },
      "geohash": "t9ynpues8"
    },
    {
      "type": "Feature",
      "geometry": { "type": "Point", "coordinates": [76.2896613, 10.9260203] },
      "properties": { "highway": "street_lamp" },
      "geohash": "t9yq0j02t"
    },
    {
      "type": "Feature",
      "geometry": { "type": "Point", "coordinates": [76.2840806, 10.922148] },
      "properties": { "highway": "street_lamp" },
      "geohash": "t9ynpuk65"
    },
    {
      "type": "Feature",
      "geometry": { "type": "Point", "coordinates": [76.2884354, 10.9252997] },
      "properties": { "highway": "street_lamp" },
      "geohash": "t9ynpuzs3"
    },
    {
      "type": "Feature",
      "geometry": { "type": "Point", "coordinates": [76.2884889, 10.9224131] },
      "properties": { "highway": "street_lamp" },
      "geohash": "t9ynpured"
    },
    {
      "type": "Feature",
      "geometry": { "type": "Point", "coordinates": [76.2894685, 10.9261693] },
      "properties": { "highway": "street_lamp" },
      "geohash": "t9yq0j039"
    },
    {
      "type": "Feature",
      "geometry": { "type": "Point", "coordinates": [76.2832382, 10.9233394] },
      "properties": { "highway": "street_lamp" },
      "geohash": "t9ynpuec0"
    },
    {
      "type": "Feature",
      "geometry": { "type": "Point", "coordinates": [76.2802085, 10.926447] },
      "properties": { "highway": "street_lamp" },
      "geohash": "t9ynpv1e1"
    },
    {
      "type": "Feature",
      "geometry": { "type": "Point", "coordinates": [76.2879893, 10.9231081] },
      "properties": { "highway": "street_lamp" },
      "geohash": "t9ynpurpw"
    },
    {
      "type": "Feature",
      "geometry": { "type": "Point", "coordinates": [76.2881952, 10.9254691] },
      "properties": { "highway": "street_lamp" },
      "geohash": "t9ynpuzm7"
    },
    {
      "type": "Feature",
      "geometry": { "type": "Point", "coordinates": [76.2893961, 10.9257098] },
      "properties": { "highway": "street_lamp" },
      "geohash": "t9yq0hbnz"
    },
    {
      "type": "Feature",
      "geometry": { "type": "Point", "coordinates": [76.2890838, 10.9226384] },
      "properties": { "highway": "street_lamp" },
      "geohash": "t9yq0h2hb"
    },
    {
      "type": "Feature",
      "geometry": { "type": "Point", "coordinates": [76.2879664, 10.923845] },
      "properties": { "highway": "street_lamp" },
      "geohash": "t9ynpuxhn"
    },
    {
      "type": "Feature",
      "geometry": { "type": "Point", "coordinates": [76.2880597, 10.9248099] },
      "properties": { "highway": "street_lamp" },
      "geohash": "t9ynpuz38"
    },
    {
      "type": "Feature",
      "geometry": { "type": "Point", "coordinates": [76.2886415, 10.9250681] },
      "properties": { "highway": "street_lamp" },
      "geohash": "t9ynpuzen"
    },
    {
      "type": "Feature",
      "geometry": { "type": "Point", "coordinates": [76.2892212, 10.9254999] },
      "properties": { "highway": "street_lamp" },
      "geohash": "t9yq0hbje"
    },
    {
      "type": "Feature",
      "geometry": { "type": "Point", "coordinates": [76.2887381, 10.9254746] },
      "properties": { "highway": "street_lamp" },
      "geohash": "t9ynpuzv8"
    },
    {
      "type": "Feature",
      "geometry": { "type": "Point", "coordinates": [76.9259952, 11.0195575] },
      "properties": { "highway": "street_lamp" },
      "geohash": "t9ywwqpc9"
    },
    {
      "type": "Feature",
      "geometry": { "type": "Point", "coordinates": [76.9260164, 11.0192695] },
      "properties": { "highway": "street_lamp", "support": "pole" },
      "geohash": "t9ywwmzzf"
    },
    {
      "type": "Feature",
      "geometry": { "type": "Point", "coordinates": [76.9260234, 11.0190882] },
      "properties": { "highway": "street_lamp", "support": "pole" },
      "geohash": "t9ywwmzyf"
    },
    {
      "type": "Feature",
      "geometry": { "type": "Point", "coordinates": [76.548442, 9.6428825] },
      "properties": { "highway": "street_lamp" },
      "geohash": "t9wqvgkvg"
    },
    {
      "type": "Feature",
      "geometry": { "type": "Point", "coordinates": [76.5491376, 9.6417988] },
      "properties": { "highway": "street_lamp" },
      "geohash": "t9wqvgjrs"
    },
    {
      "type": "Feature",
      "geometry": { "type": "Point", "coordinates": [76.5491129, 9.6416052] },
      "properties": { "highway": "street_lamp" },
      "geohash": "t9wqvgjq7"
    },
    {
      "type": "Feature",
      "geometry": { "type": "Point", "coordinates": [76.5486603, 9.6420064] },
      "properties": { "highway": "street_lamp" },
      "geohash": "t9wqvgm0c"
    },
    {
      "type": "Feature",
      "geometry": { "type": "Point", "coordinates": [76.548259, 9.642215] },
      "properties": { "highway": "street_lamp" },
      "geohash": "t9wqvgk9z"
    },
    {
      "type": "Feature",
      "geometry": { "type": "Point", "coordinates": [76.5494429, 9.6415168] },
      "properties": { "highway": "street_lamp" },
      "geohash": "t9wqvgjtg"
    },
    {
      "type": "Feature",
      "geometry": { "type": "Point", "coordinates": [76.549649, 9.6414439] },
      "properties": { "highway": "street_lamp" },
      "geohash": "t9wqvgjv2"
    },
    {
      "type": "Feature",
      "geometry": { "type": "Point", "coordinates": [76.2959968, 9.9592418] },
      "properties": {
        "highway": "street_lamp",
        "lamp_mount": "bent_mast",
        "support": "pole"
      },
      "geohash": "t9y28jj0c"
    },
    {
      "type": "Feature",
      "geometry": { "type": "Point", "coordinates": [76.2949924, 9.9558257] },
      "properties": {
        "highway": "street_lamp",
        "lamp_mount": "bent_mast",
        "lamp_type": "LED",
        "support": "pole"
      },
      "geohash": "t9y28hkkf"
    },
    {
      "type": "Feature",
      "geometry": { "type": "Point", "coordinates": [76.2959838, 9.9565138] },
      "properties": {
        "highway": "street_lamp",
        "lamp_mount": "bent_mast",
        "lamp_type": "electric",
        "support": "pole"
      },
      "geohash": "t9y28ht0c"
    },
    {
      "type": "Feature",
      "geometry": { "type": "Point", "coordinates": [77.1184769, 9.7529749] },
      "properties": { "highway": "street_lamp" },
      "geohash": "t9wz6z7zn"
    },
    {
      "type": "Feature",
      "geometry": { "type": "Point", "coordinates": [77.1184024, 9.7532756] },
      "properties": { "highway": "street_lamp" },
      "geohash": "t9wz6zebv"
    },
    {
      "type": "Feature",
      "geometry": { "type": "Point", "coordinates": [76.8874316, 8.5239236] },
      "properties": { "highway": "street_lamp", "lamp_type": "LED" },
      "geohash": "t9w8mxexr"
    },
    {
      "type": "Feature",
      "geometry": { "type": "Point", "coordinates": [77.0684669, 8.6386439] },
      "properties": {
        "highway": "street_lamp",
        "lamp_type": "solar_lamp",
        "ref": "i 114",
        "support": "pole"
      },
      "geohash": "t9wc1sxe9"
    },
    {
      "type": "Feature",
      "geometry": { "type": "Point", "coordinates": [76.3124297, 9.8888952] },
      "properties": { "highway": "street_lamp" },
      "geohash": "t9y2281nb"
    },
    {
      "type": "Feature",
      "geometry": { "type": "Point", "coordinates": [76.5695858, 8.8829838] },
      "properties": {
        "height": "6m",
        "highway": "street_lamp",
        "lamp_mount": "pole",
        "lamp_type": "electric",
        "support": "pole"
      },
      "geohash": "t9w6w3h70"
    },
    {
      "type": "Feature",
      "geometry": { "type": "Point", "coordinates": [76.5674971, 8.8830741] },
      "properties": {
        "height": "6m",
        "highway": "street_lamp",
        "lamp_mount": "straight_mast",
        "lamp_type": "electric",
        "support": "pole"
      },
      "geohash": "t9w6w34ex"
    },
    {
      "type": "Feature",
      "geometry": { "type": "Point", "coordinates": [76.5669815, 8.8830759] },
      "properties": {
        "height": "6m",
        "highway": "street_lamp",
        "lamp_mount": "straight_mast",
        "lamp_type": "electric",
        "support": "pole"
      },
      "geohash": "t9w6w347e"
    },
    {
      "type": "Feature",
      "geometry": { "type": "Point", "coordinates": [76.5667389, 8.8830748] },
      "properties": {
        "height": "6m",
        "highway": "street_lamp",
        "lamp_mount": "straight_mast",
        "lamp_type": "electric",
        "support": "pole"
      },
      "geohash": "t9w6w345w"
    },
    {
      "type": "Feature",
      "geometry": { "type": "Point", "coordinates": [76.5664777, 8.8830694] },
      "properties": {
        "height": "6m",
        "highway": "street_lamp",
        "lamp_mount": "straight_mast",
        "lamp_type": "electric",
        "support": "pole"
      },
      "geohash": "t9w6w3458"
    },
    {
      "type": "Feature",
      "geometry": { "type": "Point", "coordinates": [76.5661868, 8.8830574] },
      "properties": {
        "height": "6m",
        "highway": "street_lamp",
        "lamp_mount": "straight_mast",
        "lamp_type": "electric",
        "support": "pole"
      },
      "geohash": "t9w6w31g9"
    },
    {
      "type": "Feature",
      "geometry": { "type": "Point", "coordinates": [76.5659672, 8.8830573] },
      "properties": {
        "height": "6m",
        "highway": "street_lamp",
        "lamp_mount": "straight_mast",
        "lamp_type": "electric",
        "support": "pole"
      },
      "geohash": "t9w6w31es"
    },
    {
      "type": "Feature",
      "geometry": { "type": "Point", "coordinates": [76.5657375, 8.8830603] },
      "properties": {
        "height": "6m",
        "highway": "street_lamp",
        "lamp_mount": "straight_mast",
        "lamp_type": "electric",
        "support": "pole"
      },
      "geohash": "t9w6w317w"
    },
    {
      "type": "Feature",
      "geometry": { "type": "Point", "coordinates": [76.5654262, 8.8830644] },
      "properties": {
        "height": "6m",
        "highway": "street_lamp",
        "lamp_mount": "straight_mast",
        "lamp_type": "electric",
        "support": "pole"
      },
      "geohash": "t9w6w315x"
    },
    {
      "type": "Feature",
      "geometry": { "type": "Point", "coordinates": [76.5653013, 8.8830661] },
      "properties": {
        "height": "6m",
        "highway": "street_lamp",
        "lamp_mount": "straight_mast",
        "lamp_type": "electric",
        "support": "pole"
      },
      "geohash": "t9w6w315s"
    },
    {
      "type": "Feature",
      "geometry": { "type": "Point", "coordinates": [76.5649882, 8.8830701] },
      "properties": {
        "height": "6m",
        "highway": "street_lamp",
        "lamp_mount": "straight_mast",
        "lamp_type": "electric",
        "support": "pole"
      },
      "geohash": "t9w6w30gt"
    },
    {
      "type": "Feature",
      "geometry": { "type": "Point", "coordinates": [76.564797, 8.8830725] },
      "properties": {
        "height": "6m",
        "highway": "street_lamp",
        "lamp_mount": "straight_mast",
        "lamp_type": "electric",
        "support": "pole"
      },
      "geohash": "t9w6w30g9"
    },
    {
      "type": "Feature",
      "geometry": { "type": "Point", "coordinates": [76.5645756, 8.8830754] },
      "properties": {
        "height": "6m",
        "highway": "street_lamp",
        "lamp_mount": "straight_mast",
        "lamp_type": "electric",
        "support": "pole"
      },
      "geohash": "t9w6w30ee"
    },
    {
      "type": "Feature",
      "geometry": { "type": "Point", "coordinates": [76.5644847, 8.8832239] },
      "properties": {
        "height": "6",
        "highway": "street_lamp",
        "lamp_mount": "straight_mast",
        "lamp_type": "electric",
        "support": "pole"
      },
      "geohash": "t9w6w30s9"
    },
    {
      "type": "Feature",
      "geometry": { "type": "Point", "coordinates": [76.5700203, 8.8830425] },
      "properties": {
        "height": "6m",
        "highway": "street_lamp",
        "lamp_mount": "pole",
        "lamp_type": "electric",
        "support": "pole"
      },
      "geohash": "t9w6w3he6"
    },
    {
      "type": "Feature",
      "geometry": { "type": "Point", "coordinates": [76.5704519, 8.8830653] },
      "properties": {
        "height": "6m",
        "highway": "street_lamp",
        "lamp_mount": "pole",
        "lamp_type": "electric",
        "support": "pole"
      },
      "geohash": "t9w6w3hgs"
    },
    {
      "type": "Feature",
      "geometry": { "type": "Point", "coordinates": [76.5708524, 8.8830829] },
      "properties": {
        "height": "6m",
        "highway": "street_lamp",
        "lamp_mount": "pole",
        "lamp_type": "electric",
        "support": "pole"
      },
      "geohash": "t9w6w3j5w"
    },
    {
      "type": "Feature",
      "geometry": { "type": "Point", "coordinates": [76.5713098, 8.8830954] },
      "properties": {
        "height": "6m",
        "highway": "street_lamp",
        "lamp_mount": "pole",
        "lamp_type": "electric",
        "support": "pole"
      },
      "geohash": "t9w6w3jeb"
    },
    {
      "type": "Feature",
      "geometry": { "type": "Point", "coordinates": [76.5717616, 8.8831056] },
      "properties": {
        "height": "6m",
        "highway": "street_lamp",
        "lamp_mount": "pole",
        "lamp_type": "electric",
        "support": "pole"
      },
      "geohash": "t9w6w3jgg"
    },
    {
      "type": "Feature",
      "geometry": { "type": "Point", "coordinates": [76.5723151, 8.8830681] },
      "properties": {
        "height": "6m",
        "highway": "street_lamp",
        "lamp_mount": "pole",
        "lamp_type": "electric",
        "support": "pole"
      },
      "geohash": "t9w6w3n78"
    },
    {
      "type": "Feature",
      "geometry": { "type": "Point", "coordinates": [76.5727771, 8.882986] },
      "properties": {
        "height": "6m",
        "highway": "street_lamp",
        "lamp_mount": "pole",
        "lamp_type": "electric",
        "support": "pole"
      },
      "geohash": "t9w6w3ne5"
    },
    {
      "type": "Feature",
      "geometry": { "type": "Point", "coordinates": [76.5733093, 8.8828688] },
      "properties": {
        "height": "6m",
        "highway": "street_lamp",
        "lamp_mount": "pole",
        "lamp_type": "electric",
        "support": "pole"
      },
      "geohash": "t9w6w3nfr"
    },
    {
      "type": "Feature",
      "geometry": { "type": "Point", "coordinates": [76.5738883, 8.8827407] },
      "properties": {
        "height": "6m",
        "highway": "street_lamp",
        "lamp_mount": "pole",
        "lamp_type": "electric",
        "support": "pole"
      },
      "geohash": "t9w6w3p3s"
    },
    {
      "type": "Feature",
      "geometry": { "type": "Point", "coordinates": [76.5744012, 8.8826323] },
      "properties": {
        "height": "6m",
        "highway": "street_lamp",
        "lamp_mount": "pole",
        "lamp_type": "electric",
        "support": "pole"
      },
      "geohash": "t9w6w3pc0"
    },
    {
      "type": "Feature",
      "geometry": { "type": "Point", "coordinates": [76.5749166, 8.8825138] },
      "properties": {
        "height": "6m",
        "highway": "street_lamp",
        "lamp_mount": "pole",
        "lamp_type": "electric",
        "support": "pole"
      },
      "geohash": "t9w6w900k"
    },
    {
      "type": "Feature",
      "geometry": { "type": "Point", "coordinates": [76.5753429, 8.8824165] },
      "properties": {
        "height": "6m",
        "highway": "street_lamp",
        "lamp_mount": "pole",
        "lamp_type": "electric",
        "support": "pole"
      },
      "geohash": "t9w6w8bry"
    },
    {
      "type": "Feature",
      "geometry": { "type": "Point", "coordinates": [76.5672537, 8.8830741] },
      "properties": {
        "height": "6m",
        "highway": "street_lamp",
        "lamp_mount": "straight_mast",
        "lamp_type": "electric",
        "support": "pole"
      },
      "geohash": "t9w6w34ed"
    },
    {
      "type": "Feature",
      "geometry": { "type": "Point", "coordinates": [76.5678311, 8.8830796] },
      "properties": {
        "height": "6m",
        "highway": "street_lamp",
        "lamp_mount": "straight_mast",
        "lamp_type": "electric",
        "support": "pole"
      },
      "geohash": "t9w6w34gx"
    },
    {
      "type": "Feature",
      "geometry": { "type": "Point", "coordinates": [76.5681059, 8.8830834] },
      "properties": {
        "height": "6m",
        "highway": "street_lamp",
        "lamp_mount": "straight_mast",
        "lamp_type": "electric",
        "support": "pole"
      },
      "geohash": "t9w6w355w"
    },
    {
      "type": "Feature",
      "geometry": { "type": "Point", "coordinates": [76.5683692, 8.8830833] },
      "properties": {
        "height": "6m",
        "highway": "street_lamp",
        "lamp_mount": "straight_mast",
        "lamp_type": "electric",
        "support": "pole"
      },
      "geohash": "t9w6w357s"
    },
    {
      "type": "Feature",
      "geometry": { "type": "Point", "coordinates": [76.5686787, 8.883087] },
      "properties": {
        "height": "6m",
        "highway": "street_lamp",
        "lamp_mount": "straight_mast",
        "lamp_type": "electric",
        "support": "pole"
      },
      "geohash": "t9w6w35ee"
    },
    {
      "type": "Feature",
      "geometry": { "type": "Point", "coordinates": [76.5689423, 8.8830939] },
      "properties": {
        "height": "6m",
        "highway": "street_lamp",
        "lamp_mount": "straight_mast",
        "lamp_type": "electric",
        "support": "pole"
      },
      "geohash": "t9w6w35gc"
    },
    {
      "type": "Feature",
      "geometry": { "type": "Point", "coordinates": [76.5691365, 8.8830946] },
      "properties": {
        "height": "6m",
        "highway": "street_lamp",
        "lamp_mount": "straight_mast",
        "lamp_type": "electric",
        "support": "pole"
      },
      "geohash": "t9w6w35gy"
    },
    {
      "type": "Feature",
      "geometry": { "type": "Point", "coordinates": [76.3676398, 10.0108727] },
      "properties": { "highway": "street_lamp", "lamp_type": "electric" },
      "geohash": "t9y2cy3jw"
    },
    {
      "type": "Feature",
      "geometry": { "type": "Point", "coordinates": [76.8130154, 9.2567085] },
      "properties": {
        "highway": "street_lamp",
        "source": "streetlevel imagery",
        "support": "pole"
      },
      "geohash": "t9wsevjs0"
    },
    {
      "type": "Feature",
      "geometry": { "type": "Point", "coordinates": [76.8133001, 9.2561471] },
      "properties": { "highway": "street_lamp", "support": "pole" },
      "geohash": "t9wsevj8z"
    },
    {
      "type": "Feature",
      "geometry": { "type": "Point", "coordinates": [76.8134907, 9.2560347] },
      "properties": { "highway": "street_lamp", "support": "pole" },
      "geohash": "t9wsevjbk"
    },
    {
      "type": "Feature",
      "geometry": { "type": "Point", "coordinates": [76.2167515, 10.5217856] },
      "properties": {
        "highway": "street_lamp",
        "historic": "yes",
        "name": "Anchu Vilakku",
        "name:ml": "\u0d05\u0d1e\u0d4d\u0d1a\u0d41 \u0d35\u0d3f\u0d33\u0d15\u0d4d\u0d15\u0d4d"
      },
      "geohash": "t9y5y77mg"
    },
    {
      "type": "Feature",
      "geometry": { "type": "Point", "coordinates": [76.1898217, 10.6465421] },
      "properties": {
        "direction": "81",
        "highway": "street_lamp",
        "lamp_mount": "bent_mast",
        "lamp_type": "led",
        "support": "pole"
      },
      "geohash": "t9yhtdpsx"
    },
    {
      "type": "Feature",
      "geometry": { "type": "Point", "coordinates": [76.1898382, 10.646602] },
      "properties": {
        "direction": "99",
        "highway": "street_lamp",
        "lamp_mount": "bent_mast",
        "lamp_type": "led",
        "support": "pole"
      },
      "geohash": "t9yhtdpsz"
    },
    {
      "type": "Feature",
      "geometry": { "type": "Point", "coordinates": [76.3178415, 9.9702167] },
      "properties": { "highway": "street_lamp" },
      "geohash": "t9y28xhbw"
    },
    {
      "type": "Feature",
      "geometry": { "type": "Point", "coordinates": [76.3432595, 9.6553378] },
      "properties": {
        "highway": "street_lamp",
        "material": "reinforced_concrete",
        "operator": "KSEB",
        "operator:wikidata": "Q6393422",
        "power": "pole",
        "ref": "T ME-149 N-7"
      },
      "geohash": "t9wqcjxqq"
    },
    {
      "type": "Feature",
      "geometry": { "type": "Point", "coordinates": [76.3404467, 9.6575484] },
      "properties": {
        "highway": "street_lamp",
        "operator": "KSEB",
        "operator:wikidata": "Q6393422",
        "power": "pole",
        "ref": "CE MB-38 W-15"
      },
      "geohash": "t9wqcnj7m"
    },
    {
      "type": "Feature",
      "geometry": { "type": "Point", "coordinates": [76.3428553, 9.6544026] },
      "properties": {
        "highway": "street_lamp",
        "operator": "KSEB",
        "operator:wikidata": "Q6393422",
        "power": "pole",
        "ref": "T ME 149"
      },
      "geohash": "t9wqcjx0v"
    },
    {
      "type": "Feature",
      "geometry": { "type": "Point", "coordinates": [76.3393137, 9.6497746] },
      "properties": {
        "highway": "street_lamp",
        "operator": "KSEB",
        "operator:wikidata": "Q6393422",
        "power": "pole"
      },
      "geohash": "t9wqchsw4"
    },
    {
      "type": "Feature",
      "geometry": { "type": "Point", "coordinates": [76.3382644, 9.6548737] },
      "properties": {
        "highway": "street_lamp",
        "operator": "KSEB",
        "operator:wikidata": "Q6393422",
        "power": "pole"
      },
      "geohash": "t9wqcjegd"
    },
    {
      "type": "Feature",
      "geometry": { "type": "Point", "coordinates": [76.3392169, 9.6546411] },
      "properties": {
        "highway": "street_lamp",
        "operator": "KSEB",
        "operator:wikidata": "Q6393422",
        "power": "pole"
      },
      "geohash": "t9wqcjsd2"
    },
    {
      "type": "Feature",
      "geometry": { "type": "Point", "coordinates": [76.3399836, 9.6544527] },
      "properties": {
        "highway": "street_lamp",
        "operator": "KSEB",
        "operator:wikidata": "Q6393422",
        "power": "pole"
      },
      "geohash": "t9wqcjt16"
    },
    {
      "type": "Feature",
      "geometry": { "type": "Point", "coordinates": [76.3404082, 9.6544757] },
      "properties": {
        "highway": "street_lamp",
        "operator": "KSEB",
        "operator:wikidata": "Q6393422",
        "power": "pole"
      },
      "geohash": "t9wqcjt3k"
    },
    {
      "type": "Feature",
      "geometry": { "type": "Point", "coordinates": [76.3408717, 9.6544548] },
      "properties": {
        "highway": "street_lamp",
        "operator": "KSEB",
        "operator:wikidata": "Q6393422",
        "power": "pole",
        "ref": "T ME-156"
      },
      "geohash": "t9wqcjt9r"
    },
    {
      "type": "Feature",
      "geometry": { "type": "Point", "coordinates": [76.3398907, 9.6556542] },
      "properties": {
        "highway": "street_lamp",
        "operator": "KSEB",
        "operator:wikidata": "Q6393422",
        "power": "pole"
      },
      "geohash": "t9wqcjv02"
    },
    {
      "type": "Feature",
      "geometry": { "type": "Point", "coordinates": [76.3399342, 9.6566865] },
      "properties": {
        "highway": "street_lamp",
        "operator": "KSEB",
        "operator:wikidata": "Q6393422",
        "power": "pole"
      },
      "geohash": "t9wqcjvn3"
    },
    {
      "type": "Feature",
      "geometry": { "type": "Point", "coordinates": [76.3399883, 9.657031] },
      "properties": {
        "highway": "street_lamp",
        "operator": "KSEB",
        "operator:wikidata": "Q6393422",
        "power": "pole"
      },
      "geohash": "t9wqcnj06"
    },
    {
      "type": "Feature",
      "geometry": { "type": "Point", "coordinates": [76.3404557, 9.6574988] },
      "properties": { "highway": "street_lamp", "support": "pole" },
      "geohash": "t9wqcnj7j"
    },
    {
      "type": "Feature",
      "geometry": { "type": "Point", "coordinates": [76.3428802, 9.6691289] },
      "properties": {
        "highway": "street_lamp",
        "operator": "KSEB",
        "operator:wikidata": "Q6393422",
        "power": "pole"
      },
      "geohash": "t9wr10pny"
    },
    {
      "type": "Feature",
      "geometry": { "type": "Point", "coordinates": [76.3373614, 9.7227628] },
      "properties": {
        "highway": "street_lamp",
        "operator": "KSEB",
        "operator:wikidata": "Q6393422",
        "power": "pole"
      },
      "geohash": "t9wr31gpj"
    },
    {
      "type": "Feature",
      "geometry": { "type": "Point", "coordinates": [76.3378024, 9.7252735] },
      "properties": {
        "highway": "street_lamp",
        "operator": "KSEB",
        "operator:wikidata": "Q6393422",
        "power": "pole"
      },
      "geohash": "t9wr347mz"
    },
    {
      "type": "Feature",
      "geometry": { "type": "Point", "coordinates": [76.3377925, 9.7252917] },
      "properties": {
        "highway": "street_lamp",
        "operator": "KSEB",
        "operator:wikidata": "Q6393422",
        "power": "pole"
      },
      "geohash": "t9wr347mz"
    },
    {
      "type": "Feature",
      "geometry": { "type": "Point", "coordinates": [76.3376621, 9.7265087] },
      "properties": {
        "highway": "street_lamp",
        "operator": "KSEB",
        "operator:wikidata": "Q6393422",
        "power": "pole;transformer",
        "transformer": "distribution"
      },
      "geohash": "t9wr34emh"
    },
    {
      "type": "Feature",
      "geometry": { "type": "Point", "coordinates": [76.3376376, 9.7226553] },
      "properties": {
        "highway": "street_lamp",
        "operator": "KSEB",
        "operator:wikidata": "Q6393422",
        "power": "pole"
      },
      "geohash": "t9wr31gqe"
    },
    {
      "type": "Feature",
      "geometry": { "type": "Point", "coordinates": [76.337541, 9.7217937] },
      "properties": {
        "highway": "street_lamp",
        "operator": "KSEB",
        "operator:wikidata": "Q6393422",
        "power": "pole"
      },
      "geohash": "t9wr31g39"
    },
    {
      "type": "Feature",
      "geometry": { "type": "Point", "coordinates": [76.3375194, 9.7215675] },
      "properties": {
        "highway": "street_lamp",
        "operator": "KSEB",
        "operator:wikidata": "Q6393422",
        "power": "pole"
      },
      "geohash": "t9wr31g21"
    },
    {
      "type": "Feature",
      "geometry": { "type": "Point", "coordinates": [76.3372072, 9.7228127] },
      "properties": {
        "highway": "street_lamp",
        "operator": "KSEB",
        "operator:wikidata": "Q6393422",
        "power": "pole"
      },
      "geohash": "t9wr31gp3"
    },
    {
      "type": "Feature",
      "geometry": { "type": "Point", "coordinates": [76.3369991, 9.7228766] },
      "properties": {
        "highway": "street_lamp",
        "operator": "KSEB",
        "operator:wikidata": "Q6393422",
        "power": "pole"
      },
      "geohash": "t9wr31fzv"
    },
    {
      "type": "Feature",
      "geometry": { "type": "Point", "coordinates": [76.3380693, 9.7297527] },
      "properties": {
        "highway": "street_lamp",
        "operator": "KSEB",
        "operator:wikidata": "Q6393422",
        "power": "pole"
      },
      "geohash": "t9wr355xv"
    },
    {
      "type": "Feature",
      "geometry": { "type": "Point", "coordinates": [76.338162, 9.7307469] },
      "properties": {
        "highway": "street_lamp",
        "operator": "KSEB",
        "operator:wikidata": "Q6393422",
        "power": "pole;transformer",
        "transformer": "distribution"
      },
      "geohash": "t9wr357v8"
    },
    {
      "type": "Feature",
      "geometry": { "type": "Point", "coordinates": [76.3383125, 9.722461] },
      "properties": {
        "highway": "street_lamp",
        "operator": "KSEB",
        "operator:wikidata": "Q6393422",
        "power": "pole"
      },
      "geohash": "t9wr31gv7"
    },
    {
      "type": "Feature",
      "geometry": { "type": "Point", "coordinates": [76.3385924, 9.7223776] },
      "properties": {
        "highway": "street_lamp",
        "operator": "KSEB",
        "operator:wikidata": "Q6393422",
        "power": "pole"
      },
      "geohash": "t9wr31uhf"
    },
    {
      "type": "Feature",
      "geometry": { "type": "Point", "coordinates": [76.338871, 9.7223122] },
      "properties": {
        "highway": "street_lamp",
        "operator": "KSEB",
        "operator:wikidata": "Q6393422",
        "power": "pole"
      },
      "geohash": "t9wr31uk8"
    },
    {
      "type": "Feature",
      "geometry": { "type": "Point", "coordinates": [76.3395003, 9.7222106] },
      "properties": {
        "highway": "street_lamp",
        "operator": "KSEB",
        "operator:wikidata": "Q6393422",
        "power": "pole"
      },
      "geohash": "t9wr31uez"
    },
    {
      "type": "Feature",
      "geometry": { "type": "Point", "coordinates": [76.3397622, 9.722201] },
      "properties": {
        "highway": "street_lamp",
        "operator": "KSEB",
        "operator:wikidata": "Q6393422",
        "power": "pole"
      },
      "geohash": "t9wr31ugv"
    },
    {
      "type": "Feature",
      "geometry": { "type": "Point", "coordinates": [76.3400376, 9.722201] },
      "properties": {
        "highway": "street_lamp",
        "operator": "KSEB",
        "operator:wikidata": "Q6393422",
        "power": "pole"
      },
      "geohash": "t9wr31v5g"
    },
    {
      "type": "Feature",
      "geometry": { "type": "Point", "coordinates": [76.3403031, 9.7221701] },
      "properties": {
        "highway": "street_lamp",
        "operator": "KSEB",
        "operator:wikidata": "Q6393422",
        "power": "pole"
      },
      "geohash": "t9wr31v79"
    },
    {
      "type": "Feature",
      "geometry": { "type": "Point", "coordinates": [76.340481, 9.7221684] },
      "properties": {
        "highway": "street_lamp",
        "operator": "KSEB",
        "operator:wikidata": "Q6393422",
        "power": "pole"
      },
      "geohash": "t9wr31v7w"
    },
    {
      "type": "Feature",
      "geometry": { "type": "Point", "coordinates": [76.340754, 9.7222429] },
      "properties": {
        "highway": "street_lamp",
        "operator": "KSEB",
        "operator:wikidata": "Q6393422",
        "power": "pole",
        "transformer": "distribution"
      },
      "geohash": "t9wr31vsh"
    },
    {
      "type": "Feature",
      "geometry": { "type": "Point", "coordinates": [76.3465744, 9.6627955] },
      "properties": { "highway": "street_lamp" },
      "geohash": "t9wqcr1cu"
    },
    {
      "type": "Feature",
      "geometry": { "type": "Point", "coordinates": [76.4307469, 9.6477401] },
      "properties": {
        "highway": "street_lamp",
        "operator": "KSEB",
        "operator:wikidata": "Q6393422",
        "power": "pole"
      },
      "geohash": "t9wqghr4j"
    },
    {
      "type": "Feature",
      "geometry": { "type": "Point", "coordinates": [76.4307192, 9.6475232] },
      "properties": {
        "highway": "street_lamp",
        "operator": "KSEB",
        "operator:wikidata": "Q6393422",
        "power": "pole",
        "ref": "TLM UC-285"
      },
      "geohash": "t9wqghr0u"
    },
    {
      "type": "Feature",
      "geometry": { "type": "Point", "coordinates": [76.430702, 9.6472985] },
      "properties": {
        "highway": "street_lamp",
        "operator": "KSEB",
        "operator:wikidata": "Q6393422",
        "power": "pole",
        "ref": "TLM UC-286"
      },
      "geohash": "t9wqghpps"
    },
    {
      "type": "Feature",
      "geometry": { "type": "Point", "coordinates": [76.4306786, 9.6471573] },
      "properties": {
        "highway": "street_lamp",
        "operator": "KSEB",
        "operator:wikidata": "Q6393422",
        "power": "pole",
        "ref": "TLM UC-287"
      },
      "geohash": "t9wqghpng"
    },
    {
      "type": "Feature",
      "geometry": { "type": "Point", "coordinates": [76.4306369, 9.6465603] },
      "properties": {
        "highway": "street_lamp",
        "operator": "KSEB",
        "operator:wikidata": "Q6393422",
        "power": "pole",
        "ref": "TLM UC-289"
      },
      "geohash": "t9wqghp56"
    },
    {
      "type": "Feature",
      "geometry": { "type": "Point", "coordinates": [76.4306651, 9.6468988] },
      "properties": {
        "highway": "street_lamp",
        "operator": "KSEB",
        "operator:wikidata": "Q6393422",
        "power": "pole",
        "ref": "TLM UC-288"
      },
      "geohash": "t9wqghpj7"
    },
    {
      "type": "Feature",
      "geometry": { "type": "Point", "coordinates": [77.4673864, 11.4628013] },
      "properties": {
        "direction": "90",
        "highway": "street_lamp",
        "ref": "1  PVP"
      },
      "geohash": "tdp14ydp8"
    },
    {
      "type": "Feature",
      "geometry": { "type": "Point", "coordinates": [77.4680022, 11.4626764] },
      "properties": { "highway": "street_lamp", "ref": "2 Nataraj Tea Shop" },
      "geohash": "tdp14ydqz"
    },
    {
      "type": "Feature",
      "geometry": { "type": "Point", "coordinates": [77.4659105, 11.46311] },
      "properties": { "highway": "street_lamp", "ref": "20- VVP North street" },
      "geohash": "tdp14ybcq"
    },
    {
      "type": "Feature",
      "geometry": { "type": "Point", "coordinates": [77.4659363, 11.4611527] },
      "properties": {
        "direction": "90",
        "highway": "street_lamp",
        "ref": "24- Water tank street"
      },
      "geohash": "tdp14y2yp"
    },
    {
      "type": "Feature",
      "geometry": { "type": "Point", "coordinates": [77.465428, 11.4614123] },
      "properties": {
        "direction": "90",
        "height": "5",
        "highway": "street_lamp",
        "lamp_mount": "pole",
        "lamp_type": "led",
        "ref": "25- VVP home",
        "support": "street_lamp"
      },
      "geohash": "tdp14y2xe"
    },
    {
      "type": "Feature",
      "geometry": { "type": "Point", "coordinates": [76.5963102, 8.8953337] },
      "properties": {
        "direction": "180",
        "highway": "street_lamp",
        "lamp_mount": "angled_mast",
        "lamp_type": "electric",
        "support": "pole"
      },
      "geohash": "t9w6wgrep"
    },
    {
      "type": "Feature",
      "geometry": { "type": "Point", "coordinates": [76.5964633, 8.895316] },
      "properties": {
        "direction": "180",
        "highway": "street_lamp",
        "lamp_mount": "angled_mast",
        "lamp_type": "electric",
        "support": "pole"
      },
      "geohash": "t9w6wgrff"
    },
    {
      "type": "Feature",
      "geometry": { "type": "Point", "coordinates": [76.5961392, 8.8953519] },
      "properties": {
        "direction": "180",
        "highway": "street_lamp",
        "lamp_mount": "angled_mast",
        "lamp_type": "electric",
        "support": "pole"
      },
      "geohash": "t9w6wgre5"
    },
    {
      "type": "Feature",
      "geometry": { "type": "Point", "coordinates": [76.5959397, 8.8953727] },
      "properties": {
        "direction": "180",
        "highway": "street_lamp",
        "lamp_mount": "angled_mast",
        "lamp_type": "electric",
        "support": "pole"
      },
      "geohash": "t9w6wgr7q"
    },
    {
      "type": "Feature",
      "geometry": { "type": "Point", "coordinates": [76.5957057, 8.8953992] },
      "properties": {
        "direction": "180",
        "highway": "street_lamp",
        "lamp_mount": "angled_mast",
        "lamp_type": "electric",
        "support": "pole"
      },
      "geohash": "t9w6wgr73"
    },
    {
      "type": "Feature",
      "geometry": { "type": "Point", "coordinates": [76.5956261, 8.8954062] },
      "properties": {
        "direction": "180",
        "highway": "street_lamp",
        "lamp_mount": "angled_mast",
        "lamp_type": "electric",
        "support": "pole"
      },
      "geohash": "t9w6wgr5r"
    },
    {
      "type": "Feature",
      "geometry": { "type": "Point", "coordinates": [76.5954193, 8.8954263] },
      "properties": {
        "direction": "180",
        "highway": "street_lamp",
        "lamp_mount": "angled_mast",
        "lamp_type": "electric",
        "support": "pole"
      },
      "geohash": "t9w6wgr5d"
    },
    {
      "type": "Feature",
      "geometry": { "type": "Point", "coordinates": [76.5952296, 8.895459] },
      "properties": {
        "direction": "180",
        "highway": "street_lamp",
        "lamp_mount": "angled_mast",
        "lamp_type": "electric",
        "support": "pole"
      },
      "geohash": "t9w6wgqgy"
    },
    {
      "type": "Feature",
      "geometry": { "type": "Point", "coordinates": [76.5950464, 8.8954802] },
      "properties": {
        "direction": "180",
        "highway": "street_lamp",
        "lamp_mount": "angled_mast",
        "lamp_type": "electric",
        "support": "pole"
      },
      "geohash": "t9w6wgqgc"
    },
    {
      "type": "Feature",
      "geometry": { "type": "Point", "coordinates": [76.594869, 8.8954998] },
      "properties": {
        "direction": "180",
        "highway": "street_lamp",
        "lamp_mount": "angled_mast",
        "lamp_type": "electric",
        "support": "pole"
      },
      "geohash": "t9w6wgqsj"
    },
    {
      "type": "Feature",
      "geometry": { "type": "Point", "coordinates": [76.5947011, 8.8955199] },
      "properties": {
        "direction": "180",
        "highway": "street_lamp",
        "lamp_mount": "angled_mast",
        "lamp_type": "electric",
        "support": "pole"
      },
      "geohash": "t9w6wgqs1"
    },
    {
      "type": "Feature",
      "geometry": { "type": "Point", "coordinates": [76.5945375, 8.895535] },
      "properties": {
        "direction": "180",
        "highway": "street_lamp",
        "lamp_mount": "angled_mast",
        "lamp_type": "electric",
        "support": "pole"
      },
      "geohash": "t9w6wgqkn"
    },
    {
      "type": "Feature",
      "geometry": { "type": "Point", "coordinates": [76.5943794, 8.8955477] },
      "properties": {
        "direction": "180",
        "highway": "street_lamp",
        "lamp_mount": "angled_mast",
        "lamp_type": "electric",
        "support": "pole"
      },
      "geohash": "t9w6wgqk6"
    },
    {
      "type": "Feature",
      "geometry": { "type": "Point", "coordinates": [76.5941875, 8.8955636] },
      "properties": {
        "direction": "180",
        "highway": "street_lamp",
        "lamp_mount": "angled_mast",
        "lamp_type": "electric",
        "support": "pole"
      },
      "geohash": "t9w6wgqhm"
    },
    {
      "type": "Feature",
      "geometry": { "type": "Point", "coordinates": [76.594004, 8.8955824] },
      "properties": {
        "direction": "180",
        "highway": "street_lamp",
        "lamp_mount": "angled_mast",
        "lamp_type": "electric",
        "support": "pole"
      },
      "geohash": "t9w6wgqh9"
    },
    {
      "type": "Feature",
      "geometry": { "type": "Point", "coordinates": [76.5938402, 8.895604] },
      "properties": {
        "direction": "180",
        "highway": "street_lamp",
        "lamp_mount": "angled_mast",
        "lamp_type": "electric",
        "support": "pole"
      },
      "geohash": "t9w6wgmut"
    },
    {
      "type": "Feature",
      "geometry": { "type": "Point", "coordinates": [76.5936444, 8.8956269] },
      "properties": {
        "direction": "180",
        "highway": "street_lamp",
        "lamp_mount": "angled_mast",
        "lamp_type": "electric",
        "support": "pole"
      },
      "geohash": "t9w6wgmuc"
    },
    {
      "type": "Feature",
      "geometry": { "type": "Point", "coordinates": [76.5934838, 8.8956423] },
      "properties": {
        "direction": "180",
        "highway": "street_lamp",
        "lamp_mount": "angled_mast",
        "lamp_type": "electric",
        "support": "pole"
      },
      "geohash": "t9w6wgmsv"
    },
    {
      "type": "Feature",
      "geometry": { "type": "Point", "coordinates": [76.5932896, 8.8956636] },
      "properties": {
        "direction": "180",
        "highway": "street_lamp",
        "lamp_mount": "angled_mast",
        "lamp_type": "electric",
        "support": "pole"
      },
      "geohash": "t9w6wgmsc"
    },
    {
      "type": "Feature",
      "geometry": { "type": "Point", "coordinates": [76.5932117, 8.8956661] },
      "properties": {
        "direction": "180",
        "highway": "street_lamp",
        "lamp_mount": "angled_mast",
        "lamp_type": "electric",
        "support": "pole"
      },
      "geohash": "t9w6wgmmp"
    },
    {
      "type": "Feature",
      "geometry": { "type": "Point", "coordinates": [76.5929255, 8.8956976] },
      "properties": {
        "direction": "180",
        "highway": "street_lamp",
        "lamp_mount": "angled_mast",
        "lamp_type": "electric",
        "support": "pole"
      },
      "geohash": "t9w6wgmm0"
    },
    {
      "type": "Feature",
      "geometry": { "type": "Point", "coordinates": [76.5928536, 8.8957073] },
      "properties": {
        "direction": "180",
        "highway": "street_lamp",
        "lamp_mount": "angled_mast",
        "lamp_type": "electric",
        "support": "pole"
      },
      "geohash": "t9w6wgmjq"
    },
    {
      "type": "Feature",
      "geometry": { "type": "Point", "coordinates": [76.5927222, 8.895723] },
      "properties": {
        "direction": "180",
        "highway": "street_lamp",
        "lamp_mount": "angled_mast",
        "lamp_type": "electric",
        "support": "pole"
      },
      "geohash": "t9w6wgmj7"
    },
    {
      "type": "Feature",
      "geometry": { "type": "Point", "coordinates": [76.592635, 8.8957334] },
      "properties": {
        "direction": "180",
        "highway": "street_lamp",
        "lamp_mount": "angled_mast",
        "lamp_type": "electric",
        "support": "pole"
      },
      "geohash": "t9w6wgmj3"
    },
    {
      "type": "Feature",
      "geometry": { "type": "Point", "coordinates": [76.5924453, 8.8957532] },
      "properties": {
        "direction": "180",
        "highway": "street_lamp",
        "lamp_mount": "angled_mast",
        "lamp_type": "electric",
        "support": "pole"
      },
      "geohash": "t9w6wgkvt"
    },
    {
      "type": "Feature",
      "geometry": { "type": "Point", "coordinates": [76.592287, 8.8957731] },
      "properties": {
        "direction": "180",
        "highway": "street_lamp",
        "lamp_mount": "angled_mast",
        "lamp_type": "electric",
        "support": "pole"
      },
      "geohash": "t9w6wgkv9"
    },
    {
      "type": "Feature",
      "geometry": { "type": "Point", "coordinates": [76.5920781, 8.8957927] },
      "properties": {
        "direction": "180",
        "highway": "street_lamp",
        "lamp_mount": "angled_mast",
        "lamp_type": "electric",
        "support": "pole"
      },
      "geohash": "t9w6wgkts"
    },
    {
      "type": "Feature",
      "geometry": { "type": "Point", "coordinates": [76.5917781, 8.8958248] },
      "properties": {
        "direction": "180",
        "highway": "street_lamp",
        "lamp_mount": "angled_mast",
        "lamp_type": "electric",
        "support": "pole"
      },
      "geohash": "t9w6wgkmv"
    },
    {
      "type": "Feature",
      "geometry": { "type": "Point", "coordinates": [76.5915868, 8.8958439] },
      "properties": {
        "direction": "180",
        "highway": "street_lamp",
        "lamp_mount": "angled_mast",
        "lamp_type": "electric",
        "support": "pole"
      },
      "geohash": "t9w6wgkq1"
    },
    {
      "type": "Feature",
      "geometry": { "type": "Point", "coordinates": [76.5914474, 8.8958559] },
      "properties": {
        "direction": "180",
        "highway": "street_lamp",
        "lamp_mount": "angled_mast",
        "lamp_type": "electric",
        "support": "pole"
      },
      "geohash": "t9w6wgknn"
    },
    {
      "type": "Feature",
      "geometry": { "type": "Point", "coordinates": [76.5912863, 8.8958646] },
      "properties": {
        "direction": "180",
        "highway": "street_lamp",
        "lamp_mount": "angled_mast",
        "lamp_type": "electric",
        "support": "pole"
      },
      "geohash": "t9w6wgkn4"
    },
    {
      "type": "Feature",
      "geometry": { "type": "Point", "coordinates": [76.5910789, 8.8958932] },
      "properties": {
        "direction": "180",
        "highway": "street_lamp",
        "lamp_mount": "angled_mast",
        "lamp_type": "electric",
        "support": "pole"
      },
      "geohash": "t9w6wg7ym"
    },
    {
      "type": "Feature",
      "geometry": { "type": "Point", "coordinates": [76.5908986, 8.8959216] },
      "properties": {
        "direction": "180",
        "highway": "street_lamp",
        "lamp_mount": "angled_mast",
        "lamp_type": "electric",
        "support": "pole"
      },
      "geohash": "t9w6wg7y3"
    },
    {
      "type": "Feature",
      "geometry": { "type": "Point", "coordinates": [76.5964046, 8.8944737] },
      "properties": {
        "direction": "270",
        "highway": "street_lamp",
        "lamp_mount": "angled_mast",
        "lamp_type": "electric",
        "support": "pole"
      },
      "geohash": "t9w6wgpy1"
    },
    {
      "type": "Feature",
      "geometry": { "type": "Point", "coordinates": [76.5960713, 8.8934855] },
      "properties": {
        "highway": "street_lamp",
        "lamp_type": "led",
        "support": "pole"
      },
      "geohash": "t9w6wgp83"
    },
    {
      "type": "Feature",
      "geometry": { "type": "Point", "coordinates": [76.596758, 8.8952601] },
      "properties": {
        "direction": "270",
        "highway": "street_lamp",
        "lamp_mount": "angled_mast",
        "lamp_type": "electric",
        "support": "pole"
      },
      "geohash": "t9w6x5249"
    },
    {
      "type": "Feature",
      "geometry": { "type": "Point", "coordinates": [76.5967208, 8.8951421] },
      "properties": {
        "direction": "270",
        "highway": "street_lamp",
        "lamp_mount": "angled_mast",
        "lamp_type": "electric",
        "support": "pole"
      },
      "geohash": "t9w6x521b"
    },
    {
      "type": "Feature",
      "geometry": { "type": "Point", "coordinates": [76.596641, 8.894971] },
      "properties": {
        "direction": "270",
        "highway": "street_lamp",
        "lamp_mount": "angled_mast",
        "lamp_type": "electric",
        "support": "pole"
      },
      "geohash": "t9w6wgrbz"
    },
    {
      "type": "Feature",
      "geometry": { "type": "Point", "coordinates": [76.5965786, 8.8948409] },
      "properties": {
        "direction": "270",
        "highway": "street_lamp",
        "lamp_mount": "angled_mast",
        "lamp_type": "electric",
        "support": "pole"
      },
      "geohash": "t9w6wgrbj"
    },
    {
      "type": "Feature",
      "geometry": { "type": "Point", "coordinates": [76.5964776, 8.8946379] },
      "properties": {
        "direction": "270",
        "highway": "street_lamp",
        "lamp_mount": "angled_mast",
        "lamp_type": "electric",
        "support": "pole"
      },
      "geohash": "t9w6wgpz5"
    },
    {
      "type": "Feature",
      "geometry": { "type": "Point", "coordinates": [76.5963356, 8.8943512] },
      "properties": {
        "direction": "315",
        "highway": "street_lamp",
        "lamp_mount": "angled_mast",
        "lamp_type": "electric",
        "support": "pole"
      },
      "geohash": "t9w6wgptr"
    },
    {
      "type": "Feature",
      "geometry": { "type": "Point", "coordinates": [76.5962675, 8.8941523] },
      "properties": {
        "direction": "270",
        "highway": "street_lamp",
        "lamp_mount": "angled_mast",
        "lamp_type": "electric",
        "support": "pole"
      },
      "geohash": "t9w6wgpsn"
    },
    {
      "type": "Feature",
      "geometry": { "type": "Point", "coordinates": [76.596236, 8.8940103] },
      "properties": {
        "direction": "270",
        "highway": "street_lamp",
        "lamp_mount": "angled_mast",
        "lamp_type": "electric",
        "support": "pole"
      },
      "geohash": "t9w6wgpem"
    },
    {
      "type": "Feature",
      "geometry": { "type": "Point", "coordinates": [76.596197, 8.8937933] },
      "properties": {
        "direction": "270",
        "highway": "street_lamp",
        "lamp_mount": "angled_mast",
        "lamp_type": "electric",
        "support": "pole"
      },
      "geohash": "t9w6wgpdh"
    },
    {
      "type": "Feature",
      "geometry": { "type": "Point", "coordinates": [76.5961591, 8.8936255] },
      "properties": {
        "direction": "315",
        "highway": "street_lamp",
        "lamp_mount": "angled_mast",
        "lamp_type": "electric",
        "support": "pole"
      },
      "geohash": "t9w6wgp95"
    },
    {
      "type": "Feature",
      "geometry": { "type": "Point", "coordinates": [76.5960452, 8.8934593] },
      "properties": {
        "direction": "270",
        "highway": "street_lamp",
        "lamp_mount": "angled_mast",
        "lamp_type": "electric",
        "support": "pole"
      },
      "geohash": "t9w6wgp81"
    },
    {
      "type": "Feature",
      "geometry": { "type": "Point", "coordinates": [76.595924, 8.8933586] },
      "properties": {
        "direction": "315",
        "highway": "street_lamp",
        "lamp_mount": "angled_mast",
        "lamp_type": "electric",
        "support": "pole"
      },
      "geohash": "t9w6wfzrw"
    },
    {
      "type": "Feature",
      "geometry": { "type": "Point", "coordinates": [76.595817, 8.8933006] },
      "properties": {
        "direction": "315",
        "highway": "street_lamp",
        "lamp_mount": "angled_mast",
        "lamp_type": "electric",
        "support": "pole"
      },
      "geohash": "t9w6wfzr5"
    },
    {
      "type": "Feature",
      "geometry": { "type": "Point", "coordinates": [76.5956341, 8.8932208] },
      "properties": {
        "direction": "0",
        "highway": "street_lamp",
        "lamp_mount": "angled_mast",
        "lamp_type": "electric",
        "support": "pole"
      },
      "geohash": "t9w6wfznz"
    },
    {
      "type": "Feature",
      "geometry": { "type": "Point", "coordinates": [76.5954225, 8.8931215] },
      "properties": {
        "direction": "0",
        "highway": "street_lamp",
        "lamp_mount": "angled_mast",
        "lamp_type": "electric",
        "support": "pole"
      },
      "geohash": "t9w6wfzn4"
    },
    {
      "type": "Feature",
      "geometry": { "type": "Point", "coordinates": [76.5952423, 8.8930423] },
      "properties": {
        "direction": "0",
        "highway": "street_lamp",
        "lamp_mount": "angled_mast",
        "lamp_type": "electric",
        "support": "pole"
      },
      "geohash": "t9w6wfyvw"
    },
    {
      "type": "Feature",
      "geometry": { "type": "Point", "coordinates": [76.5950939, 8.8929734] },
      "properties": {
        "direction": "0",
        "highway": "street_lamp",
        "lamp_mount": "angled_mast",
        "lamp_type": "electric",
        "support": "pole"
      },
      "geohash": "t9w6wfyv7"
    },
    {
      "type": "Feature",
      "geometry": { "type": "Point", "coordinates": [76.5949478, 8.8929039] },
      "properties": {
        "direction": "0",
        "highway": "street_lamp",
        "lamp_mount": "angled_mast",
        "lamp_type": "electric",
        "support": "pole"
      },
      "geohash": "t9w6wfysz"
    },
    {
      "type": "Feature",
      "geometry": { "type": "Point", "coordinates": [76.5947764, 8.8928262] },
      "properties": {
        "direction": "0",
        "highway": "street_lamp",
        "lamp_mount": "angled_mast",
        "lamp_type": "electric",
        "support": "pole"
      },
      "geohash": "t9w6wfys7"
    },
    {
      "type": "Feature",
      "geometry": { "type": "Point", "coordinates": [76.5946113, 8.8927473] },
      "properties": {
        "direction": "0",
        "highway": "street_lamp",
        "lamp_mount": "angled_mast",
        "lamp_type": "electric",
        "support": "pole"
      },
      "geohash": "t9w6wfykp"
    },
    {
      "type": "Feature",
      "geometry": { "type": "Point", "coordinates": [76.5944498, 8.89267] },
      "properties": {
        "direction": "0",
        "highway": "street_lamp",
        "lamp_mount": "angled_mast",
        "lamp_type": "electric",
        "support": "pole"
      },
      "geohash": "t9w6wfy7s"
    },
    {
      "type": "Feature",
      "geometry": { "type": "Point", "coordinates": [76.5943046, 8.8926074] },
      "properties": {
        "direction": "0",
        "highway": "street_lamp",
        "lamp_mount": "angled_mast",
        "lamp_type": "electric",
        "support": "pole"
      },
      "geohash": "t9w6wfy70"
    },
    {
      "type": "Feature",
      "geometry": { "type": "Point", "coordinates": [76.5941295, 8.8925322] },
      "properties": {
        "direction": "0",
        "highway": "street_lamp",
        "lamp_mount": "angled_mast",
        "lamp_type": "electric",
        "support": "pole"
      },
      "geohash": "t9w6wfy4u"
    },
    {
      "type": "Feature",
      "geometry": { "type": "Point", "coordinates": [76.5939747, 8.8924676] },
      "properties": {
        "direction": "315",
        "highway": "street_lamp",
        "lamp_mount": "angled_mast",
        "lamp_type": "electric",
        "support": "pole"
      },
      "geohash": "t9w6wfy42"
    },
    {
      "type": "Feature",
      "geometry": { "type": "Point", "coordinates": [76.5938377, 8.89236] },
      "properties": {
        "direction": "315",
        "highway": "street_lamp",
        "lamp_mount": "angled_mast",
        "lamp_type": "electric",
        "support": "pole"
      },
      "geohash": "t9w6wfvcv"
    },
    {
      "type": "Feature",
      "geometry": { "type": "Point", "coordinates": [76.593766, 8.8922651] },
      "properties": {
        "direction": "270",
        "highway": "street_lamp",
        "lamp_mount": "angled_mast",
        "lamp_type": "electric",
        "support": "pole"
      },
      "geohash": "t9w6wfvch"
    },
    {
      "type": "Feature",
      "geometry": { "type": "Point", "coordinates": [76.5936779, 8.8920232] },
      "properties": {
        "direction": "270",
        "highway": "street_lamp",
        "lamp_mount": "angled_mast",
        "lamp_type": "electric",
        "support": "pole"
      },
      "geohash": "t9w6wftzf"
    },
    {
      "type": "Feature",
      "geometry": { "type": "Point", "coordinates": [76.5935333, 8.8919526] },
      "properties": {
        "direction": "270",
        "highway": "street_lamp",
        "lamp_mount": "angled_mast",
        "lamp_type": "electric",
        "support": "pole"
      },
      "geohash": "t9w6wftxq"
    },
    {
      "type": "Feature",
      "geometry": { "type": "Point", "coordinates": [76.5933328, 8.8919041] },
      "properties": {
        "direction": "0",
        "highway": "street_lamp",
        "lamp_mount": "angled_mast",
        "lamp_type": "electric",
        "support": "pole"
      },
      "geohash": "t9w6wftx4"
    },
    {
      "type": "Feature",
      "geometry": { "type": "Point", "coordinates": [76.5932554, 8.8919882] },
      "properties": {
        "direction": "90",
        "highway": "street_lamp",
        "lamp_mount": "angled_mast",
        "lamp_type": "electric",
        "support": "pole"
      },
      "geohash": "t9w6wftx8"
    },
    {
      "type": "Feature",
      "geometry": { "type": "Point", "coordinates": [76.5931428, 8.8921389] },
      "properties": {
        "direction": "90",
        "highway": "street_lamp",
        "lamp_mount": "angled_mast",
        "lamp_type": "electric",
        "support": "pole"
      },
      "geohash": "t9w6wfv2m"
    },
    {
      "type": "Feature",
      "geometry": { "type": "Point", "coordinates": [76.5930629, 8.8922494] },
      "properties": {
        "direction": "90",
        "highway": "street_lamp",
        "lamp_mount": "angled_mast",
        "lamp_type": "electric",
        "support": "pole"
      },
      "geohash": "t9w6wfv35"
    },
    {
      "type": "Feature",
      "geometry": { "type": "Point", "coordinates": [76.592958, 8.8924386] },
      "properties": {
        "direction": "90",
        "highway": "street_lamp",
        "lamp_mount": "angled_mast",
        "lamp_type": "electric",
        "support": "pole"
      },
      "geohash": "t9w6wfv61"
    },
    {
      "type": "Feature",
      "geometry": { "type": "Point", "coordinates": [76.5928538, 8.8926061] },
      "properties": {
        "direction": "90",
        "highway": "street_lamp",
        "lamp_mount": "angled_mast",
        "lamp_type": "electric",
        "support": "pole"
      },
      "geohash": "t9w6wfv5n"
    },
    {
      "type": "Feature",
      "geometry": { "type": "Point", "coordinates": [76.5927753, 8.8927343] },
      "properties": {
        "direction": "45",
        "highway": "street_lamp",
        "lamp_mount": "angled_mast",
        "lamp_type": "electric",
        "support": "pole"
      },
      "geohash": "t9w6wfv5v"
    },
    {
      "type": "Feature",
      "geometry": { "type": "Point", "coordinates": [76.592668, 8.8928635] },
      "properties": {
        "direction": "90",
        "highway": "street_lamp",
        "lamp_mount": "angled_mast",
        "lamp_type": "electric",
        "support": "pole"
      },
      "geohash": "t9w6wfvhd"
    },
    {
      "type": "Feature",
      "geometry": { "type": "Point", "coordinates": [76.5925231, 8.8930057] },
      "properties": {
        "direction": "45",
        "highway": "street_lamp",
        "lamp_mount": "angled_mast",
        "lamp_type": "electric",
        "support": "pole"
      },
      "geohash": "t9w6wfuvx"
    },
    {
      "type": "Feature",
      "geometry": { "type": "Point", "coordinates": [76.5924094, 8.8930983] },
      "properties": {
        "direction": "45",
        "highway": "street_lamp",
        "lamp_mount": "angled_mast",
        "lamp_type": "electric",
        "support": "pole"
      },
      "geohash": "t9w6wfuyh"
    },
    {
      "type": "Feature",
      "geometry": { "type": "Point", "coordinates": [76.5922805, 8.8931753] },
      "properties": {
        "direction": "45",
        "highway": "street_lamp",
        "lamp_mount": "angled_mast",
        "lamp_type": "electric",
        "support": "pole"
      },
      "geohash": "t9w6wfuy9"
    },
    {
      "type": "Feature",
      "geometry": { "type": "Point", "coordinates": [76.5920759, 8.8932655] },
      "properties": {
        "direction": "45",
        "highway": "street_lamp",
        "lamp_mount": "angled_mast",
        "lamp_type": "electric",
        "support": "pole"
      },
      "geohash": "t9w6wfuxh"
    },
    {
      "type": "Feature",
      "geometry": { "type": "Point", "coordinates": [76.5919389, 8.8933132] },
      "properties": {
        "direction": "45",
        "highway": "street_lamp",
        "lamp_mount": "angled_mast",
        "lamp_type": "electric",
        "support": "pole"
      },
      "geohash": "t9w6wfux3"
    },
    {
      "type": "Feature",
      "geometry": { "type": "Point", "coordinates": [76.5917598, 8.8933701] },
      "properties": {
        "direction": "0",
        "highway": "street_lamp",
        "lamp_mount": "angled_mast",
        "lamp_type": "electric",
        "support": "pole"
      },
      "geohash": "t9w6wfurt"
    },
    {
      "type": "Feature",
      "geometry": { "type": "Point", "coordinates": [76.5914261, 8.8934775] },
      "properties": {
        "direction": "0",
        "highway": "street_lamp",
        "lamp_mount": "angled_mast",
        "lamp_type": "electric",
        "support": "pole"
      },
      "geohash": "t9w6wgh0m"
    },
    {
      "type": "Feature",
      "geometry": { "type": "Point", "coordinates": [76.5912577, 8.8935195] },
      "properties": {
        "direction": "0",
        "highway": "street_lamp",
        "lamp_mount": "angled_mast",
        "lamp_type": "electric",
        "support": "pole"
      },
      "geohash": "t9w6wgh09"
    },
    {
      "type": "Feature",
      "geometry": { "type": "Point", "coordinates": [76.5951134, 8.8929814] },
      "properties": { "highway": "street_lamp" },
      "geohash": "t9w6wfyv7"
    },
    {
      "type": "Feature",
      "geometry": { "type": "Point", "coordinates": [76.591603, 8.8934131] },
      "properties": {
        "direction": "0",
        "highway": "street_lamp",
        "lamp_mount": "angled_mast",
        "lamp_type": "electric",
        "support": "pole"
      },
      "geohash": "t9w6wfurc"
    },
    {
      "type": "Feature",
      "geometry": { "type": "Point", "coordinates": [76.5909488, 8.8936092] },
      "properties": {
        "direction": "0",
        "highway": "street_lamp",
        "lamp_mount": "angled_mast",
        "lamp_type": "electric",
        "support": "pole"
      },
      "geohash": "t9w6wg5c4"
    },
    {
      "type": "Feature",
      "geometry": { "type": "Point", "coordinates": [76.5907999, 8.8936746] },
      "properties": {
        "direction": "45",
        "highway": "street_lamp",
        "lamp_mount": "angled_mast",
        "lamp_type": "electric",
        "support": "pole"
      },
      "geohash": "t9w6wg59q"
    },
    {
      "type": "Feature",
      "geometry": { "type": "Point", "coordinates": [76.5906966, 8.8938257] },
      "properties": {
        "direction": "45",
        "highway": "street_lamp",
        "lamp_mount": "angled_mast",
        "lamp_type": "electric",
        "support": "pole"
      },
      "geohash": "t9w6wg5dk"
    },
    {
      "type": "Feature",
      "geometry": { "type": "Point", "coordinates": [76.5905304, 8.8941095] },
      "properties": {
        "direction": "45",
        "highway": "street_lamp",
        "lamp_mount": "angled_mast",
        "lamp_type": "electric",
        "support": "pole"
      },
      "geohash": "t9w6wg5eb"
    },
    {
      "type": "Feature",
      "geometry": { "type": "Point", "coordinates": [76.5904421, 8.8942392] },
      "properties": {
        "direction": "45",
        "highway": "street_lamp",
        "lamp_mount": "angled_mast",
        "lamp_type": "electric",
        "support": "pole"
      },
      "geohash": "t9w6wg5kw"
    },
    {
      "type": "Feature",
      "geometry": { "type": "Point", "coordinates": [76.5895614, 8.8957996] },
      "properties": {
        "direction": "90",
        "highway": "street_lamp",
        "lamp_mount": "angled_mast",
        "lamp_type": "electric",
        "support": "pole"
      },
      "geohash": "t9w6wg6vf"
    },
    {
      "type": "Feature",
      "geometry": { "type": "Point", "coordinates": [76.5895459, 8.8959153] },
      "properties": {
        "direction": "90",
        "highway": "street_lamp",
        "lamp_mount": "angled_mast",
        "lamp_type": "electric",
        "support": "pole"
      },
      "geohash": "t9w6wg6y3"
    },
    {
      "type": "Feature",
      "geometry": { "type": "Point", "coordinates": [76.5895862, 8.8961117] },
      "properties": {
        "direction": "135",
        "highway": "street_lamp",
        "lamp_mount": "angled_mast",
        "lamp_type": "electric",
        "support": "pole"
      },
      "geohash": "t9w6wg6zd"
    },
    {
      "type": "Feature",
      "geometry": { "type": "Point", "coordinates": [76.589748, 8.8962061] },
      "properties": {
        "direction": "180",
        "highway": "street_lamp",
        "lamp_mount": "angled_mast",
        "lamp_type": "electric",
        "support": "pole"
      },
      "geohash": "t9w6wgdbn"
    },
    {
      "type": "Feature",
      "geometry": { "type": "Point", "coordinates": [76.5898933, 8.8961788] },
      "properties": {
        "direction": "180",
        "highway": "street_lamp",
        "lamp_mount": "angled_mast",
        "lamp_type": "electric",
        "support": "pole"
      },
      "geohash": "t9w6wg7pc"
    },
    {
      "type": "Feature",
      "geometry": { "type": "Point", "coordinates": [76.5900783, 8.8961275] },
      "properties": {
        "direction": "180",
        "highway": "street_lamp",
        "lamp_mount": "angled_mast",
        "lamp_type": "electric",
        "support": "pole"
      },
      "geohash": "t9w6wg7pw"
    },
    {
      "type": "Feature",
      "geometry": { "type": "Point", "coordinates": [76.5902346, 8.896091] },
      "properties": {
        "direction": "180",
        "highway": "street_lamp",
        "lamp_mount": "angled_mast",
        "lamp_type": "electric",
        "support": "pole"
      },
      "geohash": "t9w6wg7r3"
    },
    {
      "type": "Feature",
      "geometry": { "type": "Point", "coordinates": [76.5904202, 8.8960419] },
      "properties": {
        "direction": "180",
        "highway": "street_lamp",
        "lamp_mount": "angled_mast",
        "lamp_type": "electric",
        "support": "pole"
      },
      "geohash": "t9w6wg7rn"
    },
    {
      "type": "Feature",
      "geometry": { "type": "Point", "coordinates": [76.5907419, 8.895955] },
      "properties": {
        "direction": "180",
        "highway": "street_lamp",
        "lamp_mount": "angled_mast",
        "lamp_type": "electric",
        "support": "pole"
      },
      "geohash": "t9w6wg7wt"
    },
    {
      "type": "Feature",
      "geometry": { "type": "Point", "coordinates": [76.5903282, 8.8944134] },
      "properties": {
        "direction": "45",
        "highway": "street_lamp",
        "lamp_mount": "angled_mast",
        "lamp_type": "electric",
        "support": "pole"
      },
      "geohash": "t9w6wg5me"
    },
    {
      "type": "Feature",
      "geometry": { "type": "Point", "coordinates": [76.5902625, 8.8945438] },
      "properties": {
        "direction": "45",
        "highway": "street_lamp",
        "lamp_mount": "angled_mast",
        "lamp_type": "electric",
        "support": "pole"
      },
      "geohash": "t9w6wg5q6"
    },
    {
      "type": "Feature",
      "geometry": { "type": "Point", "coordinates": [76.5901758, 8.8946889] },
      "properties": {
        "direction": "45",
        "highway": "street_lamp",
        "lamp_mount": "angled_mast",
        "lamp_type": "electric",
        "support": "pole"
      },
      "geohash": "t9w6wg5r2"
    },
    {
      "type": "Feature",
      "geometry": { "type": "Point", "coordinates": [76.5900985, 8.8948166] },
      "properties": {
        "direction": "45",
        "highway": "street_lamp",
        "lamp_mount": "angled_mast",
        "lamp_type": "electric",
        "support": "pole"
      },
      "geohash": "t9w6wg70n"
    },
    {
      "type": "Feature",
      "geometry": { "type": "Point", "coordinates": [76.589887, 8.8951511] },
      "properties": {
        "direction": "45",
        "highway": "street_lamp",
        "lamp_mount": "angled_mast",
        "lamp_type": "electric",
        "support": "pole"
      },
      "geohash": "t9w6wg741"
    },
    {
      "type": "Feature",
      "geometry": { "type": "Point", "coordinates": [76.5897947, 8.8953055] },
      "properties": {
        "direction": "45",
        "highway": "street_lamp",
        "lamp_mount": "angled_mast",
        "lamp_type": "electric",
        "support": "pole"
      },
      "geohash": "t9w6wg6fz"
    },
    {
      "type": "Feature",
      "geometry": { "type": "Point", "coordinates": [76.5897265, 8.8954321] },
      "properties": {
        "direction": "45",
        "highway": "street_lamp",
        "lamp_mount": "angled_mast",
        "lamp_type": "electric",
        "support": "pole"
      },
      "geohash": "t9w6wg6gt"
    },
    {
      "type": "Feature",
      "geometry": { "type": "Point", "coordinates": [76.5896677, 8.8955183] },
      "properties": {
        "direction": "45",
        "highway": "street_lamp",
        "lamp_mount": "angled_mast",
        "lamp_type": "electric",
        "support": "pole"
      },
      "geohash": "t9w6wg6uh"
    },
    {
      "type": "Feature",
      "geometry": { "type": "Point", "coordinates": [76.5896075, 8.8956814] },
      "properties": {
        "direction": "45",
        "highway": "street_lamp",
        "lamp_mount": "angled_mast",
        "lamp_type": "electric",
        "support": "pole"
      },
      "geohash": "t9w6wg6v5"
    },
    {
      "type": "Feature",
      "geometry": { "type": "Point", "coordinates": [76.5965941, 8.8953236] },
      "properties": {
        "direction": "180",
        "highway": "street_lamp",
        "lamp_mount": "angled_mast",
        "lamp_type": "electric",
        "support": "pole"
      },
      "geohash": "t9w6wgrgn"
    },
    {
      "type": "Feature",
      "geometry": { "type": "Point", "coordinates": [76.9627319, 11.0014718] },
      "properties": { "highway": "street_lamp", "support": "pole" },
      "geohash": "t9ywx6f81"
    },
    {
      "type": "Feature",
      "geometry": { "type": "Point", "coordinates": [76.2376374, 9.9624946] },
      "properties": { "highway": "street_lamp" },
      "geohash": "t9y0wvde9"
    },
    {
      "type": "Feature",
      "geometry": { "type": "Point", "coordinates": [76.2376282, 9.9622318] },
      "properties": { "highway": "street_lamp" },
      "geohash": "t9y0wvdd1"
    },
    {
      "type": "Feature",
      "geometry": { "type": "Point", "coordinates": [76.2378043, 9.9628425] },
      "properties": { "highway": "street_lamp" },
      "geohash": "t9y0wvdtv"
    },
    {
      "type": "Feature",
      "geometry": { "type": "Point", "coordinates": [76.2380208, 9.9610712] },
      "properties": { "highway": "street_lamp" },
      "geohash": "t9y0wv6g6"
    },
    {
      "type": "Feature",
      "geometry": { "type": "Point", "coordinates": [76.2377684, 9.9617421] },
      "properties": { "highway": "street_lamp" },
      "geohash": "t9y0wv6xk"
    },
    {
      "type": "Feature",
      "geometry": { "type": "Point", "coordinates": [76.2377068, 9.9619304] },
      "properties": { "highway": "street_lamp" },
      "geohash": "t9y0wvd87"
    },
    {
      "type": "Feature",
      "geometry": { "type": "Point", "coordinates": [76.2376534, 9.9620928] },
      "properties": { "highway": "street_lamp" },
      "geohash": "t9y0wvd96"
    },
    {
      "type": "Feature",
      "geometry": { "type": "Point", "coordinates": [76.2383841, 9.9611937] },
      "properties": { "highway": "street_lamp" },
      "geohash": "t9y0wv7h5"
    },
    {
      "type": "Feature",
      "geometry": { "type": "Point", "coordinates": [76.2378292, 9.9615973] },
      "properties": { "highway": "street_lamp" },
      "geohash": "t9y0wv6ww"
    },
    {
      "type": "Feature",
      "geometry": { "type": "Point", "coordinates": [76.237618, 9.9623317] },
      "properties": { "highway": "street_lamp" },
      "geohash": "t9y0wvddc"
    },
    {
      "type": "Feature",
      "geometry": { "type": "Point", "coordinates": [76.2377266, 9.9626915] },
      "properties": { "highway": "street_lamp" },
      "geohash": "t9y0wvdsg"
    },
    {
      "type": "Feature",
      "geometry": { "type": "Point", "coordinates": [76.2380475, 9.9631003] },
      "properties": { "highway": "street_lamp" },
      "geohash": "t9y0wvdz7"
    },
    {
      "type": "Feature",
      "geometry": { "type": "Point", "coordinates": [76.2382649, 9.9631672] },
      "properties": { "highway": "street_lamp" },
      "geohash": "t9y0wvep8"
    },
    {
      "type": "Feature",
      "geometry": { "type": "Point", "coordinates": [76.2380232, 9.9631215] },
      "properties": { "highway": "street_lamp" },
      "geohash": "t9y0wvdz6"
    },
    {
      "type": "Feature",
      "geometry": { "type": "Point", "coordinates": [76.2379757, 9.9612126] },
      "properties": { "highway": "street_lamp" },
      "geohash": "t9y0wv6u3"
    },
    {
      "type": "Feature",
      "geometry": { "type": "Point", "coordinates": [76.2380045, 9.9630881] },
      "properties": { "highway": "street_lamp" },
      "geohash": "t9y0wvdz4"
    },
    {
      "type": "Feature",
      "geometry": { "type": "Point", "coordinates": [76.2380761, 9.9611128] },
      "properties": { "highway": "street_lamp" },
      "geohash": "t9y0wv6ge"
    },
    {
      "type": "Feature",
      "geometry": { "type": "Point", "coordinates": [76.2379, 9.9613866] },
      "properties": { "highway": "street_lamp" },
      "geohash": "t9y0wv6tr"
    },
    {
      "type": "Feature",
      "geometry": { "type": "Point", "coordinates": [76.2410607, 9.963791] },
      "properties": { "highway": "street_lamp" },
      "geohash": "t9y0wvv53"
    },
    {
      "type": "Feature",
      "geometry": { "type": "Point", "coordinates": [76.2411197, 9.9638219] },
      "properties": { "highway": "street_lamp" },
      "geohash": "t9y0wvv56"
    },
    {
      "type": "Feature",
      "geometry": { "type": "Point", "coordinates": [76.2423661, 9.9662892] },
      "properties": { "highway": "street_lamp" },
      "geohash": "t9y0wymcz"
    },
    {
      "type": "Feature",
      "geometry": { "type": "Point", "coordinates": [76.2421406, 9.9657523] },
      "properties": { "highway": "street_lamp" },
      "geohash": "t9y0wyjyd"
    },
    {
      "type": "Feature",
      "geometry": { "type": "Point", "coordinates": [76.2406638, 9.9635066] },
      "properties": { "highway": "street_lamp" },
      "geohash": "t9y0wvuc8"
    },
    {
      "type": "Feature",
      "geometry": { "type": "Point", "coordinates": [76.2424956, 9.96653] },
      "properties": { "highway": "street_lamp" },
      "geohash": "t9y0wyq54"
    },
    {
      "type": "Feature",
      "geometry": { "type": "Point", "coordinates": [76.2412169, 9.9641732] },
      "properties": { "highway": "street_lamp" },
      "geohash": "t9y0wvvjt"
    },
    {
      "type": "Feature",
      "geometry": { "type": "Point", "coordinates": [76.2413486, 9.9646969] },
      "properties": { "highway": "street_lamp" },
      "geohash": "t9y0wyj28"
    },
    {
      "type": "Feature",
      "geometry": { "type": "Point", "coordinates": [76.2416154, 9.9652673] },
      "properties": { "highway": "street_lamp" },
      "geohash": "t9y0wyj7y"
    },
    {
      "type": "Feature",
      "geometry": { "type": "Point", "coordinates": [76.2419332, 9.9658104] },
      "properties": { "highway": "street_lamp" },
      "geohash": "t9y0wyjxj"
    },
    {
      "type": "Feature",
      "geometry": { "type": "Point", "coordinates": [76.2415417, 9.9650581] },
      "properties": { "highway": "street_lamp" },
      "geohash": "t9y0wyj6s"
    },
    {
      "type": "Feature",
      "geometry": { "type": "Point", "coordinates": [76.2411055, 9.9637758] },
      "properties": { "highway": "street_lamp" },
      "geohash": "t9y0wvv54"
    },
    {
      "type": "Feature",
      "geometry": { "type": "Point", "coordinates": [76.2427977, 9.9669397] },
      "properties": { "highway": "street_lamp" },
      "geohash": "t9y0wyqm9"
    },
    {
      "type": "Feature",
      "geometry": { "type": "Point", "coordinates": [76.2413287, 9.9641699] },
      "properties": { "highway": "street_lamp" },
      "geohash": "t9y0wvvjr"
    },
    {
      "type": "Feature",
      "geometry": { "type": "Point", "coordinates": [76.2426653, 9.966738] },
      "properties": { "highway": "street_lamp" },
      "geohash": "t9y0wyqhq"
    },
    {
      "type": "Feature",
      "geometry": { "type": "Point", "coordinates": [76.2412047, 9.9641249] },
      "properties": { "highway": "street_lamp" },
      "geohash": "t9y0wvvjh"
    },
    {
      "type": "Feature",
      "geometry": { "type": "Point", "coordinates": [76.2416577, 9.9656712] },
      "properties": { "highway": "street_lamp" },
      "geohash": "t9y0wyjqp"
    },
    {
      "type": "Feature",
      "geometry": { "type": "Point", "coordinates": [76.2414039, 9.9648723] },
      "properties": { "highway": "street_lamp" },
      "geohash": "t9y0wyj39"
    },
    {
      "type": "Feature",
      "geometry": { "type": "Point", "coordinates": [76.2421078, 9.9658342] },
      "properties": { "highway": "street_lamp" },
      "geohash": "t9y0wyjz1"
    },
    {
      "type": "Feature",
      "geometry": { "type": "Point", "coordinates": [76.2416087, 9.9655101] },
      "properties": { "highway": "street_lamp" },
      "geohash": "t9y0wyjmq"
    },
    {
      "type": "Feature",
      "geometry": { "type": "Point", "coordinates": [76.2422322, 9.9660519] },
      "properties": { "highway": "street_lamp" },
      "geohash": "t9y0wymbk"
    },
    {
      "type": "Feature",
      "geometry": { "type": "Point", "coordinates": [76.2412853, 9.9644643] },
      "properties": { "highway": "street_lamp" },
      "geohash": "t9y0wvvpn"
    },
    {
      "type": "Feature",
      "geometry": { "type": "Point", "coordinates": [76.9485582, 10.9146311] },
      "properties": { "highway": "street_lamp" },
      "geohash": "t9ywp4bnr"
    },
    {
      "type": "Feature",
      "geometry": { "type": "Point", "coordinates": [76.0273586, 11.5358352] },
      "properties": {
        "highway": "street_lamp",
        "lamp_mount": "bent_mast",
        "lamp_type": "electric",
        "support": "pole"
      },
      "geohash": "tdn1dh13j"
    },
    {
      "type": "Feature",
      "geometry": { "type": "Point", "coordinates": [76.2089059, 10.9810894] },
      "properties": {
        "highway": "street_lamp",
        "lamp_mount": "lamppost",
        "lamp_type": "street_lamp",
        "support": "street_lamp"
      },
      "geohash": "t9ynqpj9k"
    },
    {
      "type": "Feature",
      "geometry": { "type": "Point", "coordinates": [76.1876714, 10.6469438] },
      "properties": {
        "direction": "188",
        "highway": "street_lamp",
        "lamp_mount": "straight",
        "lamp_type": "led",
        "support": "pole"
      },
      "geohash": "t9yhtdnnv"
    },
    {
      "type": "Feature",
      "geometry": { "type": "Point", "coordinates": [76.1873907, 10.6466653] },
      "properties": {
        "direction": "106",
        "highway": "street_lamp",
        "lamp_mount": "straight",
        "lamp_type": "led",
        "support": "pole"
      },
      "geohash": "t9yhtdjvq"
    },
    {
      "type": "Feature",
      "geometry": { "type": "Point", "coordinates": [76.186904, 10.6467352] },
      "properties": {
        "direction": "258",
        "highway": "street_lamp",
        "lamp_mount": "straight",
        "lamp_type": "led",
        "support": "pole"
      },
      "geohash": "t9yhtdjte"
    },
    {
      "type": "Feature",
      "geometry": { "type": "Point", "coordinates": [76.186868, 10.6472265] },
      "properties": {
        "direction": "264",
        "highway": "street_lamp",
        "lamp_mount": "straight",
        "lamp_type": "led",
        "support": "pole"
      },
      "geohash": "t9yhtdm8d"
    },
    {
      "type": "Feature",
      "geometry": { "type": "Point", "coordinates": [76.1867528, 10.6481147] },
      "properties": {
        "direction": "283",
        "highway": "street_lamp",
        "lamp_mount": "straight",
        "lamp_type": "led",
        "support": "pole"
      },
      "geohash": "t9yhtdmtb"
    },
    {
      "type": "Feature",
      "geometry": { "type": "Point", "coordinates": [76.1867138, 10.6483939] },
      "properties": {
        "direction": "97",
        "highway": "street_lamp",
        "lamp_mount": "straight",
        "lamp_type": "led",
        "support": "pole"
      },
      "geohash": "t9yhtdmrr"
    },
    {
      "type": "Feature",
      "geometry": { "type": "Point", "coordinates": [76.1871851, 10.6502309] },
      "properties": {
        "direction": "171",
        "highway": "street_lamp",
        "lamp_mount": "straight",
        "lamp_type": "led",
        "support": "pole"
      },
      "geohash": "t9yhtdvf4"
    },
    {
      "type": "Feature",
      "geometry": { "type": "Point", "coordinates": [76.1911122, 10.6519804] },
      "properties": {
        "direction": "171",
        "highway": "street_lamp",
        "lamp_mount": "straight",
        "lamp_type": "led",
        "support": "pole"
      },
      "geohash": "t9yhtg0sm"
    },
    {
      "type": "Feature",
      "geometry": { "type": "Point", "coordinates": [76.1916701, 10.6506213] },
      "properties": {
        "direction": "81",
        "highway": "street_lamp",
        "lamp_mount": "straight",
        "lamp_type": "led",
        "support": "pole"
      },
      "geohash": "t9yhtfch6"
    },
    {
      "type": "Feature",
      "geometry": { "type": "Point", "coordinates": [76.1917374, 10.6503815] },
      "properties": {
        "direction": "94",
        "highway": "street_lamp",
        "lamp_mount": "straight",
        "lamp_type": "led",
        "support": "pole"
      },
      "geohash": "t9yhtfc4u"
    },
    {
      "type": "Feature",
      "geometry": { "type": "Point", "coordinates": [76.1918908, 10.6500765] },
      "properties": {
        "direction": "223",
        "highway": "street_lamp",
        "lamp_mount": "straight",
        "lamp_type": "led",
        "support": "pole"
      },
      "geohash": "t9yhtfc1p"
    },
    {
      "type": "Feature",
      "geometry": { "type": "Point", "coordinates": [76.192696, 10.6480478] },
      "properties": {
        "direction": "315",
        "highway": "street_lamp",
        "lamp_mount": "straight",
        "lamp_type": "led",
        "support": "pole"
      },
      "geohash": "t9yhtf3v6"
    },
    {
      "type": "Feature",
      "geometry": { "type": "Point", "coordinates": [76.19213, 10.6476266] },
      "properties": {
        "direction": "295",
        "highway": "street_lamp",
        "lamp_mount": "straight",
        "lamp_type": "led",
        "support": "pole"
      },
      "geohash": "t9yhtf36v"
    },
    {
      "type": "Feature",
      "geometry": { "type": "Point", "coordinates": [76.1919558, 10.6471839] },
      "properties": {
        "direction": "105",
        "highway": "street_lamp",
        "lamp_mount": "straight",
        "lamp_type": "led",
        "support": "pole"
      },
      "geohash": "t9yhtf323"
    },
    {
      "type": "Feature",
      "geometry": { "type": "Point", "coordinates": [76.1919268, 10.6469546] },
      "properties": {
        "direction": "126",
        "highway": "street_lamp",
        "lamp_mount": "straight",
        "lamp_type": "led",
        "support": "pole"
      },
      "geohash": "t9yhtf1r0"
    },
    {
      "type": "Feature",
      "geometry": { "type": "Point", "coordinates": [76.1916376, 10.6468046] },
      "properties": {
        "direction": "115",
        "highway": "street_lamp",
        "lamp_mount": "straight",
        "lamp_type": "led",
        "support": "pole"
      },
      "geohash": "t9yhtf1n1"
    },
    {
      "type": "Feature",
      "geometry": { "type": "Point", "coordinates": [76.191687, 10.6460291] },
      "properties": {
        "direction": "344",
        "highway": "street_lamp",
        "lamp_mount": "straight",
        "lamp_type": "led",
        "support": "pole"
      },
      "geohash": "t9yhtf11d"
    },
    {
      "type": "Feature",
      "geometry": { "type": "Point", "coordinates": [76.1911936, 10.6460247] },
      "properties": {
        "direction": "178",
        "highway": "street_lamp",
        "lamp_mount": "straight",
        "lamp_type": "led",
        "support": "pole"
      },
      "geohash": "t9yhtf09x"
    },
    {
      "type": "Feature",
      "geometry": { "type": "Point", "coordinates": [76.1906841, 10.6459128] },
      "properties": {
        "direction": "172",
        "highway": "street_lamp",
        "lamp_mount": "straight",
        "lamp_type": "led",
        "support": "pole"
      },
      "geohash": "t9yhtf02g"
    },
    {
      "type": "Feature",
      "geometry": { "type": "Point", "coordinates": [76.1900174, 10.6457821] },
      "properties": {
        "direction": "351",
        "highway": "street_lamp",
        "lamp_mount": "straight",
        "lamp_type": "led",
        "support": "pole"
      },
      "geohash": "t9yhtdpbh"
    },
    {
      "type": "Feature",
      "geometry": { "type": "Point", "coordinates": [76.1899112, 10.6458516] },
      "properties": {
        "direction": "84",
        "highway": "street_lamp",
        "lamp_mount": "straight",
        "lamp_type": "led",
        "support": "pole"
      },
      "geohash": "t9yhtdpb9"
    },
    {
      "type": "Feature",
      "geometry": { "type": "Point", "coordinates": [76.189963, 10.6459349] },
      "properties": {
        "direction": "257",
        "highway": "street_lamp",
        "lamp_mount": "straight",
        "lamp_type": "led",
        "support": "pole"
      },
      "geohash": "t9yhtdpc4"
    },
    {
      "type": "Feature",
      "geometry": { "type": "Point", "coordinates": [76.1899384, 10.6461448] },
      "properties": {
        "direction": "259",
        "highway": "street_lamp",
        "lamp_mount": "straight",
        "lamp_type": "led",
        "support": "pole"
      },
      "geohash": "t9yhtdpf6"
    },
    {
      "type": "Feature",
      "geometry": { "type": "Point", "coordinates": [76.5954434, 8.8931464] },
      "properties": {
        "highway": "street_lamp",
        "lamp_type": "led",
        "support": "pole"
      },
      "geohash": "t9w6wfzn7"
    },
    {
      "type": "Feature",
      "geometry": { "type": "Point", "coordinates": [77.0278668, 11.1289234] },
      "properties": {
        "addr:postcode": "641107",
        "direction": "180",
        "height": "12",
        "highway": "street_lamp",
        "lamp_mount": "pole",
        "lamp_type": "led",
        "support": "power_pole"
      },
      "geohash": "t9yz2ccyx"
    },
    {
      "type": "Feature",
      "geometry": { "type": "Point", "coordinates": [77.0275611, 11.1289039] },
      "properties": {
        "direction": "180",
        "height": "12",
        "highway": "street_lamp",
        "lamp_mount": "pole",
        "lamp_type": "led",
        "support": "power_pole"
      },
      "geohash": "t9yz2ccy8"
    },
    {
      "type": "Feature",
      "geometry": { "type": "Point", "coordinates": [76.2941096, 9.9506405] },
      "properties": { "highway": "street_lamp" },
      "geohash": "t9y2857wt"
    },
    {
      "type": "Feature",
      "geometry": { "type": "Point", "coordinates": [76.3057041, 10.9390854] },
      "properties": { "highway": "street_lamp", "lamp_type": "solar_lamp" },
      "geohash": "t9yq0rkhg"
    },
    {
      "type": "Feature",
      "geometry": { "type": "Point", "coordinates": [76.3057401, 10.9391005] },
      "properties": { "highway": "street_lamp", "lamp_type": "solar_lamp" },
      "geohash": "t9yq0rkhu"
    },
    {
      "type": "Feature",
      "geometry": { "type": "Point", "coordinates": [76.3057724, 10.9391043] },
      "properties": { "highway": "street_lamp", "lamp_type": "solar_lamp" },
      "geohash": "t9yq0rkhv"
    },
    {
      "type": "Feature",
      "geometry": { "type": "Point", "coordinates": [76.9583454, 8.558613] },
      "properties": {
        "highway": "street_lamp",
        "lamp_mount": "bent_mast",
        "light:colour": "white",
        "light:count": "1",
        "light:direction": "262",
        "light:lit": "dusk-dawn",
        "light:method": "LED",
        "man_made": "utility_pole"
      },
      "geohash": "t9w8xnp3e"
    },
    {
      "type": "Feature",
      "geometry": { "type": "Point", "coordinates": [76.958035, 8.5585374] },
      "properties": {
        "highway": "street_lamp",
        "lamp_mount": "bent_mast",
        "light:colour": "white",
        "light:count": "1",
        "light:lit": "dusk-dawn",
        "light:method": "LED",
        "man_made": "utility_pole"
      },
      "geohash": "t9w8xnp1h"
    },
    {
      "type": "Feature",
      "geometry": { "type": "Point", "coordinates": [76.9187533, 11.0470709] },
      "properties": { "highway": "street_lamp" },
      "geohash": "t9ywy749b"
    },
    {
      "type": "Feature",
      "geometry": { "type": "Point", "coordinates": [76.916885, 11.0433095] },
      "properties": { "highway": "street_lamp" },
      "geohash": "t9ywy635v"
    },
    {
      "type": "Feature",
      "geometry": { "type": "Point", "coordinates": [76.9608865, 8.5211801] },
      "properties": {
        "highway": "street_lamp",
        "lamp_type": "LED",
        "support": "pole"
      },
      "geohash": "t9w8rr1pq"
    },
    {
      "type": "Feature",
      "geometry": { "type": "Point", "coordinates": [76.9607764, 8.5211107] },
      "properties": {
        "highway": "street_lamp",
        "lamp_type": "LED",
        "support": "pole"
      },
      "geohash": "t9w8rr1ph"
    },
    {
      "type": "Feature",
      "geometry": { "type": "Point", "coordinates": [76.9607685, 8.5209205] },
      "properties": {
        "highway": "street_lamp",
        "lamp_mount": "bent_mast",
        "lamp_type": "LED",
        "support": "pole"
      },
      "geohash": "t9w8rr1jg"
    },
    {
      "type": "Feature",
      "geometry": { "type": "Point", "coordinates": [76.8492069, 9.0445508] },
      "properties": { "highway": "street_lamp" },
      "geohash": "t9wekwxbk"
    },
    {
      "type": "Feature",
      "geometry": { "type": "Point", "coordinates": [76.8497336, 9.0445962] },
      "properties": { "highway": "street_lamp" },
      "geohash": "t9weky828"
    },
    {
      "type": "Feature",
      "geometry": { "type": "Point", "coordinates": [76.8502974, 9.0445735] },
      "properties": { "highway": "street_lamp" },
      "geohash": "t9weky88m"
    },
    {
      "type": "Feature",
      "geometry": { "type": "Point", "coordinates": [76.8499752, 9.0452818] },
      "properties": { "highway": "street_lamp" },
      "geohash": "t9weky8kw"
    },
    {
      "type": "Feature",
      "geometry": { "type": "Point", "coordinates": [76.8500059, 9.0456322] },
      "properties": { "highway": "street_lamp" },
      "geohash": "t9weky8qw"
    },
    {
      "type": "Feature",
      "geometry": { "type": "Point", "coordinates": [76.8503147, 9.0439599] },
      "properties": { "highway": "street_lamp" },
      "geohash": "t9weky2sy"
    },
    {
      "type": "Feature",
      "geometry": { "type": "Point", "coordinates": [76.9987421, 8.5070029] },
      "properties": {
        "highway": "street_lamp",
        "lamp_mount": "high_mast",
        "lamp_type": "led",
        "support": "mast"
      },
      "geohash": "t9wb2hsub"
    },
    {
      "type": "Feature",
      "geometry": { "type": "Point", "coordinates": [77.1841159, 10.0454414] },
      "properties": { "highway": "street_lamp" },
      "geohash": "t9ychkeyb"
    }
  ]
}
