{"type":"FeatureCollection","features":[{"type": "Feature", "geometry": {"type": "Point", "coordinates": [79.8021302, 11.9417934]}, "properties": {"addr:city": "Puducherry", "addr:postcode": "605009", "addr:street": "Kavundanpalayam Road", "highway": "street_lamp", "lamp_type": "floodlight", "light:colour": "white", "lit": "18:00-05:30", "man_made": "mast", "name": "Tower Light", "operational_status": "operational", "tower:type": "lighting"}, "geohash": "tf0ezvyju"},{"type": "Feature", "geometry": {"type": "Point", "coordinates": [79.8005345, 11.9374192]}, "properties": {"addr:city": "Puducherry", "addr:postcode": "605009", "addr:street": "Aarudra Nagar", "check_date": "2025-01-02", "direction": "270", "highway": "street_lamp", "lamp_type": "LED", "light:colour": "white", "line_attachment": "pulley", "lit": "18:00-05:30", "man_made": "utility_pole", "material": "concrete", "operational_status": "operational", "power": "pole", "source": "survey", "support": "pole", "utility": "power"}, "geohash": "tf0ezvhux"},{"type": "Feature", "geometry": {"type": "Point", "coordinates": [79.8003347, 11.9374122]}, "properties": {"addr:city": "Puducherry", "addr:postcode": "605009", "addr:street": "Aarudra Nagar 2nd Main Road", "check_date": "2025-01-02", "direction": "180", "highway": "street_lamp", "lamp_type": "LED", "light:colour": "white", "lit": "18:00-05:30", "operational_status": "operational", "support": "pole"}, "geohash": "tf0ezvhu6"},{"type": "Feature", "geometry": {"type": "Point", "coordinates": [79.8000742, 11.9374172]}, "properties": {"addr:city": "Puducherry", "addr:postcode": "605009", "addr:street": "Aarudra Nagar 2nd Main Road", "check_date": "2025-01-02", "direction": "180", "highway": "street_lamp", "lamp_type": "LED", "light:colour": "white", "lit": "18:00-05:30", "operational_status": "operational", "support": "pole"}, "geohash": "tf0ezvhsk"},{"type": "Feature", "geometry": {"type": "Point", "coordinates": [79.8005741, 11.9375947]}, "properties": {"addr:city": "Puducherry", "addr:postcode": "605009", "addr:street": "Aarudra Nagar 2nd Main Road", "check_date": "2025-01-02", "direction": "270", "highway": "street_lamp", "lamp_type": "LED", "light:colour": "white", "line_attachment": "pin", "lit": "18:00-05:30", "man_made": "utility_pole", "material": "concrete", "operational_status": "ok", "power": "pole", "source": "survey", "support": "pole", "utility": "power;street_lighting"}, "geohash": "tf0ezvjj8"},{"type": "Feature", "geometry": {"type": "Point", "coordinates": [79.8363739, 11.9365779]}, "properties": {"highway": "street_lamp"}, "geohash": "tf0gbszpd"},{"type": "Feature", "geometry": {"type": "Point", "coordinates": [79.8363486, 11.936322]}, "properties": {"highway": "street_lamp"}, "geohash": "tf0gbszn1"},{"type": "Feature", "geometry": {"type": "Point", "coordinates": [79.8066666, 11.9415595]}, "properties": {"direction": "90", "highway": "street_lamp", "lamp_type": "led", "light:colour": "white", "material": "concrete", "operator": "Puducherry Electricity Department", "power": "pole", "support": "power_pole"}, "geohash": "tf0gbjckw"},{"type": "Feature", "geometry": {"type": "Point", "coordinates": [79.8066681, 11.9416488]}, "properties": {"direction": "180", "highway": "street_lamp", "lamp_type": "led", "operator": "Puducherry Electricity Department", "support": "pole"}, "geohash": "tf0gbjcmn"},{"type": "Feature", "geometry": {"type": "Point", "coordinates": [79.8063273, 11.9416675]}, "properties": {"check_date": "2024-10-29", "direction": "180", "highway": "street_lamp", "lamp_type": "LED", "operational_status": "broken", "support": "pole"}, "geohash": "tf0gbjcjq"},{"type": "Feature", "geometry": {"type": "Point", "coordinates": [79.804427, 11.9418087]}, "properties": {"direction": "180", "highway": "street_lamp", "lamp_mount": "pole", "lamp_type": "led", "light:colour": "white", "support": "pole"}, "geohash": "tf0ezvzy1"},{"type": "Feature", "geometry": {"type": "Point", "coordinates": [79.8058685, 11.9416874]}, "properties": {"check_date": "2024-10-29", "direction": "180", "highway": "street_lamp", "lamp_type": "led", "light:colour": "white", "operational_status": "broken", "support": "pole"}, "geohash": "tf0gbjbv7"},{"type": "Feature", "geometry": {"type": "Point", "coordinates": [79.8048959, 11.9417705]}, "properties": {"check_date": "2024-10-29", "direction": "180", "highway": "street_lamp", "lamp_mount": "pole", "lamp_type": "led", "light:colour": "white", "operational_status": "broken", "support": "pole"}, "geohash": "tf0gbjbju"},{"type": "Feature", "geometry": {"type": "Point", "coordinates": [79.8041754, 11.9417756]}, "properties": {"check_date": "2024-10-29", "direction": "180", "highway": "street_lamp", "lamp_mount": "pole", "lamp_type": "led", "light:colour": "white", "operational_status": "broken", "support": "pole"}, "geohash": "tf0ezvztu"},{"type": "Feature", "geometry": {"type": "Point", "coordinates": [79.8068602, 11.9399957]}, "properties": {"check_date": "2024-11-02", "highway": "street_lamp", "lamp_mount": "pole", "lamp_type": "LED", "light:colour": "white", "operational_status": "operational", "support": "pole"}, "geohash": "tf0gbj9ed"},{"type": "Feature", "geometry": {"type": "Point", "coordinates": [79.8056891, 11.9400167]}, "properties": {"check_date": "2024-11-01", "highway": "street_lamp", "lamp_mount": "pole", "lamp_type": "LED", "light:colour": "white", "operational_status": "operational", "support": "pole"}, "geohash": "tf0gbj8ex"},{"type": "Feature", "geometry": {"type": "Point", "coordinates": [79.8066338, 11.939996]}, "properties": {"check_date": "2024-11-02", "highway": "street_lamp", "lamp_mount": "pole", "lamp_type": "LED", "light:colour": "white", "operational_status": "operational", "support": "pole"}, "geohash": "tf0gbj97t"},{"type": "Feature", "geometry": {"type": "Point", "coordinates": [79.8066424, 11.9402032]}, "properties": {"check_date": "2024-11-02", "highway": "street_lamp", "lamp_mount": "pole", "lamp_type": "LED", "light:colour": "white", "operational_status": "operational", "support": "pole"}, "geohash": "tf0gbj9kt"},{"type": "Feature", "geometry": {"type": "Point", "coordinates": [79.8066449, 11.940377]}, "properties": {"check_date": "2024-11-02", "highway": "street_lamp", "lamp_mount": "pole", "lamp_type": "LED", "light:colour": "white", "operational_status": "operational", "support": "pole"}, "geohash": "tf0gbj9mt"},{"type": "Feature", "geometry": {"type": "Point", "coordinates": [79.8066514, 11.940589]}, "properties": {"check_date": "2024-11-02", "highway": "street_lamp", "lamp_mount": "pole", "lamp_type": "LED", "light:colour": "white", "operational_status": "operational", "support": "pole"}, "geohash": "tf0gbj9qv"},{"type": "Feature", "geometry": {"type": "Point", "coordinates": [79.8066518, 11.9407734]}, "properties": {"highway": "street_lamp", "lamp_mount": "pole", "lamp_type": "LED", "support": "pole"}, "geohash": "tf0gbjc2j"},{"type": "Feature", "geometry": {"type": "Point", "coordinates": [79.8066624, 11.9409906]}, "properties": {"highway": "street_lamp", "lamp_mount": "pole", "lamp_type": "LED", "support": "pole"}, "geohash": "tf0gbjc3q"},{"type": "Feature", "geometry": {"type": "Point", "coordinates": [79.8066616, 11.9411459]}, "properties": {"highway": "street_lamp", "lamp_mount": "pole", "lamp_type": "LED", "support": "pole"}, "geohash": "tf0gbjc6j"},{"type": "Feature", "geometry": {"type": "Point", "coordinates": [79.8066662, 11.9413681]}, "properties": {"highway": "street_lamp", "lamp_mount": "pole", "lamp_type": "LED", "support": "pole"}, "geohash": "tf0gbjc7w"},{"type": "Feature", "geometry": {"type": "Point", "coordinates": [79.8068514, 11.9403773]}, "properties": {"highway": "street_lamp", "lamp_mount": "pole", "lamp_type": "LED", "support": "pole"}, "geohash": "tf0gbj9td"},{"type": "Feature", "geometry": {"type": "Point", "coordinates": [79.8073012, 11.9403643]}, "properties": {"highway": "street_lamp", "lamp_mount": "pole", "lamp_type": "LED", "support": "pole"}, "geohash": "tf0gbj9vs"},{"type": "Feature", "geometry": {"type": "Point", "coordinates": [79.8070843, 11.9403698]}, "properties": {"highway": "street_lamp", "lamp_mount": "pole", "lamp_type": "LED", "support": "pole"}, "geohash": "tf0gbj9tx"},{"type": "Feature", "geometry": {"type": "Point", "coordinates": [79.8075627, 11.9403514]}, "properties": {"highway": "street_lamp", "lamp_mount": "pole", "lamp_type": "LED", "support": "pole"}, "geohash": "tf0gbjdjd"},{"type": "Feature", "geometry": {"type": "Point", "coordinates": [79.8075522, 11.9401833]}, "properties": {"highway": "street_lamp", "lamp_mount": "pole", "lamp_type": "LED", "support": "pole"}, "geohash": "tf0gbjdhd"},{"type": "Feature", "geometry": {"type": "Point", "coordinates": [79.8075031, 11.9399939]}, "properties": {"check_date": "2024-11-02", "highway": "street_lamp", "lamp_mount": "pole", "lamp_type": "LED", "light:colour": "white", "operational_status": "operational", "support": "pole"}, "geohash": "tf0gbjd59"},{"type": "Feature", "geometry": {"type": "Point", "coordinates": [79.8070822, 11.9399934]}, "properties": {"check_date": "2024-11-02", "highway": "street_lamp", "lamp_mount": "pole", "lamp_type": "LED", "light:colour": "white", "operational_status": "operational", "support": "pole"}, "geohash": "tf0gbj9ex"},{"type": "Feature", "geometry": {"type": "Point", "coordinates": [79.807305, 11.9399911]}, "properties": {"check_date": "2024-11-02", "highway": "street_lamp", "lamp_mount": "pole", "lamp_type": "LED", "light:colour": "white", "operational_status": "operational", "support": "pole"}, "geohash": "tf0gbj9gk"},{"type": "Feature", "geometry": {"type": "Point", "coordinates": [79.8384647, 11.9694849]}, "properties": {"highway": "street_lamp", "lamp_mount": "pole", "lamp_type": "LED", "support": "pole"}, "geohash": "tf0u0fbx7"},{"type": "Feature", "geometry": {"type": "Point", "coordinates": [79.8393225, 11.9716613]}, "properties": {"highway": "street_lamp", "lamp_mount": "pole", "lamp_type": "LED", "support": "pole"}, "geohash": "tf0u0g35z"},{"type": "Feature", "geometry": {"type": "Point", "coordinates": [79.8404995, 11.9741149]}, "properties": {"highway": "street_lamp", "lamp_mount": "pole", "lamp_type": "LED", "support": "pole"}, "geohash": "tf0u0gf46"},{"type": "Feature", "geometry": {"type": "Point", "coordinates": [79.840832, 11.9747621]}, "properties": {"highway": "street_lamp", "lamp_mount": "pole", "lamp_type": "LED", "support": "pole"}, "geohash": "tf0u0gfq4"},{"type": "Feature", "geometry": {"type": "Point", "coordinates": [79.8438647, 11.9800795]}, "properties": {"highway": "street_lamp", "lamp_mount": "pole", "lamp_type": "LED", "support": "pole"}, "geohash": "tf0u0uut0"},{"type": "Feature", "geometry": {"type": "Point", "coordinates": [79.8456834, 11.9842815]}, "properties": {"highway": "street_lamp", "lamp_mount": "pole", "lamp_type": "LED", "support": "pole"}, "geohash": "tf0u0vtv7"},{"type": "Feature", "geometry": {"type": "Point", "coordinates": [79.8457657, 11.9844668]}, "properties": {"highway": "street_lamp", "lamp_mount": "pole", "lamp_type": "LED", "support": "pole"}, "geohash": "tf0u0vtyt"},{"type": "Feature", "geometry": {"type": "Point", "coordinates": [79.8486189, 11.9905659]}, "properties": {"highway": "street_lamp", "lamp_mount": "pole", "lamp_type": "LED", "support": "pole"}, "geohash": "tf0u0yzfp"},{"type": "Feature", "geometry": {"type": "Point", "coordinates": [79.8492459, 11.9916883]}, "properties": {"highway": "street_lamp", "lamp_mount": "pole", "lamp_type": "LED", "support": "pole"}, "geohash": "tf0u1p02w"},{"type": "Feature", "geometry": {"type": "Point", "coordinates": [79.8076683, 11.9416377]}, "properties": {"check_date": "2024-12-02", "highway": "street_lamp", "lamp_mount": "straight_mast", "lamp_type": "LED", "light:colour": "white", "light:count": "12", "operational_status": "operational", "support": "pole"}, "geohash": "tf0gbjfjj"},{"type": "Feature", "geometry": {"type": "Point", "coordinates": [79.8070101, 11.9411728]}, "properties": {"highway": "street_lamp", "lamp_mount": "pole", "lamp_type": "LED", "support": "pole"}, "geohash": "tf0gbjcdq"},{"type": "Feature", "geometry": {"type": "Point", "coordinates": [79.8069155, 11.9408151]}, "properties": {"highway": "street_lamp", "lamp_mount": "pole", "lamp_type": "LED", "support": "pole"}, "geohash": "tf0gbjc87"},{"type": "Feature", "geometry": {"type": "Point", "coordinates": [79.8071595, 11.9408024]}, "properties": {"highway": "street_lamp", "lamp_mount": "pole", "lamp_type": "LED", "support": "pole"}, "geohash": "tf0gbjcb1"},{"type": "Feature", "geometry": {"type": "Point", "coordinates": [79.8075581, 11.9405753]}, "properties": {"highway": "street_lamp", "lamp_mount": "pole", "lamp_type": "LED", "support": "pole"}, "geohash": "tf0gbjdnf"},{"type": "Feature", "geometry": {"type": "Point", "coordinates": [79.8061793, 11.9399876]}, "properties": {"check_date": "2024-11-01", "highway": "street_lamp", "lamp_mount": "pole", "lamp_type": "LED", "light:colour": "white", "operational_status": "operational", "support": "pole"}, "geohash": "tf0gbj956"},{"type": "Feature", "geometry": {"type": "Point", "coordinates": [79.8083625, 11.942286]}, "properties": {"highway": "street_lamp", "lamp_mount": "straight_mast", "lamp_type": "LED", "support": "pole"}, "geohash": "tf0gbn48v"},{"type": "Feature", "geometry": {"type": "Point", "coordinates": [79.8238997, 11.9554679]}, "properties": {"highway": "street_lamp", "lamp_mount": "straight_mast", "lamp_type": "LED", "support": "pole"}, "geohash": "tf0u02mvx"},{"type": "Feature", "geometry": {"type": "Point", "coordinates": [79.8248834, 11.955991]}, "properties": {"highway": "street_lamp", "lamp_mount": "straight_mast", "lamp_type": "LED", "support": "pole"}, "geohash": "tf0u02w8w"},{"type": "Feature", "geometry": {"type": "Point", "coordinates": [79.8265696, 11.956273]}, "properties": {"highway": "street_lamp", "lamp_mount": "pole", "lamp_type": "LED", "support": "pole"}, "geohash": "tf0u02xfm"},{"type": "Feature", "geometry": {"type": "Point", "coordinates": [79.8241379, 11.9555933]}, "properties": {"highway": "street_lamp", "lamp_mount": "pole", "lamp_type": "LED", "support": "pole"}, "geohash": "tf0u02qnm"},{"type": "Feature", "geometry": {"type": "Point", "coordinates": [79.8185109, 11.9524673]}, "properties": {"highway": "street_lamp", "lamp_mount": "pole", "lamp_type": "LED", "support": "pole"}, "geohash": "tf0gbrfh4"},{"type": "Feature", "geometry": {"type": "Point", "coordinates": [79.8167082, 11.9514513]}, "properties": {"highway": "street_lamp", "lamp_mount": "pole", "lamp_type": "LED", "support": "pole"}, "geohash": "tf0gbr8y0"},{"type": "Feature", "geometry": {"type": "Point", "coordinates": [79.8151915, 11.9503587]}, "properties": {"highway": "street_lamp", "lamp_mount": "pole", "lamp_type": "LED", "support": "pole"}, "geohash": "tf0gbprxu"},{"type": "Feature", "geometry": {"type": "Point", "coordinates": [79.813092, 11.9483426]}, "properties": {"highway": "street_lamp", "lamp_mount": "pole", "lamp_type": "LED", "support": "pole"}, "geohash": "tf0gbpnh5"},{"type": "Feature", "geometry": {"type": "Point", "coordinates": [79.8119172, 11.9471914]}, "properties": {"highway": "street_lamp", "lamp_mount": "pole", "lamp_type": "LED", "support": "pole"}, "geohash": "tf0gbnvm2"},{"type": "Feature", "geometry": {"type": "Point", "coordinates": [79.8086764, 11.9436465]}, "properties": {"highway": "street_lamp", "lamp_mount": "pole", "lamp_type": "LED", "support": "pole"}, "geohash": "tf0gbn6bu"},{"type": "Feature", "geometry": {"type": "Point", "coordinates": [79.8083376, 11.9416911]}, "properties": {"check_date": "2024-11-01", "highway": "street_lamp", "lamp_mount": "pole", "lamp_type": "LED", "light:colour": "white", "light:count": "5", "operational_status": "operational", "support": "pole"}, "geohash": "tf0gbjftm"},{"type": "Feature", "geometry": {"type": "Point", "coordinates": [79.8083397, 11.9413987]}, "properties": {"highway": "street_lamp", "lamp_mount": "pole", "lamp_type": "LED", "support": "pole"}, "geohash": "tf0gbjfet"},{"type": "Feature", "geometry": {"type": "Point", "coordinates": [79.8078174, 11.9403437]}, "properties": {"highway": "street_lamp", "lamp_mount": "pole", "lamp_type": "LED", "support": "pole"}, "geohash": "tf0gbjdm8"},{"type": "Feature", "geometry": {"type": "Point", "coordinates": [79.8063859, 11.9399924]}, "properties": {"check_date": "2024-11-01", "highway": "street_lamp", "lamp_mount": "pole", "lamp_type": "LED", "light:colour": "white", "operational_status": "operational", "support": "pole"}, "geohash": "tf0gbj95r"},{"type": "Feature", "geometry": {"type": "Point", "coordinates": [79.8078821, 11.9403151]}, "properties": {"check_date": "2024-11-01", "highway": "street_lamp", "lamp_mount": "pole", "lamp_type": "electric", "light:colour": "yellow", "operational_status": "operational", "support": "pole"}, "geohash": "tf0gbjdm6"},{"type": "Feature", "geometry": {"type": "Point", "coordinates": [79.8078148, 11.940201]}, "properties": {"highway": "street_lamp", "lamp_mount": "pole", "lamp_type": "LED", "support": "pole"}, "geohash": "tf0gbjdk8"},{"type": "Feature", "geometry": {"type": "Point", "coordinates": [79.8078516, 11.9405737]}, "properties": {"highway": "street_lamp", "lamp_mount": "pole", "lamp_type": "LED", "support": "pole"}, "geohash": "tf0gbjdqc"},{"type": "Feature", "geometry": {"type": "Point", "coordinates": [79.8075596, 11.9407866]}, "properties": {"highway": "street_lamp", "lamp_mount": "pole", "lamp_type": "LED", "support": "pole"}, "geohash": "tf0gbjf04"},{"type": "Feature", "geometry": {"type": "Point", "coordinates": [79.8073011, 11.9407928]}, "properties": {"highway": "street_lamp", "lamp_mount": "pole", "lamp_type": "LED", "support": "pole"}, "geohash": "tf0gbjcbh"},{"type": "Feature", "geometry": {"type": "Point", "coordinates": [79.8063763, 11.9408168]}, "properties": {"highway": "street_lamp", "lamp_mount": "pole", "lamp_type": "LED", "support": "pole"}, "geohash": "tf0gbjc0r"},{"type": "Feature", "geometry": {"type": "Point", "coordinates": [79.806067, 11.9408195]}, "properties": {"highway": "street_lamp", "lamp_mount": "pole", "lamp_type": "LED", "support": "pole"}, "geohash": "tf0gbjc02"},{"type": "Feature", "geometry": {"type": "Point", "coordinates": [79.8057999, 11.9408252]}, "properties": {"highway": "street_lamp", "lamp_mount": "pole", "lamp_type": "LED", "support": "pole"}, "geohash": "tf0gbjbb3"},{"type": "Feature", "geometry": {"type": "Point", "coordinates": [79.8050667, 11.9408552]}, "properties": {"highway": "street_lamp", "lamp_mount": "pole", "lamp_type": "LED", "support": "pole"}, "geohash": "tf0gbjb28"},{"type": "Feature", "geometry": {"type": "Point", "coordinates": [79.8050958, 11.9411398]}, "properties": {"check_date": "2024-11-02", "highway": "street_lamp", "lamp_mount": "pole", "lamp_type": "LED", "light:colour": "white", "operational_status": "operational", "support": "pole"}, "geohash": "tf0gbjb61"},{"type": "Feature", "geometry": {"type": "Point", "coordinates": [79.8050374, 11.9405766]}, "properties": {"check_date": "2024-11-02", "highway": "street_lamp", "lamp_mount": "pole", "lamp_type": "LED", "light:colour": "white", "operational_status": "operational", "support": "pole"}, "geohash": "tf0gbj8qb"},{"type": "Feature", "geometry": {"type": "Point", "coordinates": [79.8050044, 11.9401946]}, "properties": {"check_date": "2024-11-02", "highway": "street_lamp", "lamp_mount": "pole", "lamp_type": "LED", "light:colour": "white", "operational_status": "operational", "support": "pole"}, "geohash": "tf0gbj8hx"},{"type": "Feature", "geometry": {"type": "Point", "coordinates": [79.8049573, 11.9399319]}, "properties": {"check_date": "2024-11-02", "highway": "street_lamp", "lamp_mount": "pole", "lamp_type": "LED", "light:colour": "white", "operational_status": "operational", "support": "pole"}, "geohash": "tf0gbj85n"},{"type": "Feature", "geometry": {"type": "Point", "coordinates": [79.8051997, 11.9400103]}, "properties": {"check_date": "2024-11-02", "highway": "street_lamp", "lamp_mount": "pole", "lamp_type": "LED", "light:colour": "white", "operational_status": "operational", "support": "pole"}, "geohash": "tf0gbj87e"},{"type": "Feature", "geometry": {"type": "Point", "coordinates": [79.8054609, 11.9400185]}, "properties": {"check_date": "2024-11-02", "highway": "street_lamp", "lamp_mount": "pole", "lamp_type": "LED", "light:colour": "white", "operational_status": "operational", "support": "pole"}, "geohash": "tf0gbj8ed"},{"type": "Feature", "geometry": {"type": "Point", "coordinates": [79.8047673, 11.9402357]}, "properties": {"highway": "street_lamp", "lamp_mount": "pole", "lamp_type": "LED", "support": "pole"}, "geohash": "tf0gbj8hc"},{"type": "Feature", "geometry": {"type": "Point", "coordinates": [79.8045477, 11.9402595]}, "properties": {"check_date": "2024-11-02", "highway": "street_lamp", "lamp_mount": "pole", "lamp_type": "LED", "light:colour": "white", "operational_status": "operational", "support": "pole"}, "geohash": "tf0ezvxvh"},{"type": "Feature", "geometry": {"type": "Point", "coordinates": [79.8043395, 11.9402808]}, "properties": {"check_date": "2024-11-02", "highway": "street_lamp", "lamp_mount": "pole", "lamp_type": "LED", "light:colour": "white", "operational_status": "operational", "support": "pole"}, "geohash": "tf0ezvxtp"},{"type": "Feature", "geometry": {"type": "Point", "coordinates": [79.84274, 11.9780769]}, "properties": {"highway": "street_lamp", "lamp_mount": "straight_mast", "lamp_type": "LED", "support": "pole"}, "geohash": "tf0u0ue9q"},{"type": "Feature", "geometry": {"type": "Point", "coordinates": [79.8413938, 11.9758094]}, "properties": {"highway": "street_lamp", "lamp_mount": "straight_mast", "lamp_type": "LED", "support": "pole"}, "geohash": "tf0u0u4sp"},{"type": "Feature", "geometry": {"type": "Point", "coordinates": [79.8399648, 11.9730811]}, "properties": {"highway": "street_lamp", "lamp_mount": "pole", "lamp_type": "LED", "support": "pole"}, "geohash": "tf0u0g9sq"},{"type": "Feature", "geometry": {"type": "Point", "coordinates": [79.8392212, 11.9714105]}, "properties": {"highway": "street_lamp", "lamp_mount": "pole", "lamp_type": "LED", "support": "pole"}, "geohash": "tf0u0g34s"},{"type": "Feature", "geometry": {"type": "Point", "coordinates": [79.8378396, 11.9676303]}, "properties": {"highway": "street_lamp", "lamp_mount": "straight_mast", "lamp_type": "LED", "support": "pole"}, "geohash": "tf0u0f8hk"},{"type": "Feature", "geometry": {"type": "Point", "coordinates": [79.8370856, 11.965664]}, "properties": {"highway": "street_lamp", "lamp_mount": "pole", "lamp_type": "LED", "support": "pole"}, "geohash": "tf0u0dr94"},{"type": "Feature", "geometry": {"type": "Point", "coordinates": [79.8366576, 11.9644438]}, "properties": {"highway": "street_lamp", "lamp_mount": "pole", "lamp_type": "LED", "support": "pole"}, "geohash": "tf0u0dp3b"},{"type": "Feature", "geometry": {"type": "Point", "coordinates": [79.8364476, 11.9631829]}, "properties": {"highway": "street_lamp", "lamp_mount": "pole", "lamp_type": "LED", "support": "pole"}, "geohash": "tf0u09z4s"},{"type": "Feature", "geometry": {"type": "Point", "coordinates": [79.8363768, 11.9627752]}, "properties": {"highway": "street_lamp", "lamp_mount": "straight_mast", "lamp_type": "LED", "support": "pole"}, "geohash": "tf0u09z04"},{"type": "Feature", "geometry": {"type": "Point", "coordinates": [79.832801, 11.9553922]}, "properties": {"highway": "street_lamp", "lamp_mount": "pole", "lamp_type": "LED", "support": "pole"}, "geohash": "tf0u08kmp"},{"type": "Feature", "geometry": {"type": "Point", "coordinates": [79.8326215, 11.9544729]}, "properties": {"highway": "street_lamp", "lamp_mount": "pole", "lamp_type": "LED", "support": "pole"}, "geohash": "tf0u08hrf"},{"type": "Feature", "geometry": {"type": "Point", "coordinates": [79.832421, 11.9534291]}, "properties": {"highway": "street_lamp", "lamp_mount": "pole", "lamp_type": "LED", "support": "pole"}, "geohash": "tf0u08h1y"},{"type": "Feature", "geometry": {"type": "Point", "coordinates": [79.8321857, 11.9522331]}, "properties": {"highway": "street_lamp", "lamp_mount": "pole", "lamp_type": "LED", "support": "pole"}, "geohash": "tf0gbxu4b"},{"type": "Feature", "geometry": {"type": "Point", "coordinates": [79.832031, 11.951328]}, "properties": {"highway": "street_lamp", "lamp_mount": "pole", "lamp_type": "LED", "support": "pole"}, "geohash": "tf0gbxevt"},{"type": "Feature", "geometry": {"type": "Point", "coordinates": [79.831947, 11.9508033]}, "properties": {"highway": "street_lamp", "lamp_mount": "pole", "lamp_type": "LED", "support": "pole"}, "geohash": "tf0gbxef7"},{"type": "Feature", "geometry": {"type": "Point", "coordinates": [79.8318736, 11.9503234]}, "properties": {"highway": "street_lamp", "lamp_mount": "pole", "lamp_type": "LED", "support": "pole"}, "geohash": "tf0gbx7z9"},{"type": "Feature", "geometry": {"type": "Point", "coordinates": [79.8317178, 11.9495848]}, "properties": {"highway": "street_lamp", "lamp_mount": "pole", "lamp_type": "LED", "support": "pole"}, "geohash": "tf0gbx7em"},{"type": "Feature", "geometry": {"type": "Point", "coordinates": [79.8315337, 11.9485122]}, "properties": {"highway": "street_lamp", "lamp_mount": "pole", "lamp_type": "LED", "support": "pole"}, "geohash": "tf0gbx5t1"},{"type": "Feature", "geometry": {"type": "Point", "coordinates": [79.8314109, 11.9477002]}, "properties": {"highway": "street_lamp", "lamp_mount": "pole", "lamp_type": "LED", "support": "pole"}, "geohash": "tf0gbx52q"},{"type": "Feature", "geometry": {"type": "Point", "coordinates": [79.831301, 11.9469498]}, "properties": {"highway": "street_lamp", "lamp_mount": "pole", "lamp_type": "LED", "support": "pole"}, "geohash": "tf0gbwgkh"},{"type": "Feature", "geometry": {"type": "Point", "coordinates": [79.8311685, 11.9462304]}, "properties": {"highway": "street_lamp", "lamp_mount": "pole", "lamp_type": "LED", "support": "pole"}, "geohash": "tf0gbwerc"},{"type": "Feature", "geometry": {"type": "Point", "coordinates": [79.8310473, 11.945621]}, "properties": {"highway": "street_lamp", "lamp_mount": "pole", "lamp_type": "LED", "support": "pole"}, "geohash": "tf0gbwehq"},{"type": "Feature", "geometry": {"type": "Point", "coordinates": [79.830925, 11.9449544]}, "properties": {"highway": "street_lamp", "lamp_mount": "pole", "lamp_type": "LED", "support": "pole"}, "geohash": "tf0gbwe07"},{"type": "Feature", "geometry": {"type": "Point", "coordinates": [79.8307896, 11.9442631]}, "properties": {"highway": "street_lamp", "lamp_mount": "pole", "lamp_type": "LED", "support": "pole"}, "geohash": "tf0gbw7h2"},{"type": "Feature", "geometry": {"type": "Point", "coordinates": [79.8307312, 11.9439915]}, "properties": {"highway": "street_lamp", "lamp_mount": "pole", "lamp_type": "LED", "support": "pole"}, "geohash": "tf0gbw6fy"},{"type": "Feature", "geometry": {"type": "Point", "coordinates": [79.8305802, 11.9432081]}, "properties": {"highway": "street_lamp", "lamp_mount": "pole", "lamp_type": "LED", "support": "pole"}, "geohash": "tf0gbw4y5"},{"type": "Feature", "geometry": {"type": "Point", "coordinates": [79.8303823, 11.9420451]}, "properties": {"highway": "street_lamp", "lamp_mount": "straight_mast", "lamp_type": "LED", "support": "pole"}, "geohash": "tf0gbtfxq"},{"type": "Feature", "geometry": {"type": "Point", "coordinates": [79.8284555, 11.9416758]}, "properties": {"highway": "street_lamp", "lamp_mount": "pole", "lamp_type": "LED", "support": "pole"}, "geohash": "tf0gbtcm3"},{"type": "Feature", "geometry": {"type": "Point", "coordinates": [79.8284431, 11.9415739]}, "properties": {"highway": "street_lamp", "lamp_mount": "pole", "lamp_type": "LED", "support": "pole"}, "geohash": "tf0gbtck9"},{"type": "Feature", "geometry": {"type": "Point", "coordinates": [79.8277473, 11.9412299]}, "properties": {"highway": "street_lamp", "lamp_mount": "pole", "lamp_type": "LED", "support": "pole"}, "geohash": "tf0gbtbf9"},{"type": "Feature", "geometry": {"type": "Point", "coordinates": [79.8272259, 11.9406344]}, "properties": {"highway": "street_lamp", "lamp_mount": "pole", "lamp_type": "LED", "support": "pole"}, "geohash": "tf0gbt8rj"},{"type": "Feature", "geometry": {"type": "Point", "coordinates": [79.8263014, 11.940922]}, "properties": {"highway": "street_lamp", "lamp_mount": "pole", "lamp_type": "LED", "support": "pole"}, "geohash": "tf0gbmz8z"},{"type": "Feature", "geometry": {"type": "Point", "coordinates": [79.8258304, 11.941181]}, "properties": {"highway": "street_lamp", "lamp_mount": "straight_mast", "lamp_type": "LED", "support": "pole"}, "geohash": "tf0gbmz6k"},{"type": "Feature", "geometry": {"type": "Point", "coordinates": [79.8217129, 11.9414513]}, "properties": {"check_date": "2024-11-25", "highway": "street_lamp", "lamp_mount": "pole", "lamp_type": "LED", "light:colour": "white", "operational_status": "operational", "support": "pole"}, "geohash": "tf0gbmu7u"},{"type": "Feature", "geometry": {"type": "Point", "coordinates": [79.821657, 11.9411924]}, "properties": {"check_date": "2024-11-25", "highway": "street_lamp", "lamp_mount": "pole", "lamp_type": "LED", "light:colour": "white", "operational_status": "operational", "support": "pole"}, "geohash": "tf0gbmu67"},{"type": "Feature", "geometry": {"type": "Point", "coordinates": [79.8215651, 11.9405363]}, "properties": {"check_date": "2024-11-25", "highway": "street_lamp", "lamp_mount": "pole", "lamp_type": "LED", "light:colour": "white", "operational_status": "operational", "support": "pole"}, "geohash": "tf0gbmsq9"},{"type": "Feature", "geometry": {"type": "Point", "coordinates": [79.8215153, 11.9396233]}, "properties": {"check_date": "2024-11-25", "highway": "street_lamp", "lamp_mount": "pole", "lamp_type": "LED", "light:colour": "white", "operational_status": "operational", "support": "pole"}, "geohash": "tf0gbms32"},{"type": "Feature", "geometry": {"type": "Point", "coordinates": [79.8215913, 11.9385267]}, "properties": {"check_date": "2024-11-25", "highway": "street_lamp", "lamp_mount": "pole", "lamp_type": "LED", "light:colour": "white", "operational_status": "operational", "support": "pole"}, "geohash": "tf0gbmk6c"},{"type": "Feature", "geometry": {"type": "Point", "coordinates": [79.8215922, 11.9380895]}, "properties": {"highway": "street_lamp", "lamp_mount": "straight_mast", "lamp_type": "LED", "support": "pole"}, "geohash": "tf0gbmk23"},{"type": "Feature", "geometry": {"type": "Point", "coordinates": [79.8206263, 11.9372586]}, "properties": {"highway": "street_lamp", "lamp_mount": "pole", "lamp_type": "LED", "support": "pole"}, "geohash": "tf0gbm5ee"},{"type": "Feature", "geometry": {"type": "Point", "coordinates": [79.8208536, 11.9372282]}, "properties": {"highway": "street_lamp", "lamp_mount": "pole", "lamp_type": "LED", "support": "pole"}, "geohash": "tf0gbm5g2"},{"type": "Feature", "geometry": {"type": "Point", "coordinates": [79.81705, 11.9388666]}, "properties": {"highway": "street_lamp", "lamp_mount": "pole", "lamp_type": "LED", "support": "pole"}, "geohash": "tf0gbm3hb"},{"type": "Feature", "geometry": {"type": "Point", "coordinates": [79.814933, 11.9399866]}, "properties": {"check_date": "2024-11-25", "highway": "street_lamp", "lamp_mount": "pole", "lamp_type": "LED", "light:colour": "white", "operational_status": "operational", "support": "pole"}, "geohash": "tf0gbjx7q"},{"type": "Feature", "geometry": {"type": "Point", "coordinates": [79.8146957, 11.9399844]}, "properties": {"check_date": "2024-11-25", "highway": "street_lamp", "lamp_mount": "pole", "lamp_type": "LED", "light:colour": "white", "operational_status": "operational", "support": "pole"}, "geohash": "tf0gbjx73"},{"type": "Feature", "geometry": {"type": "Point", "coordinates": [79.8141665, 11.9403427]}, "properties": {"check_date": "2024-11-25", "highway": "street_lamp", "lamp_mount": "pole", "lamp_type": "LED", "light:colour": "white", "operational_status": "operational", "support": "pole"}, "geohash": "tf0gbjwvs"},{"type": "Feature", "geometry": {"type": "Point", "coordinates": [79.8137968, 11.9405784]}, "properties": {"check_date": "2024-11-25", "highway": "street_lamp", "lamp_mount": "pole", "lamp_type": "LED", "light:colour": "white", "operational_status": "operational", "support": "pole"}, "geohash": "tf0gbjwwu"},{"type": "Feature", "geometry": {"type": "Point", "coordinates": [79.8125261, 11.9409039]}, "properties": {"check_date": "2024-11-25", "highway": "street_lamp", "lamp_mount": "pole", "lamp_type": "LED", "light:colour": "white", "operational_status": "operational", "support": "pole"}, "geohash": "tf0gbjv8y"},{"type": "Feature", "geometry": {"type": "Point", "coordinates": [79.8113144, 11.9410761]}, "properties": {"check_date": "2024-11-25", "highway": "street_lamp", "lamp_mount": "pole", "lamp_type": "LED", "light:colour": "white", "operational_status": "operational", "support": "pole"}, "geohash": "tf0gbjucf"},{"type": "Feature", "geometry": {"type": "Point", "coordinates": [79.8104618, 11.9410903]}, "properties": {"check_date": "2024-11-25", "highway": "street_lamp", "lamp_mount": "pole", "lamp_type": "LED", "light:colour": "white", "operational_status": "operational", "support": "pole"}, "geohash": "tf0gbju1y"},{"type": "Feature", "geometry": {"type": "Point", "coordinates": [79.8062858, 11.9403791]}, "properties": {"check_date": "2024-11-02", "highway": "street_lamp", "lamp_mount": "pole", "lamp_type": "LED", "light:colour": "white", "operational_status": "operational", "support": "pole"}, "geohash": "tf0gbj9jt"},{"type": "Feature", "geometry": {"type": "Point", "coordinates": [79.8059731, 11.9403807]}, "properties": {"check_date": "2024-11-02", "highway": "street_lamp", "lamp_mount": "pole", "lamp_type": "LED", "light:colour": "white", "operational_status": "operational", "support": "pole"}, "geohash": "tf0gbj8vv"},{"type": "Feature", "geometry": {"type": "Point", "coordinates": [79.8054129, 11.9403824]}, "properties": {"highway": "street_lamp", "lamp_mount": "pole", "lamp_type": "LED", "support": "pole"}, "geohash": "tf0gbj8tb"},{"type": "Feature", "geometry": {"type": "Point", "coordinates": [79.8055732, 11.9403849]}, "properties": {"check_date": "2024-11-02", "highway": "street_lamp", "lamp_mount": "pole", "lamp_type": "LED", "light:colour": "white", "operational_status": "operational", "support": "pole"}, "geohash": "tf0gbj8tu"},{"type": "Feature", "geometry": {"type": "Point", "coordinates": [79.8057541, 11.9403764]}, "properties": {"check_date": "2024-11-02", "highway": "street_lamp", "lamp_mount": "pole", "lamp_type": "LED", "light:colour": "white", "operational_status": "operational", "support": "pole"}, "geohash": "tf0gbj8v8"},{"type": "Feature", "geometry": {"type": "Point", "coordinates": [79.8043263, 11.9399812]}, "properties": {"check_date": "2024-11-02", "highway": "street_lamp", "lamp_mount": "pole", "lamp_type": "LED", "light:colour": "white", "operational_status": "operational", "support": "pole"}, "geohash": "tf0ezvxer"},{"type": "Feature", "geometry": {"type": "Point", "coordinates": [79.8042728, 11.9405922]}, "properties": {"check_date": "2024-11-02", "highway": "street_lamp", "lamp_mount": "pole", "lamp_type": "LED", "light:colour": "white", "operational_status": "operational", "support": "pole"}, "geohash": "tf0ezvxwy"},{"type": "Feature", "geometry": {"type": "Point", "coordinates": [79.8047659, 11.9406296]}, "properties": {"check_date": "white", "highway": "street_lamp", "lamp_mount": "pole", "lamp_type": "LED", "light:colour": "white", "operational_status": "operational", "support": "pole"}, "geohash": "tf0gbj8p1"},{"type": "Feature", "geometry": {"type": "Point", "coordinates": [79.8013261, 11.9419593]}, "properties": {"check_date": "2025-01-02", "highway": "street_lamp", "lamp_mount": "pole", "lamp_type": "LED", "light:colour": "white", "operational_status": "operational", "support": "pole"}, "geohash": "tf0ezvvwc"},{"type": "Feature", "geometry": {"type": "Point", "coordinates": [79.8004814, 11.9420224]}, "properties": {"check_date": "2025-01-02", "highway": "street_lamp", "lamp_mount": "pole", "lamp_type": "LED", "light:colour": "white", "operational_status": "operational", "support": "pole"}, "geohash": "tf0ezvuzm"},{"type": "Feature", "geometry": {"type": "Point", "coordinates": [79.800051, 11.9420603]}, "properties": {"check_date": "2025-01-02", "highway": "street_lamp", "lamp_mount": "pole", "lamp_type": "LED", "light:colour": "white", "operational_status": "operational", "support": "pole"}, "geohash": "tf0ezvuxe"},{"type": "Feature", "geometry": {"type": "Point", "coordinates": [79.8006915, 11.9420048]}, "properties": {"check_date": "2025-01-02", "highway": "street_lamp", "lamp_mount": "pole", "lamp_type": "LED", "light:colour": "white", "operational_status": "operational", "support": "pole"}, "geohash": "tf0ezvvp4"},{"type": "Feature", "geometry": {"type": "Point", "coordinates": [79.800908, 11.9419959]}, "properties": {"check_date": "2025-01-02", "highway": "street_lamp", "lamp_mount": "pole", "lamp_type": "LED", "light:colour": "white", "operational_status": "operational", "support": "pole"}, "geohash": "tf0ezvvpp"},{"type": "Feature", "geometry": {"type": "Point", "coordinates": [79.801099, 11.94198]}, "properties": {"check_date": "2025-01-02", "highway": "street_lamp", "lamp_mount": "pole", "lamp_type": "LED", "light:colour": "white", "operational_status": "operational", "support": "pole"}, "geohash": "tf0ezvvrh"},{"type": "Feature", "geometry": {"type": "Point", "coordinates": [79.8018131, 11.9419184]}, "properties": {"check_date": "2025-01-02", "highway": "street_lamp", "lamp_mount": "pole", "lamp_type": "LED", "light:colour": "white", "operational_status": "operational", "support": "pole"}, "geohash": "tf0ezvvyt"},{"type": "Feature", "geometry": {"type": "Point", "coordinates": [79.8020853, 11.9418777]}, "properties": {"check_date": "2025-01-02", "highway": "street_lamp", "lamp_mount": "pole", "lamp_type": "LED", "light:colour": "white", "operational_status": "operational", "support": "pole"}, "geohash": "tf0ezvyn7"},{"type": "Feature", "geometry": {"type": "Point", "coordinates": [79.8521173, 11.9980876]}, "properties": {"highway": "street_lamp", "lamp_mount": "pole", "lamp_type": "LED", "support": "pole"}, "geohash": "tf0u304tc"},{"type": "Feature", "geometry": {"type": "Point", "coordinates": [79.8516538, 11.996689]}, "properties": {"highway": "street_lamp", "lamp_mount": "pole", "lamp_type": "LED", "support": "pole"}, "geohash": "tf0u1pfjy"},{"type": "Feature", "geometry": {"type": "Point", "coordinates": [79.8493814, 11.9916277]}, "properties": {"highway": "street_lamp", "lamp_mount": "straight_mast", "lamp_type": "LED", "support": "pole"}, "geohash": "tf0u1p083"},{"type": "Feature", "geometry": {"type": "Point", "coordinates": [79.8466782, 11.9861168]}, "properties": {"highway": "street_lamp", "lamp_mount": "pole", "lamp_type": "electric", "support": "pole"}, "geohash": "tf0u0yn84"},{"type": "Feature", "geometry": {"type": "Point", "coordinates": [79.8444478, 11.9809399]}, "properties": {"highway": "street_lamp", "lamp_mount": "pole", "lamp_type": "LED", "support": "pole"}, "geohash": "tf0u0vhfn"},{"type": "Feature", "geometry": {"type": "Point", "coordinates": [79.8443254, 11.9806591]}, "properties": {"highway": "street_lamp", "lamp_mount": "pole", "lamp_type": "LED", "support": "pole"}, "geohash": "tf0u0vhb7"},{"type": "Feature", "geometry": {"type": "Point", "coordinates": [79.8441752, 11.9803887]}, "properties": {"highway": "street_lamp", "lamp_mount": "pole", "lamp_type": "LED", "support": "pole"}, "geohash": "tf0u0uuyb"},{"type": "Feature", "geometry": {"type": "Point", "coordinates": [79.8406562, 11.9740715]}, "properties": {"highway": "street_lamp", "lamp_mount": "pole", "lamp_type": "LED", "support": "pole"}, "geohash": "tf0u0gf4n"},{"type": "Feature", "geometry": {"type": "Point", "coordinates": [79.8394935, 11.9716203]}, "properties": {"highway": "street_lamp", "lamp_mount": "straight_mast", "lamp_type": "LED", "support": "pole"}, "geohash": "tf0u0g37e"},{"type": "Feature", "geometry": {"type": "Point", "coordinates": [79.8341158, 11.9641976]}, "properties": {"highway": "street_lamp", "lamp_mount": "pole", "lamp_type": "LED", "support": "pole"}, "geohash": "tf0u0dj2t"},{"type": "Feature", "geometry": {"type": "Point", "coordinates": [79.83334, 11.9634242]}, "properties": {"highway": "street_lamp", "lamp_mount": "pole", "lamp_type": "LED", "support": "pole"}, "geohash": "tf0u09ugg"},{"type": "Feature", "geometry": {"type": "Point", "coordinates": [79.8327776, 11.9629003]}, "properties": {"highway": "street_lamp", "lamp_mount": "pole", "lamp_type": "LED", "support": "pole"}, "geohash": "tf0u09u2y"},{"type": "Feature", "geometry": {"type": "Point", "coordinates": [79.8321701, 11.9623392]}, "properties": {"highway": "street_lamp", "lamp_mount": "pole", "lamp_type": "LED", "support": "pole"}, "geohash": "tf0u09sj8"},{"type": "Feature", "geometry": {"type": "Point", "coordinates": [79.8314793, 11.9616684]}, "properties": {"highway": "street_lamp", "lamp_mount": "pole", "lamp_type": "LED", "support": "pole"}, "geohash": "tf0u09e9b"},{"type": "Feature", "geometry": {"type": "Point", "coordinates": [79.8309567, 11.9611587]}, "properties": {"highway": "street_lamp", "lamp_mount": "pole", "lamp_type": "LED", "support": "pole"}, "geohash": "tf0u097nu"},{"type": "Feature", "geometry": {"type": "Point", "coordinates": [79.8303853, 11.9606171]}, "properties": {"highway": "street_lamp", "lamp_mount": "pole", "lamp_type": "LED", "support": "pole"}, "geohash": "tf0u096ew"},{"type": "Feature", "geometry": {"type": "Point", "coordinates": [79.8297718, 11.9600123]}, "properties": {"highway": "street_lamp", "lamp_mount": "pole", "lamp_type": "LED", "support": "pole"}, "geohash": "tf0u09620"},{"type": "Feature", "geometry": {"type": "Point", "coordinates": [79.8287958, 11.9590712]}, "properties": {"highway": "street_lamp", "lamp_mount": "straight_mast", "lamp_type": "LED", "support": "pole"}, "geohash": "tf0u091d9"},{"type": "Feature", "geometry": {"type": "Point", "coordinates": [79.8281886, 11.9575057]}, "properties": {"highway": "street_lamp", "lamp_mount": "pole", "lamp_type": "LED", "support": "pole"}, "geohash": "tf0u08c1e"},{"type": "Feature", "geometry": {"type": "Point", "coordinates": [79.8000277, 11.9453847]}, "properties": {"highway": "street_lamp", "lamp_mount": "pole", "lamp_type": "LED", "support": "pole"}, "geohash": "tf0ezysdg"},{"type": "Feature", "geometry": {"type": "Point", "coordinates": [79.8058749, 11.9399948]}, "properties": {"check_date": "2024-11-01", "highway": "street_lamp", "lamp_mount": "pole", "lamp_type": "LED", "light:colour": "white", "operational_status": "operational", "support": "pole"}, "geohash": "tf0gbj8ge"},{"type": "Feature", "geometry": {"type": "Point", "coordinates": [79.8009904, 11.9386591]}, "properties": {"check_date": "2025-01-02", "direction": "270", "highway": "street_lamp", "lamp_type": "LED", "light:colour": "white", "operational_status": "operational", "support": "pole"}, "geohash": "tf0ezvm79"},{"type": "Feature", "geometry": {"type": "Point", "coordinates": [79.8012617, 11.9378698]}, "properties": {"check_date": "2024-10-29", "direction": "5", "highway": "street_lamp", "lamp_type": "LED", "light:colour": "white", "operational_status": "operational"}, "geohash": "tf0ezvjx0"},{"type": "Feature", "geometry": {"type": "Point", "coordinates": [79.8008828, 11.937933]}, "properties": {"check_date": "2025-01-02", "direction": "90", "highway": "street_lamp", "lamp_type": "LED", "light:colour": "white", "operational_status": "operational", "support": "pole"}, "geohash": "tf0ezvjpx"},{"type": "Feature", "geometry": {"type": "Point", "coordinates": [79.801831, 11.941049]}, "properties": {"check_date": "2025-01-02", "highway": "street_lamp", "lamp_type": "LED", "light:colour": "white", "operational_status": "operational"}, "geohash": "tf0ezvvct"},{"type": "Feature", "geometry": {"type": "Point", "coordinates": [79.8009054, 11.9381045]}, "properties": {"check_date": "2025-01-02", "direction": "245", "highway": "street_lamp", "lamp_type": "LED", "light:colour": "white", "operational_status": "operational", "support": "pole"}, "geohash": "tf0ezvm0r"},{"type": "Feature", "geometry": {"type": "Point", "coordinates": [79.800507, 11.9380939]}, "properties": {"check_date": "2025-01-02", "direction": "0", "highway": "street_lamp", "lamp_type": "LED", "light:colour": "white", "operational_status": "operational", "support": "pole"}, "geohash": "tf0ezvkbq"},{"type": "Feature", "geometry": {"type": "Point", "coordinates": [79.8015033, 11.9380649]}, "properties": {"check_date": "2024-10-29", "direction": "105", "highway": "street_lamp", "lamp_type": "LED", "light:colour": "white", "operational_status": "operational"}, "geohash": "tf0ezvm8m"},{"type": "Feature", "geometry": {"type": "Point", "coordinates": [79.8029728, 11.9418102]}, "properties": {"check_date": "2024-10-29", "highway": "street_lamp", "lamp_type": "LED", "light:colour": "white", "operational_status": "broken"}, "geohash": "tf0ezvyy0"},{"type": "Feature", "geometry": {"type": "Point", "coordinates": [79.8005939, 11.937809]}, "properties": {"check_date": "2025-01-02", "direction": "270", "highway": "street_lamp", "lamp_type": "LED", "light:colour": "white", "operational_status": "operational", "support": "pole"}, "geohash": "tf0ezvjnb"},{"type": "Feature", "geometry": {"type": "Point", "coordinates": [79.8014507, 11.9378517]}, "properties": {"check_date": "2024-10-29", "direction": "5", "highway": "street_lamp", "lamp_type": "LED", "light:colour": "white", "operational_status": "operational"}, "geohash": "tf0ezvjxh"},{"type": "Feature", "geometry": {"type": "Point", "coordinates": [79.8020544, 11.9413494]}, "properties": {"check_date": "2025-01-02", "highway": "street_lamp", "lamp_type": "LED", "light:colour": "white", "operational_status": "operational", "support": "pole"}, "geohash": "tf0ezvy56"},{"type": "Feature", "geometry": {"type": "Point", "coordinates": [79.8015656, 11.9409358]}, "properties": {"check_date": "2025-01-02", "highway": "street_lamp", "lamp_type": "LED", "light:colour": "white", "operational_status": "operational"}, "geohash": "tf0ezvv8z"},{"type": "Feature", "geometry": {"type": "Point", "coordinates": [79.8020338, 11.9415443]}, "properties": {"check_date": "2025-01-02", "highway": "street_lamp", "lamp_type": "LED", "light:colour": "white", "operational_status": "operational", "support": "pole"}, "geohash": "tf0ezvyhd"},{"type": "Feature", "geometry": {"type": "Point", "coordinates": [79.8022456, 11.9418557]}, "properties": {"check_date": "2025-01-02", "highway": "street_lamp", "lamp_type": "LED", "light:colour": "white", "operational_status": "operational"}, "geohash": "tf0ezvynr"},{"type": "Feature", "geometry": {"type": "Point", "coordinates": [79.802027, 11.9414514]}, "properties": {"check_date": "2025-01-02", "highway": "street_lamp", "lamp_type": "LED", "light:colour": "white", "operational_status": "operational", "support": "pole"}, "geohash": "tf0ezvy5f"},{"type": "Feature", "geometry": {"type": "Point", "coordinates": [79.801264, 11.9394152]}, "properties": {"check_date": "2025-01-02", "highway": "street_lamp", "lamp_type": "LED", "light:colour": "white", "operational_status": "operational", "support": "pole"}, "geohash": "tf0ezvt80"},{"type": "Feature", "geometry": {"type": "Point", "coordinates": [79.8009919, 11.9388807]}, "properties": {"check_date": "2025-01-02", "direction": "80", "highway": "street_lamp", "lamp_type": "LED", "light:colour": "white", "operational_status": "operational", "support": "pole"}, "geohash": "tf0ezvmm1"},{"type": "Feature", "geometry": {"type": "Point", "coordinates": [79.8009562, 11.9384268]}, "properties": {"check_date": "2025-01-02", "direction": "270", "highway": "street_lamp", "lamp_type": "LED", "light:colour": "white", "operational_status": "operational", "support": "pole"}, "geohash": "tf0ezvm63"},{"type": "Feature", "geometry": {"type": "Point", "coordinates": [79.8014958, 11.9404032]}, "properties": {"check_date": "2025-01-02", "highway": "street_lamp", "lamp_type": "LED", "light:colour": "white", "operational_status": "operational", "support": "pole"}, "geohash": "tf0ezvttv"},{"type": "Feature", "geometry": {"type": "Point", "coordinates": [79.8012002, 11.9391883]}, "properties": {"check_date": "2025-01-02", "highway": "street_lamp", "lamp_type": "LED", "light:colour": "white", "operational_status": "operational", "support": "pole"}, "geohash": "tf0ezvmqy"},{"type": "Feature", "geometry": {"type": "Point", "coordinates": [79.8013646, 11.9398019]}, "properties": {"check_date": "2025-01-02", "highway": "street_lamp", "lamp_type": "LED", "light:colour": "white", "operational_status": "operational", "support": "pole"}, "geohash": "tf0ezvtd6"},{"type": "Feature", "geometry": {"type": "Point", "coordinates": [79.8014729, 11.9402559]}, "properties": {"check_date": "2025-01-02", "highway": "street_lamp", "lamp_type": "LED", "light:colour": "white", "operational_status": "operational", "support": "pole"}, "geohash": "tf0ezvttj"},{"type": "Feature", "geometry": {"type": "Point", "coordinates": [79.8013293, 11.939649]}, "properties": {"check_date": "2025-01-02", "highway": "street_lamp", "lamp_type": "LED", "light:colour": "white", "operational_status": "operational", "support": "pole"}, "geohash": "tf0ezvt93"},{"type": "Feature", "geometry": {"type": "Point", "coordinates": [79.801532, 11.9405777]}, "properties": {"check_date": "2024-10-29", "highway": "street_lamp", "lamp_type": "LED", "light:colour": "white", "operational_status": "operational", "support": "pole"}, "geohash": "tf0ezvtwy"},{"type": "Feature", "geometry": {"type": "Point", "coordinates": [79.8014068, 11.9399598]}, "properties": {"check_date": "2025-01-02", "highway": "street_lamp", "lamp_type": "LED", "light:colour": "white", "operational_status": "operational", "support": "pole"}, "geohash": "tf0ezvte7"},{"type": "Feature", "geometry": {"type": "Point", "coordinates": [79.8032423, 11.9417869]}, "properties": {"check_date": "2024-10-29", "highway": "street_lamp", "lamp_type": "LED", "light:colour": "white", "operational_status": "operational"}, "geohash": "tf0ezvyvy"},{"type": "Feature", "geometry": {"type": "Point", "coordinates": [79.8018339, 11.9384622]}, "properties": {"check_date": "2025-01-02", "direction": "15", "highway": "street_lamp", "lamp_type": "LED", "light:colour": "white", "operational_status": "operational", "support": "pole"}, "geohash": "tf0ezvmft"},{"type": "Feature", "geometry": {"type": "Point", "coordinates": [79.8024851, 11.9418466]}, "properties": {"check_date": "2024-10-29", "highway": "street_lamp", "lamp_type": "LED", "light:colour": "white", "operational_status": "operational"}, "geohash": "tf0ezvyqk"},{"type": "Feature", "geometry": {"type": "Point", "coordinates": [79.8079863, 11.9394644]}, "properties": {"check_date": "2024-10-29", "highway": "street_lamp", "lamp_type": "sodium", "light:colour": "yellow", "operational_status": "broken"}, "geohash": "tf0gbjd2k"},{"type": "Feature", "geometry": {"type": "Point", "coordinates": [79.8039238, 11.9417456]}, "properties": {"check_date": "2024-10-29", "highway": "street_lamp", "lamp_type": "LED", "light:colour": "white", "operational_status": "broken"}, "geohash": "tf0ezvzmw"},{"type": "Feature", "geometry": {"type": "Point", "coordinates": [79.8027382, 11.9418275]}, "properties": {"check_date": "2024-10-29", "highway": "street_lamp", "lamp_type": "LED", "light:colour": "white", "operational_status": "operational"}, "geohash": "tf0ezvyw4"},{"type": "Feature", "geometry": {"type": "Point", "coordinates": [79.8026558, 11.9383444]}, "properties": {"check_date": "2024-10-29", "direction": "0", "highway": "street_lamp", "lamp_type": "LED", "light:colour": "white", "operational_status": "broken"}, "geohash": "tf0ezvq9b"},{"type": "Feature", "geometry": {"type": "Point", "coordinates": [79.8081004, 11.9402023]}, "properties": {"check_date": "2024-10-29", "highway": "street_lamp", "lamp_type": "sodium", "light:colour": "yellow", "operational_status": "operational"}, "geohash": "tf0gbjdkx"},{"type": "Feature", "geometry": {"type": "Point", "coordinates": [79.8037877, 11.9366828]}, "properties": {"check_date": "2024-10-29", "highway": "street_lamp", "lamp_type": "LED", "light:colour": "white", "operational_status": "operational"}, "geohash": "tf0ezvp25"},{"type": "Feature", "geometry": {"type": "Point", "coordinates": [79.8034737, 11.9417461]}, "properties": {"check_date": "2024-10-29", "highway": "street_lamp", "lamp_type": "LED", "light:colour": "white", "operational_status": "operational"}, "geohash": "tf0ezvzje"},{"type": "Feature", "geometry": {"type": "Point", "coordinates": [79.8078002, 11.9378289]}, "properties": {"check_date": "2024-10-29", "highway": "street_lamp", "lamp_type": "LED", "light:colour": "white", "operational_status": "operational"}, "geohash": "tf0gbj4qb"},{"type": "Feature", "geometry": {"type": "Point", "coordinates": [79.8073151, 11.9366344]}, "properties": {"check_date": "2024-10-29", "highway": "street_lamp", "lamp_type": "LED", "light:colour": "white", "operational_status": "operational"}, "geohash": "tf0gbhczv"},{"type": "Feature", "geometry": {"type": "Point", "coordinates": [79.8024318, 11.9383459]}, "properties": {"check_date": "2024-10-29", "direction": "0", "highway": "street_lamp", "lamp_type": "LED", "light:colour": "white", "operational_status": "broken"}, "geohash": "tf0ezvq3g"},{"type": "Feature", "geometry": {"type": "Point", "coordinates": [79.8076408, 11.9365824]}, "properties": {"check_date": "2024-10-29", "highway": "street_lamp", "lamp_type": "LED", "light:colour": "white", "operational_status": "operational"}, "geohash": "tf0gbhfps"},{"type": "Feature", "geometry": {"type": "Point", "coordinates": [79.8031194, 11.9382169]}, "properties": {"check_date": "2024-10-29", "direction": "90", "highway": "street_lamp", "lamp_type": "LED", "light:colour": "white", "operational_status": "operational"}, "geohash": "tf0ezvqc5"},{"type": "Feature", "geometry": {"type": "Point", "coordinates": [79.8021851, 11.9383935]}, "properties": {"check_date": "2024-10-29", "direction": "5", "highway": "street_lamp", "lamp_type": "LED", "light:colour": "white", "operational_status": "operational"}, "geohash": "tf0ezvq4j"},{"type": "Feature", "geometry": {"type": "Point", "coordinates": [79.8033493, 11.9375718]}, "properties": {"check_date": "2024-10-29", "highway": "street_lamp", "lamp_type": "LED", "light:colour": "white", "operational_status": "operational"}, "geohash": "tf0ezvpj2"},{"type": "Feature", "geometry": {"type": "Point", "coordinates": [79.8015494, 11.9383041]}, "properties": {"check_date": "2024-10-29", "direction": "100", "highway": "street_lamp", "lamp_type": "LED", "light:colour": "white", "operational_status": "operational"}, "geohash": "tf0ezvm9w"},{"type": "Feature", "geometry": {"type": "Point", "coordinates": [79.8030656, 11.9383719]}, "properties": {"check_date": "2024-10-29", "direction": "0", "highway": "street_lamp", "lamp_type": "LED", "light:colour": "white", "operational_status": "operational"}, "geohash": "tf0ezvqf4"},{"type": "Feature", "geometry": {"type": "Point", "coordinates": [79.803972, 11.9367038]}, "properties": {"check_date": "2024-10-29", "highway": "street_lamp", "lamp_type": "LED", "light:colour": "white", "operational_status": "operational"}, "geohash": "tf0ezvp2r"},{"type": "Feature", "geometry": {"type": "Point", "coordinates": [79.8068516, 11.9366372]}, "properties": {"check_date": "2024-10-29", "highway": "street_lamp", "lamp_type": "LED", "light:colour": "white", "operational_status": "operational"}, "geohash": "tf0gbhcxf"},{"type": "Feature", "geometry": {"type": "Point", "coordinates": [79.8033787, 11.9369494]}, "properties": {"check_date": "2024-10-29", "highway": "street_lamp", "lamp_type": "LED", "light:colour": "white", "operational_status": "operational"}, "geohash": "tf0ezvp1c"},{"type": "Feature", "geometry": {"type": "Point", "coordinates": [79.8030682, 11.937968]}, "properties": {"check_date": "2024-10-29", "direction": "0", "highway": "street_lamp", "lamp_type": "LED", "light:colour": "white", "operational_status": "operational"}, "geohash": "tf0ezvnzd"},{"type": "Feature", "geometry": {"type": "Point", "coordinates": [79.8046183, 11.9367754]}, "properties": {"check_date": "2024-10-29", "highway": "street_lamp", "lamp_type": "LED", "light:colour": "white", "operational_status": "operational"}, "geohash": "tf0ezvpby"},{"type": "Feature", "geometry": {"type": "Point", "coordinates": [79.8016134, 11.9384761]}, "properties": {"check_date": "2024-10-29", "direction": "105", "highway": "street_lamp", "lamp_type": "LED", "light:colour": "white", "operational_status": "operational"}, "geohash": "tf0ezvmf8"},{"type": "Feature", "geometry": {"type": "Point", "coordinates": [79.8033501, 11.9379651]}, "properties": {"check_date": "2024-10-29", "direction": "270", "highway": "street_lamp", "lamp_type": "LED", "light:colour": "white", "operational_status": "operational"}, "geohash": "tf0ezvpp8"},{"type": "Feature", "geometry": {"type": "Point", "coordinates": [79.8033849, 11.9366929]}, "properties": {"check_date": "2024-10-29", "highway": "street_lamp", "lamp_type": "LED", "light:colour": "white", "operational_status": "operational"}, "geohash": "tf0ezvp03"},{"type": "Feature", "geometry": {"type": "Point", "coordinates": [79.8064997, 11.9367013]}, "properties": {"check_date": "2024-10-29", "highway": "street_lamp", "lamp_type": "LED", "light:colour": "white", "operational_status": "operational"}, "geohash": "tf0gbj126"},{"type": "Feature", "geometry": {"type": "Point", "coordinates": [79.804229, 11.9367484]}, "properties": {"check_date": "2024-10-29", "highway": "street_lamp", "lamp_type": "LED", "light:colour": "white", "operational_status": "operational"}, "geohash": "tf0ezvp8t"},{"type": "Feature", "geometry": {"type": "Point", "coordinates": [79.8343075, 11.9282265]}, "properties": {"check_date": "2024-11-01", "highway": "street_lamp", "lamp_mount": "pole", "lamp_type": "LED", "light:colour": "yellow", "operational_status": "operational", "support": "pole"}, "geohash": "tf0gbemwf"},{"type": "Feature", "geometry": {"type": "Point", "coordinates": [79.8337648, 11.9283052]}, "properties": {"check_date": "2024-11-01", "highway": "street_lamp", "lamp_mount": "pole", "lamp_type": "LED", "light:colour": "yellow", "operational_status": "operational", "ref": "181", "support": "pole"}, "geohash": "tf0gbempm"},{"type": "Feature", "geometry": {"type": "Point", "coordinates": [79.8338963, 11.9283059]}, "properties": {"check_date": "2024-11-01", "highway": "street_lamp", "lamp_mount": "pole", "lamp_type": "LED", "light:colour": "yellow", "operational_status": "broken", "ref": "180", "support": "pole"}, "geohash": "tf0gbemr2"},{"type": "Feature", "geometry": {"type": "Point", "coordinates": [79.8348684, 11.9281411]}, "properties": {"check_date": "2024-11-01", "highway": "street_lamp", "lamp_type": "LED", "light:colour": "yellow", "operational_status": "broken", "ref": "40"}, "geohash": "tf0gbemyr"},{"type": "Feature", "geometry": {"type": "Point", "coordinates": [79.8341253, 11.9282813]}, "properties": {"check_date": "2024-11-01", "highway": "street_lamp", "lamp_mount": "pole", "lamp_type": "LED", "light:colour": "yellow", "operational_status": "operational", "support": "pole"}, "geohash": "tf0gbemrm"},{"type": "Feature", "geometry": {"type": "Point", "coordinates": [79.834183, 11.9282496]}, "properties": {"check_date": "2024-11-01", "highway": "street_lamp", "lamp_mount": "pole", "lamp_type": "LED", "light:colour": "yellow", "operational_status": "broken", "ref": "177", "support": "pole"}, "geohash": "tf0gbemrp"},{"type": "Feature", "geometry": {"type": "Point", "coordinates": [79.8337162, 11.9283697]}, "properties": {"check_date": "2024-11-01", "highway": "street_lamp", "lamp_mount": "pole", "lamp_type": "LED", "light:colour": "yellow", "operational_status": "operational", "ref": "184", "support": "pole"}, "geohash": "tf0gbempu"},{"type": "Feature", "geometry": {"type": "Point", "coordinates": [79.8345253, 11.9281804]}, "properties": {"check_date": "2024-11-01", "highway": "street_lamp", "lamp_type": "LED", "light:colour": "yellow", "operational_status": "operational", "ref": "43"}, "geohash": "tf0gbemwx"},{"type": "Feature", "geometry": {"type": "Point", "coordinates": [79.8344127, 11.9282282]}, "properties": {"check_date": "2024-11-01", "highway": "street_lamp", "lamp_type": "LED", "light:colour": "yellow", "operational_status": "operational", "ref": "44"}, "geohash": "tf0gbemwu"},{"type": "Feature", "geometry": {"type": "Point", "coordinates": [79.8347483, 11.9281502]}, "properties": {"check_date": "2024-11-01", "highway": "street_lamp", "lamp_type": "LED", "light:colour": "yellow", "operational_status": "broken", "ref": "41"}, "geohash": "tf0gbemys"},{"type": "Feature", "geometry": {"type": "Point", "coordinates": [79.8346227, 11.9281695]}, "properties": {"check_date": "2024-11-01", "highway": "street_lamp", "lamp_type": "LED", "light:colour": "yellow", "operational_status": "operational", "ref": "42"}, "geohash": "tf0gbemy9"},{"type": "Feature", "geometry": {"type": "Point", "coordinates": [79.8338987, 11.9282857]}, "properties": {"check_date": "2024-11-01", "highway": "street_lamp", "lamp_mount": "pole", "lamp_type": "LED", "light:colour": "yellow", "operational_status": "operational", "ref": "185", "support": "pole"}, "geohash": "tf0gbemr2"},{"type": "Feature", "geometry": {"type": "Point", "coordinates": [79.8339443, 11.9282671]}, "properties": {"check_date": "2024-11-01", "highway": "street_lamp", "lamp_mount": "pole", "lamp_type": "LED", "light:colour": "yellow", "operational_status": "operational", "ref": "186", "support": "pole"}, "geohash": "tf0gbemr1"},{"type": "Feature", "geometry": {"type": "Point", "coordinates": [79.8340307, 11.928259]}, "properties": {"check_date": "2024-11-01", "highway": "street_lamp", "lamp_mount": "pole", "lamp_type": "LED", "light:colour": "yellow", "operational_status": "operational", "ref": "187", "support": "pole"}, "geohash": "tf0gbemr5"},{"type": "Feature", "geometry": {"type": "Point", "coordinates": [79.8341513, 11.9282375]}, "properties": {"check_date": "2024-11-01", "highway": "street_lamp", "lamp_mount": "pole", "lamp_type": "LED", "light:colour": "yellow", "operational_status": "broken", "ref": "188", "support": "pole"}, "geohash": "tf0gbemrn"},{"type": "Feature", "geometry": {"type": "Point", "coordinates": [79.8344333, 11.9281848]}, "properties": {"check_date": "2024-11-01", "highway": "street_lamp", "lamp_mount": "pole", "lamp_type": "LED", "light:colour": "yellow", "operational_status": "operational", "ref": "35", "support": "pole"}, "geohash": "tf0gbemwt"},{"type": "Feature", "geometry": {"type": "Point", "coordinates": [79.834266, 11.9282178]}, "properties": {"check_date": "2024-11-01", "highway": "street_lamp", "lamp_mount": "pole", "lamp_type": "LED", "light:colour": "yellow", "operational_status": "operational", "ref": "189", "support": "pole"}, "geohash": "tf0gbemwc"},{"type": "Feature", "geometry": {"type": "Point", "coordinates": [79.83456, 11.9281006]}, "properties": {"check_date": "2024-11-01", "highway": "street_lamp", "lamp_mount": "pole", "lamp_type": "LED", "light:colour": "yellow", "operational_status": "operational", "ref": "36", "support": "pole"}, "geohash": "tf0gbemy0"},{"type": "Feature", "geometry": {"type": "Point", "coordinates": [79.8346456, 11.9281175]}, "properties": {"check_date": "2024-11-01", "highway": "street_lamp", "lamp_mount": "pole", "lamp_type": "LED", "light:colour": "yellow", "operational_status": "operational", "ref": "37", "support": "pole"}, "geohash": "tf0gbemy6"},{"type": "Feature", "geometry": {"type": "Point", "coordinates": [79.8347294, 11.9280992]}, "properties": {"check_date": "2024-11-01", "highway": "street_lamp", "lamp_mount": "pole", "lamp_type": "LED", "light:colour": "yellow", "operational_status": "broken", "ref": "38", "support": "pole"}, "geohash": "tf0gbemyh"},{"type": "Feature", "geometry": {"type": "Point", "coordinates": [79.8348106, 11.9280306]}, "properties": {"check_date": "2024-11-01", "highway": "street_lamp", "lamp_mount": "pole", "lamp_type": "LED", "light:colour": "yellow", "operational_status": "broken", "ref": "39", "support": "pole"}, "geohash": "tf0gbemvv"},{"type": "Feature", "geometry": {"type": "Point", "coordinates": [79.8345061, 11.9261926]}, "properties": {"check_date": "2024-11-01", "highway": "street_lamp", "lamp_type": "LED", "light:colour": "white", "light:count": "2", "operational_status": "broken"}, "geohash": "tf0gbejen"},{"type": "Feature", "geometry": {"type": "Point", "coordinates": [79.8043323, 11.94116]}, "properties": {"check_date": "2024-11-02", "highway": "street_lamp", "lamp_mount": "pole", "lamp_type": "LED", "light:colour": "white", "operational_status": "operational", "support": "pole"}, "geohash": "tf0ezvzdr"},{"type": "Feature", "geometry": {"type": "Point", "coordinates": [79.8053496, 11.9413864]}, "properties": {"check_date": "2024-11-02", "highway": "street_lamp", "lamp_mount": "pole", "lamp_type": "LED", "light:colour": "white", "operational_status": "operational", "support": "pole"}, "geohash": "tf0gbjb7x"},{"type": "Feature", "geometry": {"type": "Point", "coordinates": [79.8040162, 11.9412796]}, "properties": {"check_date": "2024-11-02", "highway": "street_lamp", "lamp_mount": "pole", "lamp_type": "LED", "light:colour": "white", "operational_status": "operational", "support": "pole"}, "geohash": "tf0ezvzdb"},{"type": "Feature", "geometry": {"type": "Point", "coordinates": [79.8039601, 11.9410182]}, "properties": {"check_date": "2024-11-02", "highway": "street_lamp", "lamp_mount": "pole", "lamp_type": "LED", "light:colour": "white", "operational_status": "operational", "support": "pole"}, "geohash": "tf0ezvz3r"},{"type": "Feature", "geometry": {"type": "Point", "coordinates": [79.8039272, 11.9408355]}, "properties": {"highway": "street_lamp", "lamp_mount": "pole", "lamp_type": "LED", "light:colour": "white", "operational_status": "operational", "support": "pole"}, "geohash": "tf0ezvz2q"},{"type": "Feature", "geometry": {"type": "Point", "coordinates": [79.8038871, 11.9406362]}, "properties": {"highway": "street_lamp", "lamp_mount": "pole", "lamp_type": "LED", "light:colour": "white", "operational_status": "operational", "support": "pole"}, "geohash": "tf0ezvxrj"},{"type": "Feature", "geometry": {"type": "Point", "coordinates": [79.8038368, 11.9403667]}, "properties": {"highway": "street_lamp", "lamp_mount": "pole", "lamp_type": "LED", "light:colour": "white", "operational_status": "operational", "support": "pole"}, "geohash": "tf0ezvxms"},{"type": "Feature", "geometry": {"type": "Point", "coordinates": [79.8040264, 11.9399699]}, "properties": {"highway": "street_lamp", "lamp_mount": "pole", "lamp_type": "LED", "light:colour": "white", "operational_status": "operational", "support": "pole"}, "geohash": "tf0ezvxe2"},{"type": "Feature", "geometry": {"type": "Point", "coordinates": [79.8044789, 11.9398317]}, "properties": {"highway": "street_lamp", "lamp_mount": "pole", "lamp_type": "LED", "light:colour": "white", "operational_status": "operational", "support": "pole"}, "geohash": "tf0ezvxfe"},{"type": "Feature", "geometry": {"type": "Point", "coordinates": [79.8042884, 11.9397359]}, "properties": {"highway": "street_lamp", "lamp_mount": "pole", "lamp_type": "LED", "light:colour": "white", "operational_status": "operational", "support": "pole"}, "geohash": "tf0ezvxdn"},{"type": "Feature", "geometry": {"type": "Point", "coordinates": [79.8312684, 11.9364957]}, "properties": {"check_date": "2024-11-02", "highway": "street_lamp", "lamp_mount": "pole", "lamp_type": "LED", "light:colour": "white", "operational_status": "operational", "ref": "13", "support": "pole"}, "geohash": "tf0gbsgr5"},{"type": "Feature", "geometry": {"type": "Point", "coordinates": [79.832853, 11.9366425]}, "properties": {"check_date": "2024-11-02", "highway": "street_lamp", "lamp_type": "LED", "light:colour": "white", "operational_status": "operational"}, "geohash": "tf0gbsuxb"},{"type": "Feature", "geometry": {"type": "Point", "coordinates": [79.8328909, 11.9368914]}, "properties": {"check_date": "2024-11-02", "highway": "street_lamp", "lamp_type": "LED", "light:colour": "white", "operational_status": "operational"}, "geohash": "tf0gbth93"},{"type": "Feature", "geometry": {"type": "Point", "coordinates": [79.8329951, 11.937364]}, "properties": {"check_date": "2024-11-02", "highway": "street_lamp", "lamp_type": "LED", "light:colour": "white", "operational_status": "operational"}, "geohash": "tf0gbths5"},{"type": "Feature", "geometry": {"type": "Point", "coordinates": [79.8329391, 11.9370661]}, "properties": {"check_date": "2024-11-02", "highway": "street_lamp", "lamp_type": "sodium", "light:colour": "yellow", "operational_status": "operational"}, "geohash": "tf0gbthd6"},{"type": "Feature", "geometry": {"type": "Point", "coordinates": [79.8313301, 11.9369059]}, "properties": {"check_date": "2024-11-02", "highway": "street_lamp", "lamp_mount": "pole", "lamp_type": "LED", "light:colour": "white", "operational_status": "operational", "support": "pole"}, "geohash": "tf0gbt53s"},{"type": "Feature", "geometry": {"type": "Point", "coordinates": [79.8326303, 11.9354787]}, "properties": {"check_date": "2024-11-02", "highway": "street_lamp", "lamp_mount": "pole", "lamp_type": "LED", "light:colour": "white", "operational_status": "operational", "support": "pole"}, "geohash": "tf0gbsu35"},{"type": "Feature", "geometry": {"type": "Point", "coordinates": [79.8326134, 11.9354612]}, "properties": {"highway": "street_lamp", "lamp_mount": "pole", "lamp_type": "LED", "light:colour": "white", "operational_status": "operational", "support": "pole"}, "geohash": "tf0gbsu34"},{"type": "Feature", "geometry": {"type": "Point", "coordinates": [79.8356383, 11.9374324]}, "properties": {"check_date": "2024-11-02", "highway": "street_lamp", "lamp_mount": "pole", "lamp_type": "LED", "light:colour": "white", "operational_status": "operational", "support": "pole"}, "geohash": "tf0gbtns9"},{"type": "Feature", "geometry": {"type": "Point", "coordinates": [79.8357653, 11.9379405]}, "properties": {"check_date": "2024-11-02", "highway": "street_lamp", "lamp_mount": "pole", "lamp_type": "LED", "light:colour": "white", "operational_status": "operational", "support": "pole"}, "geohash": "tf0gbtnxs"},{"type": "Feature", "geometry": {"type": "Point", "coordinates": [79.8328131, 11.9364991]}, "properties": {"check_date": "2024-11-02", "highway": "street_lamp", "lamp_type": "LED", "light:colour": "white", "operational_status": "operational"}, "geohash": "tf0gbsurp"},{"type": "Feature", "geometry": {"type": "Point", "coordinates": [79.8359141, 11.9384991]}, "properties": {"check_date": "2024-11-02", "highway": "street_lamp", "lamp_mount": "pole", "lamp_type": "LED", "light:colour": "white", "operational_status": "operational", "support": "pole"}, "geohash": "tf0gbtqdz"},{"type": "Feature", "geometry": {"type": "Point", "coordinates": [79.8359236, 11.9385054]}, "properties": {"check_date": "2024-11-02", "highway": "street_lamp", "lamp_mount": "pole", "lamp_type": "LED", "light:colour": "white", "operational_status": "broken", "support": "pole"}, "geohash": "tf0gbtqdz"},{"type": "Feature", "geometry": {"type": "Point", "coordinates": [79.8359753, 11.9385043]}, "properties": {"check_date": "2024-11-02", "highway": "street_lamp", "lamp_mount": "pole", "lamp_type": "LED", "light:colour": "white", "operational_status": "broken", "support": "pole"}, "geohash": "tf0gbtqfc"},{"type": "Feature", "geometry": {"type": "Point", "coordinates": [79.8313244, 11.9357666]}, "properties": {"check_date": "2024-11-02", "highway": "street_lamp", "lamp_mount": "pole", "lamp_type": "LED", "light:colour": "yellow", "operational_status": "operational"}, "geohash": "tf0gbsg6u"},{"type": "Feature", "geometry": {"type": "Point", "coordinates": [79.8312125, 11.9360602]}, "properties": {"check_date": "2024-11-02", "highway": "street_lamp", "lamp_mount": "pole", "lamp_type": "LED", "light:colour": "white", "operational_status": "operational", "support": "pole"}, "geohash": "tf0gbsgkd"},{"type": "Feature", "geometry": {"type": "Point", "coordinates": [79.8312227, 11.9362439]}, "properties": {"check_date": "2024-11-02", "highway": "street_lamp", "lamp_mount": "pole", "lamp_type": "sodium_vapor", "light:colour": "yellow", "operational_status": "operational", "ref": "14", "support": "pole"}, "geohash": "tf0gbsgmd"},{"type": "Feature", "geometry": {"type": "Point", "coordinates": [79.833089, 11.9379108]}, "properties": {"check_date": "2024-11-02", "highway": "street_lamp", "lamp_type": "LED", "light:colour": "white", "operational_status": "operational"}, "geohash": "tf0gbthxm"},{"type": "Feature", "geometry": {"type": "Point", "coordinates": [79.8329501, 11.9372245]}, "properties": {"check_date": "2024-11-02", "highway": "street_lamp", "lamp_type": "LED", "light:colour": "white", "operational_status": "operational"}, "geohash": "tf0gbthe6"},{"type": "Feature", "geometry": {"type": "Point", "coordinates": [79.8364351, 11.9353974]}, "properties": {"check_date": "2024-11-02", "highway": "street_lamp", "lamp_mount": "pole", "lamp_type": "LED", "light:colour": "white", "light:count": "2", "operational_status": "operational", "support": "pole"}, "geohash": "tf0gbsz0e"},{"type": "Feature", "geometry": {"type": "Point", "coordinates": [79.8359599, 11.9334301]}, "properties": {"check_date": "2024-11-02", "highway": "street_lamp", "lamp_mount": "pole", "lamp_type": "LED", "light:colour": "white", "operational_status": "operational", "support": "pole"}, "geohash": "tf0gbsqv2"},{"type": "Feature", "geometry": {"type": "Point", "coordinates": [79.8360133, 11.9336727]}, "properties": {"check_date": "2024-11-02", "highway": "street_lamp", "lamp_mount": "pole", "lamp_type": "LED", "light:colour": "white", "operational_status": "operational", "support": "pole"}, "geohash": "tf0gbsqy9"},{"type": "Feature", "geometry": {"type": "Point", "coordinates": [79.8360557, 11.933934]}, "properties": {"check_date": "2024-11-02", "highway": "street_lamp", "lamp_mount": "pole", "lamp_type": "LED", "light:colour": "white", "operational_status": "operational", "support": "pole"}, "geohash": "tf0gbswb4"},{"type": "Feature", "geometry": {"type": "Point", "coordinates": [79.8360879, 11.9341706]}, "properties": {"check_date": "2024-11-02", "highway": "street_lamp", "lamp_mount": "pole", "lamp_type": "LED", "light:colour": "white", "operational_status": "operational", "support": "pole"}, "geohash": "tf0gbswce"},{"type": "Feature", "geometry": {"type": "Point", "coordinates": [79.8361088, 11.9343765]}, "properties": {"check_date": "2024-11-02", "highway": "street_lamp", "lamp_mount": "pole", "lamp_type": "LED", "light:colour": "white", "operational_status": "operational", "support": "pole"}, "geohash": "tf0gbswfu"},{"type": "Feature", "geometry": {"type": "Point", "coordinates": [79.836179, 11.9349539]}, "properties": {"check_date": "2024-11-02", "highway": "street_lamp", "lamp_mount": "pole", "lamp_type": "LED", "light:colour": "white", "operational_status": "operational", "support": "pole"}, "geohash": "tf0gbswyj"},{"type": "Feature", "geometry": {"type": "Point", "coordinates": [79.8362136, 11.935195]}, "properties": {"check_date": "2024-11-02", "highway": "street_lamp", "lamp_mount": "pole", "lamp_type": "LED", "light:colour": "white", "operational_status": "operational", "support": "pole"}, "geohash": "tf0gbswzw"},{"type": "Feature", "geometry": {"type": "Point", "coordinates": [79.8362437, 11.9354495]}, "properties": {"check_date": "2024-11-02", "highway": "street_lamp", "lamp_mount": "pole", "lamp_type": "LED", "light:colour": "white", "operational_status": "operational", "support": "pole"}, "geohash": "tf0gbsycp"},{"type": "Feature", "geometry": {"type": "Point", "coordinates": [79.8362802, 11.9357286]}, "properties": {"check_date": "2024-11-02", "highway": "street_lamp", "lamp_mount": "pole", "lamp_type": "LED", "light:colour": "white", "operational_status": "operational", "support": "pole"}, "geohash": "tf0gbsz48"},{"type": "Feature", "geometry": {"type": "Point", "coordinates": [79.8363524, 11.9362072]}, "properties": {"check_date": "2024-11-02", "highway": "street_lamp", "lamp_mount": "pole", "lamp_type": "LED", "light:colour": "white", "operational_status": "operational", "support": "pole"}, "geohash": "tf0gbszj3"},{"type": "Feature", "geometry": {"type": "Point", "coordinates": [79.836526, 11.9361866]}, "properties": {"check_date": "2024-11-02", "highway": "street_lamp", "lamp_mount": "pole", "lamp_type": "LED", "light:colour": "white", "operational_status": "operational", "support": "pole"}, "geohash": "tf0gbszjm"},{"type": "Feature", "geometry": {"type": "Point", "coordinates": [79.8365031, 11.935981]}, "properties": {"check_date": "2024-11-02", "highway": "street_lamp", "lamp_mount": "pole", "lamp_type": "LED", "light:colour": "white", "light:count": "2", "operational_status": "operational", "support": "pole"}, "geohash": "tf0gbszhj"},{"type": "Feature", "geometry": {"type": "Point", "coordinates": [79.8364794, 11.935772]}, "properties": {"check_date": "2024-11-02", "highway": "street_lamp", "lamp_mount": "pole", "lamp_type": "LED", "light:colour": "white", "light:count": "2", "operational_status": "operational", "support": "pole"}, "geohash": "tf0gbsz4u"},{"type": "Feature", "geometry": {"type": "Point", "coordinates": [79.8364567, 11.935576]}, "properties": {"check_date": "2024-11-02", "highway": "street_lamp", "lamp_mount": "pole", "lamp_type": "LED", "light:colour": "white", "light:count": "2", "operational_status": "broken", "support": "pole"}, "geohash": "tf0gbsz1u"},{"type": "Feature", "geometry": {"type": "Point", "coordinates": [79.8354213, 11.9335057]}, "properties": {"check_date": "2024-11-02", "highway": "street_lamp", "lamp_mount": "pole", "lamp_type": "LED", "light:colour": "white", "operational_status": "operational", "support": "pole"}, "geohash": "tf0gbsqms"},{"type": "Feature", "geometry": {"type": "Point", "coordinates": [79.8364095, 11.9352433]}, "properties": {"check_date": "2024-11-02", "highway": "street_lamp", "lamp_mount": "pole", "lamp_type": "LED", "light:colour": "white", "light:count": "2", "operational_status": "operational", "support": "pole"}, "geohash": "tf0gbsxpg"},{"type": "Feature", "geometry": {"type": "Point", "coordinates": [79.8363799, 11.9350132]}, "properties": {"check_date": "2024-11-02", "highway": "street_lamp", "lamp_mount": "pole", "lamp_type": "LED", "light:colour": "white", "light:count": "2", "operational_status": "operational", "support": "pole"}, "geohash": "tf0gbsxn6"},{"type": "Feature", "geometry": {"type": "Point", "coordinates": [79.8363616, 11.9348112]}, "properties": {"check_date": "2024-11-02", "highway": "street_lamp", "lamp_mount": "pole", "lamp_type": "LED", "light:colour": "white", "light:count": "2", "operational_status": "operational", "support": "pole"}, "geohash": "tf0gbsxj6"},{"type": "Feature", "geometry": {"type": "Point", "coordinates": [79.8363343, 11.9346432]}, "properties": {"check_date": "2024-11-02", "highway": "street_lamp", "lamp_mount": "pole", "lamp_type": "LED", "light:colour": "white", "light:count": "2", "operational_status": "needs_maintenance", "support": "pole"}, "geohash": "tf0gbsxh3"},{"type": "Feature", "geometry": {"type": "Point", "coordinates": [79.8363046, 11.9344471]}, "properties": {"check_date": "2024-11-02", "highway": "street_lamp", "lamp_mount": "pole", "lamp_type": "LED", "light:colour": "white", "light:count": "2", "operational_status": "needs_maintenance", "support": "pole"}, "geohash": "tf0gbsx50"},{"type": "Feature", "geometry": {"type": "Point", "coordinates": [79.8331634, 11.9382974]}, "properties": {"check_date": "2024-11-02", "highway": "street_lamp", "lamp_type": "LED", "light:colour": "white", "operational_status": "operational"}, "geohash": "tf0gbtk9x"},{"type": "Feature", "geometry": {"type": "Point", "coordinates": [79.8330277, 11.9375845]}, "properties": {"check_date": "2024-11-02", "highway": "street_lamp", "lamp_type": "LED", "light:colour": "white", "operational_status": "operational"}, "geohash": "tf0gbthtk"},{"type": "Feature", "geometry": {"type": "Point", "coordinates": [79.8330643, 11.9377672]}, "properties": {"check_date": "2024-11-02", "highway": "street_lamp", "lamp_type": "LED", "light:colour": "white", "operational_status": "operational"}, "geohash": "tf0gbthwt"},{"type": "Feature", "geometry": {"type": "Point", "coordinates": [79.833449, 11.9366446]}, "properties": {"check_date": "2024-11-02", "highway": "street_lamp", "lamp_mount": "pole", "lamp_type": "sodium", "light:colour": "white", "operational_status": "operational", "support": "pole"}, "geohash": "tf0gbsuzy"},{"type": "Feature", "geometry": {"type": "Point", "coordinates": [79.8342153, 11.9364697]}, "properties": {"check_date": "2024-11-02", "highway": "street_lamp", "lamp_mount": "pole", "lamp_type": "sodium", "light:colour": "white", "operational_status": "operational", "support": "pole"}, "geohash": "tf0gbsvwb"},{"type": "Feature", "geometry": {"type": "Point", "coordinates": [79.8345946, 11.936476]}, "properties": {"check_date": "2024-11-02", "highway": "street_lamp", "lamp_mount": "pole", "lamp_type": "sodium", "light:colour": "yellow", "operational_status": "operational", "support": "pole"}, "geohash": "tf0gbsvz0"},{"type": "Feature", "geometry": {"type": "Point", "coordinates": [79.8315227, 11.937767]}, "properties": {"check_date": "2024-11-02", "highway": "street_lamp", "lamp_mount": "pole", "lamp_type": "LED", "light:colour": "white", "operational_status": "operational", "support": "pole"}, "geohash": "tf0gbt5w9"},{"type": "Feature", "geometry": {"type": "Point", "coordinates": [79.8330996, 11.9380793]}, "properties": {"check_date": "2024-11-02", "highway": "street_lamp", "lamp_type": "LED", "light:colour": "white", "operational_status": "operational"}, "geohash": "tf0gbtk8q"},{"type": "Feature", "geometry": {"type": "Point", "coordinates": [79.8314305, 11.9372248]}, "properties": {"check_date": "2024-11-02", "highway": "street_lamp", "lamp_mount": "pole", "lamp_type": "sodium_vapor", "light:colour": "yellow", "operational_status": "operational", "ref": "10", "support": "pole"}, "geohash": "tf0gbt57r"},{"type": "Feature", "geometry": {"type": "Point", "coordinates": [79.8314838, 11.9374685]}, "properties": {"check_date": "2024-11-02", "highway": "street_lamp", "lamp_mount": "pole", "lamp_type": "LED", "light:colour": "white", "operational_status": "operational", "support": "pole"}, "geohash": "tf0gbt5sb"},{"type": "Feature", "geometry": {"type": "Point", "coordinates": [79.8353517, 11.9363385]}, "properties": {"check_date": "2024-11-02", "highway": "street_lamp", "lamp_mount": "pole", "lamp_type": "sodium", "light:colour": "yellow", "operational_status": "operational", "support": "pole"}, "geohash": "tf0gbsyq4"},{"type": "Feature", "geometry": {"type": "Point", "coordinates": [79.835485, 11.9368497]}, "properties": {"check_date": "2024-11-02", "highway": "street_lamp", "lamp_mount": "pole", "lamp_type": "LED", "light:colour": "white", "operational_status": "operational", "support": "pole"}, "geohash": "tf0gbtn3j"},{"type": "Feature", "geometry": {"type": "Point", "coordinates": [79.831295, 11.936675]}, "properties": {"check_date": "2024-11-02", "highway": "street_lamp", "lamp_mount": "pole", "lamp_type": "LED", "light:colour": "white", "operational_status": "operational", "ref": "12", "support": "pole"}, "geohash": "tf0gbt525"},{"type": "Feature", "geometry": {"type": "Point", "coordinates": [79.836262, 11.9342413]}, "properties": {"check_date": "2024-11-02", "highway": "street_lamp", "lamp_mount": "pole", "lamp_type": "LED", "light:colour": "white", "light:count": "2", "operational_status": "needs_maintenance", "support": "pole"}, "geohash": "tf0gbswcz"},{"type": "Feature", "geometry": {"type": "Point", "coordinates": [79.8362292, 11.9340483]}, "properties": {"check_date": "2024-11-02", "highway": "street_lamp", "lamp_mount": "pole", "lamp_type": "LED", "light:colour": "white", "light:count": "2", "operational_status": "needs_maintenance", "support": "pole"}, "geohash": "tf0gbswby"},{"type": "Feature", "geometry": {"type": "Point", "coordinates": [79.8361991, 11.9338656]}, "properties": {"check_date": "2024-11-02", "highway": "street_lamp", "lamp_mount": "pole", "lamp_type": "LED", "light:colour": "white", "light:count": "2", "operational_status": "operational", "support": "pole"}, "geohash": "tf0gbsqzy"},{"type": "Feature", "geometry": {"type": "Point", "coordinates": [79.8361648, 11.933681]}, "properties": {"check_date": "2024-11-02", "highway": "street_lamp", "lamp_mount": "pole", "lamp_type": "LED", "light:colour": "white", "light:count": "2", "operational_status": "operational", "support": "pole"}, "geohash": "tf0gbsqyt"},{"type": "Feature", "geometry": {"type": "Point", "coordinates": [79.8361186, 11.9334433]}, "properties": {"check_date": "2024-11-02", "highway": "street_lamp", "lamp_mount": "pole", "lamp_type": "LED", "light:colour": "white", "light:count": "2", "operational_status": "operational", "support": "pole"}, "geohash": "tf0gbsqvk"},{"type": "Feature", "geometry": {"type": "Point", "coordinates": [79.8360761, 11.9332425]}, "properties": {"check_date": "2024-11-02", "highway": "street_lamp", "lamp_mount": "pole", "lamp_type": "LED", "light:colour": "white", "light:count": "2", "operational_status": "operational", "support": "pole"}, "geohash": "tf0gbsqu5"},{"type": "Feature", "geometry": {"type": "Point", "coordinates": [79.8358905, 11.9330895]}, "properties": {"check_date": "2024-11-02", "highway": "street_lamp", "lamp_mount": "pole", "lamp_type": "LED", "light:colour": "white", "light:count": "1", "operational_status": "operational", "support": "pole"}, "geohash": "tf0gbsqer"},{"type": "Feature", "geometry": {"type": "Point", "coordinates": [79.8358815, 11.9330528]}, "properties": {"check_date": "2024-11-02", "highway": "street_lamp", "lamp_mount": "pole", "lamp_type": "LED", "light:colour": "white", "light:count": "1", "operational_status": "operational", "support": "pole"}, "geohash": "tf0gbsqen"},{"type": "Feature", "geometry": {"type": "Point", "coordinates": [79.8359273, 11.9329592]}, "properties": {"check_date": "2024-11-02", "highway": "street_lamp", "lamp_mount": "pole", "lamp_type": "LED", "light:colour": "white", "light:count": "1", "operational_status": "needs_maintenance", "support": "pole"}, "geohash": "tf0gbsqdx"},{"type": "Feature", "geometry": {"type": "Point", "coordinates": [79.8358435, 11.9328323]}, "properties": {"check_date": "2024-11-02", "highway": "street_lamp", "lamp_mount": "pole", "lamp_type": "LED", "light:colour": "white", "light:count": "1", "operational_status": "needs_maintenance", "support": "pole"}, "geohash": "tf0gbsq9v"},{"type": "Feature", "geometry": {"type": "Point", "coordinates": [79.8358095, 11.9326741]}, "properties": {"highway": "street_lamp", "lamp_mount": "pole", "lamp_type": "LED", "light:colour": "white", "light:count": "1", "operational_status": "operational", "support": "pole"}, "geohash": "tf0gbsq8v"},{"type": "Feature", "geometry": {"type": "Point", "coordinates": [79.8359048, 11.9326151]}, "properties": {"check_date": "2024-11-02", "highway": "street_lamp", "lamp_mount": "pole", "lamp_type": "LED", "light:colour": "yellow", "light:count": "1", "operational_status": "operational", "support": "pole"}, "geohash": "tf0gbsq8x"},{"type": "Feature", "geometry": {"type": "Point", "coordinates": [79.8359893, 11.9325704]}, "properties": {"check_date": "2024-11-02", "highway": "street_lamp", "lamp_mount": "pole", "lamp_type": "LED", "light:colour": "yellow", "light:count": "1", "operational_status": "operational", "support": "pole"}, "geohash": "tf0gbsqb3"},{"type": "Feature", "geometry": {"type": "Point", "coordinates": [79.8360314, 11.9325487]}, "properties": {"check_date": "2024-11-02", "highway": "street_lamp", "lamp_mount": "pole", "lamp_type": "LED", "light:colour": "yellow", "light:count": "1", "operational_status": "operational", "support": "pole"}, "geohash": "tf0gbsqb4"},{"type": "Feature", "geometry": {"type": "Point", "coordinates": [79.8360586, 11.9325214]}, "properties": {"check_date": "2024-11-02", "highway": "street_lamp", "lamp_mount": "pole", "lamp_type": "LED", "light:colour": "yellow", "light:count": "1", "operational_status": "operational", "support": "pole"}, "geohash": "tf0gbsnzf"},{"type": "Feature", "geometry": {"type": "Point", "coordinates": [79.8360674, 11.9324626]}, "properties": {"check_date": "2024-11-02", "highway": "street_lamp", "lamp_mount": "pole", "lamp_type": "LED", "light:colour": "yellow", "light:count": "1", "operational_status": "operational", "support": "pole"}, "geohash": "tf0gbsnze"},{"type": "Feature", "geometry": {"type": "Point", "coordinates": [79.8360523, 11.9324178]}, "properties": {"highway": "street_lamp", "lamp_mount": "pole", "lamp_type": "LED", "light:colour": "yellow", "light:count": "1", "operational_status": "operational", "support": "pole"}, "geohash": "tf0gbsnz6"},{"type": "Feature", "geometry": {"type": "Point", "coordinates": [79.8359978, 11.9323967]}, "properties": {"check_date": "2024-11-02", "highway": "street_lamp", "lamp_mount": "pole", "lamp_type": "LED", "light:colour": "yellow", "light:count": "1", "operational_status": "operational", "support": "pole"}, "geohash": "tf0gbsnz1"},{"type": "Feature", "geometry": {"type": "Point", "coordinates": [79.8359455, 11.9323808]}, "properties": {"check_date": "2024-11-02", "highway": "street_lamp", "lamp_mount": "pole", "lamp_type": "LED", "light:colour": "yellow", "light:count": "1", "operational_status": "operational", "support": "pole"}, "geohash": "tf0gbsnz0"},{"type": "Feature", "geometry": {"type": "Point", "coordinates": [79.835869, 11.9323392]}, "properties": {"check_date": "2024-11-02", "highway": "street_lamp", "lamp_mount": "pole", "lamp_type": "LED", "light:colour": "yellow", "light:count": "1", "operational_status": "operational", "support": "pole"}, "geohash": "tf0gbsnwy"},{"type": "Feature", "geometry": {"type": "Point", "coordinates": [79.8357548, 11.9323558]}, "properties": {"check_date": "2024-11-02", "highway": "street_lamp", "lamp_mount": "pole", "lamp_type": "LED", "light:colour": "white", "light:count": "1", "operational_status": "operational", "support": "pole"}, "geohash": "tf0gbsnx5"},{"type": "Feature", "geometry": {"type": "Point", "coordinates": [79.8357564, 11.9326323]}, "properties": {"check_date": "2024-11-02", "highway": "street_lamp", "lamp_mount": "pole", "lamp_type": "LED", "light:colour": "white", "light:count": "2", "operational_status": "operational", "support": "pole"}, "geohash": "tf0gbsq8e"},{"type": "Feature", "geometry": {"type": "Point", "coordinates": [79.8356591, 11.93266]}, "properties": {"check_date": "2024-11-02", "highway": "street_lamp", "lamp_mount": "pole", "lamp_type": "LED", "light:colour": "white", "light:count": "2", "operational_status": "operational", "support": "pole"}, "geohash": "tf0gbsq8c"},{"type": "Feature", "geometry": {"type": "Point", "coordinates": [79.8355633, 11.9326765]}, "properties": {"check_date": "2024-11-02", "highway": "street_lamp", "lamp_mount": "pole", "lamp_type": "LED", "light:colour": "white", "light:count": "2", "operational_status": "operational", "support": "pole"}, "geohash": "tf0gbsq2z"},{"type": "Feature", "geometry": {"type": "Point", "coordinates": [79.8354776, 11.9326986]}, "properties": {"check_date": "2024-11-02", "highway": "street_lamp", "lamp_mount": "pole", "lamp_type": "LED", "light:colour": "white", "light:count": "2", "operational_status": "operational", "support": "pole"}, "geohash": "tf0gbsq3j"},{"type": "Feature", "geometry": {"type": "Point", "coordinates": [79.8354012, 11.9327161]}, "properties": {"check_date": "2024-11-02", "highway": "street_lamp", "lamp_mount": "pole", "lamp_type": "LED", "light:colour": "white", "light:count": "2", "operational_status": "operational", "support": "pole"}, "geohash": "tf0gbsq35"},{"type": "Feature", "geometry": {"type": "Point", "coordinates": [79.8358827, 11.9326949]}, "properties": {"check_date": "2024-11-02", "highway": "street_lamp", "lamp_mount": "pole", "lamp_type": "LED", "light:colour": "white", "light:count": "1", "operational_status": "needs_maintenance", "support": "pole"}, "geohash": "tf0gbsq8y"},{"type": "Feature", "geometry": {"type": "Point", "coordinates": [79.8356202, 11.9370919]}, "properties": {"check_date": "2024-11-02", "highway": "street_lamp", "lamp_mount": "pole", "lamp_type": "LED", "light:colour": "white", "operational_status": "operational", "support": "pole"}, "geohash": "tf0gbtnd8"},{"type": "Feature", "geometry": {"type": "Point", "coordinates": [79.8347268, 11.9369989]}, "properties": {"check_date": "2024-11-02", "highway": "street_lamp", "lamp_mount": "pole", "lamp_type": "LED", "light:colour": "white", "operational_status": "operational", "ref": "TN WT 49", "support": "pole"}, "geohash": "tf0gbtjf5"},{"type": "Feature", "geometry": {"type": "Point", "coordinates": [79.8348792, 11.937554]}, "properties": {"check_date": "2024-11-02", "highway": "street_lamp", "lamp_mount": "pole", "lamp_type": "LED", "light:colour": "white", "operational_status": "operational", "support": "pole"}, "geohash": "tf0gbtjvr"},{"type": "Feature", "geometry": {"type": "Point", "coordinates": [79.8350028, 11.9380745]}, "properties": {"check_date": "2024-11-02", "highway": "street_lamp", "lamp_mount": "pole", "lamp_type": "LED", "light:colour": "white", "operational_status": "operational", "ref": "83 40", "support": "pole"}, "geohash": "tf0gbtq06"},{"type": "Feature", "geometry": {"type": "Point", "coordinates": [79.8351501, 11.9386388]}, "properties": {"check_date": "2024-11-02", "highway": "street_lamp", "lamp_mount": "pole", "lamp_type": "LED", "light:colour": "white", "operational_status": "operational", "support": "pole"}, "geohash": "tf0gbtq5t"},{"type": "Feature", "geometry": {"type": "Point", "coordinates": [79.8352847, 11.9392374]}, "properties": {"check_date": "2024-11-02", "highway": "street_lamp", "lamp_mount": "pole", "lamp_type": "LED", "light:colour": "white", "operational_status": "operational", "support": "pole"}, "geohash": "tf0gbtqr0"},{"type": "Feature", "geometry": {"type": "Point", "coordinates": [79.835329, 11.9387834]}, "properties": {"check_date": "2024-11-02", "highway": "street_lamp", "lamp_mount": "pole", "lamp_type": "LED", "light:colour": "white", "operational_status": "operational", "support": "pole"}, "geohash": "tf0gbtqk3"},{"type": "Feature", "geometry": {"type": "Point", "coordinates": [79.8356325, 11.9387185]}, "properties": {"check_date": "2024-11-02", "highway": "street_lamp", "lamp_mount": "pole", "lamp_type": "sodium", "light:colour": "yellow", "operational_status": "operational", "support": "pole"}, "geohash": "tf0gbtqs1"},{"type": "Feature", "geometry": {"type": "Point", "coordinates": [79.834828, 11.9386874]}, "properties": {"check_date": "2024-11-02", "highway": "street_lamp", "lamp_mount": "pole", "lamp_type": "LED", "light:colour": "white", "operational_status": "operational", "support": "pole"}, "geohash": "tf0gbtmgy"},{"type": "Feature", "geometry": {"type": "Point", "coordinates": [79.8343278, 11.9387238]}, "properties": {"check_date": "2024-11-02", "highway": "street_lamp", "lamp_mount": "pole", "lamp_type": "LED", "light:colour": "white", "operational_status": "operational", "support": "pole"}, "geohash": "tf0gbtms4"},{"type": "Feature", "geometry": {"type": "Point", "coordinates": [79.8352165, 11.9357902]}, "properties": {"check_date": "2024-11-02", "highway": "street_lamp", "lamp_mount": "pole", "lamp_type": "sodium", "light:colour": "white", "operational_status": "operational", "support": "pole"}, "geohash": "tf0gbsy5p"},{"type": "Feature", "geometry": {"type": "Point", "coordinates": [79.8351033, 11.9353762]}, "properties": {"check_date": "2024-11-02", "highway": "street_lamp", "lamp_mount": "pole", "lamp_type": "sodium", "light:colour": "yellow", "operational_status": "operational", "support": "pole"}, "geohash": "tf0gbsy0s"},{"type": "Feature", "geometry": {"type": "Point", "coordinates": [79.8350128, 11.9350411]}, "properties": {"check_date": "2024-11-02", "highway": "street_lamp", "lamp_mount": "pole", "lamp_type": "sodium", "light:colour": "white", "operational_status": "operational", "support": "pole"}, "geohash": "tf0gbswnd"},{"type": "Feature", "geometry": {"type": "Point", "coordinates": [79.8315573, 11.9380135]}, "properties": {"check_date": "2024-11-02", "highway": "street_lamp", "lamp_mount": "pole", "lamp_type": "LED", "light:colour": "white", "operational_status": "broken", "support": "pole"}, "geohash": "tf0gbt5xf"},{"type": "Feature", "geometry": {"type": "Point", "coordinates": [79.8352692, 11.9339408]}, "properties": {"check_date": "2024-11-02", "highway": "street_lamp", "lamp_mount": "pole", "lamp_type": "sodium", "light:colour": "white", "operational_status": "operational", "support": "pole"}, "geohash": "tf0gbsw20"},{"type": "Feature", "geometry": {"type": "Point", "coordinates": [79.8342309, 11.9382423]}, "properties": {"check_date": "2024-11-02", "highway": "street_lamp", "lamp_mount": "pole", "lamp_type": "LED", "light:colour": "white", "operational_status": "operational", "support": "pole"}, "geohash": "tf0gbtm92"},{"type": "Feature", "geometry": {"type": "Point", "coordinates": [79.8339373, 11.9382997]}, "properties": {"check_date": "2024-11-02", "highway": "street_lamp", "lamp_mount": "pole", "lamp_type": "sodium", "light:colour": "yellow", "operational_status": "operational", "support": "pole"}, "geohash": "tf0gbtm39"},{"type": "Feature", "geometry": {"type": "Point", "coordinates": [79.83374, 11.9383411]}, "properties": {"check_date": "2024-11-02", "highway": "street_lamp", "lamp_mount": "pole", "lamp_type": "sodium", "light:colour": "yellow", "operational_status": "operational", "support": "pole"}, "geohash": "tf0gbtm1u"},{"type": "Feature", "geometry": {"type": "Point", "coordinates": [79.8341193, 11.9376303]}, "properties": {"check_date": "2024-11-02", "highway": "street_lamp", "lamp_mount": "pole", "lamp_type": "electric", "light:colour": "white", "operational_status": "operational", "support": "pole"}, "geohash": "tf0gbtjmt"},{"type": "Feature", "geometry": {"type": "Point", "coordinates": [79.8337706, 11.9377578]}, "properties": {"highway": "street_lamp", "lamp_mount": "pole", "lamp_type": "sodium", "light:colour": "yellow", "operational_status": "operational", "support": "pole"}, "geohash": "tf0gbtjnm"},{"type": "Feature", "geometry": {"type": "Point", "coordinates": [79.8351872, 11.9335328]}, "properties": {"check_date": "2024-11-02", "highway": "street_lamp", "lamp_mount": "pole", "lamp_type": "LED", "light:colour": "white", "operational_status": "operational", "support": "pole"}, "geohash": "tf0gbsqjy"},{"type": "Feature", "geometry": {"type": "Point", "coordinates": [79.835028, 11.9328299]}, "properties": {"check_date": "2024-11-02", "highway": "street_lamp", "lamp_mount": "pole", "lamp_type": "LED", "light:colour": "white", "operational_status": "operational", "support": "pole"}, "geohash": "tf0gbsq1f"},{"type": "Feature", "geometry": {"type": "Point", "coordinates": [79.8349454, 11.9325793]}, "properties": {"check_date": "2024-11-02", "highway": "street_lamp", "lamp_mount": "pole", "lamp_type": "LED", "light:colour": "white", "operational_status": "operational", "support": "pole"}, "geohash": "tf0gbsq03"},{"type": "Feature", "geometry": {"type": "Point", "coordinates": [79.8351069, 11.93259]}, "properties": {"check_date": "2024-11-02", "highway": "street_lamp", "lamp_mount": "pole", "lamp_type": "LED", "light:colour": "white", "operational_status": "operational", "support": "pole"}, "geohash": "tf0gbsq0k"},{"type": "Feature", "geometry": {"type": "Point", "coordinates": [79.8340811, 11.9373784]}, "properties": {"highway": "street_lamp", "lamp_mount": "pole", "lamp_type": "LED", "light:colour": "white", "operational_status": "operational", "support": "pole"}, "geohash": "tf0gbtjkk"},{"type": "Feature", "geometry": {"type": "Point", "coordinates": [79.8340417, 11.9371237]}, "properties": {"check_date": "2024-11-02", "highway": "street_lamp", "lamp_mount": "pole", "lamp_type": "LED", "light:colour": "white", "operational_status": "operational", "support": "pole"}, "geohash": "tf0gbtj6u"},{"type": "Feature", "geometry": {"type": "Point", "coordinates": [79.8332063, 11.9384863]}, "properties": {"check_date": "2024-11-02", "highway": "street_lamp", "lamp_type": "LED", "light:colour": "white", "operational_status": "operational"}, "geohash": "tf0gbtkf8"},{"type": "Feature", "geometry": {"type": "Point", "coordinates": [79.833265, 11.9388642]}, "properties": {"check_date": "2024-11-02", "highway": "street_lamp", "lamp_type": "LED", "light:colour": "white", "operational_status": "operational"}, "geohash": "tf0gbtkuc"},{"type": "Feature", "geometry": {"type": "Point", "coordinates": [79.8331275, 11.9383997]}, "properties": {"check_date": "2024-11-02", "highway": "street_lamp", "lamp_type": "LED", "light:colour": "white", "operational_status": "operational"}, "geohash": "tf0gbtkdn"},{"type": "Feature", "geometry": {"type": "Point", "coordinates": [79.8332407, 11.9387063]}, "properties": {"check_date": "2024-11-02", "highway": "street_lamp", "lamp_type": "LED", "light:colour": "white", "operational_status": "operational"}, "geohash": "tf0gbtku1"},{"type": "Feature", "geometry": {"type": "Point", "coordinates": [79.8332682, 11.9389977]}, "properties": {"check_date": "2024-11-02", "highway": "street_lamp", "lamp_type": "LED", "light:colour": "white", "operational_status": "operational"}, "geohash": "tf0gbtkv9"},{"type": "Feature", "geometry": {"type": "Point", "coordinates": [79.8334238, 11.9396776]}, "properties": {"check_date": "2024-11-02", "highway": "street_lamp", "lamp_type": "incandescent", "light:colour": "white", "operational_status": "operational"}, "geohash": "tf0gbtsct"},{"type": "Feature", "geometry": {"type": "Point", "coordinates": [79.8334501, 11.9399137]}, "properties": {"check_date": "2024-11-02", "highway": "street_lamp", "lamp_type": "LED", "light:colour": "white", "operational_status": "operational"}, "geohash": "tf0gbtsgn"},{"type": "Feature", "geometry": {"type": "Point", "coordinates": [79.8333781, 11.9376884]}, "properties": {"check_date": "2024-11-02", "highway": "street_lamp", "lamp_type": "incandescent", "light:colour": "white", "operational_status": "operational"}, "geohash": "tf0gbthyh"},{"type": "Feature", "geometry": {"type": "Point", "coordinates": [79.8330757, 11.9361265]}, "properties": {"check_date": "2024-11-02", "highway": "street_lamp", "lamp_type": "sodium", "light:colour": "yellow", "operational_status": "operational"}, "geohash": "tf0gbsusv"},{"type": "Feature", "geometry": {"type": "Point", "coordinates": [79.8329663, 11.9355077]}, "properties": {"check_date": "2024-11-02", "highway": "street_lamp", "lamp_type": "LED", "light:colour": "white", "operational_status": "operational"}, "geohash": "tf0gbsu96"},{"type": "Feature", "geometry": {"type": "Point", "coordinates": [79.833268, 11.9371497]}, "properties": {"check_date": "2024-11-02", "highway": "street_lamp", "lamp_type": "sodium", "light:colour": "yellow", "operational_status": "operational"}, "geohash": "tf0gbthfc"},{"type": "Feature", "geometry": {"type": "Point", "coordinates": [79.8330774, 11.9363275]}, "properties": {"check_date": "2024-11-02", "highway": "street_lamp", "lamp_type": "LED", "light:colour": "white", "operational_status": "operational"}, "geohash": "tf0gbsuwj"},{"type": "Feature", "geometry": {"type": "Point", "coordinates": [79.8332223, 11.9369979]}, "properties": {"check_date": "2024-11-02", "highway": "street_lamp", "lamp_type": "sodium", "light:colour": "yellow", "operational_status": "broken"}, "geohash": "tf0gbthf0"},{"type": "Feature", "geometry": {"type": "Point", "coordinates": [79.8331238, 11.936474]}, "properties": {"check_date": "2024-11-02", "highway": "street_lamp", "lamp_type": "sodium", "light:colour": "yellow", "operational_status": "operational"}, "geohash": "tf0gbsuxn"},{"type": "Feature", "geometry": {"type": "Point", "coordinates": [79.833177, 11.9368121]}, "properties": {"check_date": "2024-11-02", "highway": "street_lamp", "lamp_type": "LED", "light:colour": "white", "operational_status": "operational"}, "geohash": "tf0gbth8z"},{"type": "Feature", "geometry": {"type": "Point", "coordinates": [79.8330089, 11.9358805]}, "properties": {"check_date": "2024-11-02", "highway": "street_lamp", "lamp_type": "LED", "light:colour": "white", "operational_status": "operation"}, "geohash": "tf0gbsuee"},{"type": "Feature", "geometry": {"type": "Point", "coordinates": [79.8334504, 11.9385989]}, "properties": {"check_date": "2024-11-02", "highway": "street_lamp", "lamp_type": "LED", "light:colour": "white", "operational_status": "operational"}, "geohash": "tf0gbtkgq"},{"type": "Feature", "geometry": {"type": "Point", "coordinates": [79.8332953, 11.9373176]}, "properties": {"check_date": "2024-11-02", "highway": "street_lamp", "lamp_type": "incandescent", "light:colour": "white", "operational_status": "operational"}, "geohash": "tf0gbthgf"},{"type": "Feature", "geometry": {"type": "Point", "coordinates": [79.8337372, 11.9397919]}, "properties": {"check_date": "2024-11-02", "highway": "street_lamp", "lamp_type": "electric", "operational_status": "broken"}, "geohash": "tf0gbtt4k"},{"type": "Feature", "geometry": {"type": "Point", "coordinates": [79.8333428, 11.9378668]}, "properties": {"check_date": "2024-11-02", "highway": "street_lamp", "lamp_type": "incandescent", "light:colour": "white", "operational_status": "operational"}, "geohash": "tf0gbthz5"},{"type": "Feature", "geometry": {"type": "Point", "coordinates": [79.8333114, 11.9375063]}, "properties": {"check_date": "2024-11-02", "highway": "street_lamp", "lamp_type": "LED", "light:colour": "white", "operational_status": "operational"}, "geohash": "tf0gbthv4"},{"type": "Feature", "geometry": {"type": "Point", "coordinates": [79.8337655, 11.9400861]}, "properties": {"check_date": "2024-11-02", "highway": "street_lamp", "lamp_type": "LED", "light:colour": "white", "operational_status": "operational"}, "geohash": "tf0gbtthj"},{"type": "Feature", "geometry": {"type": "Point", "coordinates": [79.8333956, 11.9380743]}, "properties": {"check_date": "2024-11-02", "highway": "street_lamp", "lamp_type": "incandescent", "light:colour": "white", "operational_status": "operational"}, "geohash": "tf0gbtkbk"},{"type": "Feature", "geometry": {"type": "Point", "coordinates": [79.8334483, 11.9382201]}, "properties": {"check_date": "2024-11-02", "highway": "street_lamp", "lamp_type": "incandescent", "light:colour": "white", "operational_status": "operational"}, "geohash": "tf0gbtkcn"},{"type": "Feature", "geometry": {"type": "Point", "coordinates": [79.8335367, 11.9387614]}, "properties": {"check_date": "2024-11-02", "highway": "street_lamp", "lamp_type": "LED", "light:colour": "white", "operational_status": "operational"}, "geohash": "tf0gbtmh2"},{"type": "Feature", "geometry": {"type": "Point", "coordinates": [79.8337468, 11.9399768]}, "properties": {"check_date": "2024-11-02", "highway": "street_lamp", "lamp_type": "LED", "light:colour": "white", "operational_status": "operational"}, "geohash": "tf0gbtt5m"},{"type": "Feature", "geometry": {"type": "Point", "coordinates": [79.8336499, 11.9393083]}, "properties": {"check_date": "2024-11-02", "highway": "street_lamp", "lamp_type": "LED", "light:colour": "white", "operational_status": "operational"}, "geohash": "tf0gbtmpd"},{"type": "Feature", "geometry": {"type": "Point", "coordinates": [79.8334642, 11.9401328]}, "properties": {"check_date": "2024-11-02", "highway": "street_lamp", "lamp_type": "LED", "light:colour": "white", "operational_status": "operational"}, "geohash": "tf0gbtsuq"},{"type": "Feature", "geometry": {"type": "Point", "coordinates": [79.833668, 11.9396284]}, "properties": {"check_date": "2024-11-02", "highway": "street_lamp", "lamp_type": "electric", "operational_status": "broken"}, "geohash": "tf0gbtt17"},{"type": "Feature", "geometry": {"type": "Point", "coordinates": [79.8336219, 11.939454]}, "properties": {"check_date": "2024-11-02", "highway": "street_lamp", "lamp_type": "LED", "light:colour": "white", "operational_status": "operational"}, "geohash": "tf0gbtt06"},{"type": "Feature", "geometry": {"type": "Point", "coordinates": [79.833666, 11.939396]}, "properties": {"check_date": "2024-11-02", "highway": "street_lamp", "lamp_type": "sodium", "light:colour": "yellow", "operational_status": "operational"}, "geohash": "tf0gbtt05"},{"type": "Feature", "geometry": {"type": "Point", "coordinates": [79.8337197, 11.940304]}, "properties": {"check_date": "2024-11-02", "highway": "street_lamp", "lamp_type": "electric", "operational_status": "broken"}, "geohash": "tf0gbttjk"},{"type": "Feature", "geometry": {"type": "Point", "coordinates": [79.833595, 11.9391168]}, "properties": {"check_date": "2024-11-02", "highway": "street_lamp", "operational_status": "broken"}, "geohash": "tf0gbtmn3"},{"type": "Feature", "geometry": {"type": "Point", "coordinates": [79.8336183, 11.9403836]}, "properties": {"check_date": "2024-11-02", "highway": "street_lamp", "lamp_type": "electric", "operational_status": "broken", "ref": "22"}, "geohash": "tf0gbttjf"},{"type": "Feature", "geometry": {"type": "Point", "coordinates": [79.835178, 11.9335508]}, "properties": {"check_date": "2024-11-02", "highway": "street_lamp", "lamp_mount": "pole", "lamp_type": "LED", "light:colour": "white", "operational_status": "operational", "support": "pole"}, "geohash": "tf0gbsqjy"},{"type": "Feature", "geometry": {"type": "Point", "coordinates": [79.8316544, 11.9385437]}, "properties": {"check_date": "2024-11-14", "highway": "street_lamp", "lamp_mount": "pole", "lamp_type": "LED", "light:colour": "white", "operational_status": "operational", "support": "pole"}, "geohash": "tf0gbt7eh"},{"type": "Feature", "geometry": {"type": "Point", "coordinates": [79.8315746, 11.9382563]}, "properties": {"check_date": "2024-11-14", "highway": "street_lamp", "lamp_mount": "pole", "lamp_type": "sodium", "light:colour": "white", "operational_status": "operational", "support": "pole"}, "geohash": "tf0gbt796"},{"type": "Feature", "geometry": {"type": "Point", "coordinates": [79.8318174, 11.9393931]}, "properties": {"check_date": "2024-11-14", "highway": "street_lamp", "lamp_mount": "pole", "lamp_type": "sodium", "light:colour": "yellow", "operational_status": "operational", "support": "pole"}, "geohash": "tf0gbteb0"},{"type": "Feature", "geometry": {"type": "Point", "coordinates": [79.8320067, 11.940505]}, "properties": {"check_date": "2024-11-14", "highway": "street_lamp", "lamp_mount": "pole", "lamp_type": "LED", "light:colour": "white", "operational_status": "operational", "support": "pole"}, "geohash": "tf0gbteyk"},{"type": "Feature", "geometry": {"type": "Point", "coordinates": [79.8319317, 11.9399567]}, "properties": {"check_date": "2024-11-14", "highway": "street_lamp", "lamp_mount": "pole", "lamp_type": "LED", "light:colour": "white", "operational_status": "operational", "support": "pole"}, "geohash": "tf0gbteg6"},{"type": "Feature", "geometry": {"type": "Point", "coordinates": [79.831773, 11.9391575]}, "properties": {"check_date": "2024-11-14", "highway": "street_lamp", "lamp_mount": "pole", "lamp_type": "LED", "light:colour": "white", "operational_status": "operational", "support": "pole"}, "geohash": "tf0gbt7wx"},{"type": "Feature", "geometry": {"type": "Point", "coordinates": [79.8318533, 11.939675]}, "properties": {"check_date": "2024-11-14", "highway": "street_lamp", "lamp_mount": "pole", "lamp_type": "LED", "light:colour": "white", "operational_status": "operational", "support": "pole"}, "geohash": "tf0gbtec9"},{"type": "Feature", "geometry": {"type": "Point", "coordinates": [79.832, 11.9402583]}, "properties": {"check_date": "2024-11-14", "highway": "street_lamp", "lamp_mount": "pole", "lamp_type": "LED", "light:colour": "white", "operational_status": "operational", "support": "pole"}, "geohash": "tf0gbtevh"},{"type": "Feature", "geometry": {"type": "Point", "coordinates": [79.832066, 11.9407585]}, "properties": {"check_date": "2024-11-14", "highway": "street_lamp", "lamp_mount": "pole", "lamp_type": "LED", "light:colour": "white", "operational_status": "operational", "support": "pole"}, "geohash": "tf0gbtezv"},{"type": "Feature", "geometry": {"type": "Point", "coordinates": [79.8320305, 11.9408268]}, "properties": {"check_date": "2024-11-14", "highway": "street_lamp", "lamp_mount": "pole", "lamp_type": "LED", "light:colour": "white", "operational_status": "operational", "support": "pole"}, "geohash": "tf0gbtgbm"},{"type": "Feature", "geometry": {"type": "Point", "coordinates": [79.8321105, 11.9410515]}, "properties": {"check_date": "2024-11-14", "highway": "street_lamp", "lamp_mount": "pole", "lamp_type": "LED", "light:colour": "white", "operational_status": "operational", "support": "pole"}, "geohash": "tf0gbtgcx"},{"type": "Feature", "geometry": {"type": "Point", "coordinates": [79.8004875, 11.9497677]}, "properties": {"check_date": "2024-11-16", "highway": "street_lamp", "lamp_mount": "pole", "lamp_type": "LED", "light:colour": "white", "operational_status": "operational", "support": "pole"}, "geohash": "tf0ezzkuq"},{"type": "Feature", "geometry": {"type": "Point", "coordinates": [79.8012558, 11.9479112]}, "properties": {"highway": "street_lamp", "lamp_mount": "pole", "lamp_type": "LED", "light:colour": "white", "operational_status": "operational", "support": "pole"}, "geohash": "tf0ezzj98"},{"type": "Feature", "geometry": {"type": "Point", "coordinates": [79.8012708, 11.9476663]}, "properties": {"highway": "street_lamp", "lamp_mount": "pole", "lamp_type": "LED", "light:colour": "white", "operational_status": "operational", "support": "pole"}, "geohash": "tf0ezzj80"},{"type": "Feature", "geometry": {"type": "Point", "coordinates": [79.8070519, 11.9420863]}, "properties": {"check_date": "2024-11-16", "highway": "street_lamp", "lamp_mount": "pole", "lamp_type": "LED", "light:colour": "white", "light:count": "2", "operational_status": "operational", "support": "pole"}, "geohash": "tf0gbjcxx"},{"type": "Feature", "geometry": {"type": "Point", "coordinates": [79.8072186, 11.9419688]}, "properties": {"highway": "street_lamp", "lamp_mount": "pole", "lamp_type": "LED", "light:colour": "white", "light:count": "2", "operational_status": "operational", "support": "pole"}, "geohash": "tf0gbjcz4"},{"type": "Feature", "geometry": {"type": "Point", "coordinates": [79.8074002, 11.9418415]}, "properties": {"highway": "street_lamp", "lamp_mount": "pole", "lamp_type": "LED", "light:colour": "white", "light:count": "2", "operational_status": "operational", "support": "pole"}, "geohash": "tf0gbjcyr"},{"type": "Feature", "geometry": {"type": "Point", "coordinates": [79.8081389, 11.9392456]}, "properties": {"highway": "street_lamp", "lamp_mount": "pole", "lamp_type": "LED", "light:colour": "white", "light:count": "2", "operational_status": "operational", "support": "pole"}, "geohash": "tf0gbj6x0"},{"type": "Feature", "geometry": {"type": "Point", "coordinates": [79.8327599, 11.9359308]}, "properties": {"check_date": "2024-11-02", "highway": "street_lamp", "lamp_mount": "pole", "lamp_type": "LED", "light:colour": "white", "operational_status": "operational", "support": "pole"}, "geohash": "tf0gbsu7y"},{"type": "Feature", "geometry": {"type": "Point", "coordinates": [79.8327946, 11.936132]}, "properties": {"check_date": "2024-11-02", "highway": "street_lamp", "lamp_mount": "pole", "lamp_type": "LED", "light:colour": "white", "operational_status": "operational", "support": "pole"}, "geohash": "tf0gbsumn"},{"type": "Feature", "geometry": {"type": "Point", "coordinates": [79.8328435, 11.9363182]}, "properties": {"check_date": "2024-11-02", "highway": "street_lamp", "lamp_mount": "pole", "lamp_type": "LED", "light:colour": "white", "operational_status": "operational", "support": "pole"}, "geohash": "tf0gbsuw0"},{"type": "Feature", "geometry": {"type": "Point", "coordinates": [79.8401656, 11.9734552]}, "properties": {"highway": "street_lamp", "lamp_mount": "pole", "lamp_type": "LED", "light:colour": "white", "light:count": "2", "operational_status": "operational", "support": "pole"}, "geohash": "tf0u0g9y6"},{"type": "Feature", "geometry": {"type": "Point", "coordinates": [79.8407288, 11.9745866]}, "properties": {"highway": "street_lamp", "lamp_mount": "pole", "lamp_type": "LED", "light:colour": "white", "light:count": "6", "operational_status": "operational", "support": "pole"}, "geohash": "tf0u0gfjp"},{"type": "Feature", "geometry": {"type": "Point", "coordinates": [79.8413497, 11.975736]}, "properties": {"highway": "street_lamp", "lamp_mount": "pole", "lamp_type": "LED", "light:colour": "white", "light:count": "6", "operational_status": "operational", "support": "pole"}, "geohash": "tf0u0u4ew"},{"type": "Feature", "geometry": {"type": "Point", "coordinates": [79.8420392, 11.9768699]}, "properties": {"highway": "street_lamp", "lamp_mount": "pole", "lamp_type": "LED", "light:colour": "white", "light:count": "1", "operational_status": "operational", "support": "pole"}, "geohash": "tf0u0u74q"},{"type": "Feature", "geometry": {"type": "Point", "coordinates": [79.8427376, 11.9780443]}, "properties": {"highway": "street_lamp", "lamp_mount": "pole", "lamp_type": "LED", "light:colour": "white", "light:count": "6", "operational_status": "operational", "support": "pole"}, "geohash": "tf0u0ue9n"},{"type": "Feature", "geometry": {"type": "Point", "coordinates": [79.8438432, 11.9800766]}, "properties": {"highway": "street_lamp", "lamp_mount": "pole", "lamp_type": "LED", "light:colour": "white", "light:count": "1", "operational_status": "operational", "support": "pole"}, "geohash": "tf0u0uut0"},{"type": "Feature", "geometry": {"type": "Point", "coordinates": [79.8442742, 11.9806131]}, "properties": {"highway": "street_lamp", "lamp_mount": "pole", "lamp_type": "LED", "light:colour": "white", "light:count": "1", "operational_status": "operational", "support": "pole"}, "geohash": "tf0u0vhb4"},{"type": "Feature", "geometry": {"type": "Point", "coordinates": [79.844857, 11.9822518]}, "properties": {"highway": "street_lamp", "lamp_mount": "pole", "lamp_type": "LED", "light:colour": "white", "light:count": "1", "operational_status": "operational", "support": "pole"}, "geohash": "tf0u0vm38"},{"type": "Feature", "geometry": {"type": "Point", "coordinates": [79.845057, 11.9827099]}, "properties": {"highway": "street_lamp", "lamp_mount": "pole", "lamp_type": "LED", "light:colour": "white", "light:count": "1", "operational_status": "operational", "support": "pole"}, "geohash": "tf0u0vmkk"},{"type": "Feature", "geometry": {"type": "Point", "coordinates": [79.8453886, 11.9835666]}, "properties": {"highway": "street_lamp", "lamp_mount": "pole", "lamp_type": "LED", "light:colour": "white", "light:count": "1", "operational_status": "operational", "support": "pole"}, "geohash": "tf0u0vt9k"},{"type": "Feature", "geometry": {"type": "Point", "coordinates": [79.8456789, 11.9842817]}, "properties": {"highway": "street_lamp", "lamp_mount": "pole", "lamp_type": "LED", "light:colour": "white", "light:count": "1", "operational_status": "operational", "support": "pole"}, "geohash": "tf0u0vtve"},{"type": "Feature", "geometry": {"type": "Point", "coordinates": [79.8457603, 11.9844779]}, "properties": {"highway": "street_lamp", "lamp_mount": "pole", "lamp_type": "LED", "light:colour": "white", "light:count": "1", "operational_status": "operational", "support": "pole"}, "geohash": "tf0u0vtyt"},{"type": "Feature", "geometry": {"type": "Point", "coordinates": [79.8459155, 11.9848602]}, "properties": {"highway": "street_lamp", "lamp_mount": "pole", "lamp_type": "LED", "light:colour": "white", "light:count": "1", "operational_status": "operational", "support": "pole"}, "geohash": "tf0u0vy0b"},{"type": "Feature", "geometry": {"type": "Point", "coordinates": [79.846332, 11.9858739]}, "properties": {"highway": "street_lamp", "lamp_mount": "pole", "lamp_type": "LED", "light:colour": "white", "light:count": "1", "operational_status": "operational", "support": "pole"}, "geohash": "tf0u0vyqf"},{"type": "Feature", "geometry": {"type": "Point", "coordinates": [79.8480215, 11.9895901]}, "properties": {"highway": "street_lamp", "lamp_mount": "pole", "lamp_type": "LED", "light:colour": "white", "light:count": "6", "operational_status": "operational", "support": "pole"}, "geohash": "tf0u0yxs3"},{"type": "Feature", "geometry": {"type": "Point", "coordinates": [79.8485967, 11.9905835]}, "properties": {"highway": "street_lamp", "lamp_mount": "pole", "lamp_type": "LED", "light:colour": "white", "light:count": "1", "operational_status": "operational", "support": "pole"}, "geohash": "tf0u0yzfp"},{"type": "Feature", "geometry": {"type": "Point", "coordinates": [79.8492377, 11.9916918]}, "properties": {"highway": "street_lamp", "lamp_mount": "pole", "lamp_type": "LED", "light:colour": "white", "light:count": "1", "operational_status": "operational", "support": "pole"}, "geohash": "tf0u1p02w"},{"type": "Feature", "geometry": {"type": "Point", "coordinates": [79.8497448, 11.9925439]}, "properties": {"highway": "street_lamp", "lamp_mount": "pole", "lamp_type": "LED", "light:colour": "white", "light:count": "1", "operational_status": "operational", "support": "pole"}, "geohash": "tf0u1p0v9"},{"type": "Feature", "geometry": {"type": "Point", "coordinates": [79.8502617, 11.9932752]}, "properties": {"highway": "street_lamp", "lamp_mount": "pole", "lamp_type": "LED", "light:colour": "white", "light:count": "1", "operational_status": "operational", "support": "pole"}, "geohash": "tf0u1p31v"},{"type": "Feature", "geometry": {"type": "Point", "coordinates": [79.8505201, 11.9936109]}, "properties": {"highway": "street_lamp", "lamp_mount": "pole", "lamp_type": "LED", "light:colour": "white", "light:count": "1", "operational_status": "operational", "support": "pole"}, "geohash": "tf0u1p37g"},{"type": "Feature", "geometry": {"type": "Point", "coordinates": [79.8508219, 11.9940336]}, "properties": {"highway": "street_lamp", "lamp_mount": "pole", "lamp_type": "LED", "light:colour": "white", "light:count": "1", "operational_status": "operational", "support": "pole"}, "geohash": "tf0u1p3w7"},{"type": "Feature", "geometry": {"type": "Point", "coordinates": [79.8517594, 11.9972588]}, "properties": {"highway": "street_lamp", "lamp_mount": "pole", "lamp_type": "LED", "light:colour": "white", "light:count": "2", "operational_status": "operational", "support": "pole"}, "geohash": "tf0u30430"},{"type": "Feature", "geometry": {"type": "Point", "coordinates": [79.8273692, 11.9418096]}, "properties": {"check_date": "2024-11-26", "highway": "street_lamp", "lamp_mount": "pole", "lamp_type": "LED", "light:colour": "white", "operational_status": "operational", "support": "pole"}, "geohash": "tf0gbtbw0"},{"type": "Feature", "geometry": {"type": "Point", "coordinates": [79.8275941, 11.9417266]}, "properties": {"check_date": "2024-11-26", "highway": "street_lamp", "lamp_mount": "pole", "lamp_type": "LED", "light:colour": "white", "operational_status": "operational", "support": "pole"}, "geohash": "tf0gbtbtt"},{"type": "Feature", "geometry": {"type": "Point", "coordinates": [79.8307919, 11.9435421]}, "properties": {"check_date": "2024-11-26", "highway": "street_lamp", "lamp_mount": "pole", "lamp_type": "LED", "light:colour": "white", "light:count": "2", "operational_status": "operational", "support": "pole"}, "geohash": "tf0gbw700"},{"type": "Feature", "geometry": {"type": "Point", "coordinates": [79.8307768, 11.9434395]}, "properties": {"highway": "street_lamp", "lamp_mount": "pole", "lamp_type": "LED", "light:colour": "white", "light:count": "2", "operational_status": "operational", "support": "pole"}, "geohash": "tf0gbw4zx"},{"type": "Feature", "geometry": {"type": "Point", "coordinates": [79.826695, 11.9252119]}, "properties": {"check_date": "2024-12-04", "highway": "street_lamp", "lamp_mount": "pole", "lamp_type": "LED", "light:colour": "white", "light:count": "2", "operational_status": "operational", "support": "pole"}, "geohash": "tf0gbdbj2"},{"type": "Feature", "geometry": {"type": "Point", "coordinates": [79.8270594, 11.9250912]}, "properties": {"highway": "street_lamp", "lamp_mount": "pole", "lamp_type": "LED", "light:colour": "white", "light:count": "2", "operational_status": "operational", "support": "pole"}, "geohash": "tf0gbdbk9"},{"type": "Feature", "geometry": {"type": "Point", "coordinates": [79.8340856, 11.9273796]}, "properties": {"check_date": "2024-12-24", "highway": "street_lamp", "lamp_type": "LED", "light:colour": "yellow", "operational_status": "operational", "support": "pole"}, "geohash": "tf0gbem6j"},{"type": "Feature", "geometry": {"type": "Point", "coordinates": [79.8340924, 11.9274134]}, "properties": {"check_date": "2024-12-24", "highway": "street_lamp", "lamp_type": "LED", "light:colour": "yellow", "operational_status": "operational", "support": "pole"}, "geohash": "tf0gbem6j"},{"type": "Feature", "geometry": {"type": "Point", "coordinates": [79.8057439, 11.9410612]}, "properties": {"check_date": "2025-01-01", "highway": "street_lamp", "lamp_mount": "pole", "lamp_type": "LED", "light:colour": "white", "operational_status": "operational", "support": "pole"}, "geohash": "tf0gbjbc8"},{"type": "Feature", "geometry": {"type": "Point", "coordinates": [79.8056387, 11.94112]}, "properties": {"highway": "street_lamp", "lamp_mount": "pole", "lamp_type": "LED", "light:colour": "white", "operational_status": "operational", "support": "pole"}, "geohash": "tf0gbjbdn"},{"type": "Feature", "geometry": {"type": "Point", "coordinates": [79.8053823, 11.9410906]}, "properties": {"highway": "street_lamp", "lamp_mount": "pole", "lamp_type": "LED", "light:colour": "white", "operational_status": "operational", "support": "pole"}, "geohash": "tf0gbjb9b"},{"type": "Feature", "geometry": {"type": "Point", "coordinates": [79.801649, 11.941941]}, "properties": {"check_date": "2025-01-02", "highway": "street_lamp", "lamp_type": "LED", "light:colour": "white", "operational_status": "operational", "support": "pole"}, "geohash": "tf0ezvvyc"},{"type": "Feature", "geometry": {"type": "Point", "coordinates": [79.8253679, 11.9300075]}, "properties": {"check_date": "2025-01-05", "highway": "street_lamp", "lamp_mount": "pole", "lamp_type": "LED", "light:colour": "yellow", "operational_status": "operational", "support": "pole"}, "geohash": "tf0gb7z13"},{"type": "Feature", "geometry": {"type": "Point", "coordinates": [79.8253741, 11.9300779]}, "properties": {"highway": "street_lamp", "lamp_mount": "pole", "lamp_type": "LED", "light:colour": "white", "operational_status": "operational", "support": "pole"}, "geohash": "tf0gb7z1d"},{"type": "Feature", "geometry": {"type": "Point", "coordinates": [79.8023423, 11.9407199]}, "properties": {"check_date": "2025-01-31", "highway": "street_lamp", "lamp_mount": "pole", "lamp_type": "LED", "light:colour": "white", "operational_status": "operational", "support": "pole"}, "geohash": "tf0ezvwr9"},{"type": "Feature", "geometry": {"type": "Point", "coordinates": [79.8356816, 11.9319984]}, "properties": {"check_date": "2025-02-03", "highway": "street_lamp", "lamp_mount": "pole", "lamp_type": "LED", "light:colour": "white", "operational_status": "operational", "support": "pole"}, "geohash": "tf0gbsnsf"},{"type": "Feature", "geometry": {"type": "Point", "coordinates": [79.8355712, 11.931237]}, "properties": {"highway": "street_lamp", "lamp_mount": "pole", "lamp_type": "LED", "light:colour": "white", "operational_status": "operational", "support": "pole"}, "geohash": "tf0gbsn2r"},{"type": "Feature", "geometry": {"type": "Point", "coordinates": [79.8354987, 11.9309601]}, "properties": {"highway": "street_lamp", "lamp_mount": "pole", "lamp_type": "LED", "light:colour": "white", "operational_status": "operational", "support": "pole"}, "geohash": "tf0gbeyqv"},{"type": "Feature", "geometry": {"type": "Point", "coordinates": [79.8354195, 11.9306403]}, "properties": {"highway": "street_lamp", "lamp_mount": "pole", "lamp_type": "LED", "light:colour": "white", "operational_status": "operational", "support": "pole"}, "geohash": "tf0gbeymh"},{"type": "Feature", "geometry": {"type": "Point", "coordinates": [79.8354064, 11.9304334]}, "properties": {"highway": "street_lamp", "lamp_mount": "pole", "lamp_type": "LED", "light:colour": "white", "operational_status": "operational", "support": "pole"}, "geohash": "tf0gbey7g"},{"type": "Feature", "geometry": {"type": "Point", "coordinates": [79.8352759, 11.9289232]}, "properties": {"check_date": "2025-02-03", "highway": "street_lamp", "lamp_mount": "pole", "lamp_type": "LED", "light:colour": "white", "operational_status": "operational", "support": "pole"}, "geohash": "tf0gbew70"},{"type": "Feature", "geometry": {"type": "Point", "coordinates": [79.8352914, 11.929072]}, "properties": {"highway": "street_lamp", "lamp_mount": "pole", "lamp_type": "LED", "light:colour": "white", "operational_status": "operational", "support": "pole"}, "geohash": "tf0gbew7c"},{"type": "Feature", "geometry": {"type": "Point", "coordinates": [79.8353203, 11.92928]}, "properties": {"highway": "street_lamp", "lamp_mount": "pole", "lamp_type": "LED", "light:colour": "white", "operational_status": "operational", "support": "pole"}, "geohash": "tf0gbewm1"},{"type": "Feature", "geometry": {"type": "Point", "coordinates": [79.8353415, 11.9294799]}, "properties": {"highway": "street_lamp", "lamp_mount": "pole", "lamp_type": "LED", "light:colour": "white", "operational_status": "operational", "support": "pole"}, "geohash": "tf0gbewq6"},{"type": "Feature", "geometry": {"type": "Point", "coordinates": [79.8353881, 11.9297102]}, "properties": {"highway": "street_lamp", "lamp_mount": "pole", "lamp_type": "LED", "light:colour": "white", "operational_status": "operational", "support": "pole"}, "geohash": "tf0gbewre"},{"type": "Feature", "geometry": {"type": "Point", "coordinates": [79.8354279, 11.9299138]}, "properties": {"highway": "street_lamp", "lamp_mount": "pole", "lamp_type": "LED", "light:colour": "white", "operational_status": "operational", "support": "pole"}, "geohash": "tf0gbey2u"},{"type": "Feature", "geometry": {"type": "Point", "coordinates": [79.8354717, 11.9301014]}, "properties": {"highway": "street_lamp", "lamp_mount": "pole", "lamp_type": "LED", "light:colour": "white", "operational_status": "operational", "support": "pole"}, "geohash": "tf0gbey3v"},{"type": "Feature", "geometry": {"type": "Point", "coordinates": [79.8355099, 11.9302928]}, "properties": {"check_date": "2025-02-03", "highway": "street_lamp", "lamp_mount": "pole", "lamp_type": "LED", "light:colour": "white", "light:count": "2", "operational_status": "operational", "support": "pole"}, "geohash": "tf0gbey6y"},{"type": "Feature", "geometry": {"type": "Point", "coordinates": [79.8355498, 11.9304899]}, "properties": {"highway": "street_lamp", "lamp_mount": "pole", "lamp_type": "LED", "light:colour": "white", "light:count": "2", "operational_status": "operational", "support": "pole"}, "geohash": "tf0gbeykp"},{"type": "Feature", "geometry": {"type": "Point", "coordinates": [79.8355927, 11.9306712]}, "properties": {"highway": "street_lamp", "lamp_mount": "pole", "lamp_type": "LED", "light:colour": "white", "light:count": "2", "operational_status": "operational", "support": "pole"}, "geohash": "tf0gbeyt0"},{"type": "Feature", "geometry": {"type": "Point", "coordinates": [79.8356186, 11.9308721]}, "properties": {"highway": "street_lamp", "lamp_mount": "pole", "lamp_type": "LED", "light:colour": "white", "light:count": "2", "operational_status": "operational", "support": "pole"}, "geohash": "tf0gbeyw2"},{"type": "Feature", "geometry": {"type": "Point", "coordinates": [79.8356581, 11.9310623]}, "properties": {"highway": "street_lamp", "lamp_mount": "pole", "lamp_type": "LED", "light:colour": "white", "light:count": "2", "operational_status": "operational", "support": "pole"}, "geohash": "tf0gbeyx3"},{"type": "Feature", "geometry": {"type": "Point", "coordinates": [79.8356985, 11.93126]}, "properties": {"highway": "street_lamp", "lamp_mount": "pole", "lamp_type": "LED", "light:colour": "white", "light:count": "2", "operational_status": "operational", "support": "pole"}, "geohash": "tf0gbsn8d"},{"type": "Feature", "geometry": {"type": "Point", "coordinates": [79.8357417, 11.9314601]}, "properties": {"highway": "street_lamp", "lamp_mount": "pole", "lamp_type": "LED", "light:colour": "white", "light:count": "2", "operational_status": "operational", "support": "pole"}, "geohash": "tf0gbsn9g"},{"type": "Feature", "geometry": {"type": "Point", "coordinates": [79.8357777, 11.9316968]}, "properties": {"highway": "street_lamp", "lamp_mount": "pole", "lamp_type": "LED", "light:colour": "white", "light:count": "2", "operational_status": "operational", "support": "pole"}, "geohash": "tf0gbsneh"},{"type": "Feature", "geometry": {"type": "Point", "coordinates": [79.835836, 11.9319486]}, "properties": {"highway": "street_lamp", "lamp_mount": "pole", "lamp_type": "LED", "light:colour": "white", "light:count": "2", "operational_status": "operational", "support": "pole"}, "geohash": "tf0gbsnst"},{"type": "Feature", "geometry": {"type": "Point", "coordinates": [79.8358604, 11.9321262]}, "properties": {"highway": "street_lamp", "lamp_mount": "pole", "lamp_type": "LED", "light:colour": "white", "light:count": "2", "operational_status": "operational", "support": "pole"}, "geohash": "tf0gbsntw"}]}