{
  "type": "FeatureCollection",
  "features": [
    {
      "type": "Feature",
      "geometry": { "type": "Point", "coordinates": [77.290103, 28.6223887] },
      "properties": {
        "highway": "street_lamp",
        "lamp_mount": "wall",
        "lamp_type": "led"
      },
      "geohash": "ttnfyf8cm"
    },
    {
      "type": "Feature",
      "geometry": { "type": "Point", "coordinates": [76.8954212, 28.7341649] },
      "properties": { "highway": "street_lamp", "name": "Main Street lamp" },
      "geohash": "ttnemycs9"
    },
    {
      "type": "Feature",
      "geometry": { "type": "Point", "coordinates": [76.8948158, 28.7346255] },
      "properties": { "highway": "street_lamp" },
      "geohash": "ttnemycp7"
    },
    {
      "type": "Feature",
      "geometry": { "type": "Point", "coordinates": [77.220537, 28.6291827] },
      "properties": {
        "addr:housenumber": "105",
        "addr:postcode": "110001",
        "addr:street": "Janpath",
        "highway": "street_lamp",
        "opening_hours": "Mo-Su 08:00-20:00"
      },
      "geohash": "ttnfv5y30"
    },
    {
      "type": "Feature",
      "geometry": { "type": "Point", "coordinates": [77.2186349, 28.5315827] },
      "properties": { "highway": "street_lamp", "lamp_type": "solar_lamp" },
      "geohash": "ttnfm4hbs"
    },
    {
      "type": "Feature",
      "geometry": { "type": "Point", "coordinates": [77.2031747, 28.5205662] },
      "properties": { "highway": "street_lamp" },
      "geohash": "ttnfkb18k"
    },
    {
      "type": "Feature",
      "geometry": { "type": "Point", "coordinates": [77.2153936, 28.5181285] },
      "properties": { "highway": "street_lamp" },
      "geohash": "ttnfjpdd1"
    },
    {
      "type": "Feature",
      "geometry": { "type": "Point", "coordinates": [77.2056411, 28.5200665] },
      "properties": { "highway": "street_lamp" },
      "geohash": "ttnfhzgmm"
    },
    {
      "type": "Feature",
      "geometry": { "type": "Point", "coordinates": [77.2058877, 28.5210438] },
      "properties": { "highway": "street_lamp" },
      "geohash": "ttnfkb5e5"
    },
    {
      "type": "Feature",
      "geometry": { "type": "Point", "coordinates": [77.1980702, 28.5087849] },
      "properties": { "highway": "street_lamp", "power": "pole" },
      "geohash": "ttnfhtvgt"
    },
    {
      "type": "Feature",
      "geometry": { "type": "Point", "coordinates": [77.2902689, 28.6041558] },
      "properties": {
        "highway": "street_lamp",
        "lamp_mount": "suspended",
        "lamp_type": "electric"
      },
      "geohash": "ttnfwz1p3"
    },
    {
      "type": "Feature",
      "geometry": { "type": "Point", "coordinates": [77.2904813, 28.6028489] },
      "properties": {
        "highway": "street_lamp",
        "lamp_mount": "suspended",
        "lamp_type": "floodlight"
      },
      "geohash": "ttnfwycpw"
    },
    {
      "type": "Feature",
      "geometry": { "type": "Point", "coordinates": [77.2938059, 28.6182744] },
      "properties": {
        "highway": "street_lamp",
        "lamp_mount": "bent_mast",
        "lamp_type": "led",
        "ref": "15/80"
      },
      "geohash": "ttnfycg9s"
    },
    {
      "type": "Feature",
      "geometry": { "type": "Point", "coordinates": [77.2937279, 28.618134] },
      "properties": { "highway": "street_lamp", "lamp_mount": "straight_mast" },
      "geohash": "ttnfycg8d"
    },
    {
      "type": "Feature",
      "geometry": { "type": "Point", "coordinates": [77.293631, 28.6182413] },
      "properties": {
        "highway": "street_lamp",
        "lamp_mount": "bent_mast",
        "lamp_type": "led",
        "ref": "12/80"
      },
      "geohash": "ttnfycg92"
    },
    {
      "type": "Feature",
      "geometry": { "type": "Point", "coordinates": [77.2937997, 28.618148] },
      "properties": { "highway": "street_lamp", "lamp_mount": "straight_mast" },
      "geohash": "ttnfycg8u"
    },
    {
      "type": "Feature",
      "geometry": { "type": "Point", "coordinates": [77.2910154, 28.6152363] },
      "properties": {
        "highway": "street_lamp",
        "lamp_mount": "bent_mast",
        "lamp_type": "led"
      },
      "geohash": "ttnfyc1xg"
    },
    {
      "type": "Feature",
      "geometry": { "type": "Point", "coordinates": [77.2910061, 28.6154787] },
      "properties": {
        "highway": "street_lamp",
        "lamp_mount": "straight_mast",
        "lamp_type": "led"
      },
      "geohash": "ttnfyc394"
    },
    {
      "type": "Feature",
      "geometry": { "type": "Point", "coordinates": [77.2923841, 28.6147782] },
      "properties": { "highway": "street_lamp", "lamp_mount": "straight_mast" },
      "geohash": "ttnfyc4t5"
    },
    {
      "type": "Feature",
      "geometry": { "type": "Point", "coordinates": [77.2919866, 28.6149673] },
      "properties": { "highway": "street_lamp", "lamp_mount": "straight_mast" },
      "geohash": "ttnfyc4q3"
    },
    {
      "type": "Feature",
      "geometry": { "type": "Point", "coordinates": [77.2925916, 28.6146683] },
      "properties": { "highway": "street_lamp", "lamp_mount": "straight_mast" },
      "geohash": "ttnfyc4sx"
    },
    {
      "type": "Feature",
      "geometry": { "type": "Point", "coordinates": [77.2927825, 28.6145312] },
      "properties": { "highway": "street_lamp", "lamp_mount": "straight_mast" },
      "geohash": "ttnfyc4gs"
    },
    {
      "type": "Feature",
      "geometry": { "type": "Point", "coordinates": [77.1374704, 28.6214482] },
      "properties": { "highway": "street_lamp", "name": "Shri Ram Chowk" },
      "geohash": "ttnfg63u1"
    },
    {
      "type": "Feature",
      "geometry": { "type": "Point", "coordinates": [77.1851189, 28.5467526] },
      "properties": { "highway": "street_lamp" },
      "geohash": "ttnfkku2z"
    },
    {
      "type": "Feature",
      "geometry": { "type": "Point", "coordinates": [77.2220406, 28.6338182] },
      "properties": { "highway": "street_lamp" },
      "geohash": "ttnfvhxk5"
    },
    {
      "type": "Feature",
      "geometry": { "type": "Point", "coordinates": [77.2274522, 28.6565743] },
      "properties": { "highway": "street_lamp" },
      "geohash": "ttngj2g2d"
    },
    {
      "type": "Feature",
      "geometry": { "type": "Point", "coordinates": [77.2983063, 28.5426459] },
      "properties": { "highway": "street_lamp" },
      "geohash": "ttnfqunbv"
    },
    {
      "type": "Feature",
      "geometry": { "type": "Point", "coordinates": [77.2414807, 28.5850933] },
      "properties": {
        "highway": "street_lamp",
        "lamp_type": "LED",
        "support": "pole"
      },
      "geohash": "ttnftev80"
    },
    {
      "type": "Feature",
      "geometry": { "type": "Point", "coordinates": [77.2411475, 28.5846025] },
      "properties": {
        "highway": "street_lamp",
        "lamp_type": "LED",
        "support": "pole"
      },
      "geohash": "ttnftetm3"
    },
    {
      "type": "Feature",
      "geometry": { "type": "Point", "coordinates": [77.2410295, 28.5843855] },
      "properties": {
        "highway": "street_lamp",
        "lamp_type": "LED",
        "support": "pole"
      },
      "geohash": "ttnftethn"
    },
    {
      "type": "Feature",
      "geometry": { "type": "Point", "coordinates": [77.27689, 28.6306344] },
      "properties": {
        "highway": "street_lamp",
        "lamp_type": "LED",
        "support": "pole"
      },
      "geohash": "ttnfykp3d"
    },
    {
      "type": "Feature",
      "geometry": { "type": "Point", "coordinates": [77.2765385, 28.6311169] },
      "properties": {
        "highway": "street_lamp",
        "lamp_type": "LED",
        "support": "pole"
      },
      "geohash": "ttnfykph3"
    },
    {
      "type": "Feature",
      "geometry": { "type": "Point", "coordinates": [77.2755376, 28.6307591] },
      "properties": {
        "highway": "street_lamp",
        "lamp_type": "LED",
        "support": "pole"
      },
      "geohash": "ttnfykn66"
    },
    {
      "type": "Feature",
      "geometry": { "type": "Point", "coordinates": [77.2757751, 28.6308339] },
      "properties": {
        "highway": "street_lamp",
        "lamp_type": "LED",
        "support": "pole"
      },
      "geohash": "ttnfyknd8"
    },
    {
      "type": "Feature",
      "geometry": { "type": "Point", "coordinates": [77.2749843, 28.6306253] },
      "properties": {
        "highway": "street_lamp",
        "lamp_type": "LED",
        "support": "pole"
      },
      "geohash": "ttnfykjcm"
    },
    {
      "type": "Feature",
      "geometry": { "type": "Point", "coordinates": [77.2401636, 28.5833462] },
      "properties": {
        "highway": "street_lamp",
        "lamp_type": "LED",
        "support": "pole"
      },
      "geohash": "ttnftekw4"
    },
    {
      "type": "Feature",
      "geometry": { "type": "Point", "coordinates": [77.2417293, 28.5854141] },
      "properties": {
        "highway": "street_lamp",
        "lamp_type": "LED",
        "support": "pole"
      },
      "geohash": "ttnftevdn"
    },
    {
      "type": "Feature",
      "geometry": { "type": "Point", "coordinates": [77.2411269, 28.5838487] },
      "properties": {
        "highway": "street_lamp",
        "lamp_type": "LED",
        "support": "pole"
      },
      "geohash": "ttnftet2b"
    },
    {
      "type": "Feature",
      "geometry": { "type": "Point", "coordinates": [77.2411247, 28.5842152] },
      "properties": {
        "highway": "street_lamp",
        "lamp_type": "LED",
        "support": "pole"
      },
      "geohash": "ttnftet70"
    },
    {
      "type": "Feature",
      "geometry": { "type": "Point", "coordinates": [77.240891, 28.5840185] },
      "properties": {
        "highway": "street_lamp",
        "lamp_type": "LED",
        "support": "pole"
      },
      "geohash": "ttnftet1g"
    },
    {
      "type": "Feature",
      "geometry": { "type": "Point", "coordinates": [77.2409014, 28.5837933] },
      "properties": {
        "highway": "street_lamp",
        "lamp_type": "LED",
        "support": "pole"
      },
      "geohash": "ttnftet0e"
    },
    {
      "type": "Feature",
      "geometry": { "type": "Point", "coordinates": [77.2745452, 28.6290382] },
      "properties": {
        "highway": "street_lamp",
        "lamp_type": "LED",
        "support": "pole"
      },
      "geohash": "ttnfy7v85"
    },
    {
      "type": "Feature",
      "geometry": { "type": "Point", "coordinates": [77.2752887, 28.6292598] },
      "properties": {
        "highway": "street_lamp",
        "lamp_type": "LED",
        "support": "pole"
      },
      "geohash": "ttnfy7y1s"
    },
    {
      "type": "Feature",
      "geometry": { "type": "Point", "coordinates": [77.274847, 28.6290562] },
      "properties": {
        "highway": "street_lamp",
        "lamp_type": "LED",
        "support": "pole"
      },
      "geohash": "ttnfy7vb6"
    },
    {
      "type": "Feature",
      "geometry": { "type": "Point", "coordinates": [77.2742542, 28.6287645] },
      "properties": {
        "highway": "street_lamp",
        "lamp_type": "LED",
        "support": "pole"
      },
      "geohash": "ttnfy7tqs"
    },
    {
      "type": "Feature",
      "geometry": { "type": "Point", "coordinates": [77.2435257, 28.5843417] },
      "properties": {
        "highway": "street_lamp",
        "lamp_type": "LED",
        "support": "pole"
      },
      "geohash": "ttnftex5b"
    },
    {
      "type": "Feature",
      "geometry": { "type": "Point", "coordinates": [77.2435136, 28.5841242] },
      "properties": {
        "highway": "street_lamp",
        "lamp_type": "LED",
        "support": "pole"
      },
      "geohash": "ttnftex48"
    },
    {
      "type": "Feature",
      "geometry": { "type": "Point", "coordinates": [77.243292, 28.584355] },
      "properties": {
        "highway": "street_lamp",
        "lamp_type": "LED",
        "support": "pole"
      },
      "geohash": "ttnftewgg"
    },
    {
      "type": "Feature",
      "geometry": { "type": "Point", "coordinates": [77.2458562, 28.5835113] },
      "properties": {
        "highway": "street_lamp",
        "lamp_type": "LED",
        "support": "pole"
      },
      "geohash": "ttnftg2xn"
    },
    {
      "type": "Feature",
      "geometry": { "type": "Point", "coordinates": [77.2434151, 28.5823372] },
      "properties": {
        "highway": "street_lamp",
        "lamp_type": "LED",
        "support": "pole"
      },
      "geohash": "ttnfteqbn"
    },
    {
      "type": "Feature",
      "geometry": { "type": "Point", "coordinates": [77.2433037, 28.5823772] },
      "properties": {
        "highway": "street_lamp",
        "lamp_type": "LED",
        "support": "pole"
      },
      "geohash": "ttnfteqb7"
    },
    {
      "type": "Feature",
      "geometry": { "type": "Point", "coordinates": [77.2435837, 28.5840884] },
      "properties": {
        "highway": "street_lamp",
        "lamp_type": "LED",
        "support": "pole"
      },
      "geohash": "ttnftex43"
    },
    {
      "type": "Feature",
      "geometry": { "type": "Point", "coordinates": [77.2437242, 28.583915] },
      "properties": {
        "highway": "street_lamp",
        "lamp_type": "LED",
        "support": "pole"
      },
      "geohash": "ttnftex1m"
    },
    {
      "type": "Feature",
      "geometry": { "type": "Point", "coordinates": [77.242689, 28.582371] },
      "properties": {
        "highway": "street_lamp",
        "lamp_type": "LED",
        "support": "pole"
      },
      "geohash": "ttnfteq2m"
    },
    {
      "type": "Feature",
      "geometry": { "type": "Point", "coordinates": [77.2420225, 28.5823549] },
      "properties": {
        "highway": "street_lamp",
        "lamp_type": "LED",
        "support": "pole"
      },
      "geohash": "ttnftembm"
    },
    {
      "type": "Feature",
      "geometry": { "type": "Point", "coordinates": [77.2416553, 28.5828697] },
      "properties": {
        "highway": "street_lamp",
        "lamp_type": "LED",
        "support": "pole"
      },
      "geohash": "ttnftemem"
    },
    {
      "type": "Feature",
      "geometry": { "type": "Point", "coordinates": [77.240121, 28.5830193] },
      "properties": {
        "highway": "street_lamp",
        "lamp_type": "LED",
        "support": "pole"
      },
      "geohash": "ttnfteks1"
    },
    {
      "type": "Feature",
      "geometry": { "type": "Point", "coordinates": [77.2444048, 28.5826235] },
      "properties": {
        "highway": "street_lamp",
        "lamp_type": "LED",
        "support": "pole"
      },
      "geohash": "ttnfter9v"
    },
    {
      "type": "Feature",
      "geometry": { "type": "Point", "coordinates": [77.2430758, 28.5823708] },
      "properties": {
        "highway": "street_lamp",
        "lamp_type": "LED",
        "support": "pole"
      },
      "geohash": "ttnfteq8q"
    },
    {
      "type": "Feature",
      "geometry": { "type": "Point", "coordinates": [77.2423227, 28.5823656] },
      "properties": {
        "highway": "street_lamp",
        "lamp_type": "LED",
        "support": "pole"
      },
      "geohash": "ttnfteq0k"
    },
    {
      "type": "Feature",
      "geometry": { "type": "Point", "coordinates": [77.2447696, 28.5828391] },
      "properties": {
        "highway": "street_lamp",
        "lamp_type": "LED",
        "support": "pole"
      },
      "geohash": "ttnftergj"
    },
    {
      "type": "Feature",
      "geometry": { "type": "Point", "coordinates": [77.2439423, 28.5823861] },
      "properties": {
        "highway": "street_lamp",
        "lamp_type": "LED",
        "support": "pole"
      },
      "geohash": "ttnfter26"
    },
    {
      "type": "Feature",
      "geometry": { "type": "Point", "coordinates": [77.2439294, 28.5823442] },
      "properties": {
        "highway": "street_lamp",
        "lamp_type": "LED",
        "support": "pole"
      },
      "geohash": "ttnfter24"
    },
    {
      "type": "Feature",
      "geometry": { "type": "Point", "coordinates": [77.2441481, 28.5825144] },
      "properties": {
        "highway": "street_lamp",
        "lamp_type": "LED",
        "support": "pole"
      },
      "geohash": "ttnfter3p"
    },
    {
      "type": "Feature",
      "geometry": { "type": "Point", "coordinates": [77.2447182, 28.582853] },
      "properties": {
        "highway": "street_lamp",
        "lamp_type": "LED",
        "support": "pole"
      },
      "geohash": "ttnftergh"
    },
    {
      "type": "Feature",
      "geometry": { "type": "Point", "coordinates": [77.2436312, 28.5823833] },
      "properties": {
        "highway": "street_lamp",
        "lamp_type": "LED",
        "support": "pole"
      },
      "geohash": "ttnfter07"
    },
    {
      "type": "Feature",
      "geometry": { "type": "Point", "coordinates": [77.2417057, 28.5830619] },
      "properties": {
        "highway": "street_lamp",
        "lamp_type": "LED",
        "support": "pole"
      },
      "geohash": "ttnftemsq"
    },
    {
      "type": "Feature",
      "geometry": { "type": "Point", "coordinates": [77.2417081, 28.5826721] },
      "properties": {
        "highway": "street_lamp",
        "lamp_type": "LED",
        "support": "pole"
      },
      "geohash": "ttnftemdn"
    },
    {
      "type": "Feature",
      "geometry": { "type": "Point", "coordinates": [77.2417007, 28.582353] },
      "properties": {
        "highway": "street_lamp",
        "lamp_type": "LED",
        "support": "pole"
      },
      "geohash": "ttnftem8q"
    },
    {
      "type": "Feature",
      "geometry": { "type": "Point", "coordinates": [77.2413428, 28.583367] },
      "properties": {
        "highway": "street_lamp",
        "lamp_type": "LED",
        "support": "pole"
      },
      "geohash": "ttnftemqj"
    },
    {
      "type": "Feature",
      "geometry": { "type": "Point", "coordinates": [77.2407614, 28.5837979] },
      "properties": {
        "highway": "street_lamp",
        "lamp_type": "LED",
        "support": "pole"
      },
      "geohash": "ttnftet08"
    },
    {
      "type": "Feature",
      "geometry": { "type": "Point", "coordinates": [77.2404292, 28.5831206] },
      "properties": {
        "highway": "street_lamp",
        "lamp_type": "LED",
        "support": "pole"
      },
      "geohash": "ttnfteku8"
    },
    {
      "type": "Feature",
      "geometry": { "type": "Point", "coordinates": [77.2403276, 28.5831111] },
      "properties": {
        "highway": "street_lamp",
        "lamp_type": "LED",
        "support": "pole"
      },
      "geohash": "ttnfteksw"
    },
    {
      "type": "Feature",
      "geometry": { "type": "Point", "coordinates": [77.2402782, 28.5833054] },
      "properties": {
        "highway": "street_lamp",
        "lamp_type": "LED",
        "support": "pole"
      },
      "geohash": "ttnftektu"
    },
    {
      "type": "Feature",
      "geometry": { "type": "Point", "coordinates": [77.2396326, 28.5834097] },
      "properties": {
        "highway": "street_lamp",
        "lamp_type": "LED",
        "support": "pole"
      },
      "geohash": "ttnfteknm"
    },
    {
      "type": "Feature",
      "geometry": { "type": "Point", "coordinates": [77.2775285, 28.6307263] },
      "properties": {
        "highway": "street_lamp",
        "lamp_type": "LED",
        "support": "pole"
      },
      "geohash": "ttnfykpf0"
    },
    {
      "type": "Feature",
      "geometry": { "type": "Point", "coordinates": [77.2755005, 28.6300645] },
      "properties": {
        "highway": "street_lamp",
        "lamp_type": "LED",
        "support": "pole"
      },
      "geohash": "ttnfy7yq1"
    },
    {
      "type": "Feature",
      "geometry": { "type": "Point", "coordinates": [77.2759721, 28.6296773] },
      "properties": {
        "highway": "street_lamp",
        "lamp_type": "LED",
        "support": "pole"
      },
      "geohash": "ttnfy7yeu"
    },
    {
      "type": "Feature",
      "geometry": { "type": "Point", "coordinates": [77.274933, 28.6297512] },
      "properties": {
        "highway": "street_lamp",
        "lamp_type": "LED",
        "support": "pole"
      },
      "geohash": "ttnfy7vuk"
    },
    {
      "type": "Feature",
      "geometry": { "type": "Point", "coordinates": [77.279151, 28.6356314] },
      "properties": {
        "highway": "street_lamp",
        "lamp_type": "LED",
        "support": "pole"
      },
      "geohash": "ttnfysbyw"
    },
    {
      "type": "Feature",
      "geometry": { "type": "Point", "coordinates": [77.2791467, 28.6360605] },
      "properties": {
        "highway": "street_lamp",
        "lamp_type": "LED",
        "support": "pole"
      },
      "geohash": "ttnfyt0cn"
    },
    {
      "type": "Feature",
      "geometry": { "type": "Point", "coordinates": [77.2764409, 28.6344158] },
      "properties": {
        "highway": "street_lamp",
        "lamp_type": "LED",
        "support": "pole"
      },
      "geohash": "ttnfykwzx"
    },
    {
      "type": "Feature",
      "geometry": { "type": "Point", "coordinates": [77.2354772, 28.5538147] },
      "properties": {
        "highway": "street_lamp",
        "lamp_mount": "high_mast",
        "lamp_type": "electric"
      },
      "geohash": "ttnfmw14j"
    },
    {
      "type": "Feature",
      "geometry": { "type": "Point", "coordinates": [77.2360455, 28.5532661] },
      "properties": {
        "highway": "street_lamp",
        "lamp_type": "LED",
        "support": "pole"
      },
      "geohash": "ttnfmtcwf"
    },
    {
      "type": "Feature",
      "geometry": { "type": "Point", "coordinates": [77.2354752, 28.553815] },
      "properties": {
        "highway": "street_lamp",
        "lamp_mount": "straight_mast",
        "lamp_type": "led",
        "support": "pole"
      },
      "geohash": "ttnfmw14j"
    },
    {
      "type": "Feature",
      "geometry": { "type": "Point", "coordinates": [77.2375626, 28.551764] },
      "properties": {
        "highway": "street_lamp",
        "lamp_type": "LED",
        "support": "pole"
      },
      "geohash": "ttnfmtdwj"
    },
    {
      "type": "Feature",
      "geometry": { "type": "Point", "coordinates": [77.2374971, 28.5513631] },
      "properties": {
        "highway": "street_lamp",
        "lamp_mount": "pole",
        "lamp_type": "LED",
        "support": "pole"
      },
      "geohash": "ttnfmtdes"
    },
    {
      "type": "Feature",
      "geometry": { "type": "Point", "coordinates": [77.2375181, 28.5520198] },
      "properties": {
        "highway": "street_lamp",
        "lamp_mount": "pole",
        "lamp_type": "LED",
        "support": "pole"
      },
      "geohash": "ttnfmtdxs"
    },
    {
      "type": "Feature",
      "geometry": { "type": "Point", "coordinates": [77.2375438, 28.5518853] },
      "properties": {
        "highway": "street_lamp",
        "lamp_mount": "pole",
        "lamp_type": "LED",
        "support": "pole"
      },
      "geohash": "ttnfmtdwv"
    },
    {
      "type": "Feature",
      "geometry": { "type": "Point", "coordinates": [77.2373774, 28.5511031] },
      "properties": {
        "highway": "street_lamp",
        "lamp_type": "LED",
        "support": "pole"
      },
      "geohash": "ttnfmtdd1"
    },
    {
      "type": "Feature",
      "geometry": { "type": "Point", "coordinates": [77.2375216, 28.5514133] },
      "properties": {
        "highway": "street_lamp",
        "lamp_type": "LED",
        "support": "pole"
      },
      "geohash": "ttnfmtdsh"
    },
    {
      "type": "Feature",
      "geometry": { "type": "Point", "coordinates": [77.2373104, 28.5509848] },
      "properties": {
        "highway": "street_lamp",
        "lamp_type": "LED",
        "support": "pole"
      },
      "geohash": "ttnfmtd3x"
    },
    {
      "type": "Feature",
      "geometry": { "type": "Point", "coordinates": [77.2375741, 28.5516132] },
      "properties": {
        "highway": "street_lamp",
        "lamp_mount": "pole",
        "lamp_type": "LED",
        "support": "pole"
      },
      "geohash": "ttnfmtdtj"
    },
    {
      "type": "Feature",
      "geometry": { "type": "Point", "coordinates": [77.2370969, 28.5505383] },
      "properties": {
        "highway": "street_lamp",
        "lamp_type": "LED",
        "support": "pole"
      },
      "geohash": "ttnfmt6qf"
    },
    {
      "type": "Feature",
      "geometry": { "type": "Point", "coordinates": [77.2369557, 28.5502051] },
      "properties": {
        "highway": "street_lamp",
        "lamp_type": "LED",
        "support": "pole"
      },
      "geohash": "ttnfmt6hz"
    },
    {
      "type": "Feature",
      "geometry": { "type": "Point", "coordinates": [77.2366807, 28.5496984] },
      "properties": {
        "highway": "street_lamp",
        "lamp_type": "LED",
        "support": "pole"
      },
      "geohash": "ttnfmt641"
    },
    {
      "type": "Feature",
      "geometry": { "type": "Point", "coordinates": [77.2368308, 28.5499127] },
      "properties": {
        "highway": "street_lamp",
        "lamp_type": "LED",
        "support": "pole"
      },
      "geohash": "ttnfmt65k"
    },
    {
      "type": "Feature",
      "geometry": { "type": "Point", "coordinates": [77.2055937, 28.5597944] },
      "properties": {
        "highway": "street_lamp",
        "lamp_mount": "straight_mast",
        "lamp_type": "led",
        "support": "pole"
      },
      "geohash": "ttnfkz5ku"
    },
    {
      "type": "Feature",
      "geometry": { "type": "Point", "coordinates": [77.2054693, 28.5598208] },
      "properties": {
        "highway": "street_lamp",
        "lamp_mount": "straight_mast",
        "lamp_type": "led",
        "support": "pole"
      },
      "geohash": "ttnfkz5m1"
    },
    {
      "type": "Feature",
      "geometry": { "type": "Point", "coordinates": [77.2053572, 28.5598381] },
      "properties": {
        "highway": "street_lamp",
        "lamp_mount": "straight_mast",
        "lamp_type": "led",
        "support": "pole"
      },
      "geohash": "ttnfkz5jp"
    },
    {
      "type": "Feature",
      "geometry": { "type": "Point", "coordinates": [77.20524, 28.5598687] },
      "properties": {
        "highway": "street_lamp",
        "lamp_mount": "straight_mast",
        "lamp_type": "led",
        "support": "pole"
      },
      "geohash": "ttnfkz5jk"
    },
    {
      "type": "Feature",
      "geometry": { "type": "Point", "coordinates": [77.2051333, 28.5598887] },
      "properties": {
        "highway": "street_lamp",
        "lamp_mount": "straight_mast",
        "lamp_type": "led",
        "support": "pole"
      },
      "geohash": "ttnfkz5j3"
    },
    {
      "type": "Feature",
      "geometry": { "type": "Point", "coordinates": [77.2050298, 28.5599144] },
      "properties": {
        "highway": "street_lamp",
        "lamp_mount": "straight_mast",
        "lamp_type": "led",
        "support": "pole"
      },
      "geohash": "ttnfkz4vx"
    },
    {
      "type": "Feature",
      "geometry": { "type": "Point", "coordinates": [77.1937415, 28.5600508] },
      "properties": {
        "highway": "street_lamp",
        "lamp_type": "LED",
        "support": "pole"
      },
      "geohash": "ttnfkx4y2"
    },
    {
      "type": "Feature",
      "geometry": { "type": "Point", "coordinates": [77.2065581, 28.5595947] },
      "properties": {
        "highway": "street_lamp",
        "lamp_type": "LED",
        "support": "pole"
      },
      "geohash": "ttnfkzh5e"
    },
    {
      "type": "Feature",
      "geometry": { "type": "Point", "coordinates": [77.2404716, 28.5840855] },
      "properties": {
        "highway": "street_lamp",
        "lamp_type": "LED",
        "support": "pole"
      },
      "geohash": "ttnftesf3"
    },
    {
      "type": "Feature",
      "geometry": { "type": "Point", "coordinates": [77.2481883, 28.5809258] },
      "properties": {
        "highway": "street_lamp",
        "lamp_type": "LED",
        "support": "pole"
      },
      "geohash": "ttnftffrv"
    },
    {
      "type": "Feature",
      "geometry": { "type": "Point", "coordinates": [77.2719144, 28.6314294] },
      "properties": {
        "highway": "street_lamp",
        "lamp_type": "LED",
        "support": "pole"
      },
      "geohash": "ttnfyk5wn"
    },
    {
      "type": "Feature",
      "geometry": { "type": "Point", "coordinates": [77.2719774, 28.6322374] },
      "properties": { "highway": "street_lamp", "support": "pole" },
      "geohash": "ttnfyk7dz"
    },
    {
      "type": "Feature",
      "geometry": { "type": "Point", "coordinates": [77.2732137, 28.6300234] },
      "properties": {
        "highway": "street_lamp",
        "lamp_type": "LED",
        "support": "pole"
      },
      "geohash": "ttnfy7utu"
    },
    {
      "type": "Feature",
      "geometry": { "type": "Point", "coordinates": [77.2321738, 28.6564625] },
      "properties": {
        "highway": "street_lamp",
        "lamp_type": "LED",
        "support": "pole"
      },
      "geohash": "ttngj2wzb"
    },
    {
      "type": "Feature",
      "geometry": { "type": "Point", "coordinates": [77.2321097, 28.6563131] },
      "properties": {
        "highway": "street_lamp",
        "lamp_type": "LED",
        "support": "pole"
      },
      "geohash": "ttngj2wxn"
    },
    {
      "type": "Feature",
      "geometry": { "type": "Point", "coordinates": [77.2323044, 28.6564977] },
      "properties": {
        "highway": "street_lamp",
        "lamp_type": "LED",
        "support": "pole"
      },
      "geohash": "ttngj2yb5"
    },
    {
      "type": "Feature",
      "geometry": { "type": "Point", "coordinates": [77.272797, 28.6307197] },
      "properties": {
        "highway": "street_lamp",
        "lamp_type": "LED",
        "support": "pole"
      },
      "geohash": "ttnfykh64"
    },
    {
      "type": "Feature",
      "geometry": { "type": "Point", "coordinates": [77.2728695, 28.6305668] },
      "properties": {
        "highway": "street_lamp",
        "lamp_type": "LED",
        "support": "pole"
      },
      "geohash": "ttnfykh3h"
    },
    {
      "type": "Feature",
      "geometry": { "type": "Point", "coordinates": [77.2259353, 28.5902508] },
      "properties": {
        "highway": "street_lamp",
        "lamp_mount": "bent_mast",
        "lamp_type": "electric"
      },
      "geohash": "ttnftkdnq"
    },
    {
      "type": "Feature",
      "geometry": { "type": "Point", "coordinates": [77.2279136, 28.590786] },
      "properties": {
        "highway": "street_lamp",
        "lamp_mount": "straight_mast",
        "lamp_type": "led"
      },
      "geohash": "ttnftkg9k"
    },
    {
      "type": "Feature",
      "geometry": { "type": "Point", "coordinates": [77.2259464, 28.5902017] },
      "properties": {
        "highway": "street_lamp",
        "lamp_mount": "bent_mast",
        "lamp_type": "electric"
      },
      "geohash": "ttnftkdjy"
    },
    {
      "type": "Feature",
      "geometry": { "type": "Point", "coordinates": [77.2413299, 28.5715959] },
      "properties": {
        "direction": "206",
        "highway": "street_lamp",
        "lamp_type": "LED",
        "support": "pole"
      },
      "geohash": "ttnft9m3t"
    },
    {
      "type": "Feature",
      "geometry": { "type": "Point", "coordinates": [77.2424991, 28.5711206] },
      "properties": {
        "direction": "238",
        "highway": "street_lamp",
        "lamp_type": "LED",
        "support": "pole"
      },
      "geohash": "ttnft9nqb"
    },
    {
      "type": "Feature",
      "geometry": { "type": "Point", "coordinates": [77.2400763, 28.5704876] },
      "properties": {
        "direction": "25",
        "highway": "street_lamp",
        "support": "pole"
      },
      "geohash": "ttnft9he0"
    },
    {
      "type": "Feature",
      "geometry": { "type": "Point", "coordinates": [77.2286314, 28.6043692] },
      "properties": {
        "direction": "71",
        "highway": "street_lamp",
        "lamp_mount": "straight_mast",
        "support": "pole"
      },
      "geohash": "ttnftrk0t"
    },
    {
      "type": "Feature",
      "geometry": { "type": "Point", "coordinates": [77.2287254, 28.6045031] },
      "properties": {
        "highway": "street_lamp",
        "lamp_mount": "bent_mast",
        "lamp_type": "electric",
        "support": "pole"
      },
      "geohash": "ttnftrk1r"
    },
    {
      "type": "Feature",
      "geometry": { "type": "Point", "coordinates": [77.2290246, 28.6048661] },
      "properties": {
        "highway": "street_lamp",
        "lamp_mount": "straight_mast",
        "lamp_type": "LED",
        "support": "pole"
      },
      "geohash": "ttnftrk7q"
    },
    {
      "type": "Feature",
      "geometry": { "type": "Point", "coordinates": [77.2290664, 28.6042958] },
      "properties": {
        "direction": "284",
        "highway": "street_lamp",
        "lamp_mount": "straight_mast",
        "support": "pole"
      },
      "geohash": "ttnftrk2p"
    },
    {
      "type": "Feature",
      "geometry": { "type": "Point", "coordinates": [77.2290589, 28.6050194] },
      "properties": {
        "direction": "14",
        "highway": "street_lamp",
        "lamp_mount": "bent_mast",
        "support": "pole"
      },
      "geohash": "ttnftrkkr"
    },
    {
      "type": "Feature",
      "geometry": { "type": "Point", "coordinates": [77.2291198, 28.6045976] },
      "properties": {
        "highway": "street_lamp",
        "lamp_mount": "bent_mast",
        "lamp_type": "led",
        "support": "pole"
      },
      "geohash": "ttnftrk9b"
    },
    {
      "type": "Feature",
      "geometry": { "type": "Point", "coordinates": [77.2291992, 28.6050844] },
      "properties": {
        "direction": "281",
        "highway": "street_lamp",
        "support": "pole"
      },
      "geohash": "ttnftrksd"
    },
    {
      "type": "Feature",
      "geometry": { "type": "Point", "coordinates": [77.2285949, 28.6043791] },
      "properties": {
        "direction": "288",
        "highway": "street_lamp",
        "support": "pole"
      },
      "geohash": "ttnftrk0s"
    },
    {
      "type": "Feature",
      "geometry": { "type": "Point", "coordinates": [77.2287482, 28.6042324] },
      "properties": {
        "direction": "18",
        "highway": "street_lamp",
        "support": "pole"
      },
      "geohash": "ttnftrhr8"
    },
    {
      "type": "Feature",
      "geometry": { "type": "Point", "coordinates": [77.1553731, 28.6933259] },
      "properties": {
        "highway": "street_lamp",
        "lamp_mount": "high_mast",
        "man_made": "mast",
        "tower:type": "lighting"
      },
      "geohash": "ttng5xqyd"
    },
    {
      "type": "Feature",
      "geometry": { "type": "Point", "coordinates": [77.2254756, 28.5893391] },
      "properties": { "highway": "street_lamp", "lamp_mount": "bent_mast" },
      "geohash": "ttnftk9bu"
    },
    {
      "type": "Feature",
      "geometry": { "type": "Point", "coordinates": [77.2254393, 28.5892862] },
      "properties": { "highway": "street_lamp", "lamp_mount": "bent_mast" },
      "geohash": "ttnftk9be"
    },
    {
      "type": "Feature",
      "geometry": { "type": "Point", "coordinates": [77.2256151, 28.5893556] },
      "properties": { "highway": "street_lamp", "lamp_mount": "bent_mast" },
      "geohash": "ttnftk9cp"
    },
    {
      "type": "Feature",
      "geometry": { "type": "Point", "coordinates": [77.2436669, 28.5688129] },
      "properties": { "highway": "street_lamp", "lamp_mount": "straight_mast" },
      "geohash": "ttnft8z17"
    },
    {
      "type": "Feature",
      "geometry": { "type": "Point", "coordinates": [77.2397887, 28.5699433] },
      "properties": { "highway": "street_lamp", "lamp_mount": "straight_mast" },
      "geohash": "ttnft8urc"
    },
    {
      "type": "Feature",
      "geometry": { "type": "Point", "coordinates": [77.2404548, 28.5713586] },
      "properties": { "highway": "street_lamp", "lamp_mount": "straight_mast" },
      "geohash": "ttnft9kb1"
    },
    {
      "type": "Feature",
      "geometry": { "type": "Point", "coordinates": [77.2498666, 28.5685201] },
      "properties": { "highway": "street_lamp", "lamp_mount": "straight_mast" },
      "geohash": "ttnftbexs"
    },
    {
      "type": "Feature",
      "geometry": { "type": "Point", "coordinates": [77.243793, 28.5687985] },
      "properties": { "highway": "street_lamp", "lamp_mount": "straight_mast" },
      "geohash": "ttnft8z1q"
    },
    {
      "type": "Feature",
      "geometry": { "type": "Point", "coordinates": [77.2487292, 28.5693862] },
      "properties": {
        "highway": "street_lamp",
        "lamp_mount": "bent_mast",
        "lamp_type": "led"
      },
      "geohash": "ttnftbfu9"
    },
    {
      "type": "Feature",
      "geometry": { "type": "Point", "coordinates": [77.2403286, 28.570936] },
      "properties": { "highway": "street_lamp", "lamp_mount": "straight_mast" },
      "geohash": "ttnft9hty"
    },
    {
      "type": "Feature",
      "geometry": { "type": "Point", "coordinates": [77.2395805, 28.5697087] },
      "properties": { "highway": "street_lamp", "lamp_mount": "straight_mast" },
      "geohash": "ttnft8uns"
    },
    {
      "type": "Feature",
      "geometry": { "type": "Point", "coordinates": [77.2399039, 28.5701554] },
      "properties": { "highway": "street_lamp", "lamp_mount": "straight_mast" },
      "geohash": "ttnft9h3h"
    },
    {
      "type": "Feature",
      "geometry": { "type": "Point", "coordinates": [77.2410321, 28.5722879] },
      "properties": { "highway": "street_lamp", "lamp_mount": "straight_mast" },
      "geohash": "ttnft9mjw"
    },
    {
      "type": "Feature",
      "geometry": { "type": "Point", "coordinates": [77.2403714, 28.571195] },
      "properties": { "highway": "street_lamp", "lamp_mount": "straight_mast" },
      "geohash": "ttnft9hxr"
    },
    {
      "type": "Feature",
      "geometry": { "type": "Point", "coordinates": [77.2464171, 28.5683801] },
      "properties": {
        "highway": "street_lamp",
        "lamp_mount": "bent_mast",
        "lamp_type": "LED",
        "support": "pole"
      },
      "geohash": "ttnftb9ng"
    },
    {
      "type": "Feature",
      "geometry": { "type": "Point", "coordinates": [77.2402506, 28.5709711] },
      "properties": { "highway": "street_lamp", "lamp_mount": "straight_mast" },
      "geohash": "ttnft9htu"
    },
    {
      "type": "Feature",
      "geometry": { "type": "Point", "coordinates": [77.2487816, 28.5694875] },
      "properties": {
        "highway": "street_lamp",
        "lamp_mount": "bent_mast",
        "lamp_type": "led"
      },
      "geohash": "ttnftbfv7"
    },
    {
      "type": "Feature",
      "geometry": { "type": "Point", "coordinates": [77.2403111, 28.570893] },
      "properties": { "highway": "street_lamp", "lamp_mount": "straight_mast" },
      "geohash": "ttnft9htt"
    },
    {
      "type": "Feature",
      "geometry": { "type": "Point", "coordinates": [77.240223, 28.5709249] },
      "properties": { "highway": "street_lamp", "lamp_mount": "straight_mast" },
      "geohash": "ttnft9hte"
    },
    {
      "type": "Feature",
      "geometry": { "type": "Point", "coordinates": [77.2397863, 28.5700626] },
      "properties": { "highway": "street_lamp", "lamp_mount": "straight_mast" },
      "geohash": "ttnft9h29"
    },
    {
      "type": "Feature",
      "geometry": { "type": "Point", "coordinates": [77.2405546, 28.5715259] },
      "properties": { "highway": "street_lamp", "lamp_mount": "straight_mast" },
      "geohash": "ttnft9kc5"
    },
    {
      "type": "Feature",
      "geometry": { "type": "Point", "coordinates": [77.2488182, 28.5696949] },
      "properties": {
        "highway": "street_lamp",
        "lamp_mount": "bent_mast",
        "lamp_type": "led"
      },
      "geohash": "ttnftbfye"
    },
    {
      "type": "Feature",
      "geometry": { "type": "Point", "coordinates": [77.2396753, 28.5698513] },
      "properties": { "highway": "street_lamp", "lamp_mount": "straight_mast" },
      "geohash": "ttnft8upq"
    },
    {
      "type": "Feature",
      "geometry": { "type": "Point", "coordinates": [77.2407243, 28.5718593] },
      "properties": { "highway": "street_lamp", "lamp_mount": "straight_mast" },
      "geohash": "ttnft9kgp"
    },
    {
      "type": "Feature",
      "geometry": { "type": "Point", "coordinates": [77.2488032, 28.5695867] },
      "properties": {
        "highway": "street_lamp",
        "lamp_mount": "bent_mast",
        "lamp_type": "led"
      },
      "geohash": "ttnftbfvg"
    },
    {
      "type": "Feature",
      "geometry": { "type": "Point", "coordinates": [77.2396801, 28.5697323] },
      "properties": { "highway": "street_lamp", "lamp_mount": "straight_mast" },
      "geohash": "ttnft8uny"
    },
    {
      "type": "Feature",
      "geometry": { "type": "Point", "coordinates": [77.2399597, 28.5702285] },
      "properties": { "highway": "street_lamp", "lamp_mount": "straight_mast" },
      "geohash": "ttnft9h3t"
    },
    {
      "type": "Feature",
      "geometry": { "type": "Point", "coordinates": [77.2409521, 28.5721242] },
      "properties": { "highway": "street_lamp", "lamp_mount": "straight_mast" },
      "geohash": "ttnft9mhs"
    },
    {
      "type": "Feature",
      "geometry": { "type": "Point", "coordinates": [77.2490743, 28.5691905] },
      "properties": {
        "highway": "street_lamp",
        "lamp_mount": "bent_mast",
        "lamp_type": "led"
      },
      "geohash": "ttnftbg59"
    },
    {
      "type": "Feature",
      "geometry": { "type": "Point", "coordinates": [77.2402909, 28.5710409] },
      "properties": { "highway": "street_lamp", "lamp_mount": "straight_mast" },
      "geohash": "ttnft9hwm"
    },
    {
      "type": "Feature",
      "geometry": { "type": "Point", "coordinates": [77.2496212, 28.5687835] },
      "properties": { "highway": "street_lamp", "lamp_mount": "straight_mast" },
      "geohash": "ttnftbg3n"
    },
    {
      "type": "Feature",
      "geometry": { "type": "Point", "coordinates": [77.2463088, 28.5682819] },
      "properties": { "highway": "street_lamp", "lamp_mount": "high_mast" },
      "geohash": "ttnftb9n3"
    },
    {
      "type": "Feature",
      "geometry": { "type": "Point", "coordinates": [77.2493351, 28.5689901] },
      "properties": {
        "highway": "street_lamp",
        "lamp_mount": "bent_mast",
        "lamp_type": "led"
      },
      "geohash": "ttnftbg4r"
    },
    {
      "type": "Feature",
      "geometry": { "type": "Point", "coordinates": [77.2437753, 28.5687614] },
      "properties": { "highway": "street_lamp", "lamp_mount": "straight_mast" },
      "geohash": "ttnft8z1n"
    },
    {
      "type": "Feature",
      "geometry": { "type": "Point", "coordinates": [77.2406767, 28.5715862] },
      "properties": { "highway": "street_lamp", "lamp_mount": "straight_mast" },
      "geohash": "ttnft9kcw"
    },
    {
      "type": "Feature",
      "geometry": { "type": "Point", "coordinates": [77.2490874, 28.5697878] },
      "properties": {
        "highway": "street_lamp",
        "lamp_mount": "high_mast",
        "lamp_type": "led"
      },
      "geohash": "ttnftbgp4"
    },
    {
      "type": "Feature",
      "geometry": { "type": "Point", "coordinates": [77.2436453, 28.5688685] },
      "properties": { "highway": "street_lamp", "lamp_mount": "straight_mast" },
      "geohash": "ttnft8z1e"
    },
    {
      "type": "Feature",
      "geometry": { "type": "Point", "coordinates": [77.2400394, 28.5703744] },
      "properties": { "highway": "street_lamp", "lamp_mount": "straight_mast" },
      "geohash": "ttnft9h6r"
    },
    {
      "type": "Feature",
      "geometry": { "type": "Point", "coordinates": [77.2406967, 28.5718131] },
      "properties": { "highway": "street_lamp", "lamp_mount": "straight_mast" },
      "geohash": "ttnft9kfy"
    },
    {
      "type": "Feature",
      "geometry": { "type": "Point", "coordinates": [77.1665907, 28.5868498] },
      "properties": {
        "highway": "street_lamp",
        "lamp_mount": "bent_mast",
        "lamp_type": "led"
      },
      "geohash": "ttnfeunfr"
    },
    {
      "type": "Feature",
      "geometry": { "type": "Point", "coordinates": [77.1669055, 28.5870946] },
      "properties": {
        "highway": "street_lamp",
        "lamp_mount": "bent_mast",
        "lamp_type": "led"
      },
      "geohash": "ttnfeup5z"
    },
    {
      "type": "Feature",
      "geometry": { "type": "Point", "coordinates": [77.1678277, 28.5874687] },
      "properties": {
        "highway": "street_lamp",
        "lamp_mount": "bent_mast",
        "lamp_type": "led"
      },
      "geohash": "ttnfeupyh"
    },
    {
      "type": "Feature",
      "geometry": { "type": "Point", "coordinates": [77.1677857, 28.5872779] },
      "properties": {
        "highway": "street_lamp",
        "lamp_mount": "bent_mast",
        "lamp_type": "led"
      },
      "geohash": "ttnfeupug"
    },
    {
      "type": "Feature",
      "geometry": { "type": "Point", "coordinates": [77.1679053, 28.5874458] },
      "properties": {
        "highway": "street_lamp",
        "lamp_mount": "bent_mast",
        "lamp_type": "led"
      },
      "geohash": "ttnfeupvy"
    },
    {
      "type": "Feature",
      "geometry": { "type": "Point", "coordinates": [77.1669825, 28.5857049] },
      "properties": {
        "highway": "street_lamp",
        "lamp_mount": "bent_mast",
        "lamp_type": "led"
      },
      "geohash": "ttnfegz7c"
    },
    {
      "type": "Feature",
      "geometry": { "type": "Point", "coordinates": [77.1682195, 28.5870341] },
      "properties": {
        "highway": "street_lamp",
        "lamp_mount": "bent_mast",
        "lamp_type": "led"
      },
      "geohash": "ttnfsh05t"
    },
    {
      "type": "Feature",
      "geometry": { "type": "Point", "coordinates": [77.166582, 28.5861508] },
      "properties": {
        "highway": "street_lamp",
        "lamp_mount": "bent_mast",
        "lamp_type": "led"
      },
      "geohash": "ttnfegyyr"
    },
    {
      "type": "Feature",
      "geometry": { "type": "Point", "coordinates": [77.1683894, 28.58672] },
      "properties": {
        "highway": "street_lamp",
        "lamp_mount": "bent_mast",
        "lamp_type": "led"
      },
      "geohash": "ttnfsh039"
    },
    {
      "type": "Feature",
      "geometry": { "type": "Point", "coordinates": [77.1682339, 28.5868821] },
      "properties": {
        "highway": "street_lamp",
        "lamp_mount": "bent_mast",
        "lamp_type": "led"
      },
      "geohash": "ttnfsh04w"
    },
    {
      "type": "Feature",
      "geometry": { "type": "Point", "coordinates": [77.1677963, 28.5867317] },
      "properties": {
        "highway": "street_lamp",
        "lamp_mount": "high_mast",
        "lamp_type": "led"
      },
      "geohash": "ttnfeupcg"
    },
    {
      "type": "Feature",
      "geometry": { "type": "Point", "coordinates": [77.1670566, 28.5868887] },
      "properties": {
        "highway": "street_lamp",
        "lamp_mount": "high_mast",
        "lamp_type": "led"
      },
      "geohash": "ttnfeup6d"
    },
    {
      "type": "Feature",
      "geometry": { "type": "Point", "coordinates": [77.1675491, 28.5870135] },
      "properties": {
        "highway": "street_lamp",
        "lamp_mount": "bent_mast",
        "lamp_type": "led"
      },
      "geohash": "ttnfeupeq"
    },
    {
      "type": "Feature",
      "geometry": { "type": "Point", "coordinates": [77.1672083, 28.5863061] },
      "properties": {
        "highway": "street_lamp",
        "lamp_mount": "bent_mast",
        "lamp_type": "led"
      },
      "geohash": "ttnfegzrq"
    },
    {
      "type": "Feature",
      "geometry": { "type": "Point", "coordinates": [77.1679769, 28.5866601] },
      "properties": {
        "highway": "street_lamp",
        "lamp_mount": "bent_mast",
        "lamp_type": "led"
      },
      "geohash": "ttnfsh012"
    },
    {
      "type": "Feature",
      "geometry": { "type": "Point", "coordinates": [77.1676665, 28.5860169] },
      "properties": {
        "highway": "street_lamp",
        "lamp_mount": "bent_mast",
        "lamp_type": "led"
      },
      "geohash": "ttnfegzv8"
    },
    {
      "type": "Feature",
      "geometry": { "type": "Point", "coordinates": [77.1678637, 28.5871152] },
      "properties": {
        "highway": "street_lamp",
        "lamp_mount": "bent_mast",
        "lamp_type": "led"
      },
      "geohash": "ttnfeupuj"
    },
    {
      "type": "Feature",
      "geometry": { "type": "Point", "coordinates": [77.1674475, 28.5858878] },
      "properties": {
        "highway": "street_lamp",
        "lamp_mount": "bent_mast",
        "lamp_type": "led"
      },
      "geohash": "ttnfegzsg"
    },
    {
      "type": "Feature",
      "geometry": { "type": "Point", "coordinates": [77.1679281, 28.5869134] },
      "properties": {
        "highway": "street_lamp",
        "lamp_mount": "bent_mast",
        "lamp_type": "led"
      },
      "geohash": "ttnfeupfz"
    },
    {
      "type": "Feature",
      "geometry": { "type": "Point", "coordinates": [77.1671986, 28.5858004] },
      "properties": {
        "highway": "street_lamp",
        "lamp_mount": "bent_mast",
        "lamp_type": "led"
      },
      "geohash": "ttnfegzkq"
    },
    {
      "type": "Feature",
      "geometry": { "type": "Point", "coordinates": [77.1671644, 28.5870781] },
      "properties": {
        "highway": "street_lamp",
        "lamp_mount": "bent_mast",
        "lamp_type": "led"
      },
      "geohash": "ttnfeup7v"
    },
    {
      "type": "Feature",
      "geometry": { "type": "Point", "coordinates": [77.1667417, 28.5865195] },
      "properties": {
        "highway": "street_lamp",
        "lamp_mount": "bent_mast",
        "lamp_type": "led"
      },
      "geohash": "ttnfeup0e"
    },
    {
      "type": "Feature",
      "geometry": { "type": "Point", "coordinates": [77.1671556, 28.5862497] },
      "properties": {
        "highway": "street_lamp",
        "lamp_mount": "bent_mast",
        "lamp_type": "led"
      },
      "geohash": "ttnfegzqv"
    },
    {
      "type": "Feature",
      "geometry": { "type": "Point", "coordinates": [77.1679244, 28.5864378] },
      "properties": {
        "highway": "street_lamp",
        "lamp_mount": "bent_mast",
        "lamp_type": "led"
      },
      "geohash": "ttnfeupbn"
    },
    {
      "type": "Feature",
      "geometry": { "type": "Point", "coordinates": [77.1666518, 28.5870821] },
      "properties": {
        "highway": "street_lamp",
        "lamp_mount": "bent_mast",
        "lamp_type": "led"
      },
      "geohash": "ttnfeup5c"
    },
    {
      "type": "Feature",
      "geometry": { "type": "Point", "coordinates": [77.1665428, 28.5864115] },
      "properties": {
        "highway": "street_lamp",
        "lamp_mount": "bent_mast",
        "lamp_type": "led"
      },
      "geohash": "ttnfegyzy"
    },
    {
      "type": "Feature",
      "geometry": { "type": "Point", "coordinates": [77.1678561, 28.5864164] },
      "properties": {
        "highway": "street_lamp",
        "lamp_mount": "bent_mast",
        "lamp_type": "led"
      },
      "geohash": "ttnfegzzv"
    },
    {
      "type": "Feature",
      "geometry": { "type": "Point", "coordinates": [77.1676665, 28.5860717] },
      "properties": {
        "highway": "street_lamp",
        "lamp_mount": "straight_mast",
        "lamp_type": "led"
      },
      "geohash": "ttnfegzvb"
    },
    {
      "type": "Feature",
      "geometry": { "type": "Point", "coordinates": [77.166661, 28.5858319] },
      "properties": {
        "highway": "street_lamp",
        "lamp_mount": "bent_mast",
        "lamp_type": "led"
      },
      "geohash": "ttnfegzh9"
    },
    {
      "type": "Feature",
      "geometry": { "type": "Point", "coordinates": [77.167966, 28.5873599] },
      "properties": {
        "highway": "street_lamp",
        "lamp_mount": "bent_mast",
        "lamp_type": "led"
      },
      "geohash": "ttnfeupvr"
    },
    {
      "type": "Feature",
      "geometry": { "type": "Point", "coordinates": [77.1678214, 28.5861872] },
      "properties": {
        "highway": "street_lamp",
        "lamp_mount": "bent_mast",
        "lamp_type": "led"
      },
      "geohash": "ttnfegzys"
    },
    {
      "type": "Feature",
      "geometry": { "type": "Point", "coordinates": [77.1669944, 28.5861016] },
      "properties": {
        "highway": "street_lamp",
        "lamp_mount": "bent_mast",
        "lamp_type": "led"
      },
      "geohash": "ttnfegzq1"
    },
    {
      "type": "Feature",
      "geometry": { "type": "Point", "coordinates": [77.1680973, 28.5871899] },
      "properties": {
        "highway": "street_lamp",
        "lamp_mount": "bent_mast",
        "lamp_type": "led"
      },
      "geohash": "ttnfsh0h6"
    },
    {
      "type": "Feature",
      "geometry": { "type": "Point", "coordinates": [77.1673979, 28.5872314] },
      "properties": {
        "highway": "street_lamp",
        "lamp_mount": "bent_mast",
        "lamp_type": "led"
      },
      "geohash": "ttnfeupsd"
    },
    {
      "type": "Feature",
      "geometry": { "type": "Point", "coordinates": [77.1673495, 28.5858382] },
      "properties": {
        "highway": "street_lamp",
        "lamp_mount": "bent_mast",
        "lamp_type": "led"
      },
      "geohash": "ttnfegzs9"
    },
    {
      "type": "Feature",
      "geometry": { "type": "Point", "coordinates": [77.2937256, 28.6218193] },
      "properties": { "highway": "street_lamp", "lamp_mount": "high_mast" },
      "geohash": "ttnfyf7w4"
    },
    {
      "type": "Feature",
      "geometry": { "type": "Point", "coordinates": [77.2523332, 28.5517957] },
      "properties": {
        "highway": "street_lamp",
        "lamp_mount": "straight_mast",
        "lamp_type": "led"
      },
      "geohash": "ttnfmvtqm"
    },
    {
      "type": "Feature",
      "geometry": { "type": "Point", "coordinates": [77.2521941, 28.5523136] },
      "properties": {
        "highway": "street_lamp",
        "lamp_mount": "bent_mast",
        "lamp_type": "led"
      },
      "geohash": "ttnfmvv36"
    },
    {
      "type": "Feature",
      "geometry": { "type": "Point", "coordinates": [77.2510388, 28.5524093] },
      "properties": {
        "highway": "street_lamp",
        "lamp_mount": "bent_mast",
        "lamp_type": "led"
      },
      "geohash": "ttnfmvu3z"
    },
    {
      "type": "Feature",
      "geometry": { "type": "Point", "coordinates": [77.2507993, 28.5522227] },
      "properties": {
        "highway": "street_lamp",
        "lamp_mount": "bent_mast",
        "lamp_type": "led"
      },
      "geohash": "ttnfmvu2f"
    },
    {
      "type": "Feature",
      "geometry": { "type": "Point", "coordinates": [77.2521408, 28.552732] },
      "properties": {
        "highway": "street_lamp",
        "lamp_mount": "bent_mast",
        "lamp_type": "led"
      },
      "geohash": "ttnfmvv79"
    },
    {
      "type": "Feature",
      "geometry": { "type": "Point", "coordinates": [77.2492709, 28.5518349] },
      "properties": {
        "highway": "street_lamp",
        "lamp_mount": "bent_mast",
        "lamp_type": "led"
      },
      "geohash": "ttnfmvenq"
    },
    {
      "type": "Feature",
      "geometry": { "type": "Point", "coordinates": [77.2498492, 28.5518127] },
      "properties": {
        "highway": "street_lamp",
        "lamp_mount": "bent_mast",
        "lamp_type": "led"
      },
      "geohash": "ttnfmvew7"
    },
    {
      "type": "Feature",
      "geometry": { "type": "Point", "coordinates": [77.2523993, 28.551558] },
      "properties": {
        "highway": "street_lamp",
        "lamp_mount": "bent_mast",
        "lamp_type": "led"
      },
      "geohash": "ttnfmvtkz"
    },
    {
      "type": "Feature",
      "geometry": { "type": "Point", "coordinates": [77.2489469, 28.5518518] },
      "properties": {
        "highway": "street_lamp",
        "lamp_mount": "bent_mast",
        "lamp_type": "led"
      },
      "geohash": "ttnfmvdyw"
    },
    {
      "type": "Feature",
      "geometry": { "type": "Point", "coordinates": [77.2392668, 28.5718655] },
      "properties": { "highway": "street_lamp", "lamp_mount": "high_mast" },
      "geohash": "ttnft97gj"
    },
    {
      "type": "Feature",
      "geometry": { "type": "Point", "coordinates": [77.2408481, 28.5705902] },
      "properties": { "highway": "street_lamp", "lamp_mount": "high_mast" },
      "geohash": "ttnft9j5f"
    },
    {
      "type": "Feature",
      "geometry": { "type": "Point", "coordinates": [77.2406437, 28.5700589] },
      "properties": { "highway": "street_lamp", "lamp_mount": "high_mast" },
      "geohash": "ttnft9hbt"
    },
    {
      "type": "Feature",
      "geometry": { "type": "Point", "coordinates": [77.290068, 28.6218781] },
      "properties": {
        "highway": "street_lamp",
        "lamp_mount": "wall",
        "lamp_type": "led"
      },
      "geohash": "ttnfyf2yt"
    },
    {
      "type": "Feature",
      "geometry": { "type": "Point", "coordinates": [77.2898435, 28.6222825] },
      "properties": {
        "highway": "street_lamp",
        "lamp_mount": "wall",
        "lamp_type": "led"
      },
      "geohash": "ttnfyf88z"
    },
    {
      "type": "Feature",
      "geometry": { "type": "Point", "coordinates": [77.2901939, 28.6216938] },
      "properties": {
        "highway": "street_lamp",
        "lamp_mount": "wall",
        "lamp_type": "led"
      },
      "geohash": "ttnfyf3j2"
    },
    {
      "type": "Feature",
      "geometry": { "type": "Point", "coordinates": [77.2903444, 28.6221684] },
      "properties": {
        "highway": "street_lamp",
        "lamp_mount": "bent_mast",
        "lamp_type": "led"
      },
      "geohash": "ttnfyf905"
    },
    {
      "type": "Feature",
      "geometry": { "type": "Point", "coordinates": [77.2901543, 28.6222593] },
      "properties": {
        "highway": "street_lamp",
        "lamp_mount": "wall",
        "lamp_type": "led"
      },
      "geohash": "ttnfyf8bx"
    },
    {
      "type": "Feature",
      "geometry": { "type": "Point", "coordinates": [77.2899198, 28.6220921] },
      "properties": {
        "highway": "street_lamp",
        "lamp_mount": "wall",
        "lamp_type": "led"
      },
      "geohash": "ttnfyf2zc"
    },
    {
      "type": "Feature",
      "geometry": { "type": "Point", "coordinates": [77.2901989, 28.6221082] },
      "properties": {
        "highway": "street_lamp",
        "lamp_mount": "bent_mast",
        "lamp_type": "led"
      },
      "geohash": "ttnfyf3pb"
    },
    {
      "type": "Feature",
      "geometry": { "type": "Point", "coordinates": [77.2902622, 28.6215849] },
      "properties": {
        "highway": "street_lamp",
        "lamp_mount": "wall",
        "lamp_type": "led"
      },
      "geohash": "ttnfyf3hc"
    },
    {
      "type": "Feature",
      "geometry": { "type": "Point", "coordinates": [77.2901302, 28.6217934] },
      "properties": {
        "highway": "street_lamp",
        "lamp_mount": "wall",
        "lamp_type": "led"
      },
      "geohash": "ttnfyf2yn"
    },
    {
      "type": "Feature",
      "geometry": { "type": "Point", "coordinates": [77.2898564, 28.6221966] },
      "properties": {
        "highway": "street_lamp",
        "lamp_mount": "wall",
        "lamp_type": "led"
      },
      "geohash": "ttnfyf8b2"
    },
    {
      "type": "Feature",
      "geometry": { "type": "Point", "coordinates": [77.289996, 28.6219851] },
      "properties": {
        "highway": "street_lamp",
        "lamp_mount": "wall",
        "lamp_type": "led"
      },
      "geohash": "ttnfyf2z5"
    },
    {
      "type": "Feature",
      "geometry": { "type": "Point", "coordinates": [77.2905177, 28.6218927] },
      "properties": {
        "highway": "street_lamp",
        "lamp_mount": "bent_mast",
        "lamp_type": "led"
      },
      "geohash": "ttnfyf3nx"
    },
    {
      "type": "Feature",
      "geometry": { "type": "Point", "coordinates": [77.2899312, 28.6223243] },
      "properties": {
        "highway": "street_lamp",
        "lamp_mount": "wall",
        "lamp_type": "led"
      },
      "geohash": "ttnfyf8c1"
    },
    {
      "type": "Feature",
      "geometry": { "type": "Point", "coordinates": [77.2903311, 28.6214826] },
      "properties": {
        "highway": "street_lamp",
        "lamp_mount": "wall",
        "lamp_type": "led"
      },
      "geohash": "ttnfyf3h5"
    },
    {
      "type": "Feature",
      "geometry": { "type": "Point", "coordinates": [77.2900086, 28.6222897] },
      "properties": {
        "highway": "street_lamp",
        "lamp_mount": "wall",
        "lamp_type": "led"
      },
      "geohash": "ttnfyf8bg"
    },
    {
      "type": "Feature",
      "geometry": { "type": "Point", "coordinates": [77.1689695, 28.5874504] },
      "properties": {
        "highway": "street_lamp",
        "lamp_mount": "high_mast",
        "lamp_type": "led"
      },
      "geohash": "ttnfsh0tz"
    },
    {
      "type": "Feature",
      "geometry": { "type": "Point", "coordinates": [77.1700152, 28.5867938] },
      "properties": { "highway": "street_lamp", "lamp_mount": "wall" },
      "geohash": "ttnfsh16p"
    },
    {
      "type": "Feature",
      "geometry": { "type": "Point", "coordinates": [77.290908, 28.6227348] },
      "properties": {
        "highway": "street_lamp",
        "lamp_mount": "bent_mast",
        "lamp_type": "led"
      },
      "geohash": "ttnfyf9e8"
    },
    {
      "type": "Feature",
      "geometry": { "type": "Point", "coordinates": [77.2907415, 28.6229368] },
      "properties": {
        "highway": "street_lamp",
        "lamp_mount": "bent_mast",
        "lamp_type": "led",
        "power": "pole"
      },
      "geohash": "ttnfyf9ks"
    },
    {
      "type": "Feature",
      "geometry": { "type": "Point", "coordinates": [77.1207956, 28.5948339] },
      "properties": {
        "highway": "street_lamp",
        "lamp_mount": "bent_mast",
        "lamp_type": "led"
      },
      "geohash": "ttnfdvt8u"
    },
    {
      "type": "Feature",
      "geometry": { "type": "Point", "coordinates": [77.1205797, 28.5945834] },
      "properties": {
        "highway": "street_lamp",
        "lamp_mount": "high_mast",
        "lamp_type": "led"
      },
      "geohash": "ttnfdvmrx"
    },
    {
      "type": "Feature",
      "geometry": { "type": "Point", "coordinates": [77.1209013, 28.5951424] },
      "properties": {
        "highway": "street_lamp",
        "lamp_mount": "bent_mast",
        "lamp_type": "led"
      },
      "geohash": "ttnfdvtdz"
    },
    {
      "type": "Feature",
      "geometry": { "type": "Point", "coordinates": [77.1209094, 28.5946967] },
      "properties": {
        "highway": "street_lamp",
        "lamp_mount": "bent_mast",
        "lamp_type": "led"
      },
      "geohash": "ttnfdvt8p"
    },
    {
      "type": "Feature",
      "geometry": { "type": "Point", "coordinates": [77.1205596, 28.5947494] },
      "properties": {
        "highway": "street_lamp",
        "lamp_mount": "bent_mast",
        "lamp_type": "led"
      },
      "geohash": "ttnfdvt2r"
    },
    {
      "type": "Feature",
      "geometry": { "type": "Point", "coordinates": [77.1207062, 28.5950597] },
      "properties": {
        "highway": "street_lamp",
        "lamp_mount": "bent_mast",
        "lamp_type": "led"
      },
      "geohash": "ttnfdvtd6"
    },
    {
      "type": "Feature",
      "geometry": { "type": "Point", "coordinates": [77.2406254, 28.5841408] },
      "properties": { "highway": "street_lamp", "lamp_mount": "bent_mast" },
      "geohash": "ttnftesft"
    },
    {
      "type": "Feature",
      "geometry": { "type": "Point", "coordinates": [77.1226271, 28.5954715] },
      "properties": {
        "highway": "street_lamp",
        "lamp_mount": "high_mast",
        "lamp_type": "led"
      },
      "geohash": "ttnfdvwux"
    },
    {
      "type": "Feature",
      "geometry": { "type": "Point", "coordinates": [77.2389229, 28.5693834] },
      "properties": {
        "highway": "street_lamp",
        "lamp_mount": "bent_mast",
        "lamp_type": "LED",
        "support": "pole"
      },
      "geohash": "ttnft8gst"
    },
    {
      "type": "Feature",
      "geometry": { "type": "Point", "coordinates": [77.238951, 28.569423] },
      "properties": {
        "highway": "street_lamp",
        "lamp_mount": "bent_mast",
        "support": "pole"
      },
      "geohash": "ttnft8gsy"
    },
    {
      "type": "Feature",
      "geometry": { "type": "Point", "coordinates": [77.1208011, 28.5920376] },
      "properties": {
        "highway": "street_lamp",
        "lamp_mount": "straight_mast",
        "lamp_type": "led"
      },
      "geohash": "ttnfdvj8s"
    },
    {
      "type": "Feature",
      "geometry": { "type": "Point", "coordinates": [77.1209062, 28.5919963] },
      "properties": {
        "highway": "street_lamp",
        "lamp_mount": "straight_mast",
        "lamp_type": "led"
      },
      "geohash": "ttnfdvj8r"
    },
    {
      "type": "Feature",
      "geometry": { "type": "Point", "coordinates": [77.1206514, 28.5916101] },
      "properties": {
        "highway": "street_lamp",
        "lamp_mount": "high_mast",
        "lamp_type": "led"
      },
      "geohash": "ttnfduvw1"
    },
    {
      "type": "Feature",
      "geometry": { "type": "Point", "coordinates": [77.1205878, 28.5916176] },
      "properties": {
        "highway": "street_lamp",
        "lamp_mount": "straight_mast",
        "lamp_type": "led"
      },
      "geohash": "ttnfduvqp"
    },
    {
      "type": "Feature",
      "geometry": { "type": "Point", "coordinates": [77.1411177, 28.5973222] },
      "properties": {
        "highway": "street_lamp",
        "lamp_mount": "high_mast",
        "lamp_type": "led"
      },
      "geohash": "ttnfemurq"
    },
    {
      "type": "Feature",
      "geometry": { "type": "Point", "coordinates": [77.1954407, 28.6235052] },
      "properties": {
        "highway": "street_lamp",
        "lamp_mount": "high_mast",
        "lamp_type": "led"
      },
      "geohash": "ttnfudu00"
    },
    {
      "type": "Feature",
      "geometry": { "type": "Point", "coordinates": [77.1965307, 28.6237205] },
      "properties": {
        "highway": "street_lamp",
        "lamp_mount": "high_mast",
        "lamp_type": "led"
      },
      "geohash": "ttnfuduc3"
    },
    {
      "type": "Feature",
      "geometry": { "type": "Point", "coordinates": [77.1968813, 28.6230118] },
      "properties": {
        "highway": "street_lamp",
        "lamp_mount": "high_mast",
        "lamp_type": "led"
      },
      "geohash": "ttnfudtj1"
    },
    {
      "type": "Feature",
      "geometry": { "type": "Point", "coordinates": [77.1958603, 28.6225847] },
      "properties": {
        "highway": "street_lamp",
        "lamp_mount": "high_mast",
        "lamp_type": "led"
      },
      "geohash": "ttnfuds69"
    },
    {
      "type": "Feature",
      "geometry": { "type": "Point", "coordinates": [77.1218525, 28.5938988] },
      "properties": {
        "highway": "street_lamp",
        "lamp_mount": "bent_mast",
        "lamp_type": "led"
      },
      "geohash": "ttnfdvq7t"
    },
    {
      "type": "Feature",
      "geometry": { "type": "Point", "coordinates": [77.1216411, 28.5935066] },
      "properties": {
        "highway": "street_lamp",
        "lamp_mount": "bent_mast",
        "lamp_type": "led"
      },
      "geohash": "ttnfdvq30"
    },
    {
      "type": "Feature",
      "geometry": { "type": "Point", "coordinates": [77.1211487, 28.592717] },
      "properties": {
        "highway": "street_lamp",
        "lamp_mount": "straight_mast",
        "lamp_type": "led"
      },
      "geohash": "ttnfdvjut"
    },
    {
      "type": "Feature",
      "geometry": { "type": "Point", "coordinates": [77.121367, 28.5930149] },
      "properties": {
        "highway": "street_lamp",
        "lamp_mount": "high_mast",
        "lamp_type": "led"
      },
      "geohash": "ttnfdvnn6"
    },
    {
      "type": "Feature",
      "geometry": { "type": "Point", "coordinates": [77.1212937, 28.5926637] },
      "properties": {
        "highway": "street_lamp",
        "lamp_mount": "straight_mast",
        "lamp_type": "led"
      },
      "geohash": "ttnfdvnh2"
    },
    {
      "type": "Feature",
      "geometry": { "type": "Point", "coordinates": [77.121177, 28.5927739] },
      "properties": {
        "highway": "street_lamp",
        "lamp_mount": "straight_mast",
        "lamp_type": "led"
      },
      "geohash": "ttnfdvjuv"
    },
    {
      "type": "Feature",
      "geometry": { "type": "Point", "coordinates": [77.1213228, 28.5927199] },
      "properties": {
        "highway": "street_lamp",
        "lamp_mount": "straight_mast",
        "lamp_type": "led"
      },
      "geohash": "ttnfdvnh9"
    },
    {
      "type": "Feature",
      "geometry": { "type": "Point", "coordinates": [77.1212221, 28.5926736] },
      "properties": {
        "highway": "street_lamp",
        "lamp_mount": "high_mast",
        "lamp_type": "led"
      },
      "geohash": "ttnfdvjuq"
    },
    {
      "type": "Feature",
      "geometry": { "type": "Point", "coordinates": [77.133461, 28.6003641] },
      "properties": {
        "highway": "street_lamp",
        "lamp_mount": "high_mast",
        "lamp_type": "led"
      },
      "geohash": "ttnfenwc5"
    },
    {
      "type": "Feature",
      "geometry": { "type": "Point", "coordinates": [77.132525, 28.5968135] },
      "properties": {
        "highway": "street_lamp",
        "lamp_mount": "high_mast",
        "lamp_type": "led"
      },
      "geohash": "ttnfejyhw"
    },
    {
      "type": "Feature",
      "geometry": { "type": "Point", "coordinates": [77.1234153, 28.5969727] },
      "properties": {
        "highway": "street_lamp",
        "lamp_mount": "high_mast",
        "lamp_type": "led"
      },
      "geohash": "ttnfdvzt3"
    },
    {
      "type": "Feature",
      "geometry": { "type": "Point", "coordinates": [77.1236108, 28.5955005] },
      "properties": {
        "highway": "street_lamp",
        "lamp_mount": "high_mast",
        "lamp_type": "led"
      },
      "geohash": "ttnfdvxsy"
    },
    {
      "type": "Feature",
      "geometry": { "type": "Point", "coordinates": [77.1198125, 28.5923152] },
      "properties": {
        "highway": "street_lamp",
        "lamp_mount": "high_mast",
        "lamp_type": "led"
      },
      "geohash": "ttnfdvhfm"
    },
    {
      "type": "Feature",
      "geometry": { "type": "Point", "coordinates": [77.119133, 28.5925258] },
      "properties": {
        "highway": "street_lamp",
        "lamp_mount": "high_mast",
        "lamp_type": "led"
      },
      "geohash": "ttnfdvh7w"
    },
    {
      "type": "Feature",
      "geometry": { "type": "Point", "coordinates": [77.2521562, 28.5529691] },
      "properties": {
        "highway": "street_lamp",
        "lamp_mount": "bent_mast",
        "lamp_type": "led"
      },
      "geohash": "ttnfmvvm1"
    },
    {
      "type": "Feature",
      "geometry": { "type": "Point", "coordinates": [77.2522985, 28.5530007] },
      "properties": {
        "highway": "street_lamp",
        "lamp_mount": "bent_mast",
        "lamp_type": "led"
      },
      "geohash": "ttnfmvvmm"
    },
    {
      "type": "Feature",
      "geometry": { "type": "Point", "coordinates": [77.121761, 28.5963329] },
      "properties": {
        "highway": "street_lamp",
        "lamp_mount": "high_mast",
        "lamp_type": "led"
      },
      "geohash": "ttnfdvy3e"
    },
    {
      "type": "Feature",
      "geometry": { "type": "Point", "coordinates": [77.1248563, 28.5992165] },
      "properties": {
        "highway": "street_lamp",
        "lamp_mount": "high_mast",
        "lamp_type": "led"
      },
      "geohash": "ttnfen2de"
    },
    {
      "type": "Feature",
      "geometry": { "type": "Point", "coordinates": [77.2850371, 28.4613127] },
      "properties": { "highway": "street_lamp" },
      "geohash": "ttncytjpp"
    },
    {
      "type": "Feature",
      "geometry": { "type": "Point", "coordinates": [77.1209627, 28.5923236] },
      "properties": {
        "highway": "street_lamp",
        "lamp_mount": "straight_mast",
        "lamp_type": "led"
      },
      "geohash": "ttnfdvjf2"
    },
    {
      "type": "Feature",
      "geometry": { "type": "Point", "coordinates": [77.1209335, 28.5920406] },
      "properties": {
        "highway": "street_lamp",
        "lamp_mount": "straight_mast",
        "lamp_type": "led"
      },
      "geohash": "ttnfdvj8x"
    },
    {
      "type": "Feature",
      "geometry": { "type": "Point", "coordinates": [77.1208324, 28.592083] },
      "properties": {
        "highway": "street_lamp",
        "lamp_mount": "straight_mast",
        "lamp_type": "led"
      },
      "geohash": "ttnfdvj8v"
    },
    {
      "type": "Feature",
      "geometry": { "type": "Point", "coordinates": [77.1218942, 28.5938717] },
      "properties": {
        "highway": "street_lamp",
        "lamp_mount": "high_mast",
        "lamp_type": "led"
      },
      "geohash": "ttnfdvq7q"
    },
    {
      "type": "Feature",
      "geometry": { "type": "Point", "coordinates": [77.1215312, 28.5932854] },
      "properties": {
        "highway": "street_lamp",
        "lamp_mount": "bent_mast",
        "lamp_type": "led"
      },
      "geohash": "ttnfdvnpv"
    },
    {
      "type": "Feature",
      "geometry": { "type": "Point", "coordinates": [77.1217486, 28.5937065] },
      "properties": {
        "highway": "street_lamp",
        "lamp_mount": "bent_mast",
        "lamp_type": "led"
      },
      "geohash": "ttnfdvq66"
    },
    {
      "type": "Feature",
      "geometry": { "type": "Point", "coordinates": [77.1218216, 28.5938432] },
      "properties": {
        "highway": "street_lamp",
        "lamp_mount": "bent_mast",
        "lamp_type": "led"
      },
      "geohash": "ttnfdvq7h"
    },
    {
      "type": "Feature",
      "geometry": { "type": "Point", "coordinates": [77.1216252, 28.5934614] },
      "properties": {
        "highway": "street_lamp",
        "lamp_mount": "bent_mast",
        "lamp_type": "led"
      },
      "geohash": "ttnfdvq2b"
    },
    {
      "type": "Feature",
      "geometry": { "type": "Point", "coordinates": [77.1217878, 28.5937825] },
      "properties": {
        "highway": "street_lamp",
        "lamp_mount": "bent_mast",
        "lamp_type": "led"
      },
      "geohash": "ttnfdvq6g"
    },
    {
      "type": "Feature",
      "geometry": { "type": "Point", "coordinates": [77.121577, 28.5933711] },
      "properties": {
        "highway": "street_lamp",
        "lamp_mount": "bent_mast",
        "lamp_type": "led"
      },
      "geohash": "ttnfdvq0q"
    },
    {
      "type": "Feature",
      "geometry": { "type": "Point", "coordinates": [77.1216952, 28.5936072] },
      "properties": {
        "highway": "street_lamp",
        "lamp_mount": "bent_mast",
        "lamp_type": "led"
      },
      "geohash": "ttnfdvq3c"
    },
    {
      "type": "Feature",
      "geometry": { "type": "Point", "coordinates": [77.1195866, 28.5962221] },
      "properties": {
        "highway": "street_lamp",
        "lamp_mount": "high_mast",
        "lamp_type": "led"
      },
      "geohash": "ttnfdvuc0"
    },
    {
      "type": "Feature",
      "geometry": { "type": "Point", "coordinates": [77.2233565, 28.6305599] },
      "properties": {
        "direction": "31",
        "highway": "street_lamp",
        "lamp_mount": "bent_mast"
      },
      "geohash": "ttnfvk034"
    },
    {
      "type": "Feature",
      "geometry": { "type": "Point", "coordinates": [77.1205958, 28.5935926] },
      "properties": {
        "highway": "street_lamp",
        "lamp_mount": "high_mast",
        "lamp_type": "led"
      },
      "geohash": "ttnfdvm98"
    },
    {
      "type": "Feature",
      "geometry": { "type": "Point", "coordinates": [77.119039, 28.5921841] },
      "properties": {
        "highway": "street_lamp",
        "lamp_mount": "bent_mast",
        "lamp_type": "led"
      },
      "geohash": "ttnfdvh3e"
    },
    {
      "type": "Feature",
      "geometry": { "type": "Point", "coordinates": [77.1197372, 28.5918719] },
      "properties": {
        "highway": "street_lamp",
        "lamp_mount": "bent_mast",
        "lamp_type": "led"
      },
      "geohash": "ttnfduuzs"
    },
    {
      "type": "Feature",
      "geometry": { "type": "Point", "coordinates": [77.119794, 28.5926898] },
      "properties": {
        "highway": "street_lamp",
        "lamp_mount": "bent_mast",
        "lamp_type": "led"
      },
      "geohash": "ttnfdvhum"
    },
    {
      "type": "Feature",
      "geometry": { "type": "Point", "coordinates": [77.1192829, 28.5928306] },
      "properties": {
        "highway": "street_lamp",
        "lamp_mount": "bent_mast",
        "lamp_type": "led"
      },
      "geohash": "ttnfdvht3"
    },
    {
      "type": "Feature",
      "geometry": { "type": "Point", "coordinates": [77.1190489, 28.5923462] },
      "properties": {
        "highway": "street_lamp",
        "lamp_mount": "bent_mast",
        "lamp_type": "led"
      },
      "geohash": "ttnfdvh6k"
    },
    {
      "type": "Feature",
      "geometry": { "type": "Point", "coordinates": [77.1195857, 28.5927568] },
      "properties": {
        "highway": "street_lamp",
        "lamp_mount": "bent_mast",
        "lamp_type": "led"
      },
      "geohash": "ttnfdvhub"
    },
    {
      "type": "Feature",
      "geometry": { "type": "Point", "coordinates": [77.1194102, 28.5920071] },
      "properties": {
        "highway": "street_lamp",
        "lamp_mount": "bent_mast",
        "lamp_type": "led"
      },
      "geohash": "ttnfdvh8s"
    },
    {
      "type": "Feature",
      "geometry": { "type": "Point", "coordinates": [77.1199949, 28.5923668] },
      "properties": {
        "highway": "street_lamp",
        "lamp_mount": "bent_mast",
        "lamp_type": "led"
      },
      "geohash": "ttnfdvj4d"
    },
    {
      "type": "Feature",
      "geometry": { "type": "Point", "coordinates": [77.1201187, 28.5925919] },
      "properties": {
        "highway": "street_lamp",
        "lamp_mount": "bent_mast",
        "lamp_type": "led"
      },
      "geohash": "ttnfdvj5v"
    },
    {
      "type": "Feature",
      "geometry": { "type": "Point", "coordinates": [77.1198342, 28.5920626] },
      "properties": {
        "highway": "street_lamp",
        "lamp_mount": "bent_mast",
        "lamp_type": "led"
      },
      "geohash": "ttnfdvhby"
    },
    {
      "type": "Feature",
      "geometry": { "type": "Point", "coordinates": [77.1191882, 28.592731] },
      "properties": {
        "highway": "street_lamp",
        "lamp_mount": "bent_mast",
        "lamp_type": "led"
      },
      "geohash": "ttnfdvhkx"
    },
    {
      "type": "Feature",
      "geometry": { "type": "Point", "coordinates": [77.1197849, 28.5898193] },
      "properties": {
        "highway": "street_lamp",
        "lamp_mount": "high_mast",
        "lamp_type": "led"
      },
      "geohash": "ttnfdusgv"
    },
    {
      "type": "Feature",
      "geometry": { "type": "Point", "coordinates": [77.120641, 28.5917223] },
      "properties": {
        "highway": "street_lamp",
        "lamp_mount": "straight_mast",
        "lamp_type": "led"
      },
      "geohash": "ttnfduvwc"
    },
    {
      "type": "Feature",
      "geometry": { "type": "Point", "coordinates": [77.1206913, 28.5917008] },
      "properties": {
        "highway": "street_lamp",
        "lamp_mount": "bent_mast",
        "lamp_type": "led"
      },
      "geohash": "ttnfduvwd"
    },
    {
      "type": "Feature",
      "geometry": { "type": "Point", "coordinates": [77.1208576, 28.5919868] },
      "properties": {
        "highway": "street_lamp",
        "lamp_mount": "high_mast",
        "lamp_type": "led"
      },
      "geohash": "ttnfdvj8q"
    },
    {
      "type": "Feature",
      "geometry": { "type": "Point", "coordinates": [77.1192181, 28.588138] },
      "properties": {
        "highway": "street_lamp",
        "lamp_mount": "high_mast",
        "lamp_type": "led"
      },
      "geohash": "ttnfduk9b"
    },
    {
      "type": "Feature",
      "geometry": { "type": "Point", "coordinates": [77.2058424, 28.686925] },
      "properties": {
        "highway": "street_lamp",
        "lamp_mount": "high_mast",
        "lamp_type": "led"
      },
      "geohash": "ttnghy796"
    },
    {
      "type": "Feature",
      "geometry": { "type": "Point", "coordinates": [77.1208813, 28.5921732] },
      "properties": {
        "highway": "street_lamp",
        "lamp_mount": "straight_mast",
        "lamp_type": "led"
      },
      "geohash": "ttnfdvj9q"
    },
    {
      "type": "Feature",
      "geometry": { "type": "Point", "coordinates": [77.1208508, 28.5920181] },
      "properties": {
        "highway": "street_lamp",
        "lamp_mount": "straight_mast",
        "lamp_type": "led"
      },
      "geohash": "ttnfdvj8w"
    },
    {
      "type": "Feature",
      "geometry": { "type": "Point", "coordinates": [77.1206974, 28.5918335] },
      "properties": {
        "highway": "street_lamp",
        "lamp_mount": "straight_mast",
        "lamp_type": "led"
      },
      "geohash": "ttnfduvxd"
    },
    {
      "type": "Feature",
      "geometry": { "type": "Point", "coordinates": [77.1207477, 28.5919325] },
      "properties": {
        "highway": "street_lamp",
        "lamp_mount": "straight_mast",
        "lamp_type": "led"
      },
      "geohash": "ttnfdvj85"
    },
    {
      "type": "Feature",
      "geometry": { "type": "Point", "coordinates": [77.1208772, 28.5920642] },
      "properties": {
        "highway": "street_lamp",
        "lamp_mount": "straight_mast",
        "lamp_type": "led"
      },
      "geohash": "ttnfdvj8y"
    },
    {
      "type": "Feature",
      "geometry": { "type": "Point", "coordinates": [77.1209195, 28.5922449] },
      "properties": {
        "highway": "street_lamp",
        "lamp_mount": "straight_mast",
        "lamp_type": "led"
      },
      "geohash": "ttnfdvj9z"
    },
    {
      "type": "Feature",
      "geometry": { "type": "Point", "coordinates": [77.248829, 28.5397428] },
      "properties": {
        "highway": "street_lamp",
        "lamp_mount": "bent_mast",
        "lamp_type": "led"
      },
      "geohash": "ttnfmgdbh"
    },
    {
      "type": "Feature",
      "geometry": { "type": "Point", "coordinates": [77.2488929, 28.5398491] },
      "properties": {
        "highway": "street_lamp",
        "lamp_mount": "bent_mast",
        "lamp_type": "led"
      },
      "geohash": "ttnfmgdbt"
    },
    {
      "type": "Feature",
      "geometry": { "type": "Point", "coordinates": [77.132951, 28.5966684] },
      "properties": {
        "highway": "street_lamp",
        "lamp_mount": "high_mast",
        "lamp_type": "led"
      },
      "geohash": "ttnfejye8"
    },
    {
      "type": "Feature",
      "geometry": { "type": "Point", "coordinates": [77.2052414, 28.6466772] },
      "properties": {
        "highway": "street_lamp",
        "lamp_mount": "high_mast",
        "lamp_type": "led"
      },
      "geohash": "ttnfuygnu"
    },
    {
      "type": "Feature",
      "geometry": { "type": "Point", "coordinates": [77.2054405, 28.6465371] },
      "properties": {
        "highway": "street_lamp",
        "lamp_mount": "high_mast",
        "lamp_type": "led"
      },
      "geohash": "ttnfuygq1"
    },
    {
      "type": "Feature",
      "geometry": { "type": "Point", "coordinates": [77.2054164, 28.646702] },
      "properties": {
        "highway": "street_lamp",
        "lamp_mount": "high_mast",
        "lamp_type": "led"
      },
      "geohash": "ttnfuygr0"
    },
    {
      "type": "Feature",
      "geometry": { "type": "Point", "coordinates": [77.2047404, 28.6460795] },
      "properties": {
        "highway": "street_lamp",
        "lamp_mount": "high_mast",
        "lamp_type": "led"
      },
      "geohash": "ttnfuyfg8"
    },
    {
      "type": "Feature",
      "geometry": { "type": "Point", "coordinates": [77.2052664, 28.6465213] },
      "properties": {
        "highway": "street_lamp",
        "lamp_mount": "high_mast",
        "lamp_type": "led"
      },
      "geohash": "ttnfuygnj"
    },
    {
      "type": "Feature",
      "geometry": { "type": "Point", "coordinates": [77.2023137, 28.6455846] },
      "properties": {
        "highway": "street_lamp",
        "lamp_mount": "high_mast",
        "lamp_type": "led"
      },
      "geohash": "ttnfuyc08"
    },
    {
      "type": "Feature",
      "geometry": { "type": "Point", "coordinates": [77.2018862, 28.6455337] },
      "properties": {
        "highway": "street_lamp",
        "lamp_mount": "high_mast",
        "lamp_type": "led"
      },
      "geohash": "ttnfuyb8q"
    },
    {
      "type": "Feature",
      "geometry": { "type": "Point", "coordinates": [77.2899356, 28.6197435] },
      "properties": {
        "highway": "street_lamp",
        "lamp_mount": "straight_mast",
        "lamp_type": "led"
      },
      "geohash": "ttnfyf0f4"
    },
    {
      "type": "Feature",
      "geometry": { "type": "Point", "coordinates": [77.2897471, 28.6196618] },
      "properties": {
        "highway": "street_lamp",
        "lamp_mount": "straight_mast",
        "lamp_type": "led"
      },
      "geohash": "ttnfyf09t"
    },
    {
      "type": "Feature",
      "geometry": { "type": "Point", "coordinates": [77.2884146, 28.6191562] },
      "properties": {
        "highway": "street_lamp",
        "lamp_mount": "straight_mast",
        "lamp_type": "led"
      },
      "geohash": "ttnfy9zww"
    },
    {
      "type": "Feature",
      "geometry": { "type": "Point", "coordinates": [77.2892036, 28.6194581] },
      "properties": {
        "highway": "street_lamp",
        "lamp_mount": "straight_mast",
        "lamp_type": "led"
      },
      "geohash": "ttnfyf022"
    },
    {
      "type": "Feature",
      "geometry": { "type": "Point", "coordinates": [77.2881923, 28.6190687] },
      "properties": {
        "highway": "street_lamp",
        "lamp_mount": "straight_mast",
        "lamp_type": "led"
      },
      "geohash": "ttnfy9zw1"
    },
    {
      "type": "Feature",
      "geometry": { "type": "Point", "coordinates": [77.2880906, 28.6190289] },
      "properties": {
        "highway": "street_lamp",
        "lamp_mount": "straight_mast",
        "lamp_type": "led"
      },
      "geohash": "ttnfy9zmz"
    },
    {
      "type": "Feature",
      "geometry": { "type": "Point", "coordinates": [77.2886432, 28.619246] },
      "properties": {
        "highway": "street_lamp",
        "lamp_mount": "straight_mast",
        "lamp_type": "led"
      },
      "geohash": "ttnfy9zz5"
    },
    {
      "type": "Feature",
      "geometry": { "type": "Point", "coordinates": [77.2882963, 28.6191097] },
      "properties": {
        "highway": "street_lamp",
        "lamp_mount": "straight_mast",
        "lamp_type": "led"
      },
      "geohash": "ttnfy9zw7"
    },
    {
      "type": "Feature",
      "geometry": { "type": "Point", "coordinates": [77.2900218, 28.6197952] },
      "properties": {
        "highway": "street_lamp",
        "lamp_mount": "straight_mast",
        "lamp_type": "led"
      },
      "geohash": "ttnfyf0fk"
    },
    {
      "type": "Feature",
      "geometry": { "type": "Point", "coordinates": [77.2885163, 28.6191958] },
      "properties": {
        "highway": "street_lamp",
        "lamp_mount": "straight_mast",
        "lamp_type": "led"
      },
      "geohash": "ttnfy9zyb"
    },
    {
      "type": "Feature",
      "geometry": { "type": "Point", "coordinates": [77.1332488, 28.5959858] },
      "properties": {
        "highway": "street_lamp",
        "lamp_mount": "high_mast",
        "lamp_type": "led"
      },
      "geohash": "ttnfejwxw"
    },
    {
      "type": "Feature",
      "geometry": { "type": "Point", "coordinates": [77.1460803, 28.5976354] },
      "properties": {
        "highway": "street_lamp",
        "lamp_mount": "high_mast",
        "lamp_type": "led"
      },
      "geohash": "ttnfew013"
    },
    {
      "type": "Feature",
      "geometry": { "type": "Point", "coordinates": [77.20801, 28.5695984] },
      "properties": {
        "highway": "street_lamp",
        "lamp_mount": "high_mast",
        "lamp_type": "led"
      },
      "geohash": "ttnfsbvjv"
    },
    {
      "type": "Feature",
      "geometry": { "type": "Point", "coordinates": [77.2093284, 28.5703345] },
      "properties": {
        "highway": "street_lamp",
        "lamp_mount": "high_mast",
        "lamp_type": "led"
      },
      "geohash": "ttnfscn47"
    },
    {
      "type": "Feature",
      "geometry": { "type": "Point", "coordinates": [77.2089069, 28.5695765] },
      "properties": {
        "highway": "street_lamp",
        "lamp_mount": "high_mast",
        "lamp_type": "led"
      },
      "geohash": "ttnfsbvvc"
    },
    {
      "type": "Feature",
      "geometry": { "type": "Point", "coordinates": [77.2923993, 28.6207831] },
      "properties": {
        "highway": "street_lamp",
        "lamp_mount": "straight_mast",
        "lamp_type": "led"
      },
      "geohash": "ttnfyf685"
    },
    {
      "type": "Feature",
      "geometry": { "type": "Point", "coordinates": [77.2918914, 28.6205877] },
      "properties": {
        "highway": "street_lamp",
        "lamp_mount": "straight_mast",
        "lamp_type": "led"
      },
      "geohash": "ttnfyf4pp"
    },
    {
      "type": "Feature",
      "geometry": { "type": "Point", "coordinates": [77.2917284, 28.6205305] },
      "properties": {
        "highway": "street_lamp",
        "lamp_mount": "straight_mast",
        "lamp_type": "led"
      },
      "geohash": "ttnfyf4ne"
    },
    {
      "type": "Feature",
      "geometry": { "type": "Point", "coordinates": [77.2919992, 28.6206209] },
      "properties": {
        "highway": "street_lamp",
        "lamp_mount": "straight_mast",
        "lamp_type": "led"
      },
      "geohash": "ttnfyf4r4"
    },
    {
      "type": "Feature",
      "geometry": { "type": "Point", "coordinates": [77.2921169, 28.6206576] },
      "properties": {
        "highway": "street_lamp",
        "lamp_mount": "straight_mast",
        "lamp_type": "led"
      },
      "geohash": "ttnfyf4rk"
    },
    {
      "type": "Feature",
      "geometry": { "type": "Point", "coordinates": [77.162975, 28.5931061] },
      "properties": {
        "highway": "street_lamp",
        "lamp_mount": "high_mast",
        "lamp_type": "led"
      },
      "geohash": "ttnfevhqg"
    },
    {
      "type": "Feature",
      "geometry": { "type": "Point", "coordinates": [77.1913715, 28.6458972] },
      "properties": {
        "highway": "street_lamp",
        "lamp_mount": "high_mast",
        "lamp_type": "led",
        "support": "pole"
      },
      "geohash": "ttnfuwc43"
    },
    {
      "type": "Feature",
      "geometry": { "type": "Point", "coordinates": [77.1918123, 28.6459006] },
      "properties": {
        "highway": "street_lamp",
        "lamp_mount": "high_mast",
        "lamp_type": "led"
      },
      "geohash": "ttnfuwc67"
    },
    {
      "type": "Feature",
      "geometry": { "type": "Point", "coordinates": [77.114743, 28.6106674] },
      "properties": {
        "highway": "street_lamp",
        "lamp_mount": "high_mast",
        "lamp_type": "led"
      },
      "geohash": "ttnffb3jp"
    },
    {
      "type": "Feature",
      "geometry": { "type": "Point", "coordinates": [77.2867698, 28.6317253] },
      "properties": {
        "highway": "street_lamp",
        "lamp_mount": "high_mast",
        "lamp_type": "LED"
      },
      "geohash": "ttnfysnxb"
    },
    {
      "type": "Feature",
      "geometry": { "type": "Point", "coordinates": [77.2866132, 28.6315834] },
      "properties": {
        "highway": "street_lamp",
        "lamp_mount": "pole",
        "lamp_type": "electric"
      },
      "geohash": "ttnfysnrh"
    },
    {
      "type": "Feature",
      "geometry": { "type": "Point", "coordinates": [77.2855543, 28.6370325] },
      "properties": {
        "highway": "street_lamp",
        "lamp_type": "led",
        "support": "pole"
      },
      "geohash": "ttnfytjwg"
    },
    {
      "type": "Feature",
      "geometry": { "type": "Point", "coordinates": [77.2855887, 28.6369094] },
      "properties": { "highway": "street_lamp" },
      "geohash": "ttnfytjwh"
    },
    {
      "type": "Feature",
      "geometry": { "type": "Point", "coordinates": [77.285648, 28.636781] },
      "properties": { "highway": "street_lamp" },
      "geohash": "ttnfytjtq"
    },
    {
      "type": "Feature",
      "geometry": { "type": "Point", "coordinates": [77.2857493, 28.6366236] },
      "properties": { "highway": "street_lamp" },
      "geohash": "ttnfytju2"
    },
    {
      "type": "Feature",
      "geometry": { "type": "Point", "coordinates": [77.2858494, 28.6365765] },
      "properties": { "highway": "street_lamp" },
      "geohash": "ttnfytju4"
    },
    {
      "type": "Feature",
      "geometry": { "type": "Point", "coordinates": [77.2860224, 28.6366188] },
      "properties": { "highway": "street_lamp" },
      "geohash": "ttnfytjuq"
    },
    {
      "type": "Feature",
      "geometry": { "type": "Point", "coordinates": [77.2874595, 28.6372078] },
      "properties": {
        "highway": "street_lamp",
        "lamp_type": "led",
        "support": "pole"
      },
      "geohash": "ttnfytppb"
    },
    {
      "type": "Feature",
      "geometry": { "type": "Point", "coordinates": [77.2870237, 28.636984] },
      "properties": {
        "highway": "street_lamp",
        "lamp_type": "led",
        "support": "pole"
      },
      "geohash": "ttnfytnww"
    },
    {
      "type": "Feature",
      "geometry": { "type": "Point", "coordinates": [77.287246, 28.6370935] },
      "properties": {
        "highway": "street_lamp",
        "lamp_type": "led",
        "support": "pole"
      },
      "geohash": "ttnfytnz5"
    },
    {
      "type": "Feature",
      "geometry": { "type": "Point", "coordinates": [77.2871805, 28.6370658] },
      "properties": {
        "highway": "street_lamp",
        "lamp_type": "led",
        "support": "pole"
      },
      "geohash": "ttnfytnyc"
    },
    {
      "type": "Feature",
      "geometry": { "type": "Point", "coordinates": [77.2871189, 28.6370295] },
      "properties": {
        "highway": "street_lamp",
        "lamp_type": "led",
        "support": "pole"
      },
      "geohash": "ttnfytnyb"
    },
    {
      "type": "Feature",
      "geometry": { "type": "Point", "coordinates": [77.2873298, 28.6371356] },
      "properties": {
        "highway": "street_lamp",
        "lamp_type": "led",
        "support": "pole"
      },
      "geohash": "ttnfytnzm"
    },
    {
      "type": "Feature",
      "geometry": { "type": "Point", "coordinates": [77.2874062, 28.637178] },
      "properties": {
        "highway": "street_lamp",
        "lamp_type": "led",
        "support": "pole"
      },
      "geohash": "ttnfytnzx"
    },
    {
      "type": "Feature",
      "geometry": { "type": "Point", "coordinates": [77.2869663, 28.6369549] },
      "properties": {
        "highway": "street_lamp",
        "lamp_type": "led",
        "support": "pole"
      },
      "geohash": "ttnfytnwk"
    },
    {
      "type": "Feature",
      "geometry": { "type": "Point", "coordinates": [77.2869004, 28.6369265] },
      "properties": {
        "highway": "street_lamp",
        "lamp_type": "led",
        "support": "pole"
      },
      "geohash": "ttnfytnw5"
    },
    {
      "type": "Feature",
      "geometry": { "type": "Point", "coordinates": [77.2868487, 28.6369004] },
      "properties": {
        "highway": "street_lamp",
        "lamp_type": "led",
        "support": "pole"
      },
      "geohash": "ttnfytnw4"
    },
    {
      "type": "Feature",
      "geometry": { "type": "Point", "coordinates": [77.286794, 28.6368644] },
      "properties": {
        "highway": "street_lamp",
        "lamp_type": "led",
        "support": "pole"
      },
      "geohash": "ttnfytntb"
    },
    {
      "type": "Feature",
      "geometry": { "type": "Point", "coordinates": [77.2863794, 28.6368479] },
      "properties": { "highway": "street_lamp" },
      "geohash": "ttnfytnjx"
    },
    {
      "type": "Feature",
      "geometry": { "type": "Point", "coordinates": [77.2863212, 28.6368152] },
      "properties": { "highway": "street_lamp" },
      "geohash": "ttnfytnjt"
    },
    {
      "type": "Feature",
      "geometry": { "type": "Point", "coordinates": [77.1212182, 28.5926915] },
      "properties": {
        "highway": "street_lamp",
        "lamp_mount": "straight_mast",
        "lamp_type": "led"
      },
      "geohash": "ttnfdvjuw"
    },
    {
      "type": "Feature",
      "geometry": { "type": "Point", "coordinates": [77.1212437, 28.5927492] },
      "properties": {
        "highway": "street_lamp",
        "lamp_mount": "straight_mast",
        "lamp_type": "led"
      },
      "geohash": "ttnfdvjuz"
    },
    {
      "type": "Feature",
      "geometry": { "type": "Point", "coordinates": [77.2081807, 28.5251505] },
      "properties": { "highway": "street_lamp", "lamp_mount": "high_mast" },
      "geohash": "ttnfkbv71"
    },
    {
      "type": "Feature",
      "geometry": { "type": "Point", "coordinates": [77.2071301, 28.5248213] },
      "properties": { "highway": "street_lamp", "lamp_mount": "high_mast" },
      "geohash": "ttnfkbu90"
    },
    {
      "type": "Feature",
      "geometry": { "type": "Point", "coordinates": [77.2076498, 28.5247203] },
      "properties": { "highway": "street_lamp", "lamp_mount": "high_mast" },
      "geohash": "ttnfkbubs"
    },
    {
      "type": "Feature",
      "geometry": { "type": "Point", "coordinates": [77.2943246, 28.618151] },
      "properties": { "highway": "street_lamp", "lamp_mount": "high_mast" },
      "geohash": "ttnfycu0b"
    },
    {
      "type": "Feature",
      "geometry": { "type": "Point", "coordinates": [77.2931706, 28.6178494] },
      "properties": { "highway": "street_lamp", "lamp_mount": "high_mast" },
      "geohash": "ttnfycepj"
    },
    {
      "type": "Feature",
      "geometry": { "type": "Point", "coordinates": [77.2137866, 28.6952895] },
      "properties": {
        "highway": "street_lamp",
        "lamp_mount": "high_mast",
        "lamp_type": "led",
        "light:count": "2",
        "support": "pole"
      },
      "geohash": "ttngjpc65"
    },
    {
      "type": "Feature",
      "geometry": { "type": "Point", "coordinates": [77.2145571, 28.6950116] },
      "properties": {
        "highway": "street_lamp",
        "lamp_mount": "high_mast",
        "lamp_type": "led",
        "light:count": "2",
        "support": "pole"
      },
      "geohash": "ttngjpcbt"
    },
    {
      "type": "Feature",
      "geometry": { "type": "Point", "coordinates": [77.2141537, 28.6951592] },
      "properties": {
        "highway": "street_lamp",
        "lamp_mount": "high_mast",
        "lamp_type": "led",
        "light:count": "1",
        "support": "pole"
      },
      "geohash": "ttngjpc9k"
    },
    {
      "type": "Feature",
      "geometry": { "type": "Point", "coordinates": [77.2149208, 28.694879] },
      "properties": {
        "highway": "street_lamp",
        "lamp_mount": "high_mast",
        "lamp_type": "led",
        "light:count": "2",
        "support": "pole"
      },
      "geohash": "ttngjpdpy"
    },
    {
      "type": "Feature",
      "geometry": { "type": "Point", "coordinates": [77.2934417, 28.6181953] },
      "properties": {
        "highway": "street_lamp",
        "lamp_mount": "bent_mast",
        "lamp_type": "led",
        "ref": "11/80"
      },
      "geohash": "ttnfycg35"
    },
    {
      "type": "Feature",
      "geometry": { "type": "Point", "coordinates": [77.1914273, 28.6463165] },
      "properties": {
        "highway": "street_lamp",
        "lamp_type": "electric",
        "operator": "Municipal Corporation of Delhi (MCD)",
        "support": "pole"
      },
      "geohash": "ttnfuwchf"
    },
    {
      "type": "Feature",
      "geometry": { "type": "Point", "coordinates": [77.1913649, 28.6462719] },
      "properties": {
        "highway": "street_lamp",
        "lamp_type": "LED",
        "support": "power_pole"
      },
      "geohash": "ttnfuwch9"
    },
    {
      "type": "Feature",
      "geometry": { "type": "Point", "coordinates": [77.1921126, 28.6473969] },
      "properties": {
        "highway": "street_lamp",
        "lamp_type": "electric",
        "support": "pole"
      },
      "geohash": "ttnfux1e4"
    },
    {
      "type": "Feature",
      "geometry": { "type": "Point", "coordinates": [77.1922971, 28.6476206] },
      "properties": {
        "highway": "street_lamp",
        "lamp_type": "electric",
        "support": "pole"
      },
      "geohash": "ttnfux1sq"
    },
    {
      "type": "Feature",
      "geometry": { "type": "Point", "coordinates": [77.1914914, 28.6453101] },
      "properties": {
        "highway": "street_lamp",
        "lamp_type": "LED",
        "support": "pole"
      },
      "geohash": "ttnfuw9ph"
    },
    {
      "type": "Feature",
      "geometry": { "type": "Point", "coordinates": [77.1912888, 28.6454576] },
      "properties": {
        "highway": "street_lamp",
        "lamp_type": "LED",
        "support": "pole"
      },
      "geohash": "ttnfuw8zz"
    },
    {
      "type": "Feature",
      "geometry": { "type": "Point", "coordinates": [77.1911881, 28.6455165] },
      "properties": {
        "highway": "street_lamp",
        "lamp_type": "LED",
        "support": "pole"
      },
      "geohash": "ttnfuwbbj"
    },
    {
      "type": "Feature",
      "geometry": { "type": "Point", "coordinates": [77.191805, 28.6460837] },
      "properties": {
        "highway": "street_lamp",
        "lamp_type": "LED",
        "support": "pole"
      },
      "geohash": "ttnfuwc7e"
    },
    {
      "type": "Feature",
      "geometry": { "type": "Point", "coordinates": [77.1920034, 28.6472587] },
      "properties": {
        "highway": "street_lamp",
        "lamp_type": "electric",
        "support": "pole"
      },
      "geohash": "ttnfux1d2"
    },
    {
      "type": "Feature",
      "geometry": { "type": "Point", "coordinates": [77.1918884, 28.647115] },
      "properties": {
        "highway": "street_lamp",
        "lamp_type": "electric",
        "support": "pole"
      },
      "geohash": "ttnfux13t"
    },
    {
      "type": "Feature",
      "geometry": { "type": "Point", "coordinates": [77.1916855, 28.6468612] },
      "properties": {
        "highway": "street_lamp",
        "lamp_type": "electric",
        "support": "pole"
      },
      "geohash": "ttnfux120"
    },
    {
      "type": "Feature",
      "geometry": { "type": "Point", "coordinates": [77.1917257, 28.6455911] },
      "properties": {
        "highway": "street_lamp",
        "lamp_type": "LED",
        "support": "pole"
      },
      "geohash": "ttnfuwc29"
    },
    {
      "type": "Feature",
      "geometry": { "type": "Point", "coordinates": [77.2985137, 28.6204574] },
      "properties": {
        "highway": "street_lamp",
        "lamp_mount": "bent_mast",
        "lamp_type": "led",
        "ref": "49/80"
      },
      "geohash": "ttnfyfpn1"
    },
    {
      "type": "Feature",
      "geometry": { "type": "Point", "coordinates": [77.2989184, 28.6203071] },
      "properties": {
        "highway": "street_lamp",
        "lamp_mount": "high_mast",
        "lamp_type": "led"
      },
      "geohash": "ttnfyfpm7"
    },
    {
      "type": "Feature",
      "geometry": { "type": "Point", "coordinates": [77.2975306, 28.6202008] },
      "properties": {
        "highway": "street_lamp",
        "lamp_mount": "bent_mast",
        "lamp_type": "led",
        "ref": "53/80"
      },
      "geohash": "ttnfyfnkg"
    },
    {
      "type": "Feature",
      "geometry": { "type": "Point", "coordinates": [77.2978795, 28.6203026] },
      "properties": {
        "highway": "street_lamp",
        "lamp_mount": "bent_mast",
        "lamp_type": "led",
        "ref": "51/80"
      },
      "geohash": "ttnfyfnt7"
    },
    {
      "type": "Feature",
      "geometry": { "type": "Point", "coordinates": [77.2991018, 28.6202097] },
      "properties": {
        "highway": "street_lamp",
        "lamp_mount": "bent_mast",
        "lamp_type": "led",
        "ref": "40/80"
      },
      "geohash": "ttnfyfpkz"
    },
    {
      "type": "Feature",
      "geometry": { "type": "Point", "coordinates": [77.2993888, 28.6202808] },
      "properties": {
        "highway": "street_lamp",
        "lamp_mount": "bent_mast",
        "lamp_type": "led",
        "ref": "41/80"
      },
      "geohash": "ttnfyfptn"
    },
    {
      "type": "Feature",
      "geometry": { "type": "Point", "coordinates": [77.2996256, 28.620573] },
      "properties": {
        "highway": "street_lamp",
        "lamp_mount": "bent_mast",
        "lamp_type": "led",
        "ref": "44/80"
      },
      "geohash": "ttnfyfpyg"
    },
    {
      "type": "Feature",
      "geometry": { "type": "Point", "coordinates": [77.2983728, 28.6200433] },
      "properties": {
        "highway": "street_lamp",
        "lamp_mount": "bent_mast",
        "lamp_type": "led",
        "ref": "37/80"
      },
      "geohash": "ttnfyfngy"
    },
    {
      "type": "Feature",
      "geometry": { "type": "Point", "coordinates": [77.2987691, 28.6204954] },
      "properties": {
        "highway": "street_lamp",
        "lamp_mount": "bent_mast",
        "lamp_type": "led",
        "ref": "48/80"
      },
      "geohash": "ttnfyfpnr"
    },
    {
      "type": "Feature",
      "geometry": { "type": "Point", "coordinates": [77.2977797, 28.6202608] },
      "properties": {
        "highway": "street_lamp",
        "lamp_mount": "bent_mast",
        "lamp_type": "led",
        "ref": "52/80"
      },
      "geohash": "ttnfyfnt0"
    },
    {
      "type": "Feature",
      "geometry": { "type": "Point", "coordinates": [77.2994829, 28.6205891] },
      "properties": {
        "highway": "street_lamp",
        "lamp_mount": "bent_mast",
        "lamp_type": "led",
        "ref": "45/80"
      },
      "geohash": "ttnfyfpz0"
    },
    {
      "type": "Feature",
      "geometry": { "type": "Point", "coordinates": [77.2978281, 28.6198842] },
      "properties": {
        "highway": "street_lamp",
        "lamp_mount": "bent_mast",
        "lamp_type": "led",
        "ref": "35/80"
      },
      "geohash": "ttnfyfndc"
    },
    {
      "type": "Feature",
      "geometry": { "type": "Point", "coordinates": [77.2998361, 28.6204302] },
      "properties": {
        "highway": "street_lamp",
        "lamp_mount": "bent_mast",
        "lamp_type": "led",
        "ref": "43/80"
      },
      "geohash": "ttnfz40n0"
    },
    {
      "type": "Feature",
      "geometry": { "type": "Point", "coordinates": [77.2996406, 28.620358] },
      "properties": {
        "highway": "street_lamp",
        "lamp_mount": "bent_mast",
        "lamp_type": "led",
        "ref": "42/80"
      },
      "geohash": "ttnfyfpvs"
    },
    {
      "type": "Feature",
      "geometry": { "type": "Point", "coordinates": [77.2983046, 28.6204086] },
      "properties": {
        "highway": "street_lamp",
        "lamp_mount": "bent_mast",
        "lamp_type": "led",
        "ref": "50/80"
      },
      "geohash": "ttnfyfnvv"
    },
    {
      "type": "Feature",
      "geometry": { "type": "Point", "coordinates": [77.2981284, 28.6199622] },
      "properties": {
        "highway": "street_lamp",
        "lamp_mount": "bent_mast",
        "lamp_type": "led",
        "ref": "36/80"
      },
      "geohash": "ttnfyfng2"
    },
    {
      "type": "Feature",
      "geometry": { "type": "Point", "coordinates": [77.2992508, 28.6205892] },
      "properties": {
        "highway": "street_lamp",
        "lamp_mount": "bent_mast",
        "lamp_type": "led",
        "ref": "46/80"
      },
      "geohash": "ttnfyfpx5"
    },
    {
      "type": "Feature",
      "geometry": { "type": "Point", "coordinates": [77.2989915, 28.6205639] },
      "properties": {
        "highway": "street_lamp",
        "lamp_mount": "bent_mast",
        "lamp_type": "led",
        "ref": "47/80"
      },
      "geohash": "ttnfyfpqv"
    },
    {
      "type": "Feature",
      "geometry": { "type": "Point", "coordinates": [77.2978421, 28.6201122] },
      "properties": {
        "highway": "street_lamp",
        "lamp_mount": "bent_mast",
        "lamp_type": "led",
        "ref": "71/80"
      },
      "geohash": "ttnfyfns4"
    },
    {
      "type": "Feature",
      "geometry": { "type": "Point", "coordinates": [77.2986304, 28.620091] },
      "properties": {
        "highway": "street_lamp",
        "lamp_mount": "bent_mast",
        "lamp_type": "led",
        "ref": "38/80"
      },
      "geohash": "ttnfyfphh"
    },
    {
      "type": "Feature",
      "geometry": { "type": "Point", "coordinates": [77.2906179, 28.6162397] },
      "properties": {
        "highway": "street_lamp",
        "lamp_mount": "bent_mast",
        "lamp_type": "led",
        "ref": "44/99"
      },
      "geohash": "ttnfyc3m9"
    },
    {
      "type": "Feature",
      "geometry": { "type": "Point", "coordinates": [77.2927373, 28.6180248] },
      "properties": {
        "highway": "street_lamp",
        "lamp_mount": "bent_mast",
        "lamp_type": "led",
        "ref": "8/80"
      },
      "geohash": "ttnfycfb5"
    },
    {
      "type": "Feature",
      "geometry": { "type": "Point", "coordinates": [77.290719, 28.6154818] },
      "properties": {
        "highway": "street_lamp",
        "lamp_mount": "bent_mast",
        "lamp_type": "led",
        "ref": "50/99"
      },
      "geohash": "ttnfyc33k"
    },
    {
      "type": "Feature",
      "geometry": { "type": "Point", "coordinates": [77.2907626, 28.615367] },
      "properties": {
        "highway": "street_lamp",
        "lamp_mount": "bent_mast",
        "lamp_type": "led",
        "ref": "51/99"
      },
      "geohash": "ttnfyc32t"
    },
    {
      "type": "Feature",
      "geometry": { "type": "Point", "coordinates": [77.2943396, 28.6184619] },
      "properties": {
        "highway": "street_lamp",
        "lamp_mount": "bent_mast",
        "lamp_type": "led",
        "ref": "17/80"
      },
      "geohash": "ttnfycu48"
    },
    {
      "type": "Feature",
      "geometry": { "type": "Point", "coordinates": [77.2906083, 28.6167345] },
      "properties": {
        "highway": "street_lamp",
        "lamp_mount": "bent_mast",
        "lamp_type": "led",
        "ref": "42/99"
      },
      "geohash": "ttnfyc929"
    },
    {
      "type": "Feature",
      "geometry": { "type": "Point", "coordinates": [77.2959175, 28.6194767] },
      "properties": {
        "highway": "street_lamp",
        "lamp_mount": "bent_mast",
        "lamp_type": "led",
        "ref": "27/80"
      },
      "geohash": "ttnfyfj0t"
    },
    {
      "type": "Feature",
      "geometry": { "type": "Point", "coordinates": [77.2949168, 28.6187493] },
      "properties": {
        "highway": "street_lamp",
        "lamp_mount": "bent_mast",
        "lamp_type": "led",
        "ref": "20/80"
      },
      "geohash": "ttnfycukq"
    },
    {
      "type": "Feature",
      "geometry": { "type": "Point", "coordinates": [77.2905321, 28.6164579] },
      "properties": {
        "highway": "street_lamp",
        "lamp_mount": "bent_mast",
        "lamp_type": "led",
        "ref": "43/99"
      },
      "geohash": "ttnfyc3nz"
    },
    {
      "type": "Feature",
      "geometry": { "type": "Point", "coordinates": [77.2906117, 28.6156093] },
      "properties": {
        "highway": "street_lamp",
        "lamp_mount": "bent_mast",
        "lamp_type": "led",
        "ref": "46"
      },
      "geohash": "ttnfyc361"
    },
    {
      "type": "Feature",
      "geometry": { "type": "Point", "coordinates": [77.2931412, 28.6181108] },
      "properties": {
        "highway": "street_lamp",
        "lamp_mount": "bent_mast",
        "lamp_type": "led",
        "ref": "10/80"
      },
      "geohash": "ttnfycg0s"
    },
    {
      "type": "Feature",
      "geometry": { "type": "Point", "coordinates": [77.2974119, 28.6197656] },
      "properties": {
        "highway": "street_lamp",
        "lamp_mount": "bent_mast",
        "lamp_type": "led",
        "ref": "33/80"
      },
      "geohash": "ttnfyfn60"
    },
    {
      "type": "Feature",
      "geometry": { "type": "Point", "coordinates": [77.2958345, 28.6188734] },
      "properties": {
        "highway": "street_lamp",
        "lamp_mount": "bent_mast",
        "lamp_type": "led",
        "ref": "24/80"
      },
      "geohash": "ttnfycvj5"
    },
    {
      "type": "Feature",
      "geometry": { "type": "Point", "coordinates": [77.2910552, 28.6147683] },
      "properties": {
        "highway": "street_lamp",
        "lamp_mount": "bent_mast",
        "lamp_type": "led",
        "ref": "55/99"
      },
      "geohash": "ttnfyc1th"
    },
    {
      "type": "Feature",
      "geometry": { "type": "Point", "coordinates": [77.2963894, 28.6196644] },
      "properties": {
        "highway": "street_lamp",
        "lamp_mount": "bent_mast",
        "lamp_type": "led",
        "ref": "29/80"
      },
      "geohash": "ttnfyfj98"
    },
    {
      "type": "Feature",
      "geometry": { "type": "Point", "coordinates": [77.2971625, 28.6197053] },
      "properties": {
        "highway": "street_lamp",
        "lamp_mount": "bent_mast",
        "lamp_type": "led",
        "ref": "32/80"
      },
      "geohash": "ttnfyfn1f"
    },
    {
      "type": "Feature",
      "geometry": { "type": "Point", "coordinates": [77.2969185, 28.6196753] },
      "properties": {
        "highway": "street_lamp",
        "lamp_mount": "bent_mast",
        "lamp_type": "led",
        "ref": "31/80"
      },
      "geohash": "ttnfyfjcs"
    },
    {
      "type": "Feature",
      "geometry": { "type": "Point", "coordinates": [77.2921971, 28.6179658] },
      "properties": {
        "highway": "street_lamp",
        "lamp_mount": "bent_mast",
        "lamp_type": "led",
        "ref": "6/80"
      },
      "geohash": "ttnfycdrw"
    },
    {
      "type": "Feature",
      "geometry": { "type": "Point", "coordinates": [77.2951378, 28.6186525] },
      "properties": {
        "highway": "street_lamp",
        "lamp_mount": "bent_mast",
        "lamp_type": "led",
        "ref": "21/80"
      },
      "geohash": "ttnfycuee"
    },
    {
      "type": "Feature",
      "geometry": { "type": "Point", "coordinates": [77.2945045, 28.6185711] },
      "properties": {
        "highway": "street_lamp",
        "lamp_mount": "straight_mast",
        "lamp_type": "led"
      },
      "geohash": "ttnfycu5k"
    },
    {
      "type": "Feature",
      "geometry": { "type": "Point", "coordinates": [77.2910181, 28.6149913] },
      "properties": {
        "highway": "street_lamp",
        "lamp_mount": "bent_mast",
        "lamp_type": "led",
        "ref": "54/99"
      },
      "geohash": "ttnfyc1w7"
    },
    {
      "type": "Feature",
      "geometry": { "type": "Point", "coordinates": [77.2957331, 28.6192786] },
      "properties": {
        "highway": "street_lamp",
        "lamp_mount": "bent_mast",
        "lamp_type": "led",
        "ref": "26/80"
      },
      "geohash": "ttnfycvp3"
    },
    {
      "type": "Feature",
      "geometry": { "type": "Point", "coordinates": [77.291159, 28.6176569] },
      "properties": {
        "highway": "street_lamp",
        "lamp_mount": "bent_mast",
        "lamp_type": "led",
        "ref": "1/80"
      },
      "geohash": "ttnfyc9ty"
    },
    {
      "type": "Feature",
      "geometry": { "type": "Point", "coordinates": [77.2957585, 28.6191468] },
      "properties": {
        "highway": "street_lamp",
        "lamp_mount": "bent_mast",
        "lamp_type": "led",
        "ref": "25/80"
      },
      "geohash": "ttnfycvn9"
    },
    {
      "type": "Feature",
      "geometry": { "type": "Point", "coordinates": [77.2967215, 28.6197712] },
      "properties": {
        "highway": "street_lamp",
        "lamp_mount": "high_mast",
        "lamp_type": "led"
      },
      "geohash": "ttnfyfjf2"
    },
    {
      "type": "Feature",
      "geometry": { "type": "Point", "coordinates": [77.2958761, 28.6192744] },
      "properties": {
        "highway": "street_lamp",
        "lamp_mount": "high_mast",
        "lamp_type": "led"
      },
      "geohash": "ttnfycvpk"
    },
    {
      "type": "Feature",
      "geometry": { "type": "Point", "coordinates": [77.2941143, 28.6183471] },
      "properties": {
        "highway": "street_lamp",
        "lamp_mount": "bent_mast",
        "lamp_type": "led",
        "ref": "16/80"
      },
      "geohash": "ttnfycgcg"
    },
    {
      "type": "Feature",
      "geometry": { "type": "Point", "coordinates": [77.2924861, 28.6179506] },
      "properties": {
        "highway": "street_lamp",
        "lamp_mount": "bent_mast",
        "lamp_type": "led",
        "ref": "7/80"
      },
      "geohash": "ttnfycdxt"
    },
    {
      "type": "Feature",
      "geometry": { "type": "Point", "coordinates": [77.2917593, 28.6179502] },
      "properties": { "highway": "street_lamp", "lamp_mount": "high_mast" },
      "geohash": "ttnfycdps"
    },
    {
      "type": "Feature",
      "geometry": { "type": "Point", "coordinates": [77.2956292, 28.6187656] },
      "properties": {
        "highway": "street_lamp",
        "lamp_mount": "bent_mast",
        "lamp_type": "led",
        "ref": "23/80"
      },
      "geohash": "ttnfycuuq"
    },
    {
      "type": "Feature",
      "geometry": { "type": "Point", "coordinates": [77.2976551, 28.6198418] },
      "properties": {
        "highway": "street_lamp",
        "lamp_mount": "bent_mast",
        "lamp_type": "led",
        "ref": "34/80"
      },
      "geohash": "ttnfyfn6t"
    },
    {
      "type": "Feature",
      "geometry": { "type": "Point", "coordinates": [77.2907878, 28.6175566] },
      "properties": {
        "highway": "street_lamp",
        "lamp_mount": "bent_mast",
        "lamp_type": "led",
        "ref": "38/99"
      },
      "geohash": "ttnfyc9mm"
    },
    {
      "type": "Feature",
      "geometry": { "type": "Point", "coordinates": [77.2929779, 28.6180724] },
      "properties": {
        "highway": "street_lamp",
        "lamp_mount": "bent_mast",
        "lamp_type": "led",
        "ref": "9/80"
      },
      "geohash": "ttnfycg02"
    },
    {
      "type": "Feature",
      "geometry": { "type": "Point", "coordinates": [77.2946794, 28.6188168] },
      "properties": {
        "highway": "street_lamp",
        "lamp_mount": "straight_mast",
        "lamp_type": "led"
      },
      "geohash": "ttnfycuk8"
    },
    {
      "type": "Feature",
      "geometry": { "type": "Point", "coordinates": [77.2910505, 28.6175898] },
      "properties": {
        "highway": "street_lamp",
        "lamp_mount": "bent_mast",
        "lamp_type": "led",
        "ref": "37/99"
      },
      "geohash": "ttnfyc9ts"
    },
    {
      "type": "Feature",
      "geometry": { "type": "Point", "coordinates": [77.2945941, 28.6185553] },
      "properties": {
        "highway": "street_lamp",
        "lamp_mount": "bent_mast",
        "lamp_type": "led",
        "ref": "18/80"
      },
      "geohash": "ttnfycu5n"
    },
    {
      "type": "Feature",
      "geometry": { "type": "Point", "coordinates": [77.2905747, 28.6169594] },
      "properties": {
        "highway": "street_lamp",
        "lamp_mount": "bent_mast",
        "lamp_type": "led",
        "ref": "41/99"
      },
      "geohash": "ttnfyc93b"
    },
    {
      "type": "Feature",
      "geometry": { "type": "Point", "coordinates": [77.291817, 28.6180994] },
      "properties": {
        "highway": "street_lamp",
        "lamp_mount": "bent_mast",
        "lamp_type": "led",
        "ref": "4/80"
      },
      "geohash": "ttnfycf0t"
    },
    {
      "type": "Feature",
      "geometry": { "type": "Point", "coordinates": [77.2905633, 28.6174312] },
      "properties": {
        "highway": "street_lamp",
        "lamp_mount": "bent_mast",
        "lamp_type": "led",
        "ref": "39/99"
      },
      "geohash": "ttnfyc9k8"
    },
    {
      "type": "Feature",
      "geometry": { "type": "Point", "coordinates": [77.29751, 28.6196251] },
      "properties": {
        "highway": "street_lamp",
        "lamp_mount": "high_mast",
        "lamp_type": "led"
      },
      "geohash": "ttnfyfn36"
    },
    {
      "type": "Feature",
      "geometry": { "type": "Point", "coordinates": [77.2906054, 28.6159916] },
      "properties": {
        "highway": "street_lamp",
        "lamp_mount": "bent_mast",
        "lamp_type": "led",
        "ref": "45/99"
      },
      "geohash": "ttnfyc3k1"
    },
    {
      "type": "Feature",
      "geometry": { "type": "Point", "coordinates": [77.2966466, 28.6196572] },
      "properties": {
        "highway": "street_lamp",
        "lamp_mount": "bent_mast",
        "lamp_type": "led",
        "ref": "30/80"
      },
      "geohash": "ttnfyfj9w"
    },
    {
      "type": "Feature",
      "geometry": { "type": "Point", "coordinates": [77.2953627, 28.6187029] },
      "properties": {
        "highway": "street_lamp",
        "lamp_mount": "bent_mast",
        "lamp_type": "led",
        "ref": "22/80"
      },
      "geohash": "ttnfycuu0"
    },
    {
      "type": "Feature",
      "geometry": { "type": "Point", "coordinates": [77.2916122, 28.6180137] },
      "properties": {
        "highway": "street_lamp",
        "lamp_mount": "bent_mast",
        "lamp_type": "led",
        "ref": "3/80"
      },
      "geohash": "ttnfycf01"
    },
    {
      "type": "Feature",
      "geometry": { "type": "Point", "coordinates": [77.2920316, 28.6180597] },
      "properties": {
        "highway": "street_lamp",
        "lamp_mount": "bent_mast",
        "lamp_type": "led",
        "ref": "5/80"
      },
      "geohash": "ttnfycf26"
    },
    {
      "type": "Feature",
      "geometry": { "type": "Point", "coordinates": [77.2913961, 28.6179188] },
      "properties": {
        "highway": "street_lamp",
        "lamp_mount": "bent_mast",
        "lamp_type": "led",
        "ref": "2/80"
      },
      "geohash": "ttnfyc9zk"
    },
    {
      "type": "Feature",
      "geometry": { "type": "Point", "coordinates": [77.2961371, 28.6196034] },
      "properties": {
        "highway": "street_lamp",
        "lamp_mount": "bent_mast",
        "lamp_type": "led",
        "ref": "28/80"
      },
      "geohash": "ttnfyfj36"
    },
    {
      "type": "Feature",
      "geometry": { "type": "Point", "coordinates": [77.2334575, 28.5483191] },
      "properties": {
        "highway": "street_lamp",
        "lamp_mount": "pole",
        "lamp_type": "led",
        "man_made": "utility_pole",
        "power": "pole"
      },
      "geohash": "ttnfmmpdj"
    },
    {
      "type": "Feature",
      "geometry": { "type": "Point", "coordinates": [77.2345972, 28.5491665] },
      "properties": {
        "highway": "street_lamp",
        "lamp_mount": "pole",
        "lamp_type": "led",
        "man_made": "utility_pole",
        "power": "pole"
      },
      "geohash": "ttnfmt0wb"
    },
    {
      "type": "Feature",
      "geometry": { "type": "Point", "coordinates": [77.2331131, 28.5485516] },
      "properties": {
        "highway": "street_lamp",
        "lamp_mount": "pole",
        "lamp_type": "led",
        "man_made": "utility_pole",
        "power": "pole"
      },
      "geohash": "ttnfmmp7m"
    },
    {
      "type": "Feature",
      "geometry": { "type": "Point", "coordinates": [77.2347808, 28.549074] },
      "properties": {
        "highway": "street_lamp",
        "lamp_mount": "pole",
        "lamp_type": "led",
        "man_made": "utility_pole",
        "power": "pole"
      },
      "geohash": "ttnfmt0wk"
    },
    {
      "type": "Feature",
      "geometry": { "type": "Point", "coordinates": [77.234159, 28.5479623] },
      "properties": {
        "highway": "street_lamp",
        "lamp_mount": "pole",
        "lamp_type": "led",
        "man_made": "utility_pole",
        "power": "pole"
      },
      "geohash": "ttnfmsbpy"
    },
    {
      "type": "Feature",
      "geometry": { "type": "Point", "coordinates": [77.2337727, 28.548121] },
      "properties": {
        "highway": "street_lamp",
        "lamp_mount": "pole",
        "lamp_type": "led",
        "man_made": "utility_pole",
        "power": "pole"
      },
      "geohash": "ttnfmmpbv"
    },
    {
      "type": "Feature",
      "geometry": { "type": "Point", "coordinates": [77.2341673, 28.5489578] },
      "properties": {
        "highway": "street_lamp",
        "lamp_mount": "pole",
        "lamp_type": "led",
        "man_made": "utility_pole",
        "power": "pole"
      },
      "geohash": "ttnfmt0jw"
    },
    {
      "type": "Feature",
      "geometry": { "type": "Point", "coordinates": [77.2344017, 28.5492738] },
      "properties": {
        "highway": "street_lamp",
        "lamp_mount": "pole",
        "lamp_type": "led",
        "man_made": "utility_pole",
        "power": "pole"
      },
      "geohash": "ttnfmt0re"
    },
    {
      "type": "Feature",
      "geometry": { "type": "Point", "coordinates": [77.2948958, 28.6190766] },
      "properties": {
        "highway": "street_lamp",
        "lamp_mount": "bent_mast",
        "lamp_type": "led",
        "ref": "64/80"
      },
      "geohash": "ttnfycuqj"
    },
    {
      "type": "Feature",
      "geometry": { "type": "Point", "coordinates": [77.2957837, 28.6195222] },
      "properties": {
        "highway": "street_lamp",
        "lamp_mount": "bent_mast",
        "lamp_type": "led",
        "ref": "60/80"
      },
      "geohash": "ttnfyfj0f"
    },
    {
      "type": "Feature",
      "geometry": { "type": "Point", "coordinates": [77.2973151, 28.6201154] },
      "properties": {
        "highway": "street_lamp",
        "lamp_mount": "bent_mast",
        "lamp_type": "led",
        "ref": "54/80"
      },
      "geohash": "ttnfyfnhm"
    },
    {
      "type": "Feature",
      "geometry": { "type": "Point", "coordinates": [77.295836, 28.6184843] },
      "properties": {
        "highway": "street_lamp",
        "lamp_mount": "pole",
        "man_made": "utility_pole"
      },
      "geohash": "ttnfycv4g"
    },
    {
      "type": "Feature",
      "geometry": { "type": "Point", "coordinates": [77.2920118, 28.6171707] },
      "properties": {
        "highway": "street_lamp",
        "lamp_mount": "bent_mast",
        "lamp_type": "led",
        "ref": "76/80"
      },
      "geohash": "ttnfycd74"
    },
    {
      "type": "Feature",
      "geometry": { "type": "Point", "coordinates": [77.2953252, 28.6176807] },
      "properties": { "highway": "street_lamp", "lamp_mount": "wall" },
      "geohash": "ttnfycswp"
    },
    {
      "type": "Feature",
      "geometry": { "type": "Point", "coordinates": [77.2955444, 28.619431] },
      "properties": {
        "highway": "street_lamp",
        "lamp_mount": "bent_mast",
        "lamp_type": "led",
        "ref": "61/80"
      },
      "geohash": "ttnfyfhbk"
    },
    {
      "type": "Feature",
      "geometry": { "type": "Point", "coordinates": [77.2918301, 28.6177693] },
      "properties": {
        "highway": "street_lamp",
        "lamp_mount": "bent_mast",
        "lamp_type": "led",
        "ref": "29/99"
      },
      "geohash": "ttnfycdnw"
    },
    {
      "type": "Feature",
      "geometry": { "type": "Point", "coordinates": [77.2940127, 28.6188477] },
      "properties": {
        "highway": "street_lamp",
        "lamp_mount": "bent_mast",
        "lamp_type": "led",
        "ref": "68/80"
      },
      "geohash": "ttnfycguc"
    },
    {
      "type": "Feature",
      "geometry": { "type": "Point", "coordinates": [77.2957423, 28.6185323] },
      "properties": { "highway": "street_lamp", "lamp_mount": "bent_mast" },
      "geohash": "ttnfycv51"
    },
    {
      "type": "Feature",
      "geometry": { "type": "Point", "coordinates": [77.2920589, 28.6169854] },
      "properties": {
        "highway": "street_lamp",
        "lamp_mount": "bent_mast",
        "lamp_type": "led",
        "ref": "75/80"
      },
      "geohash": "ttnfycd65"
    },
    {
      "type": "Feature",
      "geometry": { "type": "Point", "coordinates": [77.2953048, 28.6177221] },
      "properties": { "highway": "street_lamp", "lamp_mount": "wall" },
      "geohash": "ttnfycswr"
    },
    {
      "type": "Feature",
      "geometry": { "type": "Point", "coordinates": [77.2919607, 28.6168287] },
      "properties": {
        "highway": "street_lamp",
        "lamp_mount": "bent_mast",
        "lamp_type": "led",
        "ref": "73/80"
      },
      "geohash": "ttnfycd31"
    },
    {
      "type": "Feature",
      "geometry": { "type": "Point", "coordinates": [77.2970786, 28.6200237] },
      "properties": {
        "highway": "street_lamp",
        "lamp_mount": "bent_mast",
        "lamp_type": "led",
        "ref": "55/80"
      },
      "geohash": "ttnfyfn58"
    },
    {
      "type": "Feature",
      "geometry": { "type": "Point", "coordinates": [77.295907, 28.6185455] },
      "properties": { "highway": "street_lamp", "lamp_mount": "high_mast" },
      "geohash": "ttnfycv5j"
    },
    {
      "type": "Feature",
      "geometry": { "type": "Point", "coordinates": [77.294416, 28.6189162] },
      "properties": {
        "highway": "street_lamp",
        "lamp_mount": "bent_mast",
        "lamp_type": "led",
        "ref": "66/80"
      },
      "geohash": "ttnfycuj6"
    },
    {
      "type": "Feature",
      "geometry": { "type": "Point", "coordinates": [77.2958929, 28.6183116] },
      "properties": { "highway": "street_lamp", "lamp_mount": "bent_mast" },
      "geohash": "ttnfycv1s"
    },
    {
      "type": "Feature",
      "geometry": { "type": "Point", "coordinates": [77.2917582, 28.6168629] },
      "properties": {
        "highway": "street_lamp",
        "lamp_mount": "bent_mast",
        "lamp_type": "led",
        "ref": "33/99"
      },
      "geohash": "ttnfycd1k"
    },
    {
      "type": "Feature",
      "geometry": { "type": "Point", "coordinates": [77.2914949, 28.6170707] },
      "properties": {
        "highway": "street_lamp",
        "lamp_mount": "bent_mast",
        "lamp_type": "led",
        "ref": "32/99"
      },
      "geohash": "ttnfyc9fw"
    },
    {
      "type": "Feature",
      "geometry": { "type": "Point", "coordinates": [77.2953551, 28.6193009] },
      "properties": {
        "highway": "street_lamp",
        "lamp_mount": "bent_mast",
        "lamp_type": "led",
        "ref": "62/80"
      },
      "geohash": "ttnfycuz8"
    },
    {
      "type": "Feature",
      "geometry": { "type": "Point", "coordinates": [77.2921467, 28.6167146] },
      "properties": {
        "highway": "street_lamp",
        "lamp_mount": "bent_mast",
        "lamp_type": "led",
        "ref": "74/80"
      },
      "geohash": "ttnfycd2m"
    },
    {
      "type": "Feature",
      "geometry": { "type": "Point", "coordinates": [77.295118, 28.6191483] },
      "properties": {
        "highway": "street_lamp",
        "lamp_mount": "bent_mast",
        "lamp_type": "led",
        "ref": "63/80"
      },
      "geohash": "ttnfycuwd"
    },
    {
      "type": "Feature",
      "geometry": { "type": "Point", "coordinates": [77.2962351, 28.6197012] },
      "properties": {
        "highway": "street_lamp",
        "lamp_mount": "bent_mast",
        "lamp_type": "led",
        "ref": "58/80"
      },
      "geohash": "ttnfyfj3u"
    },
    {
      "type": "Feature",
      "geometry": { "type": "Point", "coordinates": [77.2919461, 28.6173886] },
      "properties": {
        "highway": "street_lamp",
        "lamp_mount": "bent_mast",
        "lamp_type": "led",
        "ref": "77/80"
      },
      "geohash": "ttnfycdk2"
    },
    {
      "type": "Feature",
      "geometry": { "type": "Point", "coordinates": [77.2963879, 28.6186935] },
      "properties": { "highway": "street_lamp", "lamp_mount": "bent_mast" },
      "geohash": "ttnfycveb"
    },
    {
      "type": "Feature",
      "geometry": { "type": "Point", "coordinates": [77.296021, 28.6196277] },
      "properties": {
        "highway": "street_lamp",
        "lamp_mount": "bent_mast",
        "lamp_type": "led",
        "ref": "59/80"
      },
      "geohash": "ttnfyfj1r"
    },
    {
      "type": "Feature",
      "geometry": { "type": "Point", "coordinates": [77.2919435, 28.6175632] },
      "properties": {
        "highway": "street_lamp",
        "lamp_mount": "bent_mast",
        "lamp_type": "led",
        "ref": "78/80"
      },
      "geohash": "ttnfycdm2"
    },
    {
      "type": "Feature",
      "geometry": { "type": "Point", "coordinates": [77.2952361, 28.61504] },
      "properties": {
        "highway": "street_lamp",
        "lamp_mount": "high_mast",
        "lamp_type": "led"
      },
      "geohash": "ttnfychwt"
    },
    {
      "type": "Feature",
      "geometry": { "type": "Point", "coordinates": [77.2946898, 28.619008] },
      "properties": {
        "highway": "street_lamp",
        "lamp_mount": "bent_mast",
        "lamp_type": "led",
        "ref": "65/80"
      },
      "geohash": "ttnfycumb"
    },
    {
      "type": "Feature",
      "geometry": { "type": "Point", "coordinates": [77.296688, 28.6187013] },
      "properties": {
        "highway": "street_lamp",
        "lamp_mount": "high_mast",
        "lamp_type": "led"
      },
      "geohash": "ttnfycvsp"
    },
    {
      "type": "Feature",
      "geometry": { "type": "Point", "coordinates": [77.2941735, 28.618862] },
      "properties": {
        "highway": "street_lamp",
        "lamp_mount": "bent_mast",
        "lamp_type": "led",
        "ref": "67/80"
      },
      "geohash": "ttnfycguu"
    },
    {
      "type": "Feature",
      "geometry": { "type": "Point", "coordinates": [77.2982568, 28.6147872] },
      "properties": { "highway": "street_lamp", "lamp_mount": "straight_mast" },
      "geohash": "ttnfycnv5"
    },
    {
      "type": "Feature",
      "geometry": { "type": "Point", "coordinates": [77.2464346, 28.5666723] },
      "properties": {
        "highway": "street_lamp",
        "lamp_type": "LED",
        "support": "pole"
      },
      "geohash": "ttnftb3hu"
    },
    {
      "type": "Feature",
      "geometry": { "type": "Point", "coordinates": [77.2487496, 28.5693458] },
      "properties": {
        "highway": "street_lamp",
        "lamp_type": "LED",
        "support": "pole"
      },
      "geohash": "ttnftbfud"
    },
    {
      "type": "Feature",
      "geometry": { "type": "Point", "coordinates": [77.2472128, 28.5678708] },
      "properties": {
        "highway": "street_lamp",
        "lamp_type": "LED",
        "support": "pole"
      },
      "geohash": "ttnftb9ey"
    },
    {
      "type": "Feature",
      "geometry": { "type": "Point", "coordinates": [77.2473243, 28.568091] },
      "properties": {
        "highway": "street_lamp",
        "lamp_type": "LED",
        "support": "pole"
      },
      "geohash": "ttnftb9v1"
    },
    {
      "type": "Feature",
      "geometry": { "type": "Point", "coordinates": [77.2470571, 28.5680297] },
      "properties": {
        "highway": "street_lamp",
        "lamp_type": "LED",
        "support": "pole"
      },
      "geohash": "ttnftb9sf"
    },
    {
      "type": "Feature",
      "geometry": { "type": "Point", "coordinates": [77.2490101, 28.5694789] },
      "properties": {
        "highway": "street_lamp",
        "lamp_mount": "bent_mast",
        "lamp_type": "LED",
        "support": "pole"
      },
      "geohash": "ttnftbgj2"
    },
    {
      "type": "Feature",
      "geometry": { "type": "Point", "coordinates": [77.2475509, 28.5689262] },
      "properties": {
        "highway": "street_lamp",
        "lamp_type": "LED",
        "support": "pole"
      },
      "geohash": "ttnftbcfn"
    },
    {
      "type": "Feature",
      "geometry": { "type": "Point", "coordinates": [77.2477912, 28.5692302] },
      "properties": {
        "highway": "street_lamp",
        "lamp_mount": "bent_mast",
        "lamp_type": "LED",
        "support": "pole"
      },
      "geohash": "ttnftbf5g"
    },
    {
      "type": "Feature",
      "geometry": { "type": "Point", "coordinates": [77.2466337, 28.5667998] },
      "properties": {
        "highway": "street_lamp",
        "lamp_type": "LED",
        "support": "pole"
      },
      "geohash": "ttnftb3m9"
    },
    {
      "type": "Feature",
      "geometry": { "type": "Point", "coordinates": [77.2470803, 28.5674703] },
      "properties": {
        "highway": "street_lamp",
        "lamp_type": "LED",
        "support": "pole"
      },
      "geohash": "ttnftb99e"
    },
    {
      "type": "Feature",
      "geometry": { "type": "Point", "coordinates": [77.2469623, 28.5673835] },
      "properties": {
        "highway": "street_lamp",
        "lamp_type": "LED",
        "support": "pole"
      },
      "geohash": "ttnftb990"
    },
    {
      "type": "Feature",
      "geometry": { "type": "Point", "coordinates": [77.2469026, 28.5675067] },
      "properties": {
        "highway": "street_lamp",
        "lamp_type": "LED",
        "support": "pole"
      },
      "geohash": "ttnftb93z"
    },
    {
      "type": "Feature",
      "geometry": { "type": "Point", "coordinates": [77.2467279, 28.5671905] },
      "properties": {
        "highway": "street_lamp",
        "lamp_type": "LED",
        "support": "pole"
      },
      "geohash": "ttnftb3rg"
    },
    {
      "type": "Feature",
      "geometry": { "type": "Point", "coordinates": [77.2466057, 28.5669805] },
      "properties": {
        "highway": "street_lamp",
        "lamp_type": "LED",
        "support": "pole"
      },
      "geohash": "ttnftb3q8"
    },
    {
      "type": "Feature",
      "geometry": { "type": "Point", "coordinates": [77.2477024, 28.5692463] },
      "properties": {
        "highway": "street_lamp",
        "lamp_mount": "high_mast",
        "lamp_type": "led"
      },
      "geohash": "ttnftbf5c"
    },
    {
      "type": "Feature",
      "geometry": { "type": "Point", "coordinates": [77.2458254, 28.5681068] },
      "properties": {
        "highway": "street_lamp",
        "lamp_mount": "bent_mast",
        "lamp_type": "LED",
        "support": "pole"
      },
      "geohash": "ttnftb8tq"
    },
    {
      "type": "Feature",
      "geometry": { "type": "Point", "coordinates": [77.2456033, 28.5683563] },
      "properties": {
        "highway": "street_lamp",
        "lamp_mount": "bent_mast",
        "lamp_type": "LED",
        "support": "pole"
      },
      "geohash": "ttnftb8w9"
    },
    {
      "type": "Feature",
      "geometry": { "type": "Point", "coordinates": [77.2445956, 28.5684744] },
      "properties": {
        "highway": "street_lamp",
        "lamp_mount": "bent_mast",
        "lamp_type": "LED",
        "support": "pole"
      },
      "geohash": "ttnft8xz3"
    },
    {
      "type": "Feature",
      "geometry": { "type": "Point", "coordinates": [77.2436557, 28.5691553] },
      "properties": {
        "highway": "street_lamp",
        "lamp_mount": "bent_mast",
        "lamp_type": "LED",
        "support": "pole"
      },
      "geohash": "ttnft8z57"
    },
    {
      "type": "Feature",
      "geometry": { "type": "Point", "coordinates": [77.2462837, 28.5681905] },
      "properties": {
        "highway": "street_lamp",
        "lamp_mount": "bent_mast",
        "lamp_type": "LED",
        "support": "pole"
      },
      "geohash": "ttnftb9jb"
    },
    {
      "type": "Feature",
      "geometry": { "type": "Point", "coordinates": [77.246912, 28.5678004] },
      "properties": {
        "highway": "street_lamp",
        "lamp_mount": "bent_mast",
        "lamp_type": "LED",
        "support": "pole"
      },
      "geohash": "ttnftb97r"
    },
    {
      "type": "Feature",
      "geometry": { "type": "Point", "coordinates": [77.2461356, 28.567972] },
      "properties": {
        "highway": "street_lamp",
        "lamp_mount": "bent_mast",
        "lamp_type": "LED",
        "support": "pole"
      },
      "geohash": "ttnftb8um"
    },
    {
      "type": "Feature",
      "geometry": { "type": "Point", "coordinates": [77.2454095, 28.568436] },
      "properties": {
        "highway": "street_lamp",
        "lamp_mount": "bent_mast",
        "lamp_type": "LED",
        "support": "pole"
      },
      "geohash": "ttnftb8rh"
    },
    {
      "type": "Feature",
      "geometry": { "type": "Point", "coordinates": [77.2443253, 28.5688924] },
      "properties": {
        "highway": "street_lamp",
        "lamp_mount": "bent_mast",
        "lamp_type": "LED",
        "support": "pole"
      },
      "geohash": "ttnft8z9g"
    },
    {
      "type": "Feature",
      "geometry": { "type": "Point", "coordinates": [77.2440556, 28.568999] },
      "properties": {
        "highway": "street_lamp",
        "lamp_mount": "bent_mast",
        "lamp_type": "LED",
        "support": "pole"
      },
      "geohash": "ttnft8z6k"
    },
    {
      "type": "Feature",
      "geometry": { "type": "Point", "coordinates": [77.244867, 28.5684985] },
      "properties": {
        "highway": "street_lamp",
        "lamp_mount": "bent_mast",
        "lamp_type": "LED",
        "support": "pole"
      },
      "geohash": "ttnft8xzx"
    },
    {
      "type": "Feature",
      "geometry": { "type": "Point", "coordinates": [77.2447231, 28.5687324] },
      "properties": {
        "highway": "street_lamp",
        "lamp_mount": "bent_mast",
        "lamp_type": "LED",
        "support": "pole"
      },
      "geohash": "ttnft8zbu"
    },
    {
      "type": "Feature",
      "geometry": { "type": "Point", "coordinates": [77.2453953, 28.5682787] },
      "properties": {
        "highway": "street_lamp",
        "lamp_mount": "bent_mast",
        "lamp_type": "LED",
        "support": "pole"
      },
      "geohash": "ttnftb8qk"
    },
    {
      "type": "Feature",
      "geometry": { "type": "Point", "coordinates": [77.2445148, 28.5686566] },
      "properties": {
        "highway": "street_lamp",
        "lamp_mount": "bent_mast",
        "lamp_type": "LED",
        "support": "pole"
      },
      "geohash": "ttnft8z8r"
    },
    {
      "type": "Feature",
      "geometry": { "type": "Point", "coordinates": [77.2451909, 28.5683599] },
      "properties": {
        "highway": "street_lamp",
        "lamp_mount": "bent_mast",
        "lamp_type": "LED",
        "support": "pole"
      },
      "geohash": "ttnftb8nz"
    },
    {
      "type": "Feature",
      "geometry": { "type": "Point", "coordinates": [77.2441005, 28.5688238] },
      "properties": {
        "highway": "street_lamp",
        "lamp_mount": "bent_mast",
        "lamp_type": "LED",
        "support": "pole"
      },
      "geohash": "ttnft8z3m"
    },
    {
      "type": "Feature",
      "geometry": { "type": "Point", "coordinates": [77.2432557, 28.5693222] },
      "properties": {
        "highway": "street_lamp",
        "lamp_mount": "bent_mast",
        "lamp_type": "LED",
        "support": "pole"
      },
      "geohash": "ttnft8yu6"
    },
    {
      "type": "Feature",
      "geometry": { "type": "Point", "coordinates": [77.2437037, 28.5689765] },
      "properties": {
        "highway": "street_lamp",
        "lamp_mount": "bent_mast",
        "lamp_type": "LED",
        "support": "pole"
      },
      "geohash": "ttnft8z4k"
    },
    {
      "type": "Feature",
      "geometry": { "type": "Point", "coordinates": [77.1965372, 28.6913961] },
      "properties": { "highway": "street_lamp" },
      "geohash": "ttnghxhg3"
    },
    {
      "type": "Feature",
      "geometry": { "type": "Point", "coordinates": [77.242519, 28.5850011] },
      "properties": {
        "direction": "219",
        "highway": "street_lamp",
        "lamp_mount": "pole",
        "support": "pole"
      },
      "geohash": "ttnftewr9"
    },
    {
      "type": "Feature",
      "geometry": { "type": "Point", "coordinates": [77.0255548, 28.619647] },
      "properties": { "highway": "street_lamp" },
      "geohash": "ttnfbf039"
    },
    {
      "type": "Feature",
      "geometry": { "type": "Point", "coordinates": [77.0257834, 28.61957] },
      "properties": { "highway": "street_lamp" },
      "geohash": "ttnfbf03n"
    },
    {
      "type": "Feature",
      "geometry": { "type": "Point", "coordinates": [77.0260481, 28.619487] },
      "properties": { "highway": "street_lamp" },
      "geohash": "ttnfbf08t"
    },
    {
      "type": "Feature",
      "geometry": { "type": "Point", "coordinates": [77.0252975, 28.6197225] },
      "properties": { "highway": "street_lamp" },
      "geohash": "ttnfbf01g"
    },
    {
      "type": "Feature",
      "geometry": { "type": "Point", "coordinates": [77.0250405, 28.6198093] },
      "properties": { "highway": "street_lamp" },
      "geohash": "ttnfbdpfm"
    },
    {
      "type": "Feature",
      "geometry": { "type": "Point", "coordinates": [77.0247816, 28.6198902] },
      "properties": { "highway": "street_lamp" },
      "geohash": "ttnfbdpdz"
    },
    {
      "type": "Feature",
      "geometry": { "type": "Point", "coordinates": [77.024537, 28.6199766] },
      "properties": { "highway": "street_lamp" },
      "geohash": "ttnfbdpe3"
    },
    {
      "type": "Feature",
      "geometry": { "type": "Point", "coordinates": [77.0241972, 28.6200742] },
      "properties": { "highway": "street_lamp" },
      "geohash": "ttnfbdpk1"
    },
    {
      "type": "Feature",
      "geometry": { "type": "Point", "coordinates": [77.0237988, 28.6201902] },
      "properties": { "highway": "street_lamp" },
      "geohash": "ttnfbdph8"
    },
    {
      "type": "Feature",
      "geometry": { "type": "Point", "coordinates": [77.0234879, 28.6202689] },
      "properties": { "highway": "street_lamp" },
      "geohash": "ttnfbdnv1"
    },
    {
      "type": "Feature",
      "geometry": { "type": "Point", "coordinates": [77.0464557, 28.564708] },
      "properties": { "highway": "street_lamp" },
      "geohash": "ttnf90p92"
    },
    {
      "type": "Feature",
      "geometry": { "type": "Point", "coordinates": [77.0464749, 28.5650409] },
      "properties": { "highway": "street_lamp" },
      "geohash": "ttnf90pe2"
    },
    {
      "type": "Feature",
      "geometry": { "type": "Point", "coordinates": [77.0464748, 28.5658001] },
      "properties": { "highway": "street_lamp" },
      "geohash": "ttnf90pxb"
    },
    {
      "type": "Feature",
      "geometry": { "type": "Point", "coordinates": [77.046375, 28.5660524] },
      "properties": { "highway": "street_lamp" },
      "geohash": "ttnf90r3q"
    },
    {
      "type": "Feature",
      "geometry": { "type": "Point", "coordinates": [77.0461941, 28.5664729] },
      "properties": { "highway": "street_lamp" },
      "geohash": "ttnf90r7f"
    },
    {
      "type": "Feature",
      "geometry": { "type": "Point", "coordinates": [77.2054208, 28.6976211] },
      "properties": { "highway": "street_lamp", "lamp_mount": "high_mast" },
      "geohash": "ttngkb5rb"
    },
    {
      "type": "Feature",
      "geometry": { "type": "Point", "coordinates": [77.0422337, 28.5916739] },
      "properties": {
        "highway": "street_lamp",
        "lamp_mount": "high_mast",
        "lamp_type": "led"
      },
      "geohash": "ttnf9huqw"
    },
    {
      "type": "Feature",
      "geometry": { "type": "Point", "coordinates": [77.0428351, 28.5923936] },
      "properties": {
        "highway": "street_lamp",
        "lamp_mount": "high_mast",
        "lamp_type": "led"
      },
      "geohash": "ttnf9jhfu"
    },
    {
      "type": "Feature",
      "geometry": { "type": "Point", "coordinates": [77.2062229, 28.6204464] },
      "properties": {
        "highway": "street_lamp",
        "lamp_mount": "high_mast",
        "lamp_type": "led"
      },
      "geohash": "ttnfuf5y5"
    },
    {
      "type": "Feature",
      "geometry": { "type": "Point", "coordinates": [77.1251489, 28.7064374] },
      "properties": { "highway": "street_lamp", "lamp_mount": "high_mast" },
      "geohash": "ttng71bg4"
    },
    {
      "type": "Feature",
      "geometry": { "type": "Point", "coordinates": [77.1253675, 28.7066308] },
      "properties": { "highway": "street_lamp", "lamp_mount": "high_mast" },
      "geohash": "ttng71bup"
    },
    {
      "type": "Feature",
      "geometry": { "type": "Point", "coordinates": [77.2265513, 28.6494863] },
      "properties": {
        "highway": "street_lamp",
        "lamp_mount": "straight_mast",
        "lamp_type": "LED",
        "support": "pole"
      },
      "geohash": "ttnfvr6xm"
    },
    {
      "type": "Feature",
      "geometry": { "type": "Point", "coordinates": [77.2260677, 28.6498654] },
      "properties": {
        "highway": "street_lamp",
        "lamp_mount": "straight_mast",
        "lamp_type": "LED",
        "support": "pole"
      },
      "geohash": "ttnfvrd39"
    },
    {
      "type": "Feature",
      "geometry": { "type": "Point", "coordinates": [77.2266283, 28.649416] },
      "properties": {
        "highway": "street_lamp",
        "lamp_mount": "straight_mast",
        "lamp_type": "LED",
        "support": "pole"
      },
      "geohash": "ttnfvr6wy"
    },
    {
      "type": "Feature",
      "geometry": { "type": "Point", "coordinates": [77.226387, 28.6493638] },
      "properties": {
        "highway": "street_lamp",
        "lamp_mount": "straight_mast",
        "lamp_type": "LED",
        "support": "pole"
      },
      "geohash": "ttnfvr6w9"
    },
    {
      "type": "Feature",
      "geometry": { "type": "Point", "coordinates": [77.2262879, 28.6490651] },
      "properties": {
        "highway": "street_lamp",
        "lamp_mount": "straight_mast",
        "lamp_type": "LED",
        "support": "pole"
      },
      "geohash": "ttnfvr6ky"
    },
    {
      "type": "Feature",
      "geometry": { "type": "Point", "coordinates": [77.2255384, 28.65045] },
      "properties": {
        "highway": "street_lamp",
        "lamp_mount": "straight_mast",
        "lamp_type": "LED",
        "support": "pole"
      },
      "geohash": "ttnfvr9uv"
    },
    {
      "type": "Feature",
      "geometry": { "type": "Point", "coordinates": [77.2232594, 28.6562661] },
      "properties": {
        "highway": "street_lamp",
        "lamp_mount": "straight_mast",
        "lamp_type": "LED",
        "support": "pole"
      },
      "geohash": "ttngj28qb"
    },
    {
      "type": "Feature",
      "geometry": { "type": "Point", "coordinates": [77.2227131, 28.6561893] },
      "properties": {
        "highway": "street_lamp",
        "lamp_mount": "straight_mast",
        "lamp_type": "LED",
        "support": "pole"
      },
      "geohash": "ttngj0xy7"
    },
    {
      "type": "Feature",
      "geometry": { "type": "Point", "coordinates": [77.0830543, 28.4503555] },
      "properties": {
        "highway": "street_lamp",
        "lamp_mount": "bent_mast",
        "lamp_type": "LED",
        "support": "pole"
      },
      "geohash": "ttncf54pm"
    },
    {
      "type": "Feature",
      "geometry": { "type": "Point", "coordinates": [77.2906257, 28.6234797] },
      "properties": {
        "highway": "street_lamp",
        "lamp_mount": "pole",
        "line_attachment": "anchor",
        "power": "pole"
      },
      "geohash": "ttnfyf9rf"
    },
    {
      "type": "Feature",
      "geometry": { "type": "Point", "coordinates": [77.0418141, 28.591682] },
      "properties": {
        "direction": "38",
        "highway": "street_lamp",
        "lamp_mount": "pole",
        "lamp_type": "led"
      },
      "geohash": "ttnf9huns"
    },
    {
      "type": "Feature",
      "geometry": { "type": "Point", "coordinates": [77.188102, 28.5644981] },
      "properties": { "highway": "street_lamp" },
      "geohash": "ttnfs2n8m"
    },
    {
      "type": "Feature",
      "geometry": { "type": "Point", "coordinates": [77.2898889, 28.6225111] },
      "properties": {
        "highway": "street_lamp",
        "lamp_mount": "bent_mast",
        "lamp_type": "led"
      },
      "geohash": "ttnfyf8f0"
    },
    {
      "type": "Feature",
      "geometry": { "type": "Point", "coordinates": [77.1334779, 28.7217536] },
      "properties": { "highway": "street_lamp" },
      "geohash": "ttng7hwuk"
    },
    {
      "type": "Feature",
      "geometry": { "type": "Point", "coordinates": [77.1367936, 28.7195802] },
      "properties": { "highway": "street_lamp" },
      "geohash": "ttng7k1r9"
    },
    {
      "type": "Feature",
      "geometry": { "type": "Point", "coordinates": [77.137135, 28.7193601] },
      "properties": { "highway": "street_lamp" },
      "geohash": "ttng7k1w3"
    },
    {
      "type": "Feature",
      "geometry": { "type": "Point", "coordinates": [77.1360189, 28.720125] },
      "properties": { "highway": "street_lamp" },
      "geohash": "ttng7k2dz"
    },
    {
      "type": "Feature",
      "geometry": { "type": "Point", "coordinates": [77.1362183, 28.7199824] },
      "properties": { "highway": "street_lamp" },
      "geohash": "ttng7k2fh"
    },
    {
      "type": "Feature",
      "geometry": { "type": "Point", "coordinates": [77.1366293, 28.7197058] },
      "properties": { "highway": "street_lamp" },
      "geohash": "ttng7k30m"
    },
    {
      "type": "Feature",
      "geometry": { "type": "Point", "coordinates": [77.1363157, 28.7199208] },
      "properties": { "highway": "street_lamp" },
      "geohash": "ttng7k2cw"
    },
    {
      "type": "Feature",
      "geometry": { "type": "Point", "coordinates": [77.136983, 28.7194609] },
      "properties": { "highway": "street_lamp" },
      "geohash": "ttng7k1qv"
    },
    {
      "type": "Feature",
      "geometry": { "type": "Point", "coordinates": [77.214224, 28.690329] },
      "properties": {
        "highway": "street_lamp",
        "lamp_mount": "high_mast",
        "lamp_type": "led"
      },
      "geohash": "ttngjnctm"
    },
    {
      "type": "Feature",
      "geometry": { "type": "Point", "coordinates": [77.2142875, 28.6916848] },
      "properties": {
        "highway": "street_lamp",
        "lamp_mount": "high_mast",
        "lamp_type": "led"
      },
      "geohash": "ttngjp1tp"
    },
    {
      "type": "Feature",
      "geometry": { "type": "Point", "coordinates": [77.2153263, 28.6902924] },
      "properties": {
        "highway": "street_lamp",
        "lamp_mount": "high_mast",
        "lamp_type": "led"
      },
      "geohash": "ttngjnfmp"
    },
    {
      "type": "Feature",
      "geometry": { "type": "Point", "coordinates": [77.2154076, 28.6916036] },
      "properties": {
        "highway": "street_lamp",
        "lamp_mount": "high_mast",
        "lamp_type": "led"
      },
      "geohash": "ttngjp4s9"
    },
    {
      "type": "Feature",
      "geometry": { "type": "Point", "coordinates": [77.1143998, 28.6011099] },
      "properties": {
        "highway": "street_lamp",
        "lamp_mount": "high_mast",
        "lamp_type": "led"
      },
      "geohash": "ttnfdy8vx"
    },
    {
      "type": "Feature",
      "geometry": { "type": "Point", "coordinates": [77.2251048, 28.6566659] },
      "properties": { "highway": "street_lamp", "support": "pole" },
      "geohash": "ttngj2c95"
    },
    {
      "type": "Feature",
      "geometry": { "type": "Point", "coordinates": [77.0371108, 28.7381373] },
      "properties": { "highway": "street_lamp", "lamp_type": "floodlight" },
      "geohash": "ttng3p8ey"
    },
    {
      "type": "Feature",
      "geometry": { "type": "Point", "coordinates": [77.2253458, 28.6566328] },
      "properties": {
        "highway": "street_lamp",
        "lamp_type": "LED",
        "support": "pole"
      },
      "geohash": "ttngj2cbb"
    },
    {
      "type": "Feature",
      "geometry": { "type": "Point", "coordinates": [77.2253408, 28.6565011] },
      "properties": {
        "highway": "street_lamp",
        "lamp_type": "LED",
        "support": "pole"
      },
      "geohash": "ttngj2cb0"
    },
    {
      "type": "Feature",
      "geometry": { "type": "Point", "coordinates": [77.0911018, 28.4554836] },
      "properties": {
        "highway": "street_lamp",
        "lamp_type": "LED",
        "support": "pole"
      },
      "geohash": "ttncfk0j0"
    },
    {
      "type": "Feature",
      "geometry": { "type": "Point", "coordinates": [77.0910943, 28.4555254] },
      "properties": {
        "highway": "street_lamp",
        "lamp_type": "LED",
        "support": "pole"
      },
      "geohash": "ttncfk0j2"
    },
    {
      "type": "Feature",
      "geometry": { "type": "Point", "coordinates": [77.0908857, 28.4554656] },
      "properties": {
        "highway": "street_lamp",
        "lamp_type": "LED",
        "support": "pole"
      },
      "geohash": "ttncfhpv5"
    },
    {
      "type": "Feature",
      "geometry": { "type": "Point", "coordinates": [77.0906332, 28.4554092] },
      "properties": {
        "highway": "street_lamp",
        "lamp_type": "LED",
        "support": "pole"
      },
      "geohash": "ttncfhpsv"
    },
    {
      "type": "Feature",
      "geometry": { "type": "Point", "coordinates": [77.0903997, 28.455352] },
      "properties": {
        "highway": "street_lamp",
        "lamp_type": "LED",
        "support": "pole"
      },
      "geohash": "ttncfhps2"
    },
    {
      "type": "Feature",
      "geometry": { "type": "Point", "coordinates": [77.090055, 28.4552643] },
      "properties": {
        "highway": "street_lamp",
        "lamp_type": "LED",
        "support": "pole"
      },
      "geohash": "ttncfhp7b"
    },
    {
      "type": "Feature",
      "geometry": { "type": "Point", "coordinates": [77.0908011, 28.454679] },
      "properties": {
        "highway": "street_lamp",
        "lamp_type": "LED",
        "support": "pole"
      },
      "geohash": "ttncfhpb9"
    },
    {
      "type": "Feature",
      "geometry": { "type": "Point", "coordinates": [77.0907399, 28.4549032] },
      "properties": {
        "highway": "street_lamp",
        "lamp_type": "LED",
        "support": "pole"
      },
      "geohash": "ttncfhpcb"
    },
    {
      "type": "Feature",
      "geometry": { "type": "Point", "coordinates": [77.0906651, 28.4551498] },
      "properties": {
        "highway": "street_lamp",
        "lamp_type": "LED",
        "support": "pole"
      },
      "geohash": "ttncfhpeq"
    },
    {
      "type": "Feature",
      "geometry": { "type": "Point", "coordinates": [77.0906039, 28.4553695] },
      "properties": {
        "highway": "street_lamp",
        "lamp_type": "LED",
        "support": "pole"
      },
      "geohash": "ttncfhpst"
    },
    {
      "type": "Feature",
      "geometry": { "type": "Point", "coordinates": [77.0902165, 28.4545708] },
      "properties": {
        "highway": "street_lamp",
        "lamp_type": "LED",
        "support": "pole"
      },
      "geohash": "ttncf5zru"
    },
    {
      "type": "Feature",
      "geometry": { "type": "Point", "coordinates": [77.0903126, 28.4542796] },
      "properties": {
        "highway": "street_lamp",
        "lamp_type": "LED",
        "support": "pole"
      },
      "geohash": "ttncf5zqn"
    },
    {
      "type": "Feature",
      "geometry": { "type": "Point", "coordinates": [77.0919824, 28.455328] },
      "properties": {
        "highway": "street_lamp",
        "lamp_type": "LED",
        "support": "pole"
      },
      "geohash": "ttncfk0sm"
    },
    {
      "type": "Feature",
      "geometry": { "type": "Point", "coordinates": [77.0920166, 28.4552763] },
      "properties": {
        "highway": "street_lamp",
        "lamp_type": "LED",
        "support": "pole"
      },
      "geohash": "ttncfk0ey"
    },
    {
      "type": "Feature",
      "geometry": { "type": "Point", "coordinates": [77.091874, 28.4556841] },
      "properties": {
        "highway": "street_lamp",
        "lamp_type": "LED",
        "support": "pole"
      },
      "geohash": "ttncfk0w6"
    },
    {
      "type": "Feature",
      "geometry": { "type": "Point", "coordinates": [77.0918127, 28.4557099] },
      "properties": {
        "highway": "street_lamp",
        "lamp_type": "LED",
        "support": "pole"
      },
      "geohash": "ttncfk0w9"
    },
    {
      "type": "Feature",
      "geometry": { "type": "Point", "coordinates": [77.0918599, 28.4557293] },
      "properties": {
        "highway": "street_lamp",
        "lamp_type": "LED",
        "support": "pole"
      },
      "geohash": "ttncfk0wd"
    },
    {
      "type": "Feature",
      "geometry": { "type": "Point", "coordinates": [77.0917942, 28.4559463] },
      "properties": {
        "highway": "street_lamp",
        "lamp_type": "LED",
        "support": "pole"
      },
      "geohash": "ttncfk0xc"
    },
    {
      "type": "Feature",
      "geometry": { "type": "Point", "coordinates": [77.091693, 28.4560617] },
      "properties": {
        "highway": "street_lamp",
        "lamp_type": "LED",
        "support": "pole"
      },
      "geohash": "ttncfk22w"
    },
    {
      "type": "Feature",
      "geometry": { "type": "Point", "coordinates": [77.0917199, 28.4561731] },
      "properties": {
        "highway": "street_lamp",
        "lamp_type": "LED",
        "support": "pole"
      },
      "geohash": "ttncfk23p"
    },
    {
      "type": "Feature",
      "geometry": { "type": "Point", "coordinates": [77.0916474, 28.4564067] },
      "properties": {
        "highway": "street_lamp",
        "lamp_type": "LED",
        "support": "pole"
      },
      "geohash": "ttncfk26t"
    },
    {
      "type": "Feature",
      "geometry": { "type": "Point", "coordinates": [77.0915966, 28.4565582] },
      "properties": {
        "highway": "street_lamp",
        "lamp_type": "LED",
        "support": "pole"
      },
      "geohash": "ttncfk27k"
    },
    {
      "type": "Feature",
      "geometry": { "type": "Point", "coordinates": [77.0915359, 28.4565496] },
      "properties": {
        "highway": "street_lamp",
        "lamp_type": "LED",
        "support": "pole"
      },
      "geohash": "ttncfk276"
    },
    {
      "type": "Feature",
      "geometry": { "type": "Point", "coordinates": [77.0916511, 28.4565763] },
      "properties": {
        "highway": "street_lamp",
        "lamp_type": "LED",
        "support": "pole"
      },
      "geohash": "ttncfk27t"
    },
    {
      "type": "Feature",
      "geometry": { "type": "Point", "coordinates": [77.0913148, 28.456497] },
      "properties": {
        "highway": "street_lamp",
        "lamp_type": "LED",
        "support": "pole"
      },
      "geohash": "ttncfk25j"
    },
    {
      "type": "Feature",
      "geometry": { "type": "Point", "coordinates": [77.0911337, 28.4564469] },
      "properties": {
        "highway": "street_lamp",
        "lamp_type": "LED",
        "support": "pole"
      },
      "geohash": "ttncfk24c"
    },
    {
      "type": "Feature",
      "geometry": { "type": "Point", "coordinates": [77.0909592, 28.4564082] },
      "properties": {
        "highway": "street_lamp",
        "lamp_type": "LED",
        "support": "pole"
      },
      "geohash": "ttncfhrft"
    },
    {
      "type": "Feature",
      "geometry": { "type": "Point", "coordinates": [77.0906936, 28.4563395] },
      "properties": {
        "highway": "street_lamp",
        "lamp_type": "LED",
        "support": "pole"
      },
      "geohash": "ttncfhrdp"
    },
    {
      "type": "Feature",
      "geometry": { "type": "Point", "coordinates": [77.0904768, 28.4562943] },
      "properties": {
        "highway": "street_lamp",
        "lamp_type": "LED",
        "support": "pole"
      },
      "geohash": "ttncfhr9f"
    },
    {
      "type": "Feature",
      "geometry": { "type": "Point", "coordinates": [77.0902, 28.4562389] },
      "properties": {
        "highway": "street_lamp",
        "lamp_type": "LED",
        "support": "pole"
      },
      "geohash": "ttncfhr3e"
    },
    {
      "type": "Feature",
      "geometry": { "type": "Point", "coordinates": [77.0900009, 28.4561982] },
      "properties": {
        "highway": "street_lamp",
        "lamp_type": "LED",
        "support": "pole"
      },
      "geohash": "ttncfhr1r"
    },
    {
      "type": "Feature",
      "geometry": { "type": "Point", "coordinates": [77.0905732, 28.4557794] },
      "properties": {
        "highway": "street_lamp",
        "lamp_type": "LED",
        "support": "pole"
      },
      "geohash": "ttncfhpwu"
    },
    {
      "type": "Feature",
      "geometry": { "type": "Point", "coordinates": [77.0908513, 28.4558353] },
      "properties": {
        "highway": "street_lamp",
        "lamp_type": "LED",
        "support": "pole"
      },
      "geohash": "ttncfhpz7"
    },
    {
      "type": "Feature",
      "geometry": { "type": "Point", "coordinates": [77.0911333, 28.4559085] },
      "properties": {
        "highway": "street_lamp",
        "lamp_type": "LED",
        "support": "pole"
      },
      "geohash": "ttncfk0p9"
    },
    {
      "type": "Feature",
      "geometry": { "type": "Point", "coordinates": [77.091393, 28.455979] },
      "properties": {
        "highway": "street_lamp",
        "lamp_type": "LED",
        "support": "pole"
      },
      "geohash": "ttncfk20p"
    },
    {
      "type": "Feature",
      "geometry": { "type": "Point", "coordinates": [77.0915052, 28.4556397] },
      "properties": {
        "highway": "street_lamp",
        "lamp_type": "LED",
        "support": "pole"
      },
      "geohash": "ttncfk0q4"
    },
    {
      "type": "Feature",
      "geometry": { "type": "Point", "coordinates": [77.1354001, 28.583469] },
      "properties": {
        "highway": "street_lamp",
        "lamp_mount": "high_mast",
        "lamp_type": "led"
      },
      "geohash": "ttnfe72qc"
    },
    {
      "type": "Feature",
      "geometry": { "type": "Point", "coordinates": [77.1677144, 28.6844679] },
      "properties": {
        "highway": "street_lamp",
        "lamp_mount": "bent_mast",
        "lamp_type": "led"
      },
      "geohash": "ttng5vzg4"
    },
    {
      "type": "Feature",
      "geometry": { "type": "Point", "coordinates": [77.1679217, 28.684531] },
      "properties": {
        "highway": "street_lamp",
        "lamp_mount": "bent_mast",
        "lamp_type": "led"
      },
      "geohash": "ttng5vzgw"
    },
    {
      "type": "Feature",
      "geometry": { "type": "Point", "coordinates": [77.1677186, 28.6844082] },
      "properties": {
        "highway": "street_lamp",
        "lamp_mount": "bent_mast",
        "lamp_type": "led"
      },
      "geohash": "ttng5vzff"
    },
    {
      "type": "Feature",
      "geometry": { "type": "Point", "coordinates": [77.167707, 28.6845325] },
      "properties": {
        "highway": "street_lamp",
        "lamp_mount": "bent_mast",
        "lamp_type": "led"
      },
      "geohash": "ttng5vzg9"
    },
    {
      "type": "Feature",
      "geometry": { "type": "Point", "coordinates": [77.1679247, 28.6844031] },
      "properties": {
        "highway": "street_lamp",
        "lamp_mount": "bent_mast",
        "lamp_type": "led"
      },
      "geohash": "ttng5vzfy"
    },
    {
      "type": "Feature",
      "geometry": { "type": "Point", "coordinates": [77.1679232, 28.6844705] },
      "properties": {
        "highway": "street_lamp",
        "lamp_mount": "bent_mast",
        "lamp_type": "led"
      },
      "geohash": "ttng5vzgn"
    },
    {
      "type": "Feature",
      "geometry": { "type": "Point", "coordinates": [77.1678022, 28.6846368] },
      "properties": {
        "highway": "street_lamp",
        "lamp_mount": "bent_mast",
        "lamp_type": "led"
      },
      "geohash": "ttng5vzuh"
    },
    {
      "type": "Feature",
      "geometry": { "type": "Point", "coordinates": [77.2091737, 28.6941818] },
      "properties": {
        "highway": "street_lamp",
        "lamp_mount": "high_mast",
        "lamp_type": "led"
      },
      "geohash": "ttnghzw58"
    },
    {
      "type": "Feature",
      "geometry": { "type": "Point", "coordinates": [77.2082123, 28.694525] },
      "properties": {
        "highway": "street_lamp",
        "lamp_mount": "high_mast",
        "lamp_type": "led"
      },
      "geohash": "ttnghztm9"
    },
    {
      "type": "Feature",
      "geometry": { "type": "Point", "coordinates": [77.209748, 28.6953039] },
      "properties": {
        "highway": "street_lamp",
        "lamp_mount": "high_mast",
        "lamp_type": "led"
      },
      "geohash": "ttnghzy6m"
    },
    {
      "type": "Feature",
      "geometry": { "type": "Point", "coordinates": [77.2087228, 28.6956748] },
      "properties": {
        "highway": "street_lamp",
        "lamp_mount": "high_mast",
        "lamp_type": "led"
      },
      "geohash": "ttnghzvsm"
    },
    {
      "type": "Feature",
      "geometry": { "type": "Point", "coordinates": [77.091415, 28.4543916] },
      "properties": {
        "highway": "street_lamp",
        "lamp_type": "LED",
        "support": "pole"
      },
      "geohash": "ttncf7bqb"
    },
    {
      "type": "Feature",
      "geometry": { "type": "Point", "coordinates": [77.2750612, 28.5376953] },
      "properties": {
        "highway": "street_lamp",
        "lamp_mount": "high_mast",
        "lamp_type": "led"
      },
      "geohash": "ttnfq7jup"
    },
    {
      "type": "Feature",
      "geometry": { "type": "Point", "coordinates": [77.2028672, 28.6844833] },
      "properties": {
        "direction": "232",
        "highway": "street_lamp",
        "lamp_mount": "bent_mast",
        "lamp_type": "LED",
        "support": "pole"
      },
      "geohash": "ttnghvc7j"
    },
    {
      "type": "Feature",
      "geometry": { "type": "Point", "coordinates": [77.2029622, 28.679868] },
      "properties": {
        "highway": "street_lamp",
        "lamp_mount": "bent_mast",
        "lamp_type": "LED",
        "support": "pole"
      },
      "geohash": "ttnghv12r"
    },
    {
      "type": "Feature",
      "geometry": { "type": "Point", "coordinates": [77.2931452, 28.6235381] },
      "properties": {
        "highway": "street_lamp",
        "lamp_mount": "high_mast",
        "man_made": "mast",
        "tower:type": "lighting"
      },
      "geohash": "ttnfyfg0h"
    },
    {
      "type": "Feature",
      "geometry": { "type": "Point", "coordinates": [77.0941339, 28.4744065] },
      "properties": { "highway": "street_lamp" },
      "geohash": "ttncfrd5r"
    },
    {
      "type": "Feature",
      "geometry": { "type": "Point", "coordinates": [77.0941374, 28.4745728] },
      "properties": { "highway": "street_lamp" },
      "geohash": "ttncfrdhr"
    },
    {
      "type": "Feature",
      "geometry": { "type": "Point", "coordinates": [77.0936419, 28.4735072] },
      "properties": {
        "highway": "street_lamp",
        "lamp_mount": "bent_mast",
        "lamp_type": "led"
      },
      "geohash": "ttncfr3yh"
    },
    {
      "type": "Feature",
      "geometry": { "type": "Point", "coordinates": [77.0936516, 28.4730963] },
      "properties": {
        "highway": "street_lamp",
        "lamp_mount": "bent_mast",
        "lamp_type": "led"
      },
      "geohash": "ttncfr3gu"
    },
    {
      "type": "Feature",
      "geometry": { "type": "Point", "coordinates": [77.0936339, 28.474009] },
      "properties": {
        "highway": "street_lamp",
        "lamp_mount": "bent_mast",
        "lamp_type": "led"
      },
      "geohash": "ttncfr9c5"
    },
    {
      "type": "Feature",
      "geometry": { "type": "Point", "coordinates": [77.0936401, 28.473835] },
      "properties": {
        "highway": "street_lamp",
        "lamp_mount": "bent_mast",
        "lamp_type": "led"
      },
      "geohash": "ttncfr9bh"
    },
    {
      "type": "Feature",
      "geometry": { "type": "Point", "coordinates": [77.0936309, 28.4741753] },
      "properties": {
        "highway": "street_lamp",
        "lamp_mount": "bent_mast",
        "lamp_type": "led"
      },
      "geohash": "ttncfr9f5"
    },
    {
      "type": "Feature",
      "geometry": { "type": "Point", "coordinates": [77.0936486, 28.4727334] },
      "properties": {
        "highway": "street_lamp",
        "lamp_mount": "bent_mast",
        "lamp_type": "led"
      },
      "geohash": "ttncfr3cs"
    },
    {
      "type": "Feature",
      "geometry": { "type": "Point", "coordinates": [77.0936458, 28.4732233] },
      "properties": {
        "highway": "street_lamp",
        "lamp_mount": "bent_mast",
        "lamp_type": "led"
      },
      "geohash": "ttncfr3us"
    },
    {
      "type": "Feature",
      "geometry": { "type": "Point", "coordinates": [77.0936394, 28.4736652] },
      "properties": {
        "highway": "street_lamp",
        "lamp_mount": "bent_mast",
        "lamp_type": "led"
      },
      "geohash": "ttncfr3zh"
    },
    {
      "type": "Feature",
      "geometry": { "type": "Point", "coordinates": [77.093648, 28.4733074] },
      "properties": {
        "highway": "street_lamp",
        "lamp_mount": "bent_mast",
        "lamp_type": "led"
      },
      "geohash": "ttncfr3vh"
    },
    {
      "type": "Feature",
      "geometry": { "type": "Point", "coordinates": [77.093648, 28.4729329] },
      "properties": {
        "highway": "street_lamp",
        "lamp_mount": "bent_mast",
        "lamp_type": "led"
      },
      "geohash": "ttncfr3fu"
    },
    {
      "type": "Feature",
      "geometry": { "type": "Point", "coordinates": [77.0936247, 28.4743834] },
      "properties": {
        "highway": "street_lamp",
        "lamp_mount": "bent_mast",
        "lamp_type": "led"
      },
      "geohash": "ttncfr9g7"
    },
    {
      "type": "Feature",
      "geometry": { "type": "Point", "coordinates": [77.0936485, 28.4725988] },
      "properties": {
        "highway": "street_lamp",
        "lamp_mount": "bent_mast",
        "lamp_type": "led"
      },
      "geohash": "ttncfr3bu"
    },
    {
      "type": "Feature",
      "geometry": { "type": "Point", "coordinates": [77.0941053, 28.4754869] },
      "properties": { "highway": "street_lamp" },
      "geohash": "ttncfrf1w"
    },
    {
      "type": "Feature",
      "geometry": { "type": "Point", "coordinates": [77.0941153, 28.4752683] },
      "properties": { "highway": "street_lamp" },
      "geohash": "ttncfrf0r"
    },
    {
      "type": "Feature",
      "geometry": { "type": "Point", "coordinates": [77.2884672, 28.621926] },
      "properties": {
        "highway": "street_lamp",
        "lamp_mount": "high_mast",
        "lamp_type": "led"
      },
      "geohash": "ttnfydrwz"
    },
    {
      "type": "Feature",
      "geometry": { "type": "Point", "coordinates": [77.2887214, 28.6194033] },
      "properties": {
        "highway": "street_lamp",
        "lamp_mount": "bent_mast",
        "lamp_type": "led"
      },
      "geohash": "ttnfydpbj"
    },
    {
      "type": "Feature",
      "geometry": { "type": "Point", "coordinates": [77.2892802, 28.6206762] },
      "properties": {
        "highway": "street_lamp",
        "lamp_mount": "bent_mast",
        "lamp_type": "led"
      },
      "geohash": "ttnfyf0rd"
    },
    {
      "type": "Feature",
      "geometry": { "type": "Point", "coordinates": [77.2887361, 28.6193734] },
      "properties": {
        "highway": "street_lamp",
        "lamp_mount": "bent_mast",
        "lamp_type": "led"
      },
      "geohash": "ttnfy9zzy"
    },
    {
      "type": "Feature",
      "geometry": { "type": "Point", "coordinates": [77.2887254, 28.6218563] },
      "properties": {
        "highway": "street_lamp",
        "lamp_mount": "bent_mast",
        "lamp_type": "led"
      },
      "geohash": "ttnfydrym"
    },
    {
      "type": "Feature",
      "geometry": { "type": "Point", "coordinates": [77.2892239, 28.6195602] },
      "properties": {
        "highway": "street_lamp",
        "lamp_mount": "bent_mast",
        "lamp_type": "led"
      },
      "geohash": "ttnfyf031"
    },
    {
      "type": "Feature",
      "geometry": { "type": "Point", "coordinates": [77.2894542, 28.6196759] },
      "properties": {
        "highway": "street_lamp",
        "lamp_mount": "bent_mast",
        "lamp_type": "led"
      },
      "geohash": "ttnfyf03w"
    },
    {
      "type": "Feature",
      "geometry": { "type": "Point", "coordinates": [77.2894689, 28.619646] },
      "properties": {
        "highway": "street_lamp",
        "lamp_mount": "bent_mast",
        "lamp_type": "led"
      },
      "geohash": "ttnfyf03x"
    },
    {
      "type": "Feature",
      "geometry": { "type": "Point", "coordinates": [77.2889745, 28.6194618] },
      "properties": {
        "highway": "street_lamp",
        "lamp_mount": "bent_mast",
        "lamp_type": "led"
      },
      "geohash": "ttnfyf007"
    },
    {
      "type": "Feature",
      "geometry": { "type": "Point", "coordinates": [77.2897802, 28.6202026] },
      "properties": {
        "highway": "street_lamp",
        "lamp_mount": "bent_mast",
        "lamp_type": "led"
      },
      "geohash": "ttnfyf0sy"
    },
    {
      "type": "Feature",
      "geometry": { "type": "Point", "coordinates": [77.2892092, 28.6195901] },
      "properties": {
        "highway": "street_lamp",
        "lamp_mount": "bent_mast",
        "lamp_type": "led"
      },
      "geohash": "ttnfyf031"
    },
    {
      "type": "Feature",
      "geometry": { "type": "Point", "coordinates": [77.2882952, 28.6192376] },
      "properties": {
        "highway": "street_lamp",
        "lamp_mount": "bent_mast",
        "lamp_type": "led"
      },
      "geohash": "ttnfy9zx5"
    },
    {
      "type": "Feature",
      "geometry": { "type": "Point", "coordinates": [77.2869137, 28.6187306] },
      "properties": {
        "highway": "street_lamp",
        "lamp_mount": "bent_mast",
        "lamp_type": "led"
      },
      "geohash": "ttnfy9ys5"
    },
    {
      "type": "Feature",
      "geometry": { "type": "Point", "coordinates": [77.2876426, 28.6189569] },
      "properties": {
        "highway": "street_lamp",
        "lamp_mount": "bent_mast",
        "lamp_type": "led"
      },
      "geohash": "ttnfy9zjs"
    },
    {
      "type": "Feature",
      "geometry": { "type": "Point", "coordinates": [77.2869284, 28.6187007] },
      "properties": {
        "highway": "street_lamp",
        "lamp_mount": "bent_mast",
        "lamp_type": "led"
      },
      "geohash": "ttnfy9ys5"
    },
    {
      "type": "Feature",
      "geometry": { "type": "Point", "coordinates": [77.2886464, 28.6216527] },
      "properties": {
        "highway": "street_lamp",
        "lamp_mount": "bent_mast",
        "lamp_type": "led"
      },
      "geohash": "ttnfydrv5"
    },
    {
      "type": "Feature",
      "geometry": { "type": "Point", "coordinates": [77.2871729, 28.6188096] },
      "properties": {
        "highway": "street_lamp",
        "lamp_mount": "bent_mast",
        "lamp_type": "led"
      },
      "geohash": "ttnfy9yu9"
    },
    {
      "type": "Feature",
      "geometry": { "type": "Point", "coordinates": [77.288538, 28.6192984] },
      "properties": {
        "highway": "street_lamp",
        "lamp_mount": "bent_mast",
        "lamp_type": "led"
      },
      "geohash": "ttnfy9zz3"
    },
    {
      "type": "Feature",
      "geometry": { "type": "Point", "coordinates": [77.287866, 28.6190758] },
      "properties": {
        "highway": "street_lamp",
        "lamp_mount": "bent_mast",
        "lamp_type": "led"
      },
      "geohash": "ttnfy9zq1"
    },
    {
      "type": "Feature",
      "geometry": { "type": "Point", "coordinates": [77.2889212, 28.6215376] },
      "properties": {
        "highway": "street_lamp",
        "lamp_mount": "bent_mast",
        "lamp_type": "led"
      },
      "geohash": "ttnfyf2hd"
    },
    {
      "type": "Feature",
      "geometry": { "type": "Point", "coordinates": [77.2890837, 28.621195] },
      "properties": {
        "highway": "street_lamp",
        "lamp_mount": "bent_mast",
        "lamp_type": "led"
      },
      "geohash": "ttnfyf24w"
    },
    {
      "type": "Feature",
      "geometry": { "type": "Point", "coordinates": [77.2874115, 28.6189024] },
      "properties": {
        "highway": "street_lamp",
        "lamp_mount": "bent_mast",
        "lamp_type": "led"
      },
      "geohash": "ttnfy9yvp"
    },
    {
      "type": "Feature",
      "geometry": { "type": "Point", "coordinates": [77.288826, 28.6216927] },
      "properties": {
        "highway": "street_lamp",
        "lamp_mount": "bent_mast",
        "lamp_type": "led"
      },
      "geohash": "ttnfyf2j2"
    },
    {
      "type": "Feature",
      "geometry": { "type": "Point", "coordinates": [77.289025, 28.6210795] },
      "properties": {
        "highway": "street_lamp",
        "lamp_mount": "bent_mast",
        "lamp_type": "led"
      },
      "geohash": "ttnfyf21u"
    },
    {
      "type": "Feature",
      "geometry": { "type": "Point", "coordinates": [77.2885233, 28.6193283] },
      "properties": {
        "highway": "street_lamp",
        "lamp_mount": "bent_mast",
        "lamp_type": "led"
      },
      "geohash": "ttnfy9zz9"
    },
    {
      "type": "Feature",
      "geometry": { "type": "Point", "coordinates": [77.2876279, 28.6189868] },
      "properties": {
        "highway": "street_lamp",
        "lamp_mount": "bent_mast",
        "lamp_type": "led"
      },
      "geohash": "ttnfy9zjs"
    },
    {
      "type": "Feature",
      "geometry": { "type": "Point", "coordinates": [77.2873256, 28.6189628] },
      "properties": {
        "highway": "street_lamp",
        "lamp_mount": "straight_mast",
        "lamp_type": "led"
      },
      "geohash": "ttnfy9yvt"
    },
    {
      "type": "Feature",
      "geometry": { "type": "Point", "coordinates": [77.2894497, 28.6207283] },
      "properties": {
        "highway": "street_lamp",
        "lamp_mount": "bent_mast",
        "lamp_type": "led"
      },
      "geohash": "ttnfyf0ry"
    },
    {
      "type": "Feature",
      "geometry": { "type": "Point", "coordinates": [77.2890207, 28.6213807] },
      "properties": {
        "highway": "street_lamp",
        "lamp_mount": "bent_mast",
        "lamp_type": "led"
      },
      "geohash": "ttnfyf25s"
    },
    {
      "type": "Feature",
      "geometry": { "type": "Point", "coordinates": [77.2893941, 28.6204943] },
      "properties": {
        "highway": "street_lamp",
        "lamp_mount": "bent_mast",
        "lamp_type": "led"
      },
      "geohash": "ttnfyf0qm"
    },
    {
      "type": "Feature",
      "geometry": { "type": "Point", "coordinates": [77.2894138, 28.6207886] },
      "properties": {
        "highway": "street_lamp",
        "lamp_mount": "high_mast",
        "lamp_type": "led"
      },
      "geohash": "ttnfyf22j"
    },
    {
      "type": "Feature",
      "geometry": { "type": "Point", "coordinates": [77.2892193, 28.6209832] },
      "properties": {
        "highway": "street_lamp",
        "lamp_mount": "bent_mast",
        "lamp_type": "led"
      },
      "geohash": "ttnfyf233"
    },
    {
      "type": "Feature",
      "geometry": { "type": "Point", "coordinates": [77.2883099, 28.6192077] },
      "properties": {
        "highway": "street_lamp",
        "lamp_mount": "bent_mast",
        "lamp_type": "led"
      },
      "geohash": "ttnfy9zwu"
    },
    {
      "type": "Feature",
      "geometry": { "type": "Point", "coordinates": [77.2889598, 28.6194917] },
      "properties": {
        "highway": "street_lamp",
        "lamp_mount": "bent_mast",
        "lamp_type": "led"
      },
      "geohash": "ttnfyf00e"
    },
    {
      "type": "Feature",
      "geometry": { "type": "Point", "coordinates": [77.2891107, 28.620897] },
      "properties": {
        "highway": "street_lamp",
        "lamp_mount": "bent_mast",
        "lamp_type": "led"
      },
      "geohash": "ttnfyf20y"
    },
    {
      "type": "Feature",
      "geometry": { "type": "Point", "coordinates": [77.2895583, 28.6205542] },
      "properties": {
        "highway": "street_lamp",
        "lamp_mount": "bent_mast",
        "lamp_type": "led"
      },
      "geohash": "ttnfyf0wc"
    },
    {
      "type": "Feature",
      "geometry": { "type": "Point", "coordinates": [77.2897001, 28.6197374] },
      "properties": {
        "highway": "street_lamp",
        "lamp_mount": "bent_mast",
        "lamp_type": "led"
      },
      "geohash": "ttnfyf0dh"
    },
    {
      "type": "Feature",
      "geometry": { "type": "Point", "coordinates": [77.2897525, 28.620258] },
      "properties": {
        "highway": "street_lamp",
        "lamp_mount": "high_mast",
        "lamp_type": "led"
      },
      "geohash": "ttnfyf0tj"
    },
    {
      "type": "Feature",
      "geometry": { "type": "Point", "coordinates": [77.2878807, 28.6190459] },
      "properties": {
        "highway": "street_lamp",
        "lamp_mount": "bent_mast",
        "lamp_type": "led"
      },
      "geohash": "ttnfy9zq4"
    },
    {
      "type": "Feature",
      "geometry": { "type": "Point", "coordinates": [77.2895336, 28.620301] },
      "properties": {
        "highway": "street_lamp",
        "lamp_mount": "bent_mast",
        "lamp_type": "led"
      },
      "geohash": "ttnfyf0t2"
    },
    {
      "type": "Feature",
      "geometry": { "type": "Point", "coordinates": [77.2871876, 28.6187797] },
      "properties": {
        "highway": "street_lamp",
        "lamp_mount": "bent_mast",
        "lamp_type": "led"
      },
      "geohash": "ttnfy9yu6"
    },
    {
      "type": "Feature",
      "geometry": { "type": "Point", "coordinates": [77.2896854, 28.6197673] },
      "properties": {
        "highway": "street_lamp",
        "lamp_mount": "bent_mast",
        "lamp_type": "led"
      },
      "geohash": "ttnfyf0dh"
    },
    {
      "type": "Feature",
      "geometry": { "type": "Point", "coordinates": [77.2897642, 28.6198891] },
      "properties": {
        "highway": "street_lamp",
        "lamp_mount": "straight_mast",
        "lamp_type": "led"
      },
      "geohash": "ttnfyf0dy"
    },
    {
      "type": "Feature",
      "geometry": { "type": "Point", "coordinates": [77.2874262, 28.6188725] },
      "properties": {
        "highway": "street_lamp",
        "lamp_mount": "bent_mast",
        "lamp_type": "led"
      },
      "geohash": "ttnfy9yvp"
    },
    {
      "type": "Feature",
      "geometry": { "type": "Point", "coordinates": [77.2884603, 28.6194011] },
      "properties": {
        "highway": "street_lamp",
        "lamp_mount": "straight_mast",
        "lamp_type": "led"
      },
      "geohash": "ttnfydp8p"
    },
    {
      "type": "Feature",
      "geometry": { "type": "Point", "coordinates": [77.1914637, 28.7087162] },
      "properties": {
        "highway": "street_lamp",
        "lamp_mount": "high_mast",
        "lamp_type": "led"
      },
      "geohash": "ttngkd307"
    },
    {
      "type": "Feature",
      "geometry": { "type": "Point", "coordinates": [77.2394072, 28.5680327] },
      "properties": { "highway": "street_lamp" },
      "geohash": "ttnft8shb"
    },
    {
      "type": "Feature",
      "geometry": { "type": "Point", "coordinates": [77.2539309, 28.5473954] },
      "properties": {
        "highway": "street_lamp",
        "lamp_mount": "bent_mast",
        "lamp_type": "electric"
      },
      "geohash": "ttnfmuyse"
    },
    {
      "type": "Feature",
      "geometry": { "type": "Point", "coordinates": [77.253918, 28.5474227] },
      "properties": {
        "highway": "street_lamp",
        "lamp_mount": "bent_mast",
        "lamp_type": "electric"
      },
      "geohash": "ttnfmuysf"
    },
    {
      "type": "Feature",
      "geometry": { "type": "Point", "coordinates": [77.1901594, 28.7058506] },
      "properties": { "highway": "street_lamp" },
      "geohash": "ttngk98pt"
    },
    {
      "type": "Feature",
      "geometry": { "type": "Point", "coordinates": [77.1907369, 28.7056123] },
      "properties": { "highway": "street_lamp" },
      "geohash": "ttngk98w6"
    },
    {
      "type": "Feature",
      "geometry": { "type": "Point", "coordinates": [77.2453122, 28.6280846] },
      "properties": {
        "highway": "street_lamp",
        "lamp_mount": "bent_mast",
        "lamp_type": "led"
      },
      "geohash": "ttnfvg86d"
    },
    {
      "type": "Feature",
      "geometry": { "type": "Point", "coordinates": [77.2453198, 28.6280183] },
      "properties": {
        "highway": "street_lamp",
        "lamp_mount": "bent_mast",
        "lamp_type": "led"
      },
      "geohash": "ttnfvg866"
    },
    {
      "type": "Feature",
      "geometry": { "type": "Point", "coordinates": [77.2153486, 28.6947313] },
      "properties": { "highway": "street_lamp" },
      "geohash": "ttngjpdwb"
    },
    {
      "type": "Feature",
      "geometry": { "type": "Point", "coordinates": [77.2140601, 28.6874774] },
      "properties": { "highway": "street_lamp" },
      "geohash": "ttngjn3sd"
    },
    {
      "type": "Feature",
      "geometry": { "type": "Point", "coordinates": [77.2139691, 28.6877434] },
      "properties": { "highway": "street_lamp" },
      "geohash": "ttngjn3qp"
    },
    {
      "type": "Feature",
      "geometry": { "type": "Point", "coordinates": [77.2137261, 28.6870882] },
      "properties": { "highway": "street_lamp" },
      "geohash": "ttngjn366"
    },
    {
      "type": "Feature",
      "geometry": { "type": "Point", "coordinates": [77.2137529, 28.6871796] },
      "properties": { "highway": "street_lamp" },
      "geohash": "ttngjn36f"
    },
    {
      "type": "Feature",
      "geometry": { "type": "Point", "coordinates": [77.2140047, 28.6880864] },
      "properties": { "highway": "street_lamp" },
      "geohash": "ttngjn980"
    },
    {
      "type": "Feature",
      "geometry": { "type": "Point", "coordinates": [77.2140969, 28.6875702] },
      "properties": { "highway": "street_lamp" },
      "geohash": "ttngjn3t4"
    },
    {
      "type": "Feature",
      "geometry": { "type": "Point", "coordinates": [77.2138651, 28.6877743] },
      "properties": { "highway": "street_lamp" },
      "geohash": "ttngjn3qm"
    },
    {
      "type": "Feature",
      "geometry": { "type": "Point", "coordinates": [77.2138309, 28.6872809] },
      "properties": { "highway": "street_lamp" },
      "geohash": "ttngjn37s"
    },
    {
      "type": "Feature",
      "geometry": { "type": "Point", "coordinates": [77.2144474, 28.6878177] },
      "properties": { "highway": "street_lamp" },
      "geohash": "ttngjn3ye"
    },
    {
      "type": "Feature",
      "geometry": { "type": "Point", "coordinates": [77.2138949, 28.6878397] },
      "properties": { "highway": "street_lamp" },
      "geohash": "ttngjn3qy"
    },
    {
      "type": "Feature",
      "geometry": { "type": "Point", "coordinates": [77.2141381, 28.6876612] },
      "properties": { "highway": "street_lamp" },
      "geohash": "ttngjn3te"
    },
    {
      "type": "Feature",
      "geometry": { "type": "Point", "coordinates": [77.2140176, 28.6876974] },
      "properties": { "highway": "street_lamp" },
      "geohash": "ttngjn3tc"
    },
    {
      "type": "Feature",
      "geometry": { "type": "Point", "coordinates": [77.2136742, 28.6871741] },
      "properties": { "highway": "street_lamp" },
      "geohash": "ttngjn36c"
    },
    {
      "type": "Feature",
      "geometry": { "type": "Point", "coordinates": [77.2139697, 28.6879824] },
      "properties": { "highway": "street_lamp" },
      "geohash": "ttngjn3rx"
    },
    {
      "type": "Feature",
      "geometry": { "type": "Point", "coordinates": [77.2142613, 28.6874262] },
      "properties": { "highway": "street_lamp" },
      "geohash": "ttngjn3sq"
    },
    {
      "type": "Feature",
      "geometry": { "type": "Point", "coordinates": [77.2094377, 28.6887207] },
      "properties": { "highway": "street_lamp" },
      "geohash": "ttnghyw5y"
    },
    {
      "type": "Feature",
      "geometry": { "type": "Point", "coordinates": [77.2143049, 28.6875326] },
      "properties": { "highway": "street_lamp" },
      "geohash": "ttngjn3sz"
    },
    {
      "type": "Feature",
      "geometry": { "type": "Point", "coordinates": [77.2143478, 28.6876301] },
      "properties": { "highway": "street_lamp" },
      "geohash": "ttngjn3v8"
    },
    {
      "type": "Feature",
      "geometry": { "type": "Point", "coordinates": [77.2142215, 28.6873383] },
      "properties": { "highway": "street_lamp" },
      "geohash": "ttngjn3ev"
    },
    {
      "type": "Feature",
      "geometry": { "type": "Point", "coordinates": [77.2140962, 28.6871031] },
      "properties": { "highway": "street_lamp" },
      "geohash": "ttngjn3d6"
    },
    {
      "type": "Feature",
      "geometry": { "type": "Point", "coordinates": [77.2112546, 28.68791] },
      "properties": { "highway": "street_lamp" },
      "geohash": "ttnghyrx0"
    },
    {
      "type": "Feature",
      "geometry": { "type": "Point", "coordinates": [77.2094027, 28.688483] },
      "properties": { "highway": "street_lamp" },
      "geohash": "ttnghyw4t"
    },
    {
      "type": "Feature",
      "geometry": { "type": "Point", "coordinates": [77.211953, 28.6876279] },
      "properties": { "highway": "street_lamp" },
      "geohash": "ttngjn2j8"
    },
    {
      "type": "Feature",
      "geometry": { "type": "Point", "coordinates": [77.2143921, 28.6877217] },
      "properties": { "highway": "street_lamp" },
      "geohash": "ttngjn3y1"
    },
    {
      "type": "Feature",
      "geometry": { "type": "Point", "coordinates": [77.2141715, 28.6872448] },
      "properties": { "highway": "street_lamp" },
      "geohash": "ttngjn3ek"
    },
    {
      "type": "Feature",
      "geometry": { "type": "Point", "coordinates": [77.2111845, 28.6880029] },
      "properties": { "highway": "street_lamp" },
      "geohash": "ttnghyrrw"
    },
    {
      "type": "Feature",
      "geometry": { "type": "Point", "coordinates": [77.2145062, 28.6879477] },
      "properties": { "highway": "street_lamp" },
      "geohash": "ttngjn3zk"
    },
    {
      "type": "Feature",
      "geometry": { "type": "Point", "coordinates": [77.2113771, 28.6878595] },
      "properties": { "highway": "street_lamp" },
      "geohash": "ttnghyrwg"
    },
    {
      "type": "Feature",
      "geometry": { "type": "Point", "coordinates": [77.2123527, 28.6876199] },
      "properties": { "highway": "street_lamp" },
      "geohash": "ttngjn2m6"
    },
    {
      "type": "Feature",
      "geometry": { "type": "Point", "coordinates": [77.212978, 28.6874165] },
      "properties": { "highway": "street_lamp" },
      "geohash": "ttngjn2u2"
    },
    {
      "type": "Feature",
      "geometry": { "type": "Point", "coordinates": [77.2121126, 28.6875806] },
      "properties": { "highway": "street_lamp" },
      "geohash": "ttngjn2jk"
    },
    {
      "type": "Feature",
      "geometry": { "type": "Point", "coordinates": [77.2132946, 28.6873266] },
      "properties": { "highway": "street_lamp" },
      "geohash": "ttngjn35b"
    },
    {
      "type": "Feature",
      "geometry": { "type": "Point", "coordinates": [77.2114097, 28.6879223] },
      "properties": { "highway": "street_lamp" },
      "geohash": "ttnghyrxk"
    },
    {
      "type": "Feature",
      "geometry": { "type": "Point", "coordinates": [77.2116604, 28.6877489] },
      "properties": { "highway": "street_lamp" },
      "geohash": "ttnghyry4"
    },
    {
      "type": "Feature",
      "geometry": { "type": "Point", "coordinates": [77.2115224, 28.6878081] },
      "properties": { "highway": "street_lamp" },
      "geohash": "ttnghyrww"
    },
    {
      "type": "Feature",
      "geometry": { "type": "Point", "coordinates": [77.2118359, 28.6876906] },
      "properties": { "highway": "street_lamp" },
      "geohash": "ttnghyrvy"
    },
    {
      "type": "Feature",
      "geometry": { "type": "Point", "coordinates": [77.2109678, 28.6880815] },
      "properties": { "highway": "street_lamp" },
      "geohash": "ttnghyx21"
    },
    {
      "type": "Feature",
      "geometry": { "type": "Point", "coordinates": [77.2098315, 28.6885216] },
      "properties": { "highway": "street_lamp" },
      "geohash": "ttnghyw6z"
    },
    {
      "type": "Feature",
      "geometry": { "type": "Point", "coordinates": [77.210126, 28.6883345] },
      "properties": { "highway": "street_lamp" },
      "geohash": "ttnghyw9w"
    },
    {
      "type": "Feature",
      "geometry": { "type": "Point", "coordinates": [77.2108405, 28.6880718] },
      "properties": { "highway": "street_lamp" },
      "geohash": "ttnghyx0n"
    },
    {
      "type": "Feature",
      "geometry": { "type": "Point", "coordinates": [77.2110975, 28.6879697] },
      "properties": { "highway": "street_lamp" },
      "geohash": "ttnghyrrs"
    },
    {
      "type": "Feature",
      "geometry": { "type": "Point", "coordinates": [77.2096507, 28.6888133] },
      "properties": { "highway": "street_lamp" },
      "geohash": "ttnghywk7"
    },
    {
      "type": "Feature",
      "geometry": { "type": "Point", "coordinates": [77.2093977, 28.6885718] },
      "properties": { "highway": "street_lamp" },
      "geohash": "ttnghyw5j"
    },
    {
      "type": "Feature",
      "geometry": { "type": "Point", "coordinates": [77.2109685, 28.688014] },
      "properties": { "highway": "street_lamp" },
      "geohash": "ttnghyrrc"
    },
    {
      "type": "Feature",
      "geometry": { "type": "Point", "coordinates": [77.2098882, 28.6884234] },
      "properties": { "highway": "street_lamp" },
      "geohash": "ttnghywd0"
    },
    {
      "type": "Feature",
      "geometry": { "type": "Point", "coordinates": [77.2110845, 28.6880354] },
      "properties": { "highway": "street_lamp" },
      "geohash": "ttnghyrru"
    },
    {
      "type": "Feature",
      "geometry": { "type": "Point", "coordinates": [77.2122737, 28.6883316] },
      "properties": { "highway": "street_lamp" },
      "geohash": "ttngjn838"
    },
    {
      "type": "Feature",
      "geometry": { "type": "Point", "coordinates": [77.2103145, 28.6882588] },
      "properties": { "highway": "street_lamp" },
      "geohash": "ttnghywc4"
    },
    {
      "type": "Feature",
      "geometry": { "type": "Point", "coordinates": [77.2103714, 28.6883162] },
      "properties": { "highway": "street_lamp" },
      "geohash": "ttnghywcs"
    },
    {
      "type": "Feature",
      "geometry": { "type": "Point", "coordinates": [77.2106549, 28.6882052] },
      "properties": { "highway": "street_lamp" },
      "geohash": "ttnghyx0f"
    },
    {
      "type": "Feature",
      "geometry": { "type": "Point", "coordinates": [77.2105128, 28.6882681] },
      "properties": { "highway": "street_lamp" },
      "geohash": "ttnghywcr"
    },
    {
      "type": "Feature",
      "geometry": { "type": "Point", "coordinates": [77.2106976, 28.6881185] },
      "properties": { "highway": "street_lamp" },
      "geohash": "ttnghyx07"
    },
    {
      "type": "Feature",
      "geometry": { "type": "Point", "coordinates": [77.2097742, 28.6885856] },
      "properties": { "highway": "street_lamp" },
      "geohash": "ttnghyw7n"
    },
    {
      "type": "Feature",
      "geometry": { "type": "Point", "coordinates": [77.2107854, 28.6881507] },
      "properties": { "highway": "street_lamp" },
      "geohash": "ttnghyx0t"
    },
    {
      "type": "Feature",
      "geometry": { "type": "Point", "coordinates": [77.2119766, 28.6879387] },
      "properties": { "highway": "street_lamp" },
      "geohash": "ttngjn2p3"
    },
    {
      "type": "Feature",
      "geometry": { "type": "Point", "coordinates": [77.2120092, 28.6877656] },
      "properties": { "highway": "street_lamp" },
      "geohash": "ttngjn2n6"
    },
    {
      "type": "Feature",
      "geometry": { "type": "Point", "coordinates": [77.2100718, 28.688432] },
      "properties": { "highway": "street_lamp" },
      "geohash": "ttnghywdj"
    },
    {
      "type": "Feature",
      "geometry": { "type": "Point", "coordinates": [77.2104342, 28.6881968] },
      "properties": { "highway": "street_lamp" },
      "geohash": "ttnghywbv"
    },
    {
      "type": "Feature",
      "geometry": { "type": "Point", "coordinates": [77.2105735, 28.6881675] },
      "properties": { "highway": "street_lamp" },
      "geohash": "ttnghyx08"
    },
    {
      "type": "Feature",
      "geometry": { "type": "Point", "coordinates": [77.2120559, 28.6880982] },
      "properties": { "highway": "street_lamp" },
      "geohash": "ttngjn807"
    },
    {
      "type": "Feature",
      "geometry": { "type": "Point", "coordinates": [77.2123595, 28.6885032] },
      "properties": { "highway": "street_lamp" },
      "geohash": "ttngjn86d"
    },
    {
      "type": "Feature",
      "geometry": { "type": "Point", "coordinates": [77.2109155, 28.6881036] },
      "properties": { "highway": "street_lamp" },
      "geohash": "ttnghyx22"
    },
    {
      "type": "Feature",
      "geometry": { "type": "Point", "coordinates": [77.2124394, 28.6886725] },
      "properties": { "highway": "street_lamp" },
      "geohash": "ttngjn87s"
    },
    {
      "type": "Feature",
      "geometry": { "type": "Point", "coordinates": [77.2120991, 28.6879841] },
      "properties": { "highway": "street_lamp" },
      "geohash": "ttngjn2ps"
    },
    {
      "type": "Feature",
      "geometry": { "type": "Point", "coordinates": [77.2121694, 28.6881281] },
      "properties": { "highway": "street_lamp" },
      "geohash": "ttngjn80m"
    },
    {
      "type": "Feature",
      "geometry": { "type": "Point", "coordinates": [77.2122391, 28.6884499] },
      "properties": { "highway": "street_lamp" },
      "geohash": "ttngjn84r"
    },
    {
      "type": "Feature",
      "geometry": { "type": "Point", "coordinates": [77.2123177, 28.688616] },
      "properties": { "highway": "street_lamp" },
      "geohash": "ttngjn873"
    },
    {
      "type": "Feature",
      "geometry": { "type": "Point", "coordinates": [77.212072, 28.6892794] },
      "properties": { "highway": "street_lamp" },
      "geohash": "ttngjn8p5"
    },
    {
      "type": "Feature",
      "geometry": { "type": "Point", "coordinates": [77.2114971, 28.6890727] },
      "properties": { "highway": "street_lamp" },
      "geohash": "ttnghyxty"
    },
    {
      "type": "Feature",
      "geometry": { "type": "Point", "coordinates": [77.2125167, 28.6888275] },
      "properties": { "highway": "street_lamp" },
      "geohash": "ttngjn8kw"
    },
    {
      "type": "Feature",
      "geometry": { "type": "Point", "coordinates": [77.2125389, 28.6891146] },
      "properties": { "highway": "street_lamp" },
      "geohash": "ttngjn8qn"
    },
    {
      "type": "Feature",
      "geometry": { "type": "Point", "coordinates": [77.1404795, 28.7003423] },
      "properties": { "highway": "street_lamp" },
      "geohash": "ttng72ezx"
    },
    {
      "type": "Feature",
      "geometry": { "type": "Point", "coordinates": [77.2116711, 28.6896115] },
      "properties": { "highway": "street_lamp" },
      "geohash": "ttnghyzc4"
    },
    {
      "type": "Feature",
      "geometry": { "type": "Point", "coordinates": [77.2126213, 28.6892749] },
      "properties": { "highway": "street_lamp" },
      "geohash": "ttngjn8x0"
    },
    {
      "type": "Feature",
      "geometry": { "type": "Point", "coordinates": [77.2122417, 28.6898046] },
      "properties": { "highway": "street_lamp" },
      "geohash": "ttngjnb4p"
    },
    {
      "type": "Feature",
      "geometry": { "type": "Point", "coordinates": [77.2120798, 28.6902367] },
      "properties": { "highway": "street_lamp" },
      "geohash": "ttngjnbhe"
    },
    {
      "type": "Feature",
      "geometry": { "type": "Point", "coordinates": [77.2123532, 28.6901448] },
      "properties": { "highway": "street_lamp" },
      "geohash": "ttngjnbk4"
    },
    {
      "type": "Feature",
      "geometry": { "type": "Point", "coordinates": [77.2125906, 28.6900509] },
      "properties": { "highway": "street_lamp" },
      "geohash": "ttngjnb7x"
    },
    {
      "type": "Feature",
      "geometry": { "type": "Point", "coordinates": [77.2119432, 28.6899284] },
      "properties": { "highway": "street_lamp" },
      "geohash": "ttngjnb4b"
    },
    {
      "type": "Feature",
      "geometry": { "type": "Point", "coordinates": [77.2127062, 28.6894388] },
      "properties": { "highway": "street_lamp" },
      "geohash": "ttngjnb84"
    },
    {
      "type": "Feature",
      "geometry": { "type": "Point", "coordinates": [77.2127267, 28.689613] },
      "properties": { "highway": "street_lamp" },
      "geohash": "ttngjnb94"
    },
    {
      "type": "Feature",
      "geometry": { "type": "Point", "coordinates": [77.2124765, 28.6897108] },
      "properties": { "highway": "street_lamp" },
      "geohash": "ttngjnb3t"
    },
    {
      "type": "Feature",
      "geometry": { "type": "Point", "coordinates": [77.2105666, 28.6904389] },
      "properties": { "highway": "street_lamp" },
      "geohash": "ttnghyzjb"
    },
    {
      "type": "Feature",
      "geometry": { "type": "Point", "coordinates": [77.2129051, 28.6896454] },
      "properties": { "highway": "street_lamp" },
      "geohash": "ttngjnb9r"
    },
    {
      "type": "Feature",
      "geometry": { "type": "Point", "coordinates": [77.2124068, 28.6899487] },
      "properties": { "highway": "street_lamp" },
      "geohash": "ttngjnb75"
    },
    {
      "type": "Feature",
      "geometry": { "type": "Point", "coordinates": [77.2122283, 28.689591] },
      "properties": { "highway": "street_lamp" },
      "geohash": "ttngjnb0z"
    },
    {
      "type": "Feature",
      "geometry": { "type": "Point", "coordinates": [77.2128845, 28.6899292] },
      "properties": { "highway": "street_lamp" },
      "geohash": "ttngjnbdy"
    },
    {
      "type": "Feature",
      "geometry": { "type": "Point", "coordinates": [77.2107869, 28.689707] },
      "properties": { "highway": "street_lamp" },
      "geohash": "ttnghyz1t"
    },
    {
      "type": "Feature",
      "geometry": { "type": "Point", "coordinates": [77.211322, 28.692005] },
      "properties": { "highway": "street_lamp" },
      "geohash": "ttnghzpx4"
    },
    {
      "type": "Feature",
      "geometry": { "type": "Point", "coordinates": [77.2128571, 28.6897549] },
      "properties": { "highway": "street_lamp" },
      "geohash": "ttngjnb9v"
    },
    {
      "type": "Feature",
      "geometry": { "type": "Point", "coordinates": [77.2103079, 28.690128] },
      "properties": { "highway": "street_lamp" },
      "geohash": "ttnghyyu4"
    },
    {
      "type": "Feature",
      "geometry": { "type": "Point", "coordinates": [77.2101965, 28.6899131] },
      "properties": { "highway": "street_lamp" },
      "geohash": "ttnghyydz"
    },
    {
      "type": "Feature",
      "geometry": { "type": "Point", "coordinates": [77.2129991, 28.6898091] },
      "properties": { "highway": "street_lamp" },
      "geohash": "ttngjnbf3"
    },
    {
      "type": "Feature",
      "geometry": { "type": "Point", "coordinates": [77.2108333, 28.6912695] },
      "properties": { "highway": "street_lamp" },
      "geohash": "ttnghzp4y"
    },
    {
      "type": "Feature",
      "geometry": { "type": "Point", "coordinates": [77.2115899, 28.6925664] },
      "properties": { "highway": "street_lamp" },
      "geohash": "ttnghzrf2"
    },
    {
      "type": "Feature",
      "geometry": { "type": "Point", "coordinates": [77.2129182, 28.6898882] },
      "properties": { "highway": "street_lamp" },
      "geohash": "ttngjnbdx"
    },
    {
      "type": "Feature",
      "geometry": { "type": "Point", "coordinates": [77.2127688, 28.6895595] },
      "properties": { "highway": "street_lamp" },
      "geohash": "ttngjnb8g"
    },
    {
      "type": "Feature",
      "geometry": { "type": "Point", "coordinates": [77.2113455, 28.6922777] },
      "properties": { "highway": "street_lamp" },
      "geohash": "ttnghzr8d"
    },
    {
      "type": "Feature",
      "geometry": { "type": "Point", "coordinates": [77.2109878, 28.69134] },
      "properties": { "highway": "street_lamp" },
      "geohash": "ttnghzp74"
    },
    {
      "type": "Feature",
      "geometry": { "type": "Point", "coordinates": [77.2117044, 28.6930036] },
      "properties": { "highway": "street_lamp" },
      "geohash": "ttnghzrug"
    },
    {
      "type": "Feature",
      "geometry": { "type": "Point", "coordinates": [77.2126848, 28.6950177] },
      "properties": { "highway": "street_lamp" },
      "geohash": "ttngjpb89"
    },
    {
      "type": "Feature",
      "geometry": { "type": "Point", "coordinates": [77.210578, 28.6897943] },
      "properties": { "highway": "street_lamp" },
      "geohash": "ttnghyz40"
    },
    {
      "type": "Feature",
      "geometry": { "type": "Point", "coordinates": [77.2114291, 28.6897368] },
      "properties": { "highway": "street_lamp" },
      "geohash": "ttnghyz9u"
    },
    {
      "type": "Feature",
      "geometry": { "type": "Point", "coordinates": [77.2106653, 28.6897543] },
      "properties": { "highway": "street_lamp" },
      "geohash": "ttnghyz1f"
    },
    {
      "type": "Feature",
      "geometry": { "type": "Point", "coordinates": [77.2104543, 28.6902201] },
      "properties": { "highway": "street_lamp" },
      "geohash": "ttnghyyut"
    },
    {
      "type": "Feature",
      "geometry": { "type": "Point", "coordinates": [77.2111808, 28.6917264] },
      "properties": { "highway": "street_lamp" },
      "geohash": "ttnghzpmq"
    },
    {
      "type": "Feature",
      "geometry": { "type": "Point", "coordinates": [77.210818, 28.6909658] },
      "properties": { "highway": "street_lamp" },
      "geohash": "ttnghzp0y"
    },
    {
      "type": "Feature",
      "geometry": { "type": "Point", "coordinates": [77.2102618, 28.6898037] },
      "properties": { "highway": "street_lamp" },
      "geohash": "ttnghyyf1"
    },
    {
      "type": "Feature",
      "geometry": { "type": "Point", "coordinates": [77.210684, 28.6906849] },
      "properties": { "highway": "street_lamp" },
      "geohash": "ttnghyzp7"
    },
    {
      "type": "Feature",
      "geometry": { "type": "Point", "coordinates": [77.2105283, 28.6906098] },
      "properties": { "highway": "street_lamp" },
      "geohash": "ttnghyyyz"
    },
    {
      "type": "Feature",
      "geometry": { "type": "Point", "coordinates": [77.2114076, 28.6921568] },
      "properties": { "highway": "street_lamp" },
      "geohash": "ttnghzpxu"
    },
    {
      "type": "Feature",
      "geometry": { "type": "Point", "coordinates": [77.2109579, 28.6914981] },
      "properties": { "highway": "street_lamp" },
      "geohash": "ttnghzpk1"
    },
    {
      "type": "Feature",
      "geometry": { "type": "Point", "coordinates": [77.211192, 28.6919666] },
      "properties": { "highway": "street_lamp" },
      "geohash": "ttnghzpqz"
    },
    {
      "type": "Feature",
      "geometry": { "type": "Point", "coordinates": [77.2117688, 28.6931493] },
      "properties": { "highway": "street_lamp" },
      "geohash": "ttnghzrvs"
    },
    {
      "type": "Feature",
      "geometry": { "type": "Point", "coordinates": [77.2124706, 28.6945918] },
      "properties": { "highway": "street_lamp" },
      "geohash": "ttngjp8qh"
    },
    {
      "type": "Feature",
      "geometry": { "type": "Point", "coordinates": [77.2133495, 28.695491] },
      "properties": { "highway": "street_lamp" },
      "geohash": "ttngjpc53"
    },
    {
      "type": "Feature",
      "geometry": { "type": "Point", "coordinates": [77.210398, 28.6903209] },
      "properties": { "highway": "street_lamp" },
      "geohash": "ttnghyyvh"
    },
    {
      "type": "Feature",
      "geometry": { "type": "Point", "coordinates": [77.2122662, 28.6941858] },
      "properties": { "highway": "street_lamp" },
      "geohash": "ttngjp878"
    },
    {
      "type": "Feature",
      "geometry": { "type": "Point", "coordinates": [77.2108951, 28.6911353] },
      "properties": { "highway": "street_lamp" },
      "geohash": "ttnghzp3b"
    },
    {
      "type": "Feature",
      "geometry": { "type": "Point", "coordinates": [77.2104779, 28.690505] },
      "properties": { "highway": "street_lamp" },
      "geohash": "ttnghyyyq"
    },
    {
      "type": "Feature",
      "geometry": { "type": "Point", "coordinates": [77.2118783, 28.6933922] },
      "properties": { "highway": "street_lamp" },
      "geohash": "ttnghzrzp"
    },
    {
      "type": "Feature",
      "geometry": { "type": "Point", "coordinates": [77.2114936, 28.6923523] },
      "properties": { "highway": "street_lamp" },
      "geohash": "ttnghzr9n"
    },
    {
      "type": "Feature",
      "geometry": { "type": "Point", "coordinates": [77.2116891, 28.6927519] },
      "properties": { "highway": "street_lamp" },
      "geohash": "ttnghzrg6"
    },
    {
      "type": "Feature",
      "geometry": { "type": "Point", "coordinates": [77.212584, 28.6948221] },
      "properties": { "highway": "street_lamp" },
      "geohash": "ttngjp8rr"
    },
    {
      "type": "Feature",
      "geometry": { "type": "Point", "coordinates": [77.2115265, 28.6926302] },
      "properties": { "highway": "street_lamp" },
      "geohash": "ttnghzrdw"
    },
    {
      "type": "Feature",
      "geometry": { "type": "Point", "coordinates": [77.2121661, 28.6939764] },
      "properties": { "highway": "street_lamp" },
      "geohash": "ttngjp84t"
    },
    {
      "type": "Feature",
      "geometry": { "type": "Point", "coordinates": [77.2112602, 28.6921217] },
      "properties": { "highway": "street_lamp" },
      "geohash": "ttnghzpx8"
    },
    {
      "type": "Feature",
      "geometry": { "type": "Point", "coordinates": [77.210768, 28.6911073] },
      "properties": { "highway": "street_lamp" },
      "geohash": "ttnghzp1v"
    },
    {
      "type": "Feature",
      "geometry": { "type": "Point", "coordinates": [77.2114506, 28.692463] },
      "properties": { "highway": "street_lamp" },
      "geohash": "ttnghzr9t"
    },
    {
      "type": "Feature",
      "geometry": { "type": "Point", "coordinates": [77.2123343, 28.6940341] },
      "properties": { "highway": "street_lamp" },
      "geohash": "ttngjp86c"
    },
    {
      "type": "Feature",
      "geometry": { "type": "Point", "coordinates": [77.2110928, 28.6915378] },
      "properties": { "highway": "street_lamp" },
      "geohash": "ttnghzpkk"
    },
    {
      "type": "Feature",
      "geometry": { "type": "Point", "coordinates": [77.2110919, 28.6917572] },
      "properties": { "highway": "street_lamp" },
      "geohash": "ttnghzpms"
    },
    {
      "type": "Feature",
      "geometry": { "type": "Point", "coordinates": [77.2118017, 28.6929889] },
      "properties": { "highway": "street_lamp" },
      "geohash": "ttnghzruv"
    },
    {
      "type": "Feature",
      "geometry": { "type": "Point", "coordinates": [77.2120068, 28.6933851] },
      "properties": { "highway": "street_lamp" },
      "geohash": "ttngjp2p4"
    },
    {
      "type": "Feature",
      "geometry": { "type": "Point", "coordinates": [77.2129074, 28.6954924] },
      "properties": { "highway": "street_lamp" },
      "geohash": "ttngjpber"
    },
    {
      "type": "Feature",
      "geometry": { "type": "Point", "coordinates": [77.2119745, 28.6935811] },
      "properties": { "highway": "street_lamp" },
      "geohash": "ttngjp801"
    },
    {
      "type": "Feature",
      "geometry": { "type": "Point", "coordinates": [77.2116231, 28.6928359] },
      "properties": { "highway": "street_lamp" },
      "geohash": "ttnghzrgc"
    },
    {
      "type": "Feature",
      "geometry": { "type": "Point", "coordinates": [77.2125326, 28.6944516] },
      "properties": { "highway": "street_lamp" },
      "geohash": "ttngjp8mq"
    },
    {
      "type": "Feature",
      "geometry": { "type": "Point", "coordinates": [77.2124367, 28.6942563] },
      "properties": { "highway": "street_lamp" },
      "geohash": "ttngjp8kh"
    },
    {
      "type": "Feature",
      "geometry": { "type": "Point", "coordinates": [77.2120776, 28.6937916] },
      "properties": { "highway": "street_lamp" },
      "geohash": "ttngjp817"
    },
    {
      "type": "Feature",
      "geometry": { "type": "Point", "coordinates": [77.2126459, 28.6946695] },
      "properties": { "highway": "street_lamp" },
      "geohash": "ttngjp8w9"
    },
    {
      "type": "Feature",
      "geometry": { "type": "Point", "coordinates": [77.2134605, 28.69544] },
      "properties": { "highway": "street_lamp" },
      "geohash": "ttngjpc5h"
    },
    {
      "type": "Feature",
      "geometry": { "type": "Point", "coordinates": [77.2141824, 28.6920767] },
      "properties": { "highway": "street_lamp" },
      "geohash": "ttngjp1xk"
    },
    {
      "type": "Feature",
      "geometry": { "type": "Point", "coordinates": [77.2138912, 28.6920351] },
      "properties": { "highway": "street_lamp" },
      "geohash": "ttngjp1rn"
    },
    {
      "type": "Feature",
      "geometry": { "type": "Point", "coordinates": [77.2138679, 28.6914247] },
      "properties": { "highway": "street_lamp" },
      "geohash": "ttngjp17t"
    },
    {
      "type": "Feature",
      "geometry": { "type": "Point", "coordinates": [77.213237, 28.690293] },
      "properties": { "highway": "street_lamp" },
      "geohash": "ttngjnbvn"
    },
    {
      "type": "Feature",
      "geometry": { "type": "Point", "coordinates": [77.2147324, 28.6926868] },
      "properties": { "highway": "street_lamp" },
      "geohash": "ttngjp651"
    },
    {
      "type": "Feature",
      "geometry": { "type": "Point", "coordinates": [77.2150464, 28.6949629] },
      "properties": { "highway": "street_lamp" },
      "geohash": "ttngjpf22"
    },
    {
      "type": "Feature",
      "geometry": { "type": "Point", "coordinates": [77.2143679, 28.6923087] },
      "properties": { "highway": "street_lamp" },
      "geohash": "ttngjp3bc"
    },
    {
      "type": "Feature",
      "geometry": { "type": "Point", "coordinates": [77.2145659, 28.6923435] },
      "properties": { "highway": "street_lamp" },
      "geohash": "ttngjp3cj"
    },
    {
      "type": "Feature",
      "geometry": { "type": "Point", "coordinates": [77.2132926, 28.6910897] },
      "properties": { "highway": "street_lamp" },
      "geohash": "ttngjp118"
    },
    {
      "type": "Feature",
      "geometry": { "type": "Point", "coordinates": [77.2146473, 28.6925143] },
      "properties": { "highway": "street_lamp" },
      "geohash": "ttngjp3fp"
    },
    {
      "type": "Feature",
      "geometry": { "type": "Point", "coordinates": [77.2137236, 28.6908709] },
      "properties": { "highway": "street_lamp" },
      "geohash": "ttngjp126"
    },
    {
      "type": "Feature",
      "geometry": { "type": "Point", "coordinates": [77.2137553, 28.6917553] },
      "properties": { "highway": "street_lamp" },
      "geohash": "ttngjp1md"
    },
    {
      "type": "Feature",
      "geometry": { "type": "Point", "coordinates": [77.2132345, 28.6904586] },
      "properties": { "highway": "street_lamp" },
      "geohash": "ttngjnbyn"
    },
    {
      "type": "Feature",
      "geometry": { "type": "Point", "coordinates": [77.2149082, 28.6930392] },
      "properties": { "highway": "street_lamp" },
      "geohash": "ttngjp6jj"
    },
    {
      "type": "Feature",
      "geometry": { "type": "Point", "coordinates": [77.2139891, 28.6916741] },
      "properties": { "highway": "street_lamp" },
      "geohash": "ttngjp1t0"
    },
    {
      "type": "Feature",
      "geometry": { "type": "Point", "coordinates": [77.2133545, 28.690719] },
      "properties": { "highway": "street_lamp" },
      "geohash": "ttngjncp9"
    },
    {
      "type": "Feature",
      "geometry": { "type": "Point", "coordinates": [77.2141243, 28.6919544] },
      "properties": { "highway": "street_lamp" },
      "geohash": "ttngjp1we"
    },
    {
      "type": "Feature",
      "geometry": { "type": "Point", "coordinates": [77.2140549, 28.6918145] },
      "properties": { "highway": "street_lamp" },
      "geohash": "ttngjp1tc"
    },
    {
      "type": "Feature",
      "geometry": { "type": "Point", "coordinates": [77.2134334, 28.6912386] },
      "properties": { "highway": "street_lamp" },
      "geohash": "ttngjp14e"
    },
    {
      "type": "Feature",
      "geometry": { "type": "Point", "coordinates": [77.2136443, 28.6915194] },
      "properties": { "highway": "street_lamp" },
      "geohash": "ttngjp1k0"
    },
    {
      "type": "Feature",
      "geometry": { "type": "Point", "coordinates": [77.2130858, 28.6899666] },
      "properties": { "highway": "street_lamp" },
      "geohash": "ttngjnbg5"
    },
    {
      "type": "Feature",
      "geometry": { "type": "Point", "coordinates": [77.213742, 28.6912831] },
      "properties": { "highway": "street_lamp" },
      "geohash": "ttngjp16f"
    },
    {
      "type": "Feature",
      "geometry": { "type": "Point", "coordinates": [77.2138292, 28.6919082] },
      "properties": { "highway": "street_lamp" },
      "geohash": "ttngjp1qk"
    },
    {
      "type": "Feature",
      "geometry": { "type": "Point", "coordinates": [77.2135374, 28.6908132] },
      "properties": { "highway": "street_lamp" },
      "geohash": "ttngjp10j"
    },
    {
      "type": "Feature",
      "geometry": { "type": "Point", "coordinates": [77.2133122, 28.6909751] },
      "properties": { "highway": "street_lamp" },
      "geohash": "ttngjp110"
    },
    {
      "type": "Feature",
      "geometry": { "type": "Point", "coordinates": [77.2133989, 28.6905683] },
      "properties": { "highway": "street_lamp" },
      "geohash": "ttngjncnd"
    },
    {
      "type": "Feature",
      "geometry": { "type": "Point", "coordinates": [77.2135825, 28.691336] },
      "properties": { "highway": "street_lamp" },
      "geohash": "ttngjp15n"
    },
    {
      "type": "Feature",
      "geometry": { "type": "Point", "coordinates": [77.2138027, 28.6909914] },
      "properties": { "highway": "street_lamp" },
      "geohash": "ttngjp13h"
    },
    {
      "type": "Feature",
      "geometry": { "type": "Point", "coordinates": [77.2137963, 28.6911326] },
      "properties": { "highway": "street_lamp" },
      "geohash": "ttngjp13g"
    },
    {
      "type": "Feature",
      "geometry": { "type": "Point", "coordinates": [77.2133698, 28.6908928] },
      "properties": { "highway": "street_lamp" },
      "geohash": "ttngjp109"
    },
    {
      "type": "Feature",
      "geometry": { "type": "Point", "coordinates": [77.2130961, 28.6901688] },
      "properties": { "highway": "street_lamp" },
      "geohash": "ttngjnbu7"
    },
    {
      "type": "Feature",
      "geometry": { "type": "Point", "coordinates": [77.209811, 28.6889358] },
      "properties": { "highway": "street_lamp" },
      "geohash": "ttnghywmn"
    },
    {
      "type": "Feature",
      "geometry": { "type": "Point", "coordinates": [77.2104446, 28.6909822] },
      "properties": { "highway": "street_lamp" },
      "geohash": "ttnghzncj"
    },
    {
      "type": "Feature",
      "geometry": { "type": "Point", "coordinates": [77.2097262, 28.6887812] },
      "properties": { "highway": "street_lamp" },
      "geohash": "ttnghywkm"
    },
    {
      "type": "Feature",
      "geometry": { "type": "Point", "coordinates": [77.2100742, 28.6896714] },
      "properties": { "highway": "street_lamp" },
      "geohash": "ttnghyy9m"
    },
    {
      "type": "Feature",
      "geometry": { "type": "Point", "coordinates": [77.2097893, 28.6891033] },
      "properties": { "highway": "street_lamp" },
      "geohash": "ttnghywqn"
    },
    {
      "type": "Feature",
      "geometry": { "type": "Point", "coordinates": [77.2105932, 28.6907824] },
      "properties": { "highway": "street_lamp" },
      "geohash": "ttnghyzpc"
    },
    {
      "type": "Feature",
      "geometry": { "type": "Point", "coordinates": [77.2101965, 28.6897033] },
      "properties": { "highway": "street_lamp" },
      "geohash": "ttnghyy9x"
    },
    {
      "type": "Feature",
      "geometry": { "type": "Point", "coordinates": [77.209893, 28.6890915] },
      "properties": { "highway": "street_lamp" },
      "geohash": "ttnghyww0"
    },
    {
      "type": "Feature",
      "geometry": { "type": "Point", "coordinates": [77.2098882, 28.6893412] },
      "properties": { "highway": "street_lamp" },
      "geohash": "ttnghywx8"
    },
    {
      "type": "Feature",
      "geometry": { "type": "Point", "coordinates": [77.2101208, 28.689783] },
      "properties": { "highway": "street_lamp" },
      "geohash": "ttnghyydn"
    },
    {
      "type": "Feature",
      "geometry": { "type": "Point", "coordinates": [77.2101036, 28.6895174] },
      "properties": { "highway": "street_lamp" },
      "geohash": "ttnghyy8t"
    },
    {
      "type": "Feature",
      "geometry": { "type": "Point", "coordinates": [77.2135317, 28.6926394] },
      "properties": { "highway": "street_lamp" },
      "geohash": "ttngjp34t"
    },
    {
      "type": "Feature",
      "geometry": { "type": "Point", "coordinates": [77.2132436, 28.6927567] },
      "properties": { "highway": "street_lamp" },
      "geohash": "ttngjp2gq"
    },
    {
      "type": "Feature",
      "geometry": { "type": "Point", "coordinates": [77.2128271, 28.6929146] },
      "properties": { "highway": "street_lamp" },
      "geohash": "ttngjp2sm"
    },
    {
      "type": "Feature",
      "geometry": { "type": "Point", "coordinates": [77.2131867, 28.6926454] },
      "properties": { "highway": "street_lamp" },
      "geohash": "ttngjp2fv"
    },
    {
      "type": "Feature",
      "geometry": { "type": "Point", "coordinates": [77.2138357, 28.6925228] },
      "properties": { "highway": "street_lamp" },
      "geohash": "ttngjp36h"
    },
    {
      "type": "Feature",
      "geometry": { "type": "Point", "coordinates": [77.2127733, 28.6927952] },
      "properties": { "highway": "street_lamp" },
      "geohash": "ttngjp2es"
    },
    {
      "type": "Feature",
      "geometry": { "type": "Point", "coordinates": [77.2130337, 28.6928321] },
      "properties": { "highway": "street_lamp" },
      "geohash": "ttngjp2gf"
    },
    {
      "type": "Feature",
      "geometry": { "type": "Point", "coordinates": [77.2129796, 28.6927207] },
      "properties": { "highway": "street_lamp" },
      "geohash": "ttngjp2g0"
    }
  ]
}
