{"type":"FeatureCollection","features":[{"type": "Feature", "geometry": {"type": "Point", "coordinates": [84.7864518, 19.3134622]}, "properties": {"highway": "street_lamp"}, "geohash": "tgkmc7gt5"},{"type": "Feature", "geometry": {"type": "Point", "coordinates": [84.7864238, 19.3138327]}, "properties": {"highway": "street_lamp"}, "geohash": "tgkmc7gx4"},{"type": "Feature", "geometry": {"type": "Point", "coordinates": [84.7864194, 19.3140191]}, "properties": {"highway": "street_lamp"}, "geohash": "tgkmck586"},{"type": "Feature", "geometry": {"type": "Point", "coordinates": [84.786412, 19.3142755]}, "properties": {"highway": "street_lamp"}, "geohash": "tgkmck59f"},{"type": "Feature", "geometry": {"type": "Point", "coordinates": [84.786339, 19.314643]}, "properties": {"highway": "street_lamp"}, "geohash": "tgkmck5eb"},{"type": "Feature", "geometry": {"type": "Point", "coordinates": [84.7862865, 19.3148038]}, "properties": {"highway": "street_lamp"}, "geohash": "tgkmck5kz"},{"type": "Feature", "geometry": {"type": "Point", "coordinates": [84.7862118, 19.3150329]}, "properties": {"highway": "street_lamp"}, "geohash": "tgkmck5qj"},{"type": "Feature", "geometry": {"type": "Point", "coordinates": [84.7852749, 19.3154278]}, "properties": {"highway": "street_lamp"}, "geohash": "tgkmck6b8"},{"type": "Feature", "geometry": {"type": "Point", "coordinates": [84.785042, 19.3154542]}, "properties": {"highway": "street_lamp"}, "geohash": "tgkmck68d"},{"type": "Feature", "geometry": {"type": "Point", "coordinates": [84.7847791, 19.315482]}, "properties": {"highway": "street_lamp"}, "geohash": "tgkmck62u"},{"type": "Feature", "geometry": {"type": "Point", "coordinates": [84.7845148, 19.3155121]}, "properties": {"highway": "street_lamp"}, "geohash": "tgkmck61n"},{"type": "Feature", "geometry": {"type": "Point", "coordinates": [84.7837772, 19.308731]}, "properties": {"highway": "street_lamp"}, "geohash": "tgkmc719t"},{"type": "Feature", "geometry": {"type": "Point", "coordinates": [84.7843191, 19.3091883]}, "properties": {"highway": "street_lamp"}, "geohash": "tgkmc74h1"},{"type": "Feature", "geometry": {"type": "Point", "coordinates": [84.7849671, 19.3091906]}, "properties": {"highway": "street_lamp"}, "geohash": "tgkmc74s0"},{"type": "Feature", "geometry": {"type": "Point", "coordinates": [84.7831959, 19.3100022]}, "properties": {"highway": "street_lamp"}, "geohash": "tgkmc730z"},{"type": "Feature", "geometry": {"type": "Point", "coordinates": [84.7850293, 19.3101283]}, "properties": {"highway": "street_lamp"}, "geohash": "tgkmc769d"},{"type": "Feature", "geometry": {"type": "Point", "coordinates": [84.7809886, 19.3101621]}, "properties": {"highway": "street_lamp"}, "geohash": "tgkmc5r9u"},{"type": "Feature", "geometry": {"type": "Point", "coordinates": [84.7834084, 19.3103468]}, "properties": {"highway": "street_lamp"}, "geohash": "tgkmc736u"},{"type": "Feature", "geometry": {"type": "Point", "coordinates": [84.783116, 19.3104177]}, "properties": {"highway": "street_lamp"}, "geohash": "tgkmc735m"},{"type": "Feature", "geometry": {"type": "Point", "coordinates": [84.7826835, 19.3104957]}, "properties": {"highway": "street_lamp"}, "geohash": "tgkmc72gg"},{"type": "Feature", "geometry": {"type": "Point", "coordinates": [84.7824626, 19.3105319]}, "properties": {"highway": "street_lamp"}, "geohash": "tgkmc72sn"},{"type": "Feature", "geometry": {"type": "Point", "coordinates": [84.7822976, 19.310543]}, "properties": {"highway": "street_lamp"}, "geohash": "tgkmc72s4"},{"type": "Feature", "geometry": {"type": "Point", "coordinates": [84.7821866, 19.3105532]}, "properties": {"highway": "street_lamp"}, "geohash": "tgkmc72s0"},{"type": "Feature", "geometry": {"type": "Point", "coordinates": [84.7819333, 19.310583]}, "properties": {"highway": "street_lamp"}, "geohash": "tgkmc72k6"},{"type": "Feature", "geometry": {"type": "Point", "coordinates": [84.7838289, 19.3106268]}, "properties": {"highway": "street_lamp"}, "geohash": "tgkmc73sw"},{"type": "Feature", "geometry": {"type": "Point", "coordinates": [84.7815861, 19.3106527]}, "properties": {"highway": "street_lamp"}, "geohash": "tgkmc72hd"},{"type": "Feature", "geometry": {"type": "Point", "coordinates": [84.7849925, 19.3108392]}, "properties": {"highway": "street_lamp"}, "geohash": "tgkmc76tc"},{"type": "Feature", "geometry": {"type": "Point", "coordinates": [84.7850083, 19.311264]}, "properties": {"highway": "street_lamp"}, "geohash": "tgkmc7d83"},{"type": "Feature", "geometry": {"type": "Point", "coordinates": [84.7850172, 19.3117002]}, "properties": {"highway": "street_lamp"}, "geohash": "tgkmc7ddf"},{"type": "Feature", "geometry": {"type": "Point", "coordinates": [84.7803248, 19.3078617]}, "properties": {"highway": "street_lamp"}, "geohash": "tgkmc4zhk"},{"type": "Feature", "geometry": {"type": "Point", "coordinates": [84.7830103, 19.3083286]}, "properties": {"highway": "street_lamp"}, "geohash": "tgkmc6cp5"},{"type": "Feature", "geometry": {"type": "Point", "coordinates": [84.7825925, 19.3083399]}, "properties": {"highway": "street_lamp"}, "geohash": "tgkmc6bz1"},{"type": "Feature", "geometry": {"type": "Point", "coordinates": [84.7799402, 19.308434]}, "properties": {"highway": "street_lamp"}, "geohash": "tgkmc4yzg"},{"type": "Feature", "geometry": {"type": "Point", "coordinates": [84.7816006, 19.3085177]}, "properties": {"highway": "street_lamp"}, "geohash": "tgkmc7006"},{"type": "Feature", "geometry": {"type": "Point", "coordinates": [84.7811696, 19.3085515]}, "properties": {"highway": "street_lamp"}, "geohash": "tgkmc5pb2"},{"type": "Feature", "geometry": {"type": "Point", "coordinates": [84.7796554, 19.3085558]}, "properties": {"highway": "street_lamp"}, "geohash": "tgkmc5n8m"},{"type": "Feature", "geometry": {"type": "Point", "coordinates": [84.7807595, 19.3085994]}, "properties": {"highway": "street_lamp"}, "geohash": "tgkmc5p2w"},{"type": "Feature", "geometry": {"type": "Point", "coordinates": [84.777982, 19.3086812]}, "properties": {"highway": "street_lamp"}, "geohash": "tgkmc5j3n"},{"type": "Feature", "geometry": {"type": "Point", "coordinates": [84.7774045, 19.3087881]}, "properties": {"highway": "street_lamp"}, "geohash": "tgkmc5j1b"},{"type": "Feature", "geometry": {"type": "Point", "coordinates": [84.7834754, 19.3087896]}, "properties": {"highway": "street_lamp"}, "geohash": "tgkmc713y"},{"type": "Feature", "geometry": {"type": "Point", "coordinates": [84.7830946, 19.3088007]}, "properties": {"highway": "street_lamp"}, "geohash": "tgkmc711v"},{"type": "Feature", "geometry": {"type": "Point", "coordinates": [84.7796335, 19.3088127]}, "properties": {"highway": "street_lamp"}, "geohash": "tgkmc5n9u"},{"type": "Feature", "geometry": {"type": "Point", "coordinates": [84.7826067, 19.3088206]}, "properties": {"highway": "street_lamp"}, "geohash": "tgkmc70f1"},{"type": "Feature", "geometry": {"type": "Point", "coordinates": [84.7771034, 19.308865]}, "properties": {"highway": "street_lamp"}, "geohash": "tgkmc5hf3"},{"type": "Feature", "geometry": {"type": "Point", "coordinates": [84.7801337, 19.3089182]}, "properties": {"highway": "street_lamp"}, "geohash": "tgkmc5p48"},{"type": "Feature", "geometry": {"type": "Point", "coordinates": [84.7804486, 19.3089301]}, "properties": {"highway": "street_lamp"}, "geohash": "tgkmc5p4x"},{"type": "Feature", "geometry": {"type": "Point", "coordinates": [84.7789046, 19.3089597]}, "properties": {"highway": "street_lamp"}, "geohash": "tgkmc5n4g"},{"type": "Feature", "geometry": {"type": "Point", "coordinates": [84.7796465, 19.3090465]}, "properties": {"highway": "street_lamp"}, "geohash": "tgkmc5nek"},{"type": "Feature", "geometry": {"type": "Point", "coordinates": [84.7794407, 19.3090894]}, "properties": {"highway": "street_lamp"}, "geohash": "tgkmc5ne8"},{"type": "Feature", "geometry": {"type": "Point", "coordinates": [84.7778691, 19.3091154]}, "properties": {"highway": "street_lamp"}, "geohash": "tgkmc5j7e"},{"type": "Feature", "geometry": {"type": "Point", "coordinates": [84.7805511, 19.309238]}, "properties": {"highway": "street_lamp"}, "geohash": "tgkmc5pk6"},{"type": "Feature", "geometry": {"type": "Point", "coordinates": [84.7774707, 19.3092495]}, "properties": {"highway": "street_lamp"}, "geohash": "tgkmc5jhd"},{"type": "Feature", "geometry": {"type": "Point", "coordinates": [84.7796872, 19.30937]}, "properties": {"highway": "street_lamp"}, "geohash": "tgkmc5ntj"},{"type": "Feature", "geometry": {"type": "Point", "coordinates": [84.7775043, 19.3096799]}, "properties": {"highway": "street_lamp"}, "geohash": "tgkmc5jp5"},{"type": "Feature", "geometry": {"type": "Point", "coordinates": [84.7787434, 19.3096947]}, "properties": {"highway": "street_lamp"}, "geohash": "tgkmc5jzp"},{"type": "Feature", "geometry": {"type": "Point", "coordinates": [84.781101, 19.310377]}, "properties": {"highway": "street_lamp"}, "geohash": "tgkmc5ren"},{"type": "Feature", "geometry": {"type": "Point", "coordinates": [84.7812223, 19.3113876]}, "properties": {"highway": "street_lamp"}, "geohash": "tgkmc5xbc"},{"type": "Feature", "geometry": {"type": "Point", "coordinates": [84.7808242, 19.3116095]}, "properties": {"highway": "street_lamp"}, "geohash": "tgkmc5xd2"},{"type": "Feature", "geometry": {"type": "Point", "coordinates": [84.7805136, 19.3117242]}, "properties": {"highway": "street_lamp"}, "geohash": "tgkmc5x6c"},{"type": "Feature", "geometry": {"type": "Point", "coordinates": [84.7817778, 19.3122453]}, "properties": {"highway": "street_lamp"}, "geohash": "tgkmc78jy"},{"type": "Feature", "geometry": {"type": "Point", "coordinates": [84.7819213, 19.3127066]}, "properties": {"highway": "street_lamp"}, "geohash": "tgkmc7b29"},{"type": "Feature", "geometry": {"type": "Point", "coordinates": [84.7820125, 19.3129958]}, "properties": {"highway": "street_lamp"}, "geohash": "tgkmc7b6k"},{"type": "Feature", "geometry": {"type": "Point", "coordinates": [84.7821552, 19.3133791]}, "properties": {"highway": "street_lamp"}, "geohash": "tgkmc7bkx"},{"type": "Feature", "geometry": {"type": "Point", "coordinates": [84.7831307, 19.3138404]}, "properties": {"highway": "street_lamp"}, "geohash": "tgkmc7cpq"},{"type": "Feature", "geometry": {"type": "Point", "coordinates": [84.7823223, 19.3138656]}, "properties": {"highway": "street_lamp"}, "geohash": "tgkmc7bx7"},{"type": "Feature", "geometry": {"type": "Point", "coordinates": [84.9848578, 19.350065]}, "properties": {"direction": "18", "highway": "street_lamp", "lamp_type": "led"}, "geohash": "tgkqjfs46"},{"type": "Feature", "geometry": {"type": "Point", "coordinates": [84.9840489, 19.3500841]}, "properties": {"direction": "166", "highway": "street_lamp", "lamp_type": "electric"}, "geohash": "tgkqjfe6r"},{"type": "Feature", "geometry": {"type": "Point", "coordinates": [84.9837061, 19.350159]}, "properties": {"direction": "195", "highway": "street_lamp", "lamp_type": "electric"}, "geohash": "tgkqjfe4z"},{"type": "Feature", "geometry": {"type": "Point", "coordinates": [84.9840662, 19.3501548]}, "properties": {"direction": "147", "highway": "street_lamp", "lamp_type": "electric"}, "geohash": "tgkqjfedb"},{"type": "Feature", "geometry": {"type": "Point", "coordinates": [84.9840862, 19.3502341]}, "properties": {"direction": "18", "highway": "street_lamp", "lamp_type": "electric"}, "geohash": "tgkqjfee2"},{"type": "Feature", "geometry": {"type": "Point", "coordinates": [84.983737, 19.3502851]}, "properties": {"direction": "-38", "highway": "street_lamp", "lamp_type": "electric"}, "geohash": "tgkqjfe78"},{"type": "Feature", "geometry": {"type": "Point", "coordinates": [82.1513456, 22.0813145]}, "properties": {"highway": "street_lamp"}, "geohash": "tgfmt7ubc"},{"type": "Feature", "geometry": {"type": "Point", "coordinates": [82.1589227, 22.085566]}, "properties": {"highway": "street_lamp", "lamp_type": "electric"}, "geohash": "tgfmtsd39"},{"type": "Feature", "geometry": {"type": "Point", "coordinates": [84.2465557, 18.813156]}, "properties": {"direction": "90", "highway": "street_lamp", "lamp_type": "electric"}, "geohash": "tg7gj0f6x"},{"type": "Feature", "geometry": {"type": "Point", "coordinates": [84.2449075, 18.8116129]}, "properties": {"direction": "90", "highway": "street_lamp", "lamp_type": "electric"}, "geohash": "tg7gj0938"},{"type": "Feature", "geometry": {"type": "Point", "coordinates": [84.9851231, 19.3492934]}, "properties": {"direction": "161", "highway": "street_lamp", "lamp_type": "electric"}, "geohash": "tgkqjfkmb"},{"type": "Feature", "geometry": {"type": "Point", "coordinates": [84.9848763, 19.349345]}, "properties": {"direction": "234", "highway": "street_lamp", "lamp_type": "electric"}, "geohash": "tgkqjfkn5"},{"type": "Feature", "geometry": {"type": "Point", "coordinates": [84.9853216, 19.3498515]}, "properties": {"direction": "285", "highway": "street_lamp", "lamp_type": "electric"}, "geohash": "tgkqjfs3j"},{"type": "Feature", "geometry": {"type": "Point", "coordinates": [84.9843822, 19.3500827]}, "properties": {"direction": "195", "highway": "street_lamp", "lamp_type": "electric"}, "geohash": "tgkqjfedr"},{"type": "Feature", "geometry": {"type": "Point", "coordinates": [84.9841271, 19.3497037]}, "properties": {"direction": "285", "highway": "street_lamp", "lamp_type": "electric"}, "geohash": "tgkqjfe81"},{"type": "Feature", "geometry": {"type": "Point", "coordinates": [84.9846996, 19.3494307]}, "properties": {"direction": "161", "highway": "street_lamp", "lamp_type": "electric"}, "geohash": "tgkqjf7yx"},{"type": "Feature", "geometry": {"type": "Point", "coordinates": [84.9840934, 19.3495959]}, "properties": {"direction": "234", "highway": "street_lamp", "lamp_type": "electric"}, "geohash": "tgkqjf7x8"},{"type": "Feature", "geometry": {"type": "Point", "coordinates": [84.9842559, 19.3496681]}, "properties": {"direction": "60", "highway": "street_lamp", "lamp_type": "electric"}, "geohash": "tgkqjf7xu"},{"type": "Feature", "geometry": {"type": "Point", "coordinates": [84.984306, 19.349829]}, "properties": {"direction": "105", "highway": "street_lamp", "lamp_type": "electric"}, "geohash": "tgkqjfe8v"},{"type": "Feature", "geometry": {"type": "Point", "coordinates": [84.9841772, 19.3498647]}, "properties": {"direction": "5", "highway": "street_lamp", "lamp_type": "electric"}, "geohash": "tgkqjfe94"},{"type": "Feature", "geometry": {"type": "Point", "coordinates": [84.9846026, 19.3495736]}, "properties": {"direction": "-29", "highway": "street_lamp", "lamp_type": "electric"}, "geohash": "tgkqjf7zk"},{"type": "Feature", "geometry": {"type": "Point", "coordinates": [84.9846537, 19.3497347]}, "properties": {"direction": "321", "highway": "street_lamp", "lamp_type": "electric"}, "geohash": "tgkqjfebm"},{"type": "Feature", "geometry": {"type": "Point", "coordinates": [84.9844541, 19.3497998]}, "properties": {"direction": "76", "highway": "street_lamp", "lamp_type": "electric"}, "geohash": "tgkqjfebc"},{"type": "Feature", "geometry": {"type": "Point", "coordinates": [84.9845405, 19.34978]}, "properties": {"direction": "321", "highway": "street_lamp", "lamp_type": "electric"}, "geohash": "tgkqjfebe"},{"type": "Feature", "geometry": {"type": "Point", "coordinates": [84.9847245, 19.3500005]}, "properties": {"direction": "197", "highway": "street_lamp", "lamp_type": "electric"}, "geohash": "tgkqjfecz"},{"type": "Feature", "geometry": {"type": "Point", "coordinates": [84.9843411, 19.3499439]}, "properties": {"direction": "195", "highway": "street_lamp", "lamp_type": "electric"}, "geohash": "tgkqjfe9w"},{"type": "Feature", "geometry": {"type": "Point", "coordinates": [84.9846431, 19.3498618]}, "properties": {"direction": "151", "highway": "street_lamp", "lamp_type": "electric"}, "geohash": "tgkqjfecj"},{"type": "Feature", "geometry": {"type": "Point", "coordinates": [84.9847812, 19.3499862]}, "properties": {"direction": "166", "highway": "street_lamp", "lamp_type": "electric"}, "geohash": "tgkqjfs1b"},{"type": "Feature", "geometry": {"type": "Point", "coordinates": [84.9849965, 19.3497834]}, "properties": {"direction": "195", "highway": "street_lamp", "lamp_type": "electric"}, "geohash": "tgkqjfs0t"},{"type": "Feature", "geometry": {"type": "Point", "coordinates": [84.9853183, 19.3497587]}, "properties": {"direction": "183", "highway": "street_lamp", "lamp_type": "electric"}, "geohash": "tgkqjfs2t"},{"type": "Feature", "geometry": {"type": "Point", "coordinates": [84.98519, 19.3498292]}, "properties": {"direction": "195", "highway": "street_lamp", "lamp_type": "electric"}, "geohash": "tgkqjfs2f"},{"type": "Feature", "geometry": {"type": "Point", "coordinates": [84.9852316, 19.3494696]}, "properties": {"direction": "105", "highway": "street_lamp", "lamp_type": "electric"}, "geohash": "tgkqjfkqg"},{"type": "Feature", "geometry": {"type": "Point", "coordinates": [84.9852385, 19.3493057]}, "properties": {"direction": "285", "highway": "street_lamp", "lamp_type": "electric"}, "geohash": "tgkqjfkmg"},{"type": "Feature", "geometry": {"type": "Point", "coordinates": [84.9853197, 19.3496208]}, "properties": {"direction": "285", "highway": "street_lamp", "lamp_type": "electric"}, "geohash": "tgkqjfkrt"},{"type": "Feature", "geometry": {"type": "Point", "coordinates": [84.9852144, 19.3496587]}, "properties": {"direction": "285", "highway": "street_lamp", "lamp_type": "electric"}, "geohash": "tgkqjfkrg"},{"type": "Feature", "geometry": {"type": "Point", "coordinates": [84.9849643, 19.3496277]}, "properties": {"direction": "105", "highway": "street_lamp", "lamp_type": "electric"}, "geohash": "tgkqjfkpv"},{"type": "Feature", "geometry": {"type": "Point", "coordinates": [84.984959, 19.349439]}, "properties": {"direction": "10", "highway": "street_lamp", "lamp_type": "electric"}, "geohash": "tgkqjfknt"},{"type": "Feature", "geometry": {"type": "Point", "coordinates": [84.9847826, 19.3496967]}, "properties": {"direction": "45", "highway": "street_lamp", "lamp_type": "electric"}, "geohash": "tgkqjfs00"},{"type": "Feature", "geometry": {"type": "Point", "coordinates": [84.9847396, 19.3495625]}, "properties": {"direction": "105", "highway": "street_lamp", "lamp_type": "electric"}, "geohash": "tgkqjf7zr"},{"type": "Feature", "geometry": {"type": "Point", "coordinates": [84.9843999, 19.3495124]}, "properties": {"direction": "195", "highway": "street_lamp", "lamp_type": "electric"}, "geohash": "tgkqjf7z0"},{"type": "Feature", "geometry": {"type": "Point", "coordinates": [84.9844263, 19.3496217]}, "properties": {"direction": "18", "highway": "street_lamp", "lamp_type": "electric"}, "geohash": "tgkqjf7z8"},{"type": "Feature", "geometry": {"type": "Point", "coordinates": [84.985011, 19.3493168]}, "properties": {"direction": "195", "highway": "street_lamp", "lamp_type": "electric"}, "geohash": "tgkqjfkjy"},{"type": "Feature", "geometry": {"type": "Point", "coordinates": [84.9851042, 19.3494085]}, "properties": {"direction": "18", "highway": "street_lamp", "lamp_type": "electric"}, "geohash": "tgkqjfkq2"},{"type": "Feature", "geometry": {"type": "Point", "coordinates": [84.9849247, 19.3498772]}, "properties": {"direction": "285", "highway": "street_lamp", "lamp_type": "electric"}, "geohash": "tgkqjfs1h"},{"type": "Feature", "geometry": {"type": "Point", "coordinates": [84.9845031, 19.3501483]}, "properties": {"direction": "18", "highway": "street_lamp", "lamp_type": "electric"}, "geohash": "tgkqjfeff"},{"type": "Feature", "geometry": {"type": "Point", "coordinates": [84.9839632, 19.3498314]}, "properties": {"direction": "105", "highway": "street_lamp", "lamp_type": "electric"}, "geohash": "tgkqjfe2v"},{"type": "Feature", "geometry": {"type": "Point", "coordinates": [84.9840083, 19.3499813]}, "properties": {"direction": "105", "highway": "street_lamp", "lamp_type": "electric"}, "geohash": "tgkqjfe3y"},{"type": "Feature", "geometry": {"type": "Point", "coordinates": [84.9855173, 19.3497379]}, "properties": {"barrier": "gate", "direction": "90", "highway": "street_lamp", "lamp_type": "electric"}, "geohash": "tgkqjfs86"},{"type": "Feature", "geometry": {"type": "Point", "coordinates": [84.9852319, 19.3494696]}, "properties": {"direction": "105", "highway": "street_lamp", "lamp_type": "electric"}, "geohash": "tgkqjfkqg"},{"type": "Feature", "geometry": {"type": "Point", "coordinates": [84.9804197, 19.3536707]}, "properties": {"height": "20", "highway": "street_lamp", "lamp_type": "high_pressure_sodium"}, "geohash": "tgkqjg0z7"},{"type": "Feature", "geometry": {"type": "Point", "coordinates": [83.9578716, 18.5553517]}, "properties": {"highway": "street_lamp"}, "geohash": "tg79w9bkb"},{"type": "Feature", "geometry": {"type": "Point", "coordinates": [83.9574666, 18.5553708]}, "properties": {"highway": "street_lamp"}, "geohash": "tg79w3zuy"},{"type": "Feature", "geometry": {"type": "Point", "coordinates": [83.9568597, 18.5553466]}, "properties": {"highway": "street_lamp"}, "geohash": "tg79w3zs8"},{"type": "Feature", "geometry": {"type": "Point", "coordinates": [81.6652729, 18.3884247]}, "properties": {"highway": "street_lamp", "lamp_mount": "high_mast", "lamp_type": "solar_lamp"}, "geohash": "tg60d7db6"},{"type": "Feature", "geometry": {"type": "Point", "coordinates": [81.6656691, 18.3882091]}, "properties": {"highway": "street_lamp", "lamp_mount": "high_mast", "lamp_type": "solar_lamp"}, "geohash": "tg60d77ph"},{"type": "Feature", "geometry": {"type": "Point", "coordinates": [81.66574, 18.3875436]}, "properties": {"highway": "street_lamp", "lamp_mount": "high_mast", "lamp_type": "solar_lamp"}, "geohash": "tg60d775j"},{"type": "Feature", "geometry": {"type": "Point", "coordinates": [81.6655207, 18.3893405]}, "properties": {"highway": "street_lamp", "lamp_mount": "high_mast", "lamp_type": "solar_lamp"}, "geohash": "tg60d7ej8"},{"type": "Feature", "geometry": {"type": "Point", "coordinates": [81.6656244, 18.3886224]}, "properties": {"highway": "street_lamp", "lamp_mount": "high_mast", "lamp_type": "solar_lamp"}, "geohash": "tg60d7e16"},{"type": "Feature", "geometry": {"type": "Point", "coordinates": [81.6653707, 18.3890582]}, "properties": {"highway": "street_lamp", "lamp_mount": "high_mast", "lamp_type": "solar_lamp"}, "geohash": "tg60d7duj"},{"type": "Feature", "geometry": {"type": "Point", "coordinates": [81.6651136, 18.3886552]}, "properties": {"highway": "street_lamp", "lamp_mount": "high_mast", "lamp_type": "solar_lamp"}, "geohash": "tg60d7d9x"},{"type": "Feature", "geometry": {"type": "Point", "coordinates": [81.665776, 18.3884111]}, "properties": {"highway": "street_lamp", "lamp_mount": "high_mast", "lamp_type": "solar_lamp"}, "geohash": "tg60d7e0q"},{"type": "Feature", "geometry": {"type": "Point", "coordinates": [81.6659904, 18.3891071]}, "properties": {"highway": "street_lamp", "lamp_mount": "high_mast", "lamp_type": "solar_lamp"}, "geohash": "tg60d7ek7"},{"type": "Feature", "geometry": {"type": "Point", "coordinates": [81.6657144, 18.3878007]}, "properties": {"highway": "street_lamp", "lamp_mount": "high_mast", "lamp_type": "solar_lamp"}, "geohash": "tg60d77ht"},{"type": "Feature", "geometry": {"type": "Point", "coordinates": [81.6661846, 18.3889124]}, "properties": {"highway": "street_lamp", "lamp_mount": "high_mast", "lamp_type": "solar_lamp"}, "geohash": "tg60d7ee0"},{"type": "Feature", "geometry": {"type": "Point", "coordinates": [81.6652685, 18.3892104]}, "properties": {"highway": "street_lamp", "lamp_mount": "high_mast", "lamp_type": "solar_lamp"}, "geohash": "tg60d7duf"},{"type": "Feature", "geometry": {"type": "Point", "coordinates": [81.6657269, 18.387665]}, "properties": {"highway": "street_lamp", "lamp_mount": "high_mast", "lamp_type": "solar_lamp"}, "geohash": "tg60d775v"},{"type": "Feature", "geometry": {"type": "Point", "coordinates": [81.6659926, 18.3884174]}, "properties": {"highway": "street_lamp", "lamp_mount": "high_mast", "lamp_type": "solar_lamp"}, "geohash": "tg60d7e27"},{"type": "Feature", "geometry": {"type": "Point", "coordinates": [81.6657252, 18.3893373]}, "properties": {"highway": "street_lamp", "lamp_mount": "high_mast", "lamp_type": "solar_lamp"}, "geohash": "tg60d7ejt"},{"type": "Feature", "geometry": {"type": "Point", "coordinates": [81.6651574, 18.3890926]}, "properties": {"highway": "street_lamp", "lamp_mount": "high_mast", "lamp_type": "solar_lamp"}, "geohash": "tg60d7du0"},{"type": "Feature", "geometry": {"type": "Point", "coordinates": [81.6650819, 18.3888182]}, "properties": {"highway": "street_lamp", "lamp_mount": "high_mast", "lamp_type": "solar_lamp"}, "geohash": "tg60d7ddw"},{"type": "Feature", "geometry": {"type": "Point", "coordinates": [81.6653542, 18.3887864]}, "properties": {"colour": "gray", "highway": "street_lamp", "lamp_mount": "high_mast", "lamp_type": "solar_lamp", "source:highway": "survey"}, "geohash": "tg60d7dfk"},{"type": "Feature", "geometry": {"type": "Point", "coordinates": [81.6661256, 18.3890771]}, "properties": {"highway": "street_lamp", "lamp_mount": "high_mast", "lamp_type": "solar_lamp"}, "geohash": "tg60d7ekn"},{"type": "Feature", "geometry": {"type": "Point", "coordinates": [81.6658339, 18.3891968]}, "properties": {"highway": "street_lamp", "lamp_mount": "high_mast", "lamp_type": "solar_lamp"}, "geohash": "tg60d7ehz"},{"type": "Feature", "geometry": {"type": "Point", "coordinates": [81.6659403, 18.3887381]}, "properties": {"highway": "street_lamp", "lamp_mount": "high_mast", "lamp_type": "solar_lamp"}, "geohash": "tg60d7e64"},{"type": "Feature", "geometry": {"type": "Point", "coordinates": [81.6660907, 18.3887687]}, "properties": {"highway": "street_lamp", "lamp_mount": "high_mast", "lamp_type": "solar_lamp"}, "geohash": "tg60d7e6m"},{"type": "Feature", "geometry": {"type": "Point", "coordinates": [81.6659383, 18.3892646]}, "properties": {"highway": "street_lamp", "lamp_mount": "high_mast", "lamp_type": "solar_lamp"}, "geohash": "tg60d7em4"},{"type": "Feature", "geometry": {"type": "Point", "coordinates": [81.6661758, 18.3886896]}, "properties": {"highway": "street_lamp", "lamp_mount": "high_mast", "lamp_type": "solar_lamp"}, "geohash": "tg60d7e3z"},{"type": "Feature", "geometry": {"type": "Point", "coordinates": [81.6658238, 18.387546]}, "properties": {"highway": "street_lamp", "lamp_mount": "high_mast", "lamp_type": "solar_lamp"}, "geohash": "tg60d775p"},{"type": "Feature", "geometry": {"type": "Point", "coordinates": [81.665819, 18.3876704]}, "properties": {"highway": "street_lamp", "lamp_mount": "high_mast", "lamp_type": "solar_lamp"}, "geohash": "tg60d775z"},{"type": "Feature", "geometry": {"type": "Point", "coordinates": [81.6657606, 18.3882146]}, "properties": {"highway": "street_lamp", "lamp_mount": "high_mast", "lamp_type": "solar_lamp"}, "geohash": "tg60d77pn"},{"type": "Feature", "geometry": {"type": "Point", "coordinates": [81.6656854, 18.3881]}, "properties": {"highway": "street_lamp", "lamp_mount": "high_mast", "lamp_type": "solar_lamp"}, "geohash": "tg60d77nk"},{"type": "Feature", "geometry": {"type": "Point", "coordinates": [81.665698, 18.387965]}, "properties": {"highway": "street_lamp", "lamp_mount": "high_mast", "lamp_type": "solar_lamp"}, "geohash": "tg60d77js"},{"type": "Feature", "geometry": {"type": "Point", "coordinates": [81.6657776, 18.3881075]}, "properties": {"highway": "street_lamp", "lamp_mount": "high_mast", "lamp_type": "solar_lamp"}, "geohash": "tg60d77nq"},{"type": "Feature", "geometry": {"type": "Point", "coordinates": [81.6658065, 18.3878018]}, "properties": {"highway": "street_lamp", "lamp_mount": "high_mast", "lamp_type": "solar_lamp"}, "geohash": "tg60d77hx"},{"type": "Feature", "geometry": {"type": "Point", "coordinates": [81.6657909, 18.3879777]}, "properties": {"highway": "street_lamp", "lamp_mount": "high_mast", "lamp_type": "solar_lamp"}, "geohash": "tg60d77jw"},{"type": "Feature", "geometry": {"type": "Point", "coordinates": [81.3434216, 18.929645]}, "properties": {"highway": "street_lamp", "lamp_mount": "high_mast", "lamp_type": "electric", "opening_hours": "Mo-Su 00:00-24:00"}, "geohash": "tg3gen03p"},{"type": "Feature", "geometry": {"type": "Point", "coordinates": [81.3436415, 18.9284491]}, "properties": {"highway": "street_lamp", "lamp_mount": "high_mast", "lamp_type": "electric", "opening_hours": "Mo-Su 00:00-24:00"}, "geohash": "tg3gejbdh"},{"type": "Feature", "geometry": {"type": "Point", "coordinates": [81.3435164, 18.9291085]}, "properties": {"highway": "street_lamp", "lamp_mount": "high_mast", "lamp_type": "electric", "opening_hours": "Mo-Su 00:00-24:00"}, "geohash": "tg3gejbw1"},{"type": "Feature", "geometry": {"type": "Point", "coordinates": [81.3435867, 18.9287441]}, "properties": {"highway": "street_lamp", "lamp_mount": "high_mast", "lamp_type": "electric", "opening_hours": "Mo-Su 00:00-24:00"}, "geohash": "tg3gejbef"},{"type": "Feature", "geometry": {"type": "Point", "coordinates": [81.3436265, 18.9285368]}, "properties": {"highway": "street_lamp", "lamp_mount": "high_mast", "lamp_type": "electric", "opening_hours": "Mo-Su 00:00-24:00"}, "geohash": "tg3gejbde"},{"type": "Feature", "geometry": {"type": "Point", "coordinates": [81.343497, 18.929215]}, "properties": {"highway": "street_lamp", "lamp_mount": "high_mast", "lamp_type": "electric", "opening_hours": "Mo-Su 00:00-24:00"}, "geohash": "tg3gejbw8"},{"type": "Feature", "geometry": {"type": "Point", "coordinates": [81.3435665, 18.9288552]}, "properties": {"highway": "street_lamp", "lamp_mount": "high_mast", "lamp_type": "electric", "opening_hours": "Mo-Su 00:00-24:00"}, "geohash": "tg3gejbsd"},{"type": "Feature", "geometry": {"type": "Point", "coordinates": [81.3434474, 18.9294836]}, "properties": {"highway": "street_lamp", "lamp_mount": "high_mast", "lamp_type": "electric", "opening_hours": "Mo-Su 00:00-24:00"}, "geohash": "tg3gen02p"},{"type": "Feature", "geometry": {"type": "Point", "coordinates": [81.3436037, 18.9286448]}, "properties": {"highway": "street_lamp", "lamp_mount": "high_mast", "lamp_type": "electric", "opening_hours": "Mo-Su 00:00-24:00"}, "geohash": "tg3gejbe7"},{"type": "Feature", "geometry": {"type": "Point", "coordinates": [81.3433956, 18.9298006]}, "properties": {"highway": "street_lamp", "lamp_mount": "high_mast", "lamp_type": "electric", "opening_hours": "Mo-Su 00:00-24:00"}, "geohash": "tg3gen06n"},{"type": "Feature", "geometry": {"type": "Point", "coordinates": [81.3434748, 18.9293496]}, "properties": {"highway": "street_lamp", "lamp_mount": "high_mast", "lamp_type": "electric", "opening_hours": "Mo-Su 00:00-24:00"}, "geohash": "tg3gejbx2"},{"type": "Feature", "geometry": {"type": "Point", "coordinates": [81.3435434, 18.9289673]}, "properties": {"highway": "street_lamp", "lamp_mount": "high_mast", "lamp_type": "electric", "opening_hours": "Mo-Su 00:00-24:00"}, "geohash": "tg3gejbt1"},{"type": "Feature", "geometry": {"type": "Point", "coordinates": [85.0059435, 19.3595837]}, "properties": {"direction": "0", "height": "7", "highway": "street_lamp", "lamp_mount": "lamppost", "lamp_type": "led"}, "geohash": "tgkqnk73w"},{"type": "Feature", "geometry": {"type": "Point", "coordinates": [85.0060488, 19.3596104]}, "properties": {"direction": "-20", "height": "7", "highway": "street_lamp", "lamp_mount": "lamppost", "lamp_type": "led"}, "geohash": "tgkqnk79b"},{"type": "Feature", "geometry": {"type": "Point", "coordinates": [85.0061523, 19.3596371]}, "properties": {"direction": "-10", "height": "7", "highway": "street_lamp", "lamp_mount": "lamppost", "lamp_type": "led"}, "geohash": "tgkqnk7d4"},{"type": "Feature", "geometry": {"type": "Point", "coordinates": [85.0059718, 19.3596647]}, "properties": {"direction": "-195", "height": "7", "highway": "street_lamp", "lamp_mount": "lamppost", "lamp_type": "led"}, "geohash": "tgkqnk76n"},{"type": "Feature", "geometry": {"type": "Point", "coordinates": [85.0060559, 19.3596997]}, "properties": {"direction": "172", "height": "7", "highway": "street_lamp", "lamp_mount": "lamppost", "lamp_type": "led"}, "geohash": "tgkqnk7d2"},{"type": "Feature", "geometry": {"type": "Point", "coordinates": [85.0061178, 19.3597239]}, "properties": {"direction": "173", "height": "7", "highway": "street_lamp", "lamp_mount": "lamppost", "lamp_type": "led"}, "geohash": "tgkqnk7dd"},{"type": "Feature", "geometry": {"type": "Point", "coordinates": [85.0061806, 19.3597482]}, "properties": {"direction": "217", "height": "7", "highway": "street_lamp", "lamp_mount": "lamppost", "lamp_type": "led"}, "geohash": "tgkqnk7de"},{"type": "Feature", "geometry": {"type": "Point", "coordinates": [85.0062187, 19.3596672]}, "properties": {"direction": "240", "height": "7", "highway": "street_lamp", "lamp_mount": "lamppost", "lamp_type": "led"}, "geohash": "tgkqnk7dh"},{"type": "Feature", "geometry": {"type": "Point", "coordinates": [85.0062045, 19.359587]}, "properties": {"direction": "50", "height": "7", "highway": "street_lamp", "lamp_mount": "lamppost", "lamp_type": "led"}, "geohash": "tgkqnk79u"},{"type": "Feature", "geometry": {"type": "Point", "coordinates": [85.0062815, 19.3595862]}, "properties": {"direction": "240", "height": "7", "highway": "street_lamp", "lamp_mount": "lamppost", "lamp_type": "led"}, "geohash": "tgkqnk79v"},{"type": "Feature", "geometry": {"type": "Point", "coordinates": [85.0062948, 19.3595153]}, "properties": {"direction": "45", "height": "7", "highway": "street_lamp", "lamp_mount": "lamppost", "lamp_type": "led"}, "geohash": "tgkqnk79q"},{"type": "Feature", "geometry": {"type": "Point", "coordinates": [85.0063647, 19.3595403]}, "properties": {"direction": "195", "height": "7", "highway": "street_lamp", "lamp_mount": "lamppost", "lamp_type": "led"}, "geohash": "tgkqnk79r"},{"type": "Feature", "geometry": {"type": "Point", "coordinates": [85.0064638, 19.3595219]}, "properties": {"direction": "185", "height": "7", "highway": "street_lamp", "lamp_mount": "lamppost", "lamp_type": "led"}, "geohash": "tgkqnk7c6"},{"type": "Feature", "geometry": {"type": "Point", "coordinates": [85.0064071, 19.3594727]}, "properties": {"direction": "20", "height": "7", "highway": "street_lamp", "lamp_mount": "lamppost", "lamp_type": "led"}, "geohash": "tgkqnk7c0"},{"type": "Feature", "geometry": {"type": "Point", "coordinates": [85.0065071, 19.3594685]}, "properties": {"direction": "15", "height": "7", "highway": "street_lamp", "lamp_mount": "lamppost", "lamp_type": "led"}, "geohash": "tgkqnk7c5"},{"type": "Feature", "geometry": {"type": "Point", "coordinates": [85.0066151, 19.3594935]}, "properties": {"direction": "-25", "height": "7", "highway": "street_lamp", "lamp_mount": "lamppost", "lamp_type": "led"}, "geohash": "tgkqnk7cj"},{"type": "Feature", "geometry": {"type": "Point", "coordinates": [85.0067106, 19.3595578]}, "properties": {"direction": "-45", "height": "7", "highway": "street_lamp", "lamp_mount": "lamppost", "lamp_type": "led"}, "geohash": "tgkqnk7cx"},{"type": "Feature", "geometry": {"type": "Point", "coordinates": [85.006785, 19.3596513]}, "properties": {"direction": "-60", "height": "7", "highway": "street_lamp", "lamp_mount": "lamppost", "lamp_type": "led"}, "geohash": "tgkqnkk41"},{"type": "Feature", "geometry": {"type": "Point", "coordinates": [85.0068142, 19.3597465]}, "properties": {"direction": "-75", "height": "7", "highway": "street_lamp", "lamp_mount": "lamppost", "lamp_type": "led"}, "geohash": "tgkqnkk4d"},{"type": "Feature", "geometry": {"type": "Point", "coordinates": [85.0068487, 19.3597824]}, "properties": {"direction": "-5", "height": "7", "highway": "street_lamp", "lamp_mount": "lamppost", "lamp_type": "led"}, "geohash": "tgkqnkk4g"},{"type": "Feature", "geometry": {"type": "Point", "coordinates": [85.0068876, 19.3598291]}, "properties": {"direction": "180", "height": "7", "highway": "street_lamp", "lamp_mount": "lamppost", "lamp_type": "led"}, "geohash": "tgkqnkk5h"},{"type": "Feature", "geometry": {"type": "Point", "coordinates": [85.0069345, 19.3597916]}, "properties": {"direction": "-15", "height": "7", "highway": "street_lamp", "lamp_mount": "lamppost", "lamp_type": "led"}, "geohash": "tgkqnkk4v"},{"type": "Feature", "geometry": {"type": "Point", "coordinates": [85.0070026, 19.3598049]}, "properties": {"direction": "-20", "height": "7", "highway": "street_lamp", "lamp_mount": "lamppost", "lamp_type": "led"}, "geohash": "tgkqnkk5n"},{"type": "Feature", "geometry": {"type": "Point", "coordinates": [85.0070911, 19.3598316]}, "properties": {"direction": "-25", "height": "7", "highway": "street_lamp", "lamp_mount": "lamppost", "lamp_type": "led"}, "geohash": "tgkqnkk70"},{"type": "Feature", "geometry": {"type": "Point", "coordinates": [85.0071575, 19.3598583]}, "properties": {"direction": "-30", "height": "7", "highway": "street_lamp", "lamp_mount": "lamppost", "lamp_type": "led"}, "geohash": "tgkqnkk76"},{"type": "Feature", "geometry": {"type": "Point", "coordinates": [85.0072274, 19.3598992]}, "properties": {"direction": "-35", "height": "7", "highway": "street_lamp", "lamp_mount": "lamppost", "lamp_type": "led"}, "geohash": "tgkqnkk7e"},{"type": "Feature", "geometry": {"type": "Point", "coordinates": [85.007299, 19.359951]}, "properties": {"direction": "-40", "height": "7", "highway": "street_lamp", "lamp_mount": "lamppost", "lamp_type": "led"}, "geohash": "tgkqnkk7v"},{"type": "Feature", "geometry": {"type": "Point", "coordinates": [85.0073778, 19.3600228]}, "properties": {"direction": "-45", "height": "7", "highway": "street_lamp", "lamp_mount": "lamppost", "lamp_type": "led"}, "geohash": "tgkqnkkkr"},{"type": "Feature", "geometry": {"type": "Point", "coordinates": [85.0074202, 19.3600662]}, "properties": {"direction": "-50", "height": "7", "highway": "street_lamp", "lamp_mount": "lamppost", "lamp_type": "led"}, "geohash": "tgkqnkks8"},{"type": "Feature", "geometry": {"type": "Point", "coordinates": [85.0074972, 19.3601213]}, "properties": {"direction": "-20", "height": "7", "highway": "street_lamp", "lamp_mount": "lamppost", "lamp_type": "led"}, "geohash": "tgkqnkksf"},{"type": "Feature", "geometry": {"type": "Point", "coordinates": [85.0075795, 19.3601689]}, "properties": {"direction": "160", "height": "7", "highway": "street_lamp", "lamp_mount": "lamppost", "lamp_type": "led"}, "geohash": "tgkqnkkth"},{"type": "Feature", "geometry": {"type": "Point", "coordinates": [85.0075592, 19.3601221]}, "properties": {"direction": "150", "height": "7", "highway": "street_lamp", "lamp_mount": "lamppost", "lamp_type": "led"}, "geohash": "tgkqnkksg"},{"type": "Feature", "geometry": {"type": "Point", "coordinates": [85.0076733, 19.3601689]}, "properties": {"direction": "-70", "height": "7", "highway": "street_lamp", "lamp_mount": "lamppost", "lamp_type": "led"}, "geohash": "tgkqnkktn"},{"type": "Feature", "geometry": {"type": "Point", "coordinates": [85.0076733, 19.360244]}, "properties": {"direction": "130", "height": "7", "highway": "street_lamp", "lamp_mount": "lamppost", "lamp_type": "led"}, "geohash": "tgkqnkktw"},{"type": "Feature", "geometry": {"type": "Point", "coordinates": [85.0077512, 19.3602682]}, "properties": {"direction": "-50", "height": "7", "highway": "street_lamp", "lamp_mount": "lamppost", "lamp_type": "led"}, "geohash": "tgkqnkkv8"},{"type": "Feature", "geometry": {"type": "Point", "coordinates": [85.0078343, 19.3603759]}, "properties": {"direction": "135", "height": "7", "highway": "street_lamp", "lamp_mount": "lamppost", "lamp_type": "led"}, "geohash": "tgkqnkky6"},{"type": "Feature", "geometry": {"type": "Point", "coordinates": [85.0080263, 19.3605086]}, "properties": {"direction": "150", "height": "7", "highway": "street_lamp", "lamp_mount": "lamppost", "lamp_type": "led"}, "geohash": "tgkqnkkzn"},{"type": "Feature", "geometry": {"type": "Point", "coordinates": [85.0079148, 19.360416]}, "properties": {"direction": "-50", "height": "7", "highway": "street_lamp", "lamp_mount": "lamppost", "lamp_type": "led"}, "geohash": "tgkqnkkye"},{"type": "Feature", "geometry": {"type": "Point", "coordinates": [85.0081582, 19.3605679]}, "properties": {"direction": "155", "height": "7", "highway": "street_lamp", "lamp_mount": "lamppost", "lamp_type": "led"}, "geohash": "tgkqnkmp3"},{"type": "Feature", "geometry": {"type": "Point", "coordinates": [85.008236, 19.3606664]}, "properties": {"direction": "130", "height": "7", "highway": "street_lamp", "lamp_mount": "lamppost", "lamp_type": "led"}, "geohash": "tgkqnkt05"},{"type": "Feature", "geometry": {"type": "Point", "coordinates": [85.0083687, 19.3607357]}, "properties": {"direction": "180", "height": "7", "highway": "street_lamp", "lamp_mount": "lamppost", "lamp_type": "led"}, "geohash": "tgkqnkt0q"},{"type": "Feature", "geometry": {"type": "Point", "coordinates": [85.0083272, 19.3606631]}, "properties": {"direction": "-40", "height": "7", "highway": "street_lamp", "lamp_mount": "lamppost", "lamp_type": "led"}, "geohash": "tgkqnkt0j"},{"type": "Feature", "geometry": {"type": "Point", "coordinates": [85.0084501, 19.3607415]}, "properties": {"direction": "-40", "height": "7", "highway": "street_lamp", "lamp_mount": "lamppost", "lamp_type": "led"}, "geohash": "tgkqnkt22"},{"type": "Feature", "geometry": {"type": "Point", "coordinates": [85.0084785, 19.3608025]}, "properties": {"direction": "140", "height": "7", "highway": "street_lamp", "lamp_mount": "lamppost", "lamp_type": "led"}, "geohash": "tgkqnkt2c"},{"type": "Feature", "geometry": {"type": "Point", "coordinates": [85.0085652, 19.3608325]}, "properties": {"direction": "-40", "height": "7", "highway": "street_lamp", "lamp_mount": "lamppost", "lamp_type": "led"}, "geohash": "tgkqnkt35"},{"type": "Feature", "geometry": {"type": "Point", "coordinates": [85.0085811, 19.3609202]}, "properties": {"direction": "145", "height": "7", "highway": "street_lamp", "lamp_mount": "lamppost", "lamp_type": "led"}, "geohash": "tgkqnkt3e"},{"type": "Feature", "geometry": {"type": "Point", "coordinates": [85.0086678, 19.3609344]}, "properties": {"direction": "-50", "height": "7", "highway": "street_lamp", "lamp_mount": "lamppost", "lamp_type": "led"}, "geohash": "tgkqnkt3t"},{"type": "Feature", "geometry": {"type": "Point", "coordinates": [85.0086634, 19.3609978]}, "properties": {"direction": "150", "height": "7", "highway": "street_lamp", "lamp_mount": "lamppost", "lamp_type": "led"}, "geohash": "tgkqnkt3v"},{"type": "Feature", "geometry": {"type": "Point", "coordinates": [85.0087439, 19.361002]}, "properties": {"direction": "0", "height": "7", "highway": "street_lamp", "lamp_mount": "lamppost", "lamp_type": "led"}, "geohash": "tgkqnkt6p"},{"type": "Feature", "geometry": {"type": "Point", "coordinates": [85.0087837, 19.3610604]}, "properties": {"direction": "180", "height": "7", "highway": "street_lamp", "lamp_mount": "lamppost", "lamp_type": "led"}, "geohash": "tgkqnktd2"},{"type": "Feature", "geometry": {"type": "Point", "coordinates": [85.0088793, 19.3610412]}, "properties": {"direction": "180", "height": "7", "highway": "street_lamp", "lamp_mount": "lamppost", "lamp_type": "led"}, "geohash": "tgkqnktd4"},{"type": "Feature", "geometry": {"type": "Point", "coordinates": [85.008881, 19.3611497]}, "properties": {"direction": "150", "height": "7", "highway": "street_lamp", "lamp_mount": "lamppost", "lamp_type": "led"}, "geohash": "tgkqnktdf"},{"type": "Feature", "geometry": {"type": "Point", "coordinates": [85.0093588, 19.3614352]}, "properties": {"direction": "160", "height": "7", "highway": "street_lamp", "lamp_mount": "lamppost", "lamp_type": "led"}, "geohash": "tgkqnktut"},{"type": "Feature", "geometry": {"type": "Point", "coordinates": [85.0094942, 19.3614502]}, "properties": {"direction": "-5", "height": "7", "highway": "street_lamp", "lamp_mount": "lamppost", "lamp_type": "led"}, "geohash": "tgkqnkwh8"},{"type": "Feature", "geometry": {"type": "Point", "coordinates": [85.0095544, 19.3614961]}, "properties": {"direction": "155", "height": "7", "highway": "street_lamp", "lamp_mount": "lamppost", "lamp_type": "led"}, "geohash": "tgkqnkwhf"},{"type": "Feature", "geometry": {"type": "Point", "coordinates": [85.0096632, 19.3615871]}, "properties": {"height": "7", "highway": "street_lamp", "lamp_mount": "lamppost", "lamp_type": "led"}, "geohash": "tgkqnkwjk"},{"type": "Feature", "geometry": {"type": "Point", "coordinates": [85.0097561, 19.3615805]}, "properties": {"direction": "-15", "height": "7", "highway": "street_lamp", "lamp_mount": "lamppost", "lamp_type": "led"}, "geohash": "tgkqnkwjq"},{"type": "Feature", "geometry": {"type": "Point", "coordinates": [85.00988, 19.3616197]}, "properties": {"height": "7", "highway": "street_lamp", "lamp_mount": "lamppost", "lamp_type": "led"}, "geohash": "tgkqnkwm9"},{"type": "Feature", "geometry": {"type": "Point", "coordinates": [85.0100039, 19.3616447]}, "properties": {"height": "7", "highway": "street_lamp", "lamp_mount": "lamppost", "lamp_type": "led"}, "geohash": "tgkqnkwmu"},{"type": "Feature", "geometry": {"type": "Point", "coordinates": [85.010103, 19.3616748]}, "properties": {"direction": "-180", "height": "7", "highway": "street_lamp", "lamp_mount": "lamppost", "lamp_type": "led"}, "geohash": "tgkqnkwmy"},{"type": "Feature", "geometry": {"type": "Point", "coordinates": [85.0101481, 19.3615988]}, "properties": {"direction": "15", "height": "7", "highway": "street_lamp", "lamp_mount": "lamppost", "lamp_type": "led"}, "geohash": "tgkqnkwt2"},{"type": "Feature", "geometry": {"type": "Point", "coordinates": [85.0102144, 19.3616205]}, "properties": {"direction": "210", "height": "7", "highway": "street_lamp", "lamp_mount": "lamppost", "lamp_type": "led"}, "geohash": "tgkqnkwt9"},{"type": "Feature", "geometry": {"type": "Point", "coordinates": [85.0102843, 19.3616356]}, "properties": {"direction": "-50", "height": "7", "highway": "street_lamp", "lamp_mount": "lamppost", "lamp_type": "led"}, "geohash": "tgkqnkwte"},{"type": "Feature", "geometry": {"type": "Point", "coordinates": [85.0103534, 19.3617407]}, "properties": {"direction": "140", "height": "7", "highway": "street_lamp", "lamp_mount": "lamppost", "lamp_type": "led"}, "geohash": "tgkqnkwwk"},{"type": "Feature", "geometry": {"type": "Point", "coordinates": [85.0104763, 19.3617917]}, "properties": {"direction": "-30", "height": "7", "highway": "street_lamp", "lamp_mount": "lamppost", "lamp_type": "led"}, "geohash": "tgkqnkwwx"},{"type": "Feature", "geometry": {"type": "Point", "coordinates": [85.0106197, 19.3618075]}, "properties": {"direction": "0", "height": "7", "highway": "street_lamp", "lamp_mount": "lamppost", "lamp_type": "led"}, "geohash": "tgkqnkwye"},{"type": "Feature", "geometry": {"type": "Point", "coordinates": [85.0106975, 19.3618259]}, "properties": {"direction": "180", "height": "7", "highway": "street_lamp", "lamp_mount": "lamppost", "lamp_type": "led"}, "geohash": "tgkqnkwyu"},{"type": "Feature", "geometry": {"type": "Point", "coordinates": [85.0108444, 19.361881]}, "properties": {"direction": "-25", "height": "7", "highway": "street_lamp", "lamp_mount": "lamppost", "lamp_type": "led"}, "geohash": "tgkqnkxp0"},{"type": "Feature", "geometry": {"type": "Point", "coordinates": [85.0069628, 19.359845]}, "properties": {"direction": "-195", "height": "7", "highway": "street_lamp", "lamp_mount": "lamppost", "lamp_type": "led"}, "geohash": "tgkqnkk5m"},{"type": "Feature", "geometry": {"type": "Point", "coordinates": [85.0070318, 19.3598583]}, "properties": {"direction": "-195", "height": "7", "highway": "street_lamp", "lamp_mount": "lamppost", "lamp_type": "led"}, "geohash": "tgkqnkk5r"},{"type": "Feature", "geometry": {"type": "Point", "coordinates": [85.0071044, 19.3598909]}, "properties": {"direction": "-195", "height": "7", "highway": "street_lamp", "lamp_mount": "lamppost", "lamp_type": "led"}, "geohash": "tgkqnkk79"},{"type": "Feature", "geometry": {"type": "Point", "coordinates": [85.007169, 19.3599235]}, "properties": {"direction": "-195", "height": "7", "highway": "street_lamp", "lamp_mount": "lamppost", "lamp_type": "led"}, "geohash": "tgkqnkk7d"},{"type": "Feature", "geometry": {"type": "Point", "coordinates": [85.0072353, 19.359971]}, "properties": {"direction": "-195", "height": "7", "highway": "street_lamp", "lamp_mount": "lamppost", "lamp_type": "led"}, "geohash": "tgkqnkkkh"},{"type": "Feature", "geometry": {"type": "Point", "coordinates": [85.0072893, 19.3600169]}, "properties": {"direction": "-230", "height": "7", "highway": "street_lamp", "lamp_mount": "lamppost", "lamp_type": "led"}, "geohash": "tgkqnkkkm"},{"type": "Feature", "geometry": {"type": "Point", "coordinates": [85.0074716, 19.3600512]}, "properties": {"direction": "-20", "height": "7", "highway": "street_lamp", "lamp_mount": "lamppost", "lamp_type": "led"}, "geohash": "tgkqnkks3"},{"type": "Feature", "geometry": {"type": "Point", "coordinates": [85.0107648, 19.3618896]}, "properties": {"direction": "145", "height": "7", "highway": "street_lamp", "lamp_mount": "lamppost", "lamp_type": "led"}, "geohash": "tgkqnkwzn"},{"type": "Feature", "geometry": {"type": "Point", "coordinates": [81.6588585, 18.3920914]}, "properties": {"highway": "street_lamp", "lamp_mount": "bent_mast", "lamp_type": "led", "opening_hours": "24/7", "ref": "Municipality"}, "geohash": "tg60dhnjt"},{"type": "Feature", "geometry": {"type": "Point", "coordinates": [81.6603094, 18.4002548]}, "properties": {"highway": "street_lamp", "lamp_mount": "bent_mast", "lamp_type": "led", "opening_hours": "24/7", "ref": "Municipality"}, "geohash": "tg60djxjr"},{"type": "Feature", "geometry": {"type": "Point", "coordinates": [81.6604217, 18.4005427]}, "properties": {"highway": "street_lamp", "lamp_mount": "bent_mast", "lamp_type": "led", "opening_hours": "24/7", "ref": "Municipality"}, "geohash": "tg60djxqc"},{"type": "Feature", "geometry": {"type": "Point", "coordinates": [81.6619699, 18.4020587]}, "properties": {"highway": "street_lamp", "lamp_mount": "bent_mast", "lamp_type": "led", "opening_hours": "24/7", "ref": "Municipality"}, "geohash": "tg60dmbrv"},{"type": "Feature", "geometry": {"type": "Point", "coordinates": [81.6586569, 18.3941076]}, "properties": {"highway": "street_lamp", "lamp_mount": "bent_mast", "lamp_type": "led", "opening_hours": "24/7", "ref": "Municipality"}, "geohash": "tg60dhw12"},{"type": "Feature", "geometry": {"type": "Point", "coordinates": [81.6607939, 18.401134]}, "properties": {"highway": "street_lamp", "lamp_mount": "bent_mast", "lamp_type": "led", "opening_hours": "24/7", "ref": "Municipality"}, "geohash": "tg60djzd6"},{"type": "Feature", "geometry": {"type": "Point", "coordinates": [81.6585874, 18.3951059]}, "properties": {"highway": "street_lamp", "lamp_mount": "bent_mast", "lamp_type": "led", "opening_hours": "24/7", "ref": "Municipality"}, "geohash": "tg60dhtzq"},{"type": "Feature", "geometry": {"type": "Point", "coordinates": [81.6592698, 18.3891017]}, "properties": {"highway": "street_lamp", "lamp_mount": "bent_mast", "lamp_type": "led", "opening_hours": "24/7", "ref": "Municipality"}, "geohash": "tg60d5wkq"},{"type": "Feature", "geometry": {"type": "Point", "coordinates": [81.6565543, 18.3879347]}, "properties": {"highway": "street_lamp", "lamp_mount": "bent_mast", "lamp_type": "led", "opening_hours": "24/7", "ref": "Municipality"}, "geohash": "tg60d5kmr"},{"type": "Feature", "geometry": {"type": "Point", "coordinates": [81.6624781, 18.4034432]}, "properties": {"highway": "street_lamp", "lamp_mount": "bent_mast", "lamp_type": "led", "opening_hours": "24/7", "ref": "Municipality"}, "geohash": "tg60dq0zc"},{"type": "Feature", "geometry": {"type": "Point", "coordinates": [81.6562902, 18.3878363]}, "properties": {"highway": "street_lamp", "lamp_mount": "bent_mast", "lamp_type": "led", "opening_hours": "24/7", "ref": "Municipality"}, "geohash": "tg60d5kkc"},{"type": "Feature", "geometry": {"type": "Point", "coordinates": [81.6591615, 18.3970942]}, "properties": {"highway": "street_lamp", "lamp_mount": "bent_mast", "lamp_type": "led", "opening_hours": "24/7", "ref": "Municipality"}, "geohash": "tg60djn6u"},{"type": "Feature", "geometry": {"type": "Point", "coordinates": [81.6630542, 18.405483]}, "properties": {"highway": "street_lamp", "lamp_mount": "bent_mast", "lamp_type": "led", "opening_hours": "24/7", "ref": "Municipality"}, "geohash": "tg60dq95x"},{"type": "Feature", "geometry": {"type": "Point", "coordinates": [81.6586088, 18.3948332]}, "properties": {"highway": "street_lamp", "lamp_mount": "bent_mast", "lamp_type": "led", "opening_hours": "24/7", "ref": "Municipality"}, "geohash": "tg60dhtvx"},{"type": "Feature", "geometry": {"type": "Point", "coordinates": [81.659242, 18.3893778]}, "properties": {"highway": "street_lamp", "lamp_mount": "bent_mast", "lamp_type": "led", "opening_hours": "24/7", "ref": "Municipality"}, "geohash": "tg60d5wmy"},{"type": "Feature", "geometry": {"type": "Point", "coordinates": [81.6617456, 18.4018621]}, "properties": {"highway": "street_lamp", "lamp_mount": "bent_mast", "lamp_type": "led", "opening_hours": "24/7", "ref": "Municipality"}, "geohash": "tg60dmbq8"},{"type": "Feature", "geometry": {"type": "Point", "coordinates": [81.662957, 18.4051965]}, "properties": {"highway": "street_lamp", "lamp_mount": "bent_mast", "lamp_type": "led", "opening_hours": "24/7", "ref": "Municipality"}, "geohash": "tg60dq94h"},{"type": "Feature", "geometry": {"type": "Point", "coordinates": [81.6590338, 18.3909659]}, "properties": {"highway": "street_lamp", "lamp_mount": "bent_mast", "lamp_type": "led", "opening_hours": "24/7", "ref": "Municipality"}, "geohash": "tg60d5yr1"},{"type": "Feature", "geometry": {"type": "Point", "coordinates": [81.6590395, 18.3888543]}, "properties": {"highway": "street_lamp", "lamp_mount": "bent_mast", "lamp_type": "led", "opening_hours": "24/7", "ref": "Municipality"}, "geohash": "tg60d5w6c"},{"type": "Feature", "geometry": {"type": "Point", "coordinates": [81.6588266, 18.3923367]}, "properties": {"highway": "street_lamp", "lamp_mount": "bent_mast", "lamp_type": "led", "opening_hours": "24/7", "ref": "Municipality"}, "geohash": "tg60dhnph"},{"type": "Feature", "geometry": {"type": "Point", "coordinates": [81.6628876, 18.4049069]}, "properties": {"highway": "street_lamp", "lamp_mount": "bent_mast", "lamp_type": "led", "opening_hours": "24/7", "ref": "Municipality"}, "geohash": "tg60dq907"},{"type": "Feature", "geometry": {"type": "Point", "coordinates": [81.6636399, 18.406493]}, "properties": {"highway": "street_lamp", "lamp_mount": "bent_mast", "lamp_type": "led", "opening_hours": "24/7", "ref": "Municipality"}, "geohash": "tg60dqc9s"},{"type": "Feature", "geometry": {"type": "Point", "coordinates": [81.6586853, 18.3937252]}, "properties": {"highway": "street_lamp", "lamp_mount": "bent_mast", "lamp_type": "led", "opening_hours": "24/7", "ref": "Municipality"}, "geohash": "tg60dhqp1"},{"type": "Feature", "geometry": {"type": "Point", "coordinates": [81.6587602, 18.3961126]}, "properties": {"highway": "street_lamp", "lamp_mount": "bent_mast", "lamp_type": "led", "opening_hours": "24/7", "ref": "Municipality"}, "geohash": "tg60dhyj5"},{"type": "Feature", "geometry": {"type": "Point", "coordinates": [81.6621418, 18.4023307]}, "properties": {"highway": "street_lamp", "lamp_mount": "bent_mast", "lamp_type": "led", "opening_hours": "24/7", "ref": "Municipality"}, "geohash": "tg60dq093"},{"type": "Feature", "geometry": {"type": "Point", "coordinates": [81.6586076, 18.394723]}, "properties": {"highway": "street_lamp", "lamp_mount": "bent_mast", "lamp_type": "led", "opening_hours": "24/7", "ref": "Municipality"}, "geohash": "tg60dhtvp"},{"type": "Feature", "geometry": {"type": "Point", "coordinates": [81.6594153, 18.3977664]}, "properties": {"highway": "street_lamp", "lamp_mount": "bent_mast", "lamp_type": "led", "opening_hours": "24/7", "ref": "Municipality"}, "geohash": "tg60djnwf"},{"type": "Feature", "geometry": {"type": "Point", "coordinates": [81.6630134, 18.4053898]}, "properties": {"highway": "street_lamp", "lamp_mount": "bent_mast", "lamp_type": "led", "opening_hours": "24/7", "ref": "Municipality"}, "geohash": "tg60dq95n"},{"type": "Feature", "geometry": {"type": "Point", "coordinates": [81.6593304, 18.3975417]}, "properties": {"highway": "street_lamp", "lamp_mount": "bent_mast", "lamp_type": "led", "opening_hours": "24/7", "ref": "Municipality"}, "geohash": "tg60djnt2"},{"type": "Feature", "geometry": {"type": "Point", "coordinates": [81.6586014, 18.3954303]}, "properties": {"highway": "street_lamp", "lamp_mount": "bent_mast", "lamp_type": "led", "opening_hours": "24/7", "ref": "Municipality"}, "geohash": "tg60dhvcp"},{"type": "Feature", "geometry": {"type": "Point", "coordinates": [81.6599324, 18.3992242]}, "properties": {"highway": "street_lamp", "lamp_mount": "bent_mast", "lamp_type": "led", "opening_hours": "24/7", "ref": "Municipality"}, "geohash": "tg60djqzn"},{"type": "Feature", "geometry": {"type": "Point", "coordinates": [81.6595887, 18.3982816]}, "properties": {"highway": "street_lamp", "lamp_mount": "bent_mast", "lamp_type": "led", "opening_hours": "24/7", "ref": "Municipality"}, "geohash": "tg60djq9y"},{"type": "Feature", "geometry": {"type": "Point", "coordinates": [81.6586336, 18.3942113]}, "properties": {"highway": "street_lamp", "lamp_mount": "bent_mast", "lamp_type": "led", "opening_hours": "24/7", "ref": "Municipality"}, "geohash": "tg60dhw40"},{"type": "Feature", "geometry": {"type": "Point", "coordinates": [81.660722, 18.4010651]}, "properties": {"highway": "street_lamp", "lamp_mount": "bent_mast", "lamp_type": "led", "opening_hours": "24/7", "ref": "Municipality"}, "geohash": "tg60djz9b"},{"type": "Feature", "geometry": {"type": "Point", "coordinates": [81.659116, 18.3888962]}, "properties": {"highway": "street_lamp", "lamp_mount": "bent_mast", "lamp_type": "led", "opening_hours": "24/7", "ref": "Municipality"}, "geohash": "tg60d5w75"},{"type": "Feature", "geometry": {"type": "Point", "coordinates": [81.6623623, 18.4029939]}, "properties": {"highway": "street_lamp", "lamp_mount": "bent_mast", "lamp_type": "led", "opening_hours": "24/7", "ref": "Municipality"}, "geohash": "tg60dq0tn"},{"type": "Feature", "geometry": {"type": "Point", "coordinates": [81.6585944, 18.3953116]}, "properties": {"highway": "street_lamp", "lamp_mount": "bent_mast", "lamp_type": "led", "opening_hours": "24/7", "ref": "Municipality"}, "geohash": "tg60dhvbr"},{"type": "Feature", "geometry": {"type": "Point", "coordinates": [81.662263, 18.4027048]}, "properties": {"highway": "street_lamp", "lamp_mount": "bent_mast", "lamp_type": "led", "opening_hours": "24/7", "ref": "Municipality"}, "geohash": "tg60dq0es"},{"type": "Feature", "geometry": {"type": "Point", "coordinates": [81.6584338, 18.3886146]}, "properties": {"highway": "street_lamp", "lamp_mount": "bent_mast", "lamp_type": "led", "opening_hours": "24/7", "ref": "Municipality"}, "geohash": "tg60d5tc7"},{"type": "Feature", "geometry": {"type": "Point", "coordinates": [81.6585979, 18.3949418]}, "properties": {"highway": "street_lamp", "lamp_mount": "bent_mast", "lamp_type": "led", "opening_hours": "24/7", "ref": "Municipality"}, "geohash": "tg60dhtyr"},{"type": "Feature", "geometry": {"type": "Point", "coordinates": [81.6568917, 18.3880587]}, "properties": {"highway": "street_lamp", "lamp_mount": "bent_mast", "lamp_type": "led", "opening_hours": "24/7", "ref": "Municipality"}, "geohash": "tg60d5kwp"},{"type": "Feature", "geometry": {"type": "Point", "coordinates": [81.6589216, 18.39169]}, "properties": {"highway": "street_lamp", "lamp_mount": "bent_mast", "lamp_type": "led", "opening_hours": "24/7", "ref": "Municipality"}, "geohash": "tg60dhn5q"},{"type": "Feature", "geometry": {"type": "Point", "coordinates": [81.6589454, 18.3888152]}, "properties": {"highway": "street_lamp", "lamp_mount": "bent_mast", "lamp_type": "led", "opening_hours": "24/7", "ref": "Municipality"}, "geohash": "tg60d5w4x"},{"type": "Feature", "geometry": {"type": "Point", "coordinates": [81.6621923, 18.4024234]}, "properties": {"highway": "street_lamp", "lamp_mount": "bent_mast", "lamp_type": "led", "opening_hours": "24/7", "ref": "Municipality"}, "geohash": "tg60dq09f"},{"type": "Feature", "geometry": {"type": "Point", "coordinates": [81.6641402, 18.4068649]}, "properties": {"highway": "street_lamp", "lamp_mount": "bent_mast", "lamp_type": "led", "opening_hours": "24/7", "ref": "Municipality"}, "geohash": "tg60dqf5b"},{"type": "Feature", "geometry": {"type": "Point", "coordinates": [81.6592227, 18.3972843]}, "properties": {"highway": "street_lamp", "lamp_mount": "bent_mast", "lamp_type": "led", "opening_hours": "24/7", "ref": "Municipality"}, "geohash": "tg60djn7v"},{"type": "Feature", "geometry": {"type": "Point", "coordinates": [81.6640711, 18.4068243]}, "properties": {"highway": "street_lamp", "lamp_mount": "bent_mast", "lamp_type": "led", "opening_hours": "24/7", "ref": "Municipality"}, "geohash": "tg60dqcgw"},{"type": "Feature", "geometry": {"type": "Point", "coordinates": [81.6588715, 18.3920056]}, "properties": {"highway": "street_lamp", "lamp_mount": "bent_mast", "lamp_type": "led", "opening_hours": "24/7", "ref": "Municipality"}, "geohash": "tg60dhnjj"},{"type": "Feature", "geometry": {"type": "Point", "coordinates": [81.659501, 18.398055]}, "properties": {"highway": "street_lamp", "lamp_mount": "pole", "lamp_type": "led", "opening_hours": "24/7", "ref": "Municipality", "support": "poles"}, "geohash": "tg60djq8k"},{"type": "Feature", "geometry": {"type": "Point", "coordinates": [81.66021, 18.3999684]}, "properties": {"highway": "street_lamp", "lamp_mount": "bent_mast", "lamp_type": "led", "opening_hours": "24/7", "ref": "Municipality"}, "geohash": "tg60djx5s"},{"type": "Feature", "geometry": {"type": "Point", "coordinates": [81.662215, 18.4025186]}, "properties": {"highway": "street_lamp", "lamp_mount": "bent_mast", "lamp_type": "led", "opening_hours": "24/7", "ref": "Municipality"}, "geohash": "tg60dq0d7"},{"type": "Feature", "geometry": {"type": "Point", "coordinates": [81.6604707, 18.4006387]}, "properties": {"highway": "street_lamp", "lamp_mount": "bent_mast", "lamp_type": "led", "opening_hours": "24/7", "ref": "Municipality"}, "geohash": "tg60djxr6"},{"type": "Feature", "geometry": {"type": "Point", "coordinates": [81.6591184, 18.3902813]}, "properties": {"highway": "street_lamp", "lamp_mount": "bent_mast", "lamp_type": "led", "opening_hours": "24/7", "ref": "Municipality"}, "geohash": "tg60d5y75"},{"type": "Feature", "geometry": {"type": "Point", "coordinates": [81.662838, 18.4047182]}, "properties": {"highway": "street_lamp", "lamp_mount": "bent_mast", "lamp_type": "led", "opening_hours": "24/7", "ref": "Municipality"}, "geohash": "tg60dq3p6"},{"type": "Feature", "geometry": {"type": "Point", "coordinates": [81.662693, 18.4041969]}, "properties": {"highway": "street_lamp", "lamp_mount": "bent_mast", "lamp_type": "led", "opening_hours": "24/7", "ref": "Municipality"}, "geohash": "tg60dq2un"},{"type": "Feature", "geometry": {"type": "Point", "coordinates": [81.6630822, 18.4055652]}, "properties": {"highway": "street_lamp", "lamp_mount": "bent_mast", "lamp_type": "led", "opening_hours": "24/7", "ref": "Municipality"}, "geohash": "tg60dq9hp"},{"type": "Feature", "geometry": {"type": "Point", "coordinates": [81.6590521, 18.3907826]}, "properties": {"highway": "street_lamp", "lamp_mount": "bent_mast", "lamp_type": "led", "opening_hours": "24/7", "ref": "Municipality"}, "geohash": "tg60d5yq1"},{"type": "Feature", "geometry": {"type": "Point", "coordinates": [81.6603935, 18.4004484]}, "properties": {"highway": "street_lamp", "lamp_mount": "bent_mast", "lamp_type": "led", "opening_hours": "24/7", "ref": "Municipality"}, "geohash": "tg60djxq3"},{"type": "Feature", "geometry": {"type": "Point", "coordinates": [81.6597835, 18.3988361]}, "properties": {"highway": "street_lamp", "lamp_mount": "bent_mast", "lamp_type": "led", "opening_hours": "24/7", "ref": "Municipality"}, "geohash": "tg60djquf"},{"type": "Feature", "geometry": {"type": "Point", "coordinates": [81.6632201, 18.4059849]}, "properties": {"highway": "street_lamp", "lamp_mount": "bent_mast", "lamp_type": "led", "opening_hours": "24/7", "ref": "Municipality"}, "geohash": "tg60dq9qd"},{"type": "Feature", "geometry": {"type": "Point", "coordinates": [81.6586396, 18.3943403]}, "properties": {"highway": "street_lamp", "lamp_mount": "bent_mast", "lamp_type": "led", "opening_hours": "24/7", "ref": "Municipality"}, "geohash": "tg60dhw4b"},{"type": "Feature", "geometry": {"type": "Point", "coordinates": [81.6625265, 18.4036404]}, "properties": {"highway": "street_lamp", "lamp_mount": "bent_mast", "lamp_type": "led", "opening_hours": "24/7", "ref": "Municipality"}, "geohash": "tg60dq2bf"},{"type": "Feature", "geometry": {"type": "Point", "coordinates": [81.6567777, 18.3880129]}, "properties": {"highway": "street_lamp", "lamp_mount": "bent_mast", "lamp_type": "led", "opening_hours": "24/7", "ref": "Municipality"}, "geohash": "tg60d5ktu"},{"type": "Feature", "geometry": {"type": "Point", "coordinates": [81.6586299, 18.3944352]}, "properties": {"highway": "street_lamp", "lamp_mount": "bent_mast", "lamp_type": "led", "opening_hours": "24/7", "ref": "Municipality"}, "geohash": "tg60dhtgr"},{"type": "Feature", "geometry": {"type": "Point", "coordinates": [81.6590647, 18.3906935]}, "properties": {"highway": "street_lamp", "lamp_mount": "bent_mast", "lamp_type": "led", "opening_hours": "24/7", "ref": "Municipality"}, "geohash": "tg60d5ymd"},{"type": "Feature", "geometry": {"type": "Point", "coordinates": [81.6569673, 18.388075]}, "properties": {"highway": "street_lamp", "lamp_mount": "bent_mast", "lamp_type": "led", "opening_hours": "24/7", "ref": "Municipality"}, "geohash": "tg60d5ky3"},{"type": "Feature", "geometry": {"type": "Point", "coordinates": [81.6592621, 18.3973721]}, "properties": {"highway": "street_lamp", "lamp_mount": "bent_mast", "lamp_type": "led", "opening_hours": "24/7", "ref": "Municipality"}, "geohash": "tg60djnkq"},{"type": "Feature", "geometry": {"type": "Point", "coordinates": [81.6586746, 18.3938185]}, "properties": {"highway": "street_lamp", "lamp_mount": "bent_mast", "lamp_type": "led", "opening_hours": "24/7", "ref": "Municipality"}, "geohash": "tg60dhqpc"},{"type": "Feature", "geometry": {"type": "Point", "coordinates": [81.6623935, 18.4030927]}, "properties": {"highway": "street_lamp", "lamp_mount": "bent_mast", "lamp_type": "led", "opening_hours": "24/7", "ref": "Municipality"}, "geohash": "tg60dq0tz"},{"type": "Feature", "geometry": {"type": "Point", "coordinates": [81.657852, 18.3884029]}, "properties": {"highway": "street_lamp", "lamp_mount": "bent_mast", "lamp_type": "led", "opening_hours": "24/7", "ref": "Municipality"}, "geohash": "tg60d5t2j"},{"type": "Feature", "geometry": {"type": "Point", "coordinates": [81.6599995, 18.3994211]}, "properties": {"highway": "street_lamp", "lamp_mount": "bent_mast", "lamp_type": "led", "opening_hours": "24/7", "ref": "Municipality"}, "geohash": "tg60djwbr"},{"type": "Feature", "geometry": {"type": "Point", "coordinates": [81.663151, 18.4058249]}, "properties": {"highway": "street_lamp", "lamp_mount": "bent_mast", "lamp_type": "led", "opening_hours": "24/7", "ref": "Municipality"}, "geohash": "tg60dq9m9"},{"type": "Feature", "geometry": {"type": "Point", "coordinates": [81.6601756, 18.3998601]}, "properties": {"highway": "street_lamp", "lamp_mount": "bent_mast", "lamp_type": "led", "opening_hours": "24/7", "ref": "Municipality"}, "geohash": "tg60djx4u"},{"type": "Feature", "geometry": {"type": "Point", "coordinates": [81.6587393, 18.3931655]}, "properties": {"highway": "street_lamp", "lamp_mount": "bent_mast", "lamp_type": "led", "opening_hours": "24/7", "ref": "Municipality"}, "geohash": "tg60dhq5f"},{"type": "Feature", "geometry": {"type": "Point", "coordinates": [81.662934, 18.4050809]}, "properties": {"highway": "street_lamp", "lamp_mount": "bent_mast", "lamp_type": "led", "opening_hours": "24/7", "ref": "Municipality"}, "geohash": "tg60dq91k"},{"type": "Feature", "geometry": {"type": "Point", "coordinates": [81.6618166, 18.4019285]}, "properties": {"highway": "street_lamp", "lamp_mount": "bent_mast", "lamp_type": "led", "opening_hours": "24/7", "ref": "Municipality"}, "geohash": "tg60dmbr4"},{"type": "Feature", "geometry": {"type": "Point", "coordinates": [81.6591564, 18.3900875]}, "properties": {"highway": "street_lamp", "lamp_mount": "bent_mast", "lamp_type": "led", "opening_hours": "24/7", "ref": "Municipality"}, "geohash": "tg60d5y6h"},{"type": "Feature", "geometry": {"type": "Point", "coordinates": [81.6590079, 18.3911378]}, "properties": {"highway": "street_lamp", "lamp_mount": "bent_mast", "lamp_type": "led", "opening_hours": "24/7", "ref": "Municipality"}, "geohash": "tg60dhn20"},{"type": "Feature", "geometry": {"type": "Point", "coordinates": [81.6601331, 18.3997707]}, "properties": {"highway": "street_lamp", "lamp_mount": "bent_mast", "lamp_type": "led", "opening_hours": "24/7", "ref": "Municipality"}, "geohash": "tg60djx47"},{"type": "Feature", "geometry": {"type": "Point", "coordinates": [81.6592488, 18.3892934]}, "properties": {"highway": "street_lamp", "lamp_mount": "bent_mast", "lamp_type": "led", "opening_hours": "24/7", "ref": "Municipality"}, "geohash": "tg60d5wmq"},{"type": "Feature", "geometry": {"type": "Point", "coordinates": [81.6586568, 18.3940396]}, "properties": {"highway": "street_lamp", "lamp_mount": "bent_mast", "lamp_type": "led", "opening_hours": "24/7", "ref": "Municipality"}, "geohash": "tg60dhw10"},{"type": "Feature", "geometry": {"type": "Point", "coordinates": [81.6563728, 18.3878669]}, "properties": {"highway": "street_lamp", "lamp_mount": "bent_mast", "lamp_type": "led", "opening_hours": "24/7", "ref": "Municipality"}, "geohash": "tg60d5km5"},{"type": "Feature", "geometry": {"type": "Point", "coordinates": [81.6630969, 18.4056715]}, "properties": {"highway": "street_lamp", "lamp_mount": "bent_mast", "lamp_type": "led", "opening_hours": "24/7", "ref": "Municipality"}, "geohash": "tg60dq9kb"},{"type": "Feature", "geometry": {"type": "Point", "coordinates": [81.660354, 18.400357]}, "properties": {"highway": "street_lamp", "lamp_mount": "bent_mast", "lamp_type": "led", "opening_hours": "24/7", "ref": "Municipality"}, "geohash": "tg60djxmb"},{"type": "Feature", "geometry": {"type": "Point", "coordinates": [81.6637051, 18.4065598]}, "properties": {"highway": "street_lamp", "lamp_mount": "bent_mast", "lamp_type": "led", "opening_hours": "24/7", "ref": "Municipality"}, "geohash": "tg60dqc9y"},{"type": "Feature", "geometry": {"type": "Point", "coordinates": [81.662284, 18.4027912]}, "properties": {"highway": "street_lamp", "lamp_mount": "bent_mast", "lamp_type": "led", "opening_hours": "24/7", "ref": "Municipality"}, "geohash": "tg60dq0sj"},{"type": "Feature", "geometry": {"type": "Point", "coordinates": [81.6590716, 18.3968793]}, "properties": {"highway": "street_lamp", "lamp_mount": "bent_mast", "lamp_type": "led", "opening_hours": "24/7", "ref": "Municipality"}, "geohash": "tg60djn3d"},{"type": "Feature", "geometry": {"type": "Point", "coordinates": [81.6574925, 18.3882628]}, "properties": {"highway": "street_lamp", "lamp_mount": "bent_mast", "lamp_type": "led", "opening_hours": "24/7", "ref": "Municipality"}, "geohash": "tg60d5mpm"},{"type": "Feature", "geometry": {"type": "Point", "coordinates": [81.6561261, 18.3877767]}, "properties": {"highway": "street_lamp", "lamp_mount": "bent_mast", "lamp_type": "led", "opening_hours": "24/7", "ref": "Municipality"}, "geohash": "tg60d5kht"},{"type": "Feature", "geometry": {"type": "Point", "coordinates": [81.6586169, 18.3946111]}, "properties": {"highway": "street_lamp", "lamp_mount": "bent_mast", "lamp_type": "led", "opening_hours": "24/7", "ref": "Municipality"}, "geohash": "tg60dhtur"},{"type": "Feature", "geometry": {"type": "Point", "coordinates": [81.6588249, 18.3922663]}, "properties": {"highway": "street_lamp", "lamp_mount": "bent_mast", "lamp_type": "led", "opening_hours": "24/7", "ref": "Municipality"}, "geohash": "tg60dhnns"},{"type": "Feature", "geometry": {"type": "Point", "coordinates": [81.6597102, 18.3986393]}, "properties": {"highway": "street_lamp", "lamp_mount": "bent_mast", "lamp_type": "led", "opening_hours": "24/7", "ref": "Municipality"}, "geohash": "tg60djqgc"},{"type": "Feature", "geometry": {"type": "Point", "coordinates": [81.659432, 18.3978582]}, "properties": {"highway": "street_lamp", "lamp_mount": "bent_mast", "lamp_type": "led", "opening_hours": "24/7", "ref": "Municipality"}, "geohash": "tg60djnx6"},{"type": "Feature", "geometry": {"type": "Point", "coordinates": [81.6566587, 18.3879846]}, "properties": {"highway": "street_lamp", "lamp_mount": "bent_mast", "lamp_type": "led", "opening_hours": "24/7", "ref": "Municipality"}, "geohash": "tg60d5ktf"},{"type": "Feature", "geometry": {"type": "Point", "coordinates": [81.6562144, 18.3878098]}, "properties": {"highway": "street_lamp", "lamp_mount": "bent_mast", "lamp_type": "led", "opening_hours": "24/7", "ref": "Municipality"}, "geohash": "tg60d5khz"},{"type": "Feature", "geometry": {"type": "Point", "coordinates": [81.6628665, 18.4048108]}, "properties": {"highway": "street_lamp", "lamp_mount": "bent_mast", "lamp_type": "led", "opening_hours": "24/7", "ref": "Municipality"}, "geohash": "tg60dq3pf"},{"type": "Feature", "geometry": {"type": "Point", "coordinates": [81.6586235, 18.394504]}, "properties": {"highway": "street_lamp", "lamp_mount": "bent_mast", "lamp_type": "led", "opening_hours": "24/7", "ref": "Municipality"}, "geohash": "tg60dhtgz"},{"type": "Feature", "geometry": {"type": "Point", "coordinates": [81.6624382, 18.4033189]}, "properties": {"highway": "street_lamp", "lamp_mount": "bent_mast", "lamp_type": "led", "opening_hours": "24/7", "ref": "Municipality"}, "geohash": "tg60dq0z0"},{"type": "Feature", "geometry": {"type": "Point", "coordinates": [81.6612358, 18.4014984]}, "properties": {"highway": "street_lamp", "lamp_mount": "bent_mast", "lamp_type": "led", "opening_hours": "24/7", "ref": "Municipality"}, "geohash": "tg60djzuk"},{"type": "Feature", "geometry": {"type": "Point", "coordinates": [81.6598484, 18.3989994]}, "properties": {"highway": "street_lamp", "lamp_mount": "bent_mast", "lamp_type": "led", "opening_hours": "24/7", "ref": "Municipality"}, "geohash": "tg60djqvu"},{"type": "Feature", "geometry": {"type": "Point", "coordinates": [81.6587304, 18.3932318]}, "properties": {"highway": "street_lamp", "lamp_mount": "bent_mast", "lamp_type": "led", "opening_hours": "24/7", "ref": "Municipality"}, "geohash": "tg60dhqh6"},{"type": "Feature", "geometry": {"type": "Point", "coordinates": [81.6587404, 18.3930843]}, "properties": {"highway": "street_lamp", "lamp_mount": "bent_mast", "lamp_type": "led", "opening_hours": "24/7", "ref": "Municipality"}, "geohash": "tg60dhq56"},{"type": "Feature", "geometry": {"type": "Point", "coordinates": [81.6564706, 18.3879014]}, "properties": {"highway": "street_lamp", "lamp_mount": "bent_mast", "lamp_type": "led", "opening_hours": "24/7", "ref": "Municipality"}, "geohash": "tg60d5kmm"},{"type": "Feature", "geometry": {"type": "Point", "coordinates": [81.6577651, 18.3883652]}, "properties": {"highway": "street_lamp", "lamp_mount": "bent_mast", "lamp_type": "led", "opening_hours": "24/7", "ref": "Municipality"}, "geohash": "tg60d5mrg"},{"type": "Feature", "geometry": {"type": "Point", "coordinates": [81.6588142, 18.3924093]}, "properties": {"highway": "street_lamp", "lamp_mount": "bent_mast", "lamp_type": "led", "opening_hours": "24/7", "ref": "Municipality"}, "geohash": "tg60dhnps"},{"type": "Feature", "geometry": {"type": "Point", "coordinates": [81.6588362, 18.3921874]}, "properties": {"highway": "street_lamp", "lamp_mount": "bent_mast", "lamp_type": "led", "opening_hours": "24/7", "ref": "Municipality"}, "geohash": "tg60dhnnk"},{"type": "Feature", "geometry": {"type": "Point", "coordinates": [81.662597, 18.4038774]}, "properties": {"highway": "street_lamp", "lamp_mount": "bent_mast", "lamp_type": "led", "opening_hours": "24/7", "ref": "Municipality"}, "geohash": "tg60dq2fk"},{"type": "Feature", "geometry": {"type": "Point", "coordinates": [81.657135, 18.3881348]}, "properties": {"highway": "street_lamp", "lamp_mount": "bent_mast", "lamp_type": "led", "opening_hours": "24/7", "ref": "Municipality"}, "geohash": "tg60d5kyt"},{"type": "Feature", "geometry": {"type": "Point", "coordinates": [81.6627355, 18.4043999]}, "properties": {"highway": "street_lamp", "lamp_mount": "bent_mast", "lamp_type": "led", "opening_hours": "24/7", "ref": "Municipality"}, "geohash": "tg60dq2vr"},{"type": "Feature", "geometry": {"type": "Point", "coordinates": [81.65918, 18.3898847]}, "properties": {"highway": "street_lamp", "lamp_mount": "bent_mast", "lamp_type": "led", "opening_hours": "24/7", "ref": "Municipality"}, "geohash": "tg60d5y2u"},{"type": "Feature", "geometry": {"type": "Point", "coordinates": [81.6587776, 18.3961937]}, "properties": {"highway": "street_lamp", "lamp_mount": "bent_mast", "lamp_type": "led", "opening_hours": "24/7", "ref": "Municipality"}, "geohash": "tg60dhyje"},{"type": "Feature", "geometry": {"type": "Point", "coordinates": [81.6598286, 18.3989277]}, "properties": {"highway": "street_lamp", "lamp_mount": "bent_mast", "lamp_type": "led", "opening_hours": "24/7", "ref": "Municipality"}, "geohash": "tg60djqve"},{"type": "Feature", "geometry": {"type": "Point", "coordinates": [81.6589655, 18.3914748]}, "properties": {"highway": "street_lamp", "lamp_mount": "bent_mast", "lamp_type": "led", "opening_hours": "24/7", "ref": "Municipality"}, "geohash": "tg60dhn4p"},{"type": "Feature", "geometry": {"type": "Point", "coordinates": [81.6600928, 18.3996512]}, "properties": {"highway": "street_lamp", "lamp_mount": "bent_mast", "lamp_type": "led", "opening_hours": "24/7", "ref": "Municipality"}, "geohash": "tg60djx1d"},{"type": "Feature", "geometry": {"type": "Point", "coordinates": [81.6587259, 18.3932887]}, "properties": {"highway": "street_lamp", "lamp_mount": "bent_mast", "lamp_type": "led", "opening_hours": "24/7", "ref": "Municipality"}, "geohash": "tg60dhqhd"},{"type": "Feature", "geometry": {"type": "Point", "coordinates": [81.6598842, 18.3991053]}, "properties": {"highway": "street_lamp", "lamp_mount": "bent_mast", "lamp_type": "led", "opening_hours": "24/7", "ref": "Municipality"}, "geohash": "tg60djqyt"},{"type": "Feature", "geometry": {"type": "Point", "coordinates": [81.6626539, 18.4040993]}, "properties": {"highway": "street_lamp", "lamp_mount": "bent_mast", "lamp_type": "led", "opening_hours": "24/7", "ref": "Municipality"}, "geohash": "tg60dq2gt"},{"type": "Feature", "geometry": {"type": "Point", "coordinates": [81.6587088, 18.3934576]}, "properties": {"highway": "street_lamp", "lamp_mount": "bent_mast", "lamp_type": "led", "opening_hours": "24/7", "ref": "Municipality"}, "geohash": "tg60dhqj9"},{"type": "Feature", "geometry": {"type": "Point", "coordinates": [81.6593608, 18.3976414]}, "properties": {"highway": "street_lamp", "lamp_mount": "bent_mast", "lamp_type": "led", "opening_hours": "24/7", "ref": "Municipality"}, "geohash": "tg60djnw1"},{"type": "Feature", "geometry": {"type": "Point", "coordinates": [81.6638396, 18.4066687]}, "properties": {"highway": "street_lamp", "lamp_mount": "bent_mast", "lamp_type": "led", "opening_hours": "24/7", "ref": "Municipality"}, "geohash": "tg60dqcf9"},{"type": "Feature", "geometry": {"type": "Point", "coordinates": [81.6591104, 18.3903894]}, "properties": {"highway": "street_lamp", "lamp_mount": "bent_mast", "lamp_type": "led", "opening_hours": "24/7", "ref": "Municipality"}, "geohash": "tg60d5y7g"},{"type": "Feature", "geometry": {"type": "Point", "coordinates": [81.6596329, 18.3983902]}, "properties": {"highway": "street_lamp", "lamp_mount": "bent_mast", "lamp_type": "led", "opening_hours": "24/7", "ref": "Municipality"}, "geohash": "tg60djqdr"},{"type": "Feature", "geometry": {"type": "Point", "coordinates": [81.6572509, 18.3881732]}, "properties": {"highway": "street_lamp", "lamp_mount": "bent_mast", "lamp_type": "led", "opening_hours": "24/7", "ref": "Municipality"}, "geohash": "tg60d5kyz"},{"type": "Feature", "geometry": {"type": "Point", "coordinates": [81.6582319, 18.3885528]}, "properties": {"highway": "street_lamp", "lamp_mount": "bent_mast", "lamp_type": "led", "opening_hours": "24/7", "ref": "Municipality"}, "geohash": "tg60d5t9n"},{"type": "Feature", "geometry": {"type": "Point", "coordinates": [81.6587316, 18.3887346]}, "properties": {"highway": "street_lamp", "lamp_mount": "bent_mast", "lamp_type": "led", "opening_hours": "24/7", "ref": "Municipality"}, "geohash": "tg60d5w44"},{"type": "Feature", "geometry": {"type": "Point", "coordinates": [81.6622354, 18.4026139]}, "properties": {"highway": "street_lamp", "lamp_mount": "bent_mast", "lamp_type": "led", "opening_hours": "24/7", "ref": "Municipality"}, "geohash": "tg60dq0du"},{"type": "Feature", "geometry": {"type": "Point", "coordinates": [81.6632932, 18.406128]}, "properties": {"highway": "street_lamp", "lamp_mount": "bent_mast", "lamp_type": "led", "opening_hours": "24/7", "ref": "Municipality"}, "geohash": "tg60dq9rk"},{"type": "Feature", "geometry": {"type": "Point", "coordinates": [81.6637772, 18.4066281]}, "properties": {"highway": "street_lamp", "lamp_mount": "bent_mast", "lamp_type": "led", "opening_hours": "24/7", "ref": "Municipality"}, "geohash": "tg60dqcdr"},{"type": "Feature", "geometry": {"type": "Point", "coordinates": [81.6586686, 18.3939712]}, "properties": {"highway": "street_lamp", "lamp_mount": "bent_mast", "lamp_type": "led", "opening_hours": "24/7", "ref": "Municipality"}, "geohash": "tg60dhw08"},{"type": "Feature", "geometry": {"type": "Point", "coordinates": [81.6625114, 18.4035292]}, "properties": {"highway": "street_lamp", "lamp_mount": "bent_mast", "lamp_type": "led", "opening_hours": "24/7", "ref": "Municipality"}, "geohash": "tg60dq2b6"},{"type": "Feature", "geometry": {"type": "Point", "coordinates": [81.6560372, 18.3877369]}, "properties": {"highway": "street_lamp", "lamp_mount": "bent_mast", "lamp_type": "led", "opening_hours": "24/7", "ref": "Municipality"}, "geohash": "tg60d5kh7"},{"type": "Feature", "geometry": {"type": "Point", "coordinates": [81.6590974, 18.3905145]}, "properties": {"highway": "street_lamp", "lamp_mount": "bent_mast", "lamp_type": "led", "opening_hours": "24/7", "ref": "Municipality"}, "geohash": "tg60d5ykd"},{"type": "Feature", "geometry": {"type": "Point", "coordinates": [81.6579402, 18.3884469]}, "properties": {"highway": "street_lamp", "lamp_mount": "bent_mast", "lamp_type": "led", "opening_hours": "24/7", "ref": "Municipality"}, "geohash": "tg60d5t2r"},{"type": "Feature", "geometry": {"type": "Point", "coordinates": [81.6590508, 18.3908736]}, "properties": {"highway": "street_lamp", "lamp_mount": "bent_mast", "lamp_type": "led", "opening_hours": "24/7", "ref": "Municipality"}, "geohash": "tg60d5yq9"},{"type": "Feature", "geometry": {"type": "Point", "coordinates": [81.6588978, 18.391807]}, "properties": {"highway": "street_lamp", "lamp_mount": "bent_mast", "lamp_type": "led", "opening_hours": "24/7", "ref": "Municipality"}, "geohash": "tg60dhnhn"},{"type": "Feature", "geometry": {"type": "Point", "coordinates": [81.6634109, 18.406268]}, "properties": {"highway": "street_lamp", "lamp_mount": "bent_mast", "lamp_type": "led", "opening_hours": "24/7", "ref": "Municipality"}, "geohash": "tg60dqc2r"},{"type": "Feature", "geometry": {"type": "Point", "coordinates": [81.6632596, 18.406057]}, "properties": {"highway": "street_lamp", "lamp_mount": "bent_mast", "lamp_type": "led", "opening_hours": "24/7", "ref": "Municipality"}, "geohash": "tg60dq9r5"},{"type": "Feature", "geometry": {"type": "Point", "coordinates": [81.657037, 18.3881018]}, "properties": {"highway": "street_lamp", "lamp_mount": "bent_mast", "lamp_type": "led", "opening_hours": "24/7", "ref": "Municipality"}, "geohash": "tg60d5ky6"},{"type": "Feature", "geometry": {"type": "Point", "coordinates": [81.6613537, 18.4015718]}, "properties": {"highway": "street_lamp", "lamp_mount": "bent_mast", "lamp_type": "led", "opening_hours": "24/7", "ref": "Municipality"}, "geohash": "tg60djzuz"},{"type": "Feature", "geometry": {"type": "Point", "coordinates": [81.6591192, 18.3969843]}, "properties": {"highway": "street_lamp", "lamp_mount": "bent_mast", "lamp_type": "led", "opening_hours": "24/7", "ref": "Municipality"}, "geohash": "tg60djn65"},{"type": "Feature", "geometry": {"type": "Point", "coordinates": [81.6609172, 18.4012742]}, "properties": {"highway": "street_lamp", "lamp_mount": "bent_mast", "lamp_type": "led", "opening_hours": "24/7", "ref": "Municipality"}, "geohash": "tg60djzej"},{"type": "Feature", "geometry": {"type": "Point", "coordinates": [81.6629947, 18.405291]}, "properties": {"highway": "street_lamp", "lamp_mount": "bent_mast", "lamp_type": "led", "opening_hours": "24/7", "ref": "Municipality"}, "geohash": "tg60dq94t"},{"type": "Feature", "geometry": {"type": "Point", "coordinates": [81.6589941, 18.3966863]}, "properties": {"highway": "street_lamp", "lamp_mount": "bent_mast", "lamp_type": "led", "opening_hours": "24/7", "ref": "Municipality"}, "geohash": "tg60djn22"},{"type": "Feature", "geometry": {"type": "Point", "coordinates": [81.6587139, 18.3933715]}, "properties": {"highway": "street_lamp", "lamp_mount": "bent_mast", "lamp_type": "led", "opening_hours": "24/7", "ref": "Municipality"}, "geohash": "tg60dhqj1"},{"type": "Feature", "geometry": {"type": "Point", "coordinates": [81.6597659, 18.39876]}, "properties": {"highway": "street_lamp", "lamp_mount": "bent_mast", "lamp_type": "led", "opening_hours": "24/7", "ref": "Municipality"}, "geohash": "tg60djqud"},{"type": "Feature", "geometry": {"type": "Point", "coordinates": [81.6602766, 18.4001558]}, "properties": {"highway": "street_lamp", "lamp_mount": "bent_mast", "lamp_type": "led", "opening_hours": "24/7", "ref": "Municipality"}, "geohash": "tg60djxhw"},{"type": "Feature", "geometry": {"type": "Point", "coordinates": [81.6573663, 18.3882181]}, "properties": {"highway": "street_lamp", "lamp_mount": "bent_mast", "lamp_type": "led", "opening_hours": "24/7", "ref": "Municipality"}, "geohash": "tg60d5mp4"},{"type": "Feature", "geometry": {"type": "Point", "coordinates": [81.6585853, 18.3952022]}, "properties": {"highway": "street_lamp", "lamp_mount": "bent_mast", "lamp_type": "led", "opening_hours": "24/7", "ref": "Municipality"}, "geohash": "tg60dhtzy"},{"type": "Feature", "geometry": {"type": "Point", "coordinates": [81.6624035, 18.40319]}, "properties": {"highway": "street_lamp", "lamp_mount": "bent_mast", "lamp_type": "led", "opening_hours": "24/7", "ref": "Municipality"}, "geohash": "tg60dq0wr"},{"type": "Feature", "geometry": {"type": "Point", "coordinates": [81.6586949, 18.3959315]}, "properties": {"highway": "street_lamp", "lamp_mount": "bent_mast", "lamp_type": "led", "opening_hours": "24/7", "ref": "Municipality"}, "geohash": "tg60dhyh1"},{"type": "Feature", "geometry": {"type": "Point", "coordinates": [81.6631737, 18.4059076]}, "properties": {"highway": "street_lamp", "lamp_mount": "bent_mast", "lamp_type": "led", "opening_hours": "24/7", "ref": "Municipality"}, "geohash": "tg60dq9q1"},{"type": "Feature", "geometry": {"type": "Point", "coordinates": [81.6586701, 18.3938981]}, "properties": {"highway": "street_lamp", "lamp_mount": "bent_mast", "lamp_type": "led", "opening_hours": "24/7", "ref": "Municipality"}, "geohash": "tg60dhw00"},{"type": "Feature", "geometry": {"type": "Point", "coordinates": [81.6592522, 18.3890173]}, "properties": {"highway": "street_lamp", "lamp_mount": "bent_mast", "lamp_type": "led", "opening_hours": "24/7", "ref": "Municipality"}, "geohash": "tg60d5w7y"},{"type": "Feature", "geometry": {"type": "Point", "coordinates": [81.6591916, 18.3971831]}, "properties": {"highway": "street_lamp", "lamp_mount": "bent_mast", "lamp_type": "led", "opening_hours": "24/7", "ref": "Municipality"}, "geohash": "tg60djn7m"},{"type": "Feature", "geometry": {"type": "Point", "coordinates": [81.6631315, 18.4057476]}, "properties": {"highway": "street_lamp", "lamp_mount": "bent_mast", "lamp_type": "led", "opening_hours": "24/7", "ref": "Municipality"}, "geohash": "tg60dq9m2"},{"type": "Feature", "geometry": {"type": "Point", "coordinates": [81.6595503, 18.398155]}, "properties": {"highway": "street_lamp", "lamp_mount": "bent_mast", "lamp_type": "led", "opening_hours": "24/7", "ref": "Municipality"}, "geohash": "tg60djq9j"},{"type": "Feature", "geometry": {"type": "Point", "coordinates": [81.6628141, 18.4046479]}, "properties": {"highway": "street_lamp", "lamp_mount": "bent_mast", "lamp_type": "led", "opening_hours": "24/7", "ref": "Municipality"}, "geohash": "tg60dq3nc"},{"type": "Feature", "geometry": {"type": "Point", "coordinates": [81.6633455, 18.4062123]}, "properties": {"highway": "street_lamp", "lamp_mount": "bent_mast", "lamp_type": "led", "opening_hours": "24/7", "ref": "Municipality"}, "geohash": "tg60dq9rv"},{"type": "Feature", "geometry": {"type": "Point", "coordinates": [81.6614343, 18.4016261]}, "properties": {"highway": "street_lamp", "lamp_mount": "bent_mast", "lamp_type": "led", "opening_hours": "24/7", "ref": "Municipality"}, "geohash": "tg60dmbj1"},{"type": "Feature", "geometry": {"type": "Point", "coordinates": [81.6580758, 18.3884927]}, "properties": {"highway": "street_lamp", "lamp_mount": "bent_mast", "lamp_type": "led", "opening_hours": "24/7", "ref": "Municipality"}, "geohash": "tg60d5t8e"},{"type": "Feature", "geometry": {"type": "Point", "coordinates": [81.66098, 18.4013301]}, "properties": {"highway": "street_lamp", "lamp_mount": "bent_mast", "lamp_type": "led", "opening_hours": "24/7", "ref": "Municipality"}, "geohash": "tg60djzew"},{"type": "Feature", "geometry": {"type": "Point", "coordinates": [81.6591991, 18.3896881]}, "properties": {"highway": "street_lamp", "lamp_mount": "bent_mast", "lamp_type": "led", "opening_hours": "24/7", "ref": "Municipality"}, "geohash": "tg60d5wrt"},{"type": "Feature", "geometry": {"type": "Point", "coordinates": [81.6589887, 18.3912804]}, "properties": {"highway": "street_lamp", "lamp_mount": "bent_mast", "lamp_type": "led", "opening_hours": "24/7", "ref": "Municipality"}, "geohash": "tg60dhn2b"},{"type": "Feature", "geometry": {"type": "Point", "coordinates": [81.6585491, 18.3886644]}, "properties": {"highway": "street_lamp", "lamp_mount": "bent_mast", "lamp_type": "led", "opening_hours": "24/7", "ref": "Municipality"}, "geohash": "tg60d5tcw"},{"type": "Feature", "geometry": {"type": "Point", "coordinates": [81.658969, 18.3914013]}, "properties": {"highway": "street_lamp", "lamp_mount": "bent_mast", "lamp_type": "led", "opening_hours": "24/7", "ref": "Municipality"}, "geohash": "tg60dhn1x"},{"type": "Feature", "geometry": {"type": "Point", "coordinates": [81.6586346, 18.3886997]}, "properties": {"highway": "street_lamp", "lamp_mount": "bent_mast", "lamp_type": "led", "opening_hours": "24/7", "ref": "Municipality"}, "geohash": "tg60d5w1b"},{"type": "Feature", "geometry": {"type": "Point", "coordinates": [81.6587452, 18.3960349]}, "properties": {"highway": "street_lamp", "lamp_mount": "bent_mast", "lamp_type": "led", "opening_hours": "24/7", "ref": "Municipality"}, "geohash": "tg60dhyhd"},{"type": "Feature", "geometry": {"type": "Point", "coordinates": [81.6594778, 18.3979627]}, "properties": {"highway": "street_lamp", "lamp_mount": "bent_mast", "lamp_type": "led", "opening_hours": "24/7", "ref": "Municipality"}, "geohash": "tg60djnxg"},{"type": "Feature", "geometry": {"type": "Point", "coordinates": [81.6606818, 18.4009998]}, "properties": {"highway": "street_lamp", "lamp_mount": "bent_mast", "lamp_type": "led", "opening_hours": "24/7", "ref": "Municipality"}, "geohash": "tg60djz3x"},{"type": "Feature", "geometry": {"type": "Point", "coordinates": [81.6634631, 18.4063515]}, "properties": {"highway": "street_lamp", "lamp_mount": "bent_mast", "lamp_type": "led", "opening_hours": "24/7", "ref": "Municipality"}, "geohash": "tg60dqc8b"},{"type": "Feature", "geometry": {"type": "Point", "coordinates": [81.6625654, 18.4037726]}, "properties": {"highway": "street_lamp", "lamp_mount": "bent_mast", "lamp_type": "led", "opening_hours": "24/7", "ref": "Municipality"}, "geohash": "tg60dq2ce"},{"type": "Feature", "geometry": {"type": "Point", "coordinates": [81.6627751, 18.4045027]}, "properties": {"highway": "street_lamp", "lamp_mount": "bent_mast", "lamp_type": "led", "opening_hours": "24/7", "ref": "Municipality"}, "geohash": "tg60dq3jb"},{"type": "Feature", "geometry": {"type": "Point", "coordinates": [81.6586254, 18.3955517]}, "properties": {"highway": "street_lamp", "lamp_mount": "bent_mast", "lamp_type": "led", "opening_hours": "24/7", "ref": "Municipality"}, "geohash": "tg60dhvcz"},{"type": "Feature", "geometry": {"type": "Point", "coordinates": [81.6610804, 18.4013972]}, "properties": {"highway": "street_lamp", "lamp_mount": "bent_mast", "lamp_type": "led", "opening_hours": "24/7", "ref": "Municipality"}, "geohash": "tg60djzgc"},{"type": "Feature", "geometry": {"type": "Point", "coordinates": [81.6589454, 18.3965721]}, "properties": {"highway": "street_lamp", "lamp_mount": "bent_mast", "lamp_type": "led", "opening_hours": "24/7", "ref": "Municipality"}, "geohash": "tg60dhypz"},{"type": "Feature", "geometry": {"type": "Point", "coordinates": [81.6559171, 18.3876931]}, "properties": {"highway": "street_lamp", "lamp_mount": "bent_mast", "lamp_type": "led", "opening_hours": "24/7", "ref": "Municipality"}, "geohash": "tg60d5kh0"},{"type": "Feature", "geometry": {"type": "Point", "coordinates": [81.6586587, 18.3956803]}, "properties": {"highway": "street_lamp", "lamp_mount": "bent_mast", "lamp_type": "led", "opening_hours": "24/7", "ref": "Municipality"}, "geohash": "tg60dhy48"},{"type": "Feature", "geometry": {"type": "Point", "coordinates": [81.6606187, 18.4009159]}, "properties": {"highway": "street_lamp", "lamp_mount": "bent_mast", "lamp_type": "led", "opening_hours": "24/7", "ref": "Municipality"}, "geohash": "tg60djz3n"},{"type": "Feature", "geometry": {"type": "Point", "coordinates": [81.6602206, 18.4000316]}, "properties": {"highway": "street_lamp", "lamp_mount": "bent_mast", "lamp_type": "led", "opening_hours": "24/7", "ref": "Municipality"}, "geohash": "tg60djx5v"},{"type": "Feature", "geometry": {"type": "Point", "coordinates": [81.6585878, 18.3950164]}, "properties": {"highway": "street_lamp", "lamp_mount": "bent_mast", "lamp_type": "led", "opening_hours": "24/7", "ref": "Municipality"}, "geohash": "tg60dhtyx"},{"type": "Feature", "geometry": {"type": "Point", "coordinates": [81.6600521, 18.3995532]}, "properties": {"highway": "street_lamp", "lamp_mount": "bent_mast", "lamp_type": "led", "opening_hours": "24/7", "ref": "Municipality"}, "geohash": "tg60djx11"},{"type": "Feature", "geometry": {"type": "Point", "coordinates": [81.65889, 18.3919065]}, "properties": {"highway": "street_lamp", "lamp_mount": "bent_mast", "lamp_type": "led", "opening_hours": "24/7", "ref": "Municipality"}, "geohash": "tg60dhnhw"},{"type": "Feature", "geometry": {"type": "Point", "coordinates": [81.6592217, 18.3896115]}, "properties": {"highway": "street_lamp", "lamp_mount": "bent_mast", "lamp_type": "led", "opening_hours": "24/7", "ref": "Municipality"}, "geohash": "tg60d5wrm"},{"type": "Feature", "geometry": {"type": "Point", "coordinates": [81.6588349, 18.388765]}, "properties": {"highway": "street_lamp", "lamp_mount": "bent_mast", "lamp_type": "led", "opening_hours": "24/7", "ref": "Municipality"}, "geohash": "tg60d5w4k"},{"type": "Feature", "geometry": {"type": "Point", "coordinates": [81.6596858, 18.3985178]}, "properties": {"highway": "street_lamp", "lamp_mount": "bent_mast", "lamp_type": "led", "opening_hours": "24/7", "ref": "Municipality"}, "geohash": "tg60djqg0"},{"type": "Feature", "geometry": {"type": "Point", "coordinates": [81.6620491, 18.4021389]}, "properties": {"highway": "street_lamp", "lamp_mount": "bent_mast", "lamp_type": "led", "opening_hours": "24/7", "ref": "Municipality"}, "geohash": "tg60dq02p"},{"type": "Feature", "geometry": {"type": "Point", "coordinates": [81.6627251, 18.4042994]}, "properties": {"highway": "street_lamp", "lamp_mount": "bent_mast", "lamp_type": "led", "opening_hours": "24/7", "ref": "Municipality"}, "geohash": "tg60dq2uz"},{"type": "Feature", "geometry": {"type": "Point", "coordinates": [81.6587541, 18.392993]}, "properties": {"highway": "street_lamp", "lamp_mount": "bent_mast", "lamp_type": "led", "opening_hours": "24/7", "ref": "Municipality"}, "geohash": "tg60dhq4f"},{"type": "Feature", "geometry": {"type": "Point", "coordinates": [81.6629091, 18.4050062]}, "properties": {"highway": "street_lamp", "lamp_mount": "bent_mast", "lamp_type": "led", "opening_hours": "24/7", "ref": "Municipality"}, "geohash": "tg60dq90g"},{"type": "Feature", "geometry": {"type": "Point", "coordinates": [81.6618877, 18.401992]}, "properties": {"highway": "street_lamp", "lamp_mount": "bent_mast", "lamp_type": "led", "opening_hours": "24/7", "ref": "Municipality"}, "geohash": "tg60dmbr7"},{"type": "Feature", "geometry": {"type": "Point", "coordinates": [81.6592307, 18.3895089]}, "properties": {"highway": "street_lamp", "lamp_mount": "bent_mast", "lamp_type": "led", "opening_hours": "24/7", "ref": "Municipality"}, "geohash": "tg60d5wqt"},{"type": "Feature", "geometry": {"type": "Point", "coordinates": [81.6614904, 18.40167]}, "properties": {"highway": "street_lamp", "lamp_mount": "bent_mast", "lamp_type": "led", "opening_hours": "24/7", "ref": "Municipality"}, "geohash": "tg60dmbj6"},{"type": "Feature", "geometry": {"type": "Point", "coordinates": [81.6611606, 18.4014482]}, "properties": {"highway": "street_lamp", "lamp_mount": "bent_mast", "lamp_type": "led", "opening_hours": "24/7", "ref": "Municipality"}, "geohash": "tg60djzu4"},{"type": "Feature", "geometry": {"type": "Point", "coordinates": [81.6592632, 18.3891923]}, "properties": {"highway": "street_lamp", "lamp_mount": "bent_mast", "lamp_type": "led", "opening_hours": "24/7", "ref": "Municipality"}, "geohash": "tg60d5wky"},{"type": "Feature", "geometry": {"type": "Point", "coordinates": [81.6635541, 18.4064247]}, "properties": {"highway": "street_lamp", "lamp_mount": "bent_mast", "lamp_type": "led", "opening_hours": "24/7", "ref": "Municipality"}, "geohash": "tg60dqc94"},{"type": "Feature", "geometry": {"type": "Point", "coordinates": [81.6588647, 18.3963695]}, "properties": {"highway": "street_lamp", "lamp_mount": "bent_mast", "lamp_type": "led", "opening_hours": "24/7", "ref": "Municipality"}, "geohash": "tg60dhynt"},{"type": "Feature", "geometry": {"type": "Point", "coordinates": [81.6589352, 18.3915622]}, "properties": {"highway": "street_lamp", "lamp_mount": "bent_mast", "lamp_type": "led", "opening_hours": "24/7", "ref": "Municipality"}, "geohash": "tg60dhn4x"},{"type": "Feature", "geometry": {"type": "Point", "coordinates": [81.6626318, 18.4040056]}, "properties": {"highway": "street_lamp", "lamp_mount": "bent_mast", "lamp_type": "led", "opening_hours": "24/7", "ref": "Municipality"}, "geohash": "tg60dq2gj"},{"type": "Feature", "geometry": {"type": "Point", "coordinates": [81.6589119, 18.3964885]}, "properties": {"highway": "street_lamp", "lamp_mount": "bent_mast", "lamp_type": "led", "opening_hours": "24/7", "ref": "Municipality"}, "geohash": "tg60dhypq"},{"type": "Feature", "geometry": {"type": "Point", "coordinates": [81.6590097, 18.3910758]}, "properties": {"highway": "street_lamp", "lamp_mount": "bent_mast", "lamp_type": "led", "opening_hours": "24/7", "ref": "Municipality"}, "geohash": "tg60d5yrb"},{"type": "Feature", "geometry": {"type": "Point", "coordinates": [81.6583342, 18.3885843]}, "properties": {"highway": "street_lamp", "lamp_mount": "bent_mast", "lamp_type": "led", "opening_hours": "24/7", "ref": "Municipality"}, "geohash": "tg60d5tc3"},{"type": "Feature", "geometry": {"type": "Point", "coordinates": [81.6608571, 18.4012117]}, "properties": {"highway": "street_lamp", "lamp_mount": "bent_mast", "lamp_type": "led", "opening_hours": "24/7", "ref": "Municipality"}, "geohash": "tg60djzdg"},{"type": "Feature", "geometry": {"type": "Point", "coordinates": [81.6592936, 18.3974527]}, "properties": {"highway": "street_lamp", "lamp_mount": "bent_mast", "lamp_type": "led", "opening_hours": "24/7", "ref": "Municipality"}, "geohash": "tg60djnkz"},{"type": "Feature", "geometry": {"type": "Point", "coordinates": [81.6605223, 18.4007374]}, "properties": {"highway": "street_lamp", "lamp_mount": "bent_mast", "lamp_type": "led", "opening_hours": "24/7", "ref": "Municipality"}, "geohash": "tg60djz2h"},{"type": "Feature", "geometry": {"type": "Point", "coordinates": [81.6590291, 18.3967693]}, "properties": {"highway": "street_lamp", "lamp_mount": "bent_mast", "lamp_type": "led", "opening_hours": "24/7", "ref": "Municipality"}, "geohash": "tg60djn2c"},{"type": "Feature", "geometry": {"type": "Point", "coordinates": [81.6586668, 18.3957954]}, "properties": {"highway": "street_lamp", "lamp_mount": "bent_mast", "lamp_type": "led", "opening_hours": "24/7", "ref": "Municipality"}, "geohash": "tg60dhy52"},{"type": "Feature", "geometry": {"type": "Point", "coordinates": [81.663917, 18.4067246]}, "properties": {"highway": "street_lamp", "lamp_mount": "bent_mast", "lamp_type": "led", "opening_hours": "24/7", "ref": "Municipality"}, "geohash": "tg60dqcfg"},{"type": "Feature", "geometry": {"type": "Point", "coordinates": [81.6591594, 18.3899981]}, "properties": {"highway": "street_lamp", "lamp_mount": "bent_mast", "lamp_type": "led", "opening_hours": "24/7", "ref": "Municipality"}, "geohash": "tg60d5y3s"},{"type": "Feature", "geometry": {"type": "Point", "coordinates": [81.6615788, 18.4017273]}, "properties": {"highway": "street_lamp", "lamp_mount": "bent_mast", "lamp_type": "led", "opening_hours": "24/7", "ref": "Municipality"}, "geohash": "tg60dmbju"},{"type": "Feature", "geometry": {"type": "Point", "coordinates": [81.6590791, 18.3906017]}, "properties": {"highway": "street_lamp", "lamp_mount": "bent_mast", "lamp_type": "led", "opening_hours": "24/7", "ref": "Municipality"}, "geohash": "tg60d5ym4"},{"type": "Feature", "geometry": {"type": "Point", "coordinates": [81.6605651, 18.4008239]}, "properties": {"highway": "street_lamp", "lamp_mount": "bent_mast", "lamp_type": "led", "opening_hours": "24/7", "ref": "Municipality"}, "geohash": "tg60djz2t"},{"type": "Feature", "geometry": {"type": "Point", "coordinates": [81.6588226, 18.3962723]}, "properties": {"highway": "street_lamp", "lamp_mount": "bent_mast", "lamp_type": "led", "opening_hours": "24/7", "ref": "Municipality"}, "geohash": "tg60dhynh"},{"type": "Feature", "geometry": {"type": "Point", "coordinates": [81.6640072, 18.4067722]}, "properties": {"highway": "street_lamp", "lamp_mount": "bent_mast", "lamp_type": "led", "opening_hours": "24/7", "ref": "Municipality"}, "geohash": "tg60dqcgj"},{"type": "Feature", "geometry": {"type": "Point", "coordinates": [81.6621, 18.4022246]}, "properties": {"highway": "street_lamp", "lamp_mount": "bent_mast", "lamp_type": "led", "opening_hours": "24/7", "ref": "Municipality"}, "geohash": "tg60dq088"},{"type": "Feature", "geometry": {"type": "Point", "coordinates": [81.6599722, 18.3993353]}, "properties": {"highway": "street_lamp", "lamp_mount": "bent_mast", "lamp_type": "led", "opening_hours": "24/7", "ref": "Municipality"}, "geohash": "tg60djqzz"},{"type": "Feature", "geometry": {"type": "Point", "coordinates": [81.6586949, 18.3936245]}, "properties": {"highway": "street_lamp", "lamp_mount": "bent_mast", "lamp_type": "led", "opening_hours": "24/7", "ref": "Municipality"}, "geohash": "tg60dhqn9"},{"type": "Feature", "geometry": {"type": "Point", "coordinates": [81.6616604, 18.4017981]}, "properties": {"highway": "street_lamp", "lamp_mount": "bent_mast", "lamp_type": "led", "opening_hours": "24/7", "ref": "Municipality"}, "geohash": "tg60dmbnn"},{"type": "Feature", "geometry": {"type": "Point", "coordinates": [81.6623312, 18.4028988]}, "properties": {"highway": "street_lamp", "lamp_mount": "bent_mast", "lamp_type": "led", "opening_hours": "24/7", "ref": "Municipality"}, "geohash": "tg60dq0sw"},{"type": "Feature", "geometry": {"type": "Point", "coordinates": [85.1378057, 20.9257612]}, "properties": {"highway": "street_lamp", "lamp_mount": "pole", "lamp_type": "led", "source": "survey", "support": "pole"}, "geohash": "tgsx137mq"},{"type": "Feature", "geometry": {"type": "Point", "coordinates": [83.4070989, 18.0598044]}, "properties": {"highway": "street_lamp"}, "geohash": "tg5q9zxjy"},{"type": "Feature", "geometry": {"type": "Point", "coordinates": [83.407283, 18.0598257]}, "properties": {"highway": "street_lamp"}, "geohash": "tg5q9zxq4"},{"type": "Feature", "geometry": {"type": "Point", "coordinates": [83.4076856, 18.0601194]}, "properties": {"highway": "street_lamp"}, "geohash": "tg5q9zxxg"},{"type": "Feature", "geometry": {"type": "Point", "coordinates": [83.4062354, 18.0600285]}, "properties": {"highway": "street_lamp"}, "geohash": "tg5q9zwx6"},{"type": "Feature", "geometry": {"type": "Point", "coordinates": [83.4064087, 18.0599865]}, "properties": {"highway": "street_lamp"}, "geohash": "tg5q9zwxn"},{"type": "Feature", "geometry": {"type": "Point", "coordinates": [83.406563, 18.0599453]}, "properties": {"highway": "street_lamp"}, "geohash": "tg5q9zwyc"},{"type": "Feature", "geometry": {"type": "Point", "coordinates": [83.406721, 18.0599038]}, "properties": {"highway": "street_lamp"}, "geohash": "tg5q9zwyt"},{"type": "Feature", "geometry": {"type": "Point", "coordinates": [83.4068916, 18.0598589]}, "properties": {"highway": "street_lamp"}, "geohash": "tg5q9zxn3"},{"type": "Feature", "geometry": {"type": "Point", "coordinates": [83.4073993, 18.0599082]}, "properties": {"highway": "street_lamp"}, "geohash": "tg5q9zxqt"},{"type": "Feature", "geometry": {"type": "Point", "coordinates": [83.4075101, 18.0599931]}, "properties": {"highway": "street_lamp"}, "geohash": "tg5q9zxrp"},{"type": "Feature", "geometry": {"type": "Point", "coordinates": [83.4076117, 18.0600655]}, "properties": {"highway": "street_lamp"}, "geohash": "tg5q9zxxd"},{"type": "Feature", "geometry": {"type": "Point", "coordinates": [83.1864022, 17.9083647]}, "properties": {"direction": "10", "highway": "street_lamp", "material": "concrete", "power": "pole"}, "geohash": "tg5juun7z"},{"type": "Feature", "geometry": {"type": "Point", "coordinates": [83.1866685, 17.9083118]}, "properties": {"direction": "10", "highway": "street_lamp"}, "geohash": "tg5juunem"},{"type": "Feature", "geometry": {"type": "Point", "coordinates": [83.1868819, 17.9082607]}, "properties": {"direction": "10", "highway": "street_lamp"}, "geohash": "tg5juung4"},{"type": "Feature", "geometry": {"type": "Point", "coordinates": [83.1872461, 17.908251]}, "properties": {"direction": "165", "highway": "street_lamp", "lamp_type": "led"}, "geohash": "tg5juup55"},{"type": "Feature", "geometry": {"type": "Point", "coordinates": [83.1873156, 17.9085518]}, "properties": {"direction": "30", "highway": "street_lamp", "lamp_type": "led"}, "geohash": "tg5juuphu"},{"type": "Feature", "geometry": {"type": "Point", "coordinates": [83.1870866, 17.9086021]}, "properties": {"highway": "street_lamp"}, "geohash": "tg5juunvp"},{"type": "Feature", "geometry": {"type": "Point", "coordinates": [83.1867748, 17.9086721]}, "properties": {"direction": "10", "highway": "street_lamp", "lamp_type": "led"}, "geohash": "tg5juunv8"},{"type": "Feature", "geometry": {"type": "Point", "coordinates": [83.1871819, 17.9080061]}, "properties": {"direction": "110", "highway": "street_lamp", "lamp_type": "led"}, "geohash": "tg5juup19"},{"type": "Feature", "geometry": {"type": "Point", "coordinates": [83.1875004, 17.9081278]}, "properties": {"direction": "10", "highway": "street_lamp", "lamp_type": "led"}, "geohash": "tg5juup63"},{"type": "Feature", "geometry": {"type": "Point", "coordinates": [83.1879233, 17.9080384]}, "properties": {"direction": "10", "highway": "street_lamp", "lamp_type": "led"}, "geohash": "tg5juup9g"},{"type": "Feature", "geometry": {"type": "Point", "coordinates": [83.1876731, 17.9080913]}, "properties": {"direction": "10", "highway": "street_lamp", "lamp_type": "led"}, "geohash": "tg5juup6j"},{"type": "Feature", "geometry": {"type": "Point", "coordinates": [83.1873837, 17.9087809]}, "properties": {"direction": "100", "highway": "street_lamp"}, "geohash": "tg5juupnn"},{"type": "Feature", "geometry": {"type": "Point", "coordinates": [83.1874287, 17.9089435]}, "properties": {"direction": "105", "highway": "street_lamp"}, "geohash": "tg5juuppp"},{"type": "Feature", "geometry": {"type": "Point", "coordinates": [83.1874528, 17.9090322]}, "properties": {"direction": "45", "highway": "street_lamp"}, "geohash": "tg5juupr8"},{"type": "Feature", "geometry": {"type": "Point", "coordinates": [83.1872474, 17.9090732]}, "properties": {"direction": "10", "highway": "street_lamp", "lamp_type": "led"}, "geohash": "tg5juuppg"},{"type": "Feature", "geometry": {"type": "Point", "coordinates": [83.1870139, 17.9091191]}, "properties": {"direction": "5", "highway": "street_lamp", "lamp_type": "led"}, "geohash": "tg5juuqbj"},{"type": "Feature", "geometry": {"type": "Point", "coordinates": [83.2402903, 17.9930817]}, "properties": {"highway": "street_lamp", "lamp_type": "led", "source": "local knowledge", "support": "pole"}, "geohash": "tg5nq5t9r"},{"type": "Feature", "geometry": {"type": "Point", "coordinates": [83.4055627, 18.0610628]}, "properties": {"highway": "street_lamp"}, "geohash": "tg5q9zyj6"},{"type": "Feature", "geometry": {"type": "Point", "coordinates": [83.3483914, 17.8264565]}, "properties": {"highway": "street_lamp"}, "geohash": "tg5m2thqw"},{"type": "Feature", "geometry": {"type": "Point", "coordinates": [82.8441058, 18.7014661]}, "properties": {"highway": "street_lamp", "lamp_mount": "straight_mast", "lamp_type": "electric", "support": "pole"}, "geohash": "tg6fmhmpz"},{"type": "Feature", "geometry": {"type": "Point", "coordinates": [82.8436425, 18.7012311]}, "properties": {"highway": "street_lamp", "lamp_mount": "straight_mast", "lamp_type": "electric", "support": "pole"}, "geohash": "tg6fmhkys"},{"type": "Feature", "geometry": {"type": "Point", "coordinates": [82.8432477, 18.7010245]}, "properties": {"highway": "street_lamp", "lamp_mount": "straight_mast", "lamp_type": "electric", "support": "pole"}, "geohash": "tg6fmhkt7"},{"type": "Feature", "geometry": {"type": "Point", "coordinates": [82.8444545, 18.7016247]}, "properties": {"highway": "street_lamp", "lamp_mount": "straight_mast", "lamp_type": "electric", "support": "pole"}, "geohash": "tg6fmht2z"},{"type": "Feature", "geometry": {"type": "Point", "coordinates": [82.8447946, 18.7016755]}, "properties": {"highway": "street_lamp", "lamp_mount": "straight_mast", "lamp_type": "electric", "support": "pole"}, "geohash": "tg6fmht9p"},{"type": "Feature", "geometry": {"type": "Point", "coordinates": [82.8454815, 18.7020223]}, "properties": {"highway": "street_lamp", "lamp_mount": "straight_mast", "lamp_type": "electric", "support": "pole"}, "geohash": "tg6fmhw5p"},{"type": "Feature", "geometry": {"type": "Point", "coordinates": [82.8457504, 18.70219]}, "properties": {"highway": "street_lamp", "lamp_mount": "straight_mast", "lamp_type": "electric", "support": "pole"}, "geohash": "tg6fmhwkj"},{"type": "Feature", "geometry": {"type": "Point", "coordinates": [82.8462229, 18.7024079]}, "properties": {"highway": "street_lamp", "lamp_mount": "straight_mast", "lamp_type": "electric", "support": "pole"}, "geohash": "tg6fmhwv2"},{"type": "Feature", "geometry": {"type": "Point", "coordinates": [82.8471926, 18.7029173]}, "properties": {"highway": "street_lamp", "lamp_mount": "straight_mast", "lamp_type": "electric", "support": "pole"}, "geohash": "tg6fmhz2r"},{"type": "Feature", "geometry": {"type": "Point", "coordinates": [82.8415499, 18.6994099]}, "properties": {"highway": "street_lamp", "lamp_mount": "straight_mast", "lamp_type": "electric", "support": "pole"}, "geohash": "tg6fmh57u"},{"type": "Feature", "geometry": {"type": "Point", "coordinates": [82.8451969, 18.7018414]}, "properties": {"highway": "street_lamp", "lamp_mount": "straight_mast", "lamp_type": "electric", "support": "pole"}, "geohash": "tg6fmhw41"},{"type": "Feature", "geometry": {"type": "Point", "coordinates": [82.8414636, 18.699061]}, "properties": {"highway": "street_lamp", "lamp_mount": "straight_mast", "lamp_type": "electric", "support": "pole"}, "geohash": "tg6fmh53f"},{"type": "Feature", "geometry": {"type": "Point", "coordinates": [82.8459823, 18.7023178]}, "properties": {"highway": "street_lamp", "lamp_mount": "straight_mast", "lamp_type": "electric", "support": "pole"}, "geohash": "tg6fmhwsg"},{"type": "Feature", "geometry": {"type": "Point", "coordinates": [83.3481763, 17.8265777]}, "properties": {"highway": "street_lamp"}, "geohash": "tg5m2thr3"},{"type": "Feature", "geometry": {"type": "Point", "coordinates": [82.8418354, 18.700043]}, "properties": {"highway": "street_lamp", "lamp_mount": "straight_mast", "lamp_type": "electric", "support": "pole"}, "geohash": "tg6fmh5xd"},{"type": "Feature", "geometry": {"type": "Point", "coordinates": [82.8421046, 18.7003961]}, "properties": {"highway": "street_lamp", "lamp_mount": "straight_mast", "lamp_type": "electric", "support": "pole"}, "geohash": "tg6fmh7c8"},{"type": "Feature", "geometry": {"type": "Point", "coordinates": [82.8427719, 18.7007987]}, "properties": {"highway": "street_lamp", "lamp_mount": "straight_mast", "lamp_type": "electric", "support": "pole"}, "geohash": "tg6fmhkk0"},{"type": "Feature", "geometry": {"type": "Point", "coordinates": [82.8416072, 18.6996048]}, "properties": {"highway": "street_lamp", "lamp_mount": "straight_mast", "lamp_type": "electric", "support": "pole"}, "geohash": "tg6fmh5mj"},{"type": "Feature", "geometry": {"type": "Point", "coordinates": [82.8416989, 18.699849]}, "properties": {"highway": "street_lamp", "lamp_mount": "straight_mast", "lamp_type": "electric", "support": "pole"}, "geohash": "tg6fmh5qx"},{"type": "Feature", "geometry": {"type": "Point", "coordinates": [83.347424, 17.8268041]}, "properties": {"highway": "street_lamp"}, "geohash": "tg5m2t78x"},{"type": "Feature", "geometry": {"type": "Point", "coordinates": [83.3471754, 17.8268372]}, "properties": {"highway": "street_lamp"}, "geohash": "tg5m2t78c"},{"type": "Feature", "geometry": {"type": "Point", "coordinates": [82.8466958, 18.7026679]}, "properties": {"highway": "street_lamp", "lamp_mount": "straight_mast", "lamp_type": "electric", "support": "pole"}, "geohash": "tg6fmhxng"},{"type": "Feature", "geometry": {"type": "Point", "coordinates": [83.4063227, 18.0631242]}, "properties": {"highway": "street_lamp"}, "geohash": "tg5qcbq9k"},{"type": "Feature", "geometry": {"type": "Point", "coordinates": [83.406371, 18.0633894]}, "properties": {"highway": "street_lamp"}, "geohash": "tg5qcbqdv"},{"type": "Feature", "geometry": {"type": "Point", "coordinates": [83.4064367, 18.063761]}, "properties": {"highway": "street_lamp"}, "geohash": "tg5qcbqtn"},{"type": "Feature", "geometry": {"type": "Point", "coordinates": [85.8433248, 20.2749355]}, "properties": {"highway": "street_lamp"}, "geohash": "tgt536vnn"},{"type": "Feature", "geometry": {"type": "Point", "coordinates": [85.8433382, 20.2749884]}, "properties": {"highway": "street_lamp"}, "geohash": "tgt536vnq"},{"type": "Feature", "geometry": {"type": "Point", "coordinates": [85.8433698, 20.2751077]}, "properties": {"highway": "street_lamp"}, "geohash": "tgt536vpp"},{"type": "Feature", "geometry": {"type": "Point", "coordinates": [85.8433669, 20.2751929]}, "properties": {"highway": "street_lamp"}, "geohash": "tgt536vpx"},{"type": "Feature", "geometry": {"type": "Point", "coordinates": [85.8433717, 20.2752737]}, "properties": {"highway": "street_lamp"}, "geohash": "tgt537j0p"},{"type": "Feature", "geometry": {"type": "Point", "coordinates": [85.8433755, 20.2753346]}, "properties": {"highway": "street_lamp"}, "geohash": "tgt537j0r"},{"type": "Feature", "geometry": {"type": "Point", "coordinates": [85.8433831, 20.2753956]}, "properties": {"highway": "street_lamp"}, "geohash": "tgt537j0x"},{"type": "Feature", "geometry": {"type": "Point", "coordinates": [85.8434004, 20.2755006]}, "properties": {"highway": "street_lamp"}, "geohash": "tgt537j32"},{"type": "Feature", "geometry": {"type": "Point", "coordinates": [85.8434338, 20.2756289]}, "properties": {"highway": "street_lamp"}, "geohash": "tgt537j60"},{"type": "Feature", "geometry": {"type": "Point", "coordinates": [85.8434616, 20.2757661]}, "properties": {"highway": "street_lamp"}, "geohash": "tgt537j6c"},{"type": "Feature", "geometry": {"type": "Point", "coordinates": [85.8434835, 20.2758648]}, "properties": {"highway": "street_lamp"}, "geohash": "tgt537j76"},{"type": "Feature", "geometry": {"type": "Point", "coordinates": [85.8434988, 20.2759589]}, "properties": {"highway": "street_lamp"}, "geohash": "tgt537jk4"},{"type": "Feature", "geometry": {"type": "Point", "coordinates": [85.8435199, 20.2760504]}, "properties": {"highway": "street_lamp"}, "geohash": "tgt537jkd"},{"type": "Feature", "geometry": {"type": "Point", "coordinates": [85.8435811, 20.2762549]}, "properties": {"highway": "street_lamp"}, "geohash": "tgt537jms"},{"type": "Feature", "geometry": {"type": "Point", "coordinates": [85.8435964, 20.2763195]}, "properties": {"highway": "street_lamp"}, "geohash": "tgt537jqh"},{"type": "Feature", "geometry": {"type": "Point", "coordinates": [85.8436385, 20.2764451]}, "properties": {"highway": "street_lamp"}, "geohash": "tgt537jqv"},{"type": "Feature", "geometry": {"type": "Point", "coordinates": [85.8436471, 20.2765599]}, "properties": {"highway": "street_lamp"}, "geohash": "tgt537jrt"},{"type": "Feature", "geometry": {"type": "Point", "coordinates": [85.8836458, 20.3165574]}, "properties": {"direction": "53", "highway": "street_lamp", "lamp_mount": "pole", "lamp_type": "LED", "support": "pole"}, "geohash": "tgt5d6d89"},{"type": "Feature", "geometry": {"type": "Point", "coordinates": [85.884109, 20.3159444]}, "properties": {"direction": "53", "highway": "street_lamp", "lamp_mount": "pole", "lamp_type": "LED", "support": "pole"}, "geohash": "tgt5d66uu"},{"type": "Feature", "geometry": {"type": "Point", "coordinates": [83.4052206, 18.0595831]}, "properties": {"direction": "107", "highway": "street_lamp", "lamp_type": "LED", "support": "pole"}, "geohash": "tg5q9ztud"},{"type": "Feature", "geometry": {"type": "Point", "coordinates": [83.4053354, 18.0599442]}, "properties": {"highway": "street_lamp", "lamp_type": "electric", "support": "pole"}, "geohash": "tg5q9ztyv"},{"type": "Feature", "geometry": {"type": "Point", "coordinates": [83.4055305, 18.0607619]}, "properties": {"highway": "street_lamp", "lamp_mount": "pole", "lamp_type": "electric", "support": "pole"}, "geohash": "tg5q9zy59"},{"type": "Feature", "geometry": {"type": "Point", "coordinates": [83.4063035, 18.0609776]}, "properties": {"direction": "298", "highway": "street_lamp", "lamp_type": "electric", "support": "pole"}, "geohash": "tg5q9zysg"},{"type": "Feature", "geometry": {"type": "Point", "coordinates": [83.4063669, 18.0609312]}, "properties": {"highway": "street_lamp", "lamp_type": "electric", "support": "pole"}, "geohash": "tg5q9zyst"},{"type": "Feature", "geometry": {"type": "Point", "coordinates": [85.8772671, 20.3264513]}, "properties": {"direction": "268", "highway": "street_lamp", "lamp_mount": "bent_mast", "lamp_type": "LED", "support": "pole"}, "geohash": "tgt5dhmfj"},{"type": "Feature", "geometry": {"type": "Point", "coordinates": [85.8772481, 20.3273095]}, "properties": {"direction": "272", "highway": "street_lamp", "lamp_mount": "bent_mast", "lamp_type": "LED", "support": "pole"}, "geohash": "tgt5dhmzh"},{"type": "Feature", "geometry": {"type": "Point", "coordinates": [85.8816966, 20.3191487]}, "properties": {"direction": "52", "highway": "street_lamp", "lamp_mount": "straight_mast", "lamp_type": "LED", "support": "pole"}, "geohash": "tgt5d6cps"},{"type": "Feature", "geometry": {"type": "Point", "coordinates": [85.8818589, 20.3189512]}, "properties": {"direction": "53", "highway": "street_lamp", "lamp_mount": "straight_mast", "lamp_type": "LED", "support": "pole"}, "geohash": "tgt5d6cq2"},{"type": "Feature", "geometry": {"type": "Point", "coordinates": [85.8820463, 20.3186901]}, "properties": {"direction": "53", "highway": "street_lamp", "lamp_mount": "straight_mast", "lamp_type": "LED", "support": "pole"}, "geohash": "tgt5d6cku"},{"type": "Feature", "geometry": {"type": "Point", "coordinates": [85.8825296, 20.3182094]}, "properties": {"direction": "234", "highway": "street_lamp", "lamp_mount": "straight_mast", "lamp_type": "LED", "support": "pole"}, "geohash": "tgt5d6cdp"},{"type": "Feature", "geometry": {"type": "Point", "coordinates": [85.8826881, 20.3180019]}, "properties": {"direction": "233", "highway": "street_lamp", "lamp_mount": "straight_mast", "lamp_type": "LED", "support": "pole"}, "geohash": "tgt5d6cbg"},{"type": "Feature", "geometry": {"type": "Point", "coordinates": [85.8828021, 20.3178544]}, "properties": {"direction": "231", "highway": "street_lamp", "lamp_mount": "straight_mast", "lamp_type": "LED", "support": "pole"}, "geohash": "tgt5d6cbn"},{"type": "Feature", "geometry": {"type": "Point", "coordinates": [85.882843, 20.317652]}, "properties": {"direction": "56", "highway": "street_lamp", "lamp_mount": "straight_mast", "lamp_type": "LED", "support": "pole"}, "geohash": "tgt5d69yz"},{"type": "Feature", "geometry": {"type": "Point", "coordinates": [85.8830422, 20.3173743]}, "properties": {"direction": "53", "highway": "street_lamp", "lamp_mount": "straight_mast", "lamp_type": "LED", "support": "pole"}, "geohash": "tgt5d6dj7"},{"type": "Feature", "geometry": {"type": "Point", "coordinates": [85.8831767, 20.3171939]}, "properties": {"direction": "56", "highway": "street_lamp", "lamp_mount": "straight_mast", "lamp_type": "LED", "support": "pole"}, "geohash": "tgt5d6dhp"},{"type": "Feature", "geometry": {"type": "Point", "coordinates": [85.8833543, 20.3169463]}, "properties": {"direction": "57", "highway": "street_lamp", "lamp_mount": "straight_mast", "lamp_type": "LED", "support": "pole"}, "geohash": "tgt5d6d6g"},{"type": "Feature", "geometry": {"type": "Point", "coordinates": [85.8835141, 20.3167349]}, "properties": {"direction": "54", "highway": "street_lamp", "lamp_mount": "straight_mast", "lamp_type": "LED", "support": "pole"}, "geohash": "tgt5d6d3w"},{"type": "Feature", "geometry": {"type": "Point", "coordinates": [85.8838917, 20.316217]}, "properties": {"direction": "56", "highway": "street_lamp", "lamp_mount": "straight_mast", "lamp_type": "LED", "support": "pole"}, "geohash": "tgt5d66wx"},{"type": "Feature", "geometry": {"type": "Point", "coordinates": [85.8784351, 20.3226943]}, "properties": {"direction": "237", "highway": "street_lamp", "lamp_mount": "bent_mast", "lamp_type": "LED", "operator": "BMC", "support": "pole"}, "geohash": "tgt5d5wu2"},{"type": "Feature", "geometry": {"type": "Point", "coordinates": [85.8783345, 20.322871]}, "properties": {"direction": "236", "highway": "street_lamp", "lamp_mount": "bent_mast", "lamp_type": "LED", "support": "pole"}, "geohash": "tgt5d5wtq"},{"type": "Feature", "geometry": {"type": "Point", "coordinates": [85.8782324, 20.3230575]}, "properties": {"direction": "238", "highway": "street_lamp", "lamp_mount": "bent_mast", "lamp_type": "LED", "support": "pole"}, "geohash": "tgt5d5ww7"},{"type": "Feature", "geometry": {"type": "Point", "coordinates": [85.8781459, 20.3232218]}, "properties": {"direction": "239", "highway": "street_lamp", "lamp_mount": "bent_mast", "lamp_type": "LED", "support": "pole"}, "geohash": "tgt5d5wx3"},{"type": "Feature", "geometry": {"type": "Point", "coordinates": [85.8780575, 20.3233802]}, "properties": {"direction": "240", "highway": "street_lamp", "lamp_mount": "bent_mast", "lamp_type": "LED", "support": "pole"}, "geohash": "tgt5d5y2r"},{"type": "Feature", "geometry": {"type": "Point", "coordinates": [85.8779351, 20.3236167]}, "properties": {"direction": "237", "highway": "street_lamp", "lamp_mount": "bent_mast", "lamp_type": "LED", "support": "pole"}, "geohash": "tgt5d5y3s"},{"type": "Feature", "geometry": {"type": "Point", "coordinates": [85.8772988, 20.3279292]}, "properties": {"direction": "275", "highway": "street_lamp", "lamp_mount": "bent_mast", "lamp_type": "LED", "support": "pole"}, "geohash": "tgt5dhtfy"},{"type": "Feature", "geometry": {"type": "Point", "coordinates": [85.8773227, 20.3281513]}, "properties": {"direction": "271", "highway": "street_lamp", "lamp_mount": "bent_mast", "lamp_type": "LED", "support": "pole"}, "geohash": "tgt5dhtun"},{"type": "Feature", "geometry": {"type": "Point", "coordinates": [85.8779121, 20.3276738]}, "properties": {"direction": "97", "highway": "street_lamp", "lamp_mount": "bent_mast", "lamp_type": "LED", "support": "pole"}, "geohash": "tgt5dhw3k"},{"type": "Feature", "geometry": {"type": "Point", "coordinates": [85.8778939, 20.3274398]}, "properties": {"direction": "92", "highway": "street_lamp", "lamp_mount": "bent_mast", "lamp_type": "LED", "support": "pole"}, "geohash": "tgt5dhqrg"},{"type": "Feature", "geometry": {"type": "Point", "coordinates": [85.8778671, 20.3271497]}, "properties": {"direction": "92", "highway": "street_lamp", "lamp_mount": "bent_mast", "lamp_type": "LED", "support": "pole"}, "geohash": "tgt5dhqq5"},{"type": "Feature", "geometry": {"type": "Point", "coordinates": [85.8778657, 20.3269076]}, "properties": {"direction": "88", "highway": "street_lamp", "lamp_mount": "bent_mast", "lamp_type": "LED", "support": "pole"}, "geohash": "tgt5dhqkg"},{"type": "Feature", "geometry": {"type": "Point", "coordinates": [85.8778757, 20.3266507]}, "properties": {"highway": "street_lamp", "lamp_mount": "bent_mast", "lamp_type": "LED", "support": "pole"}, "geohash": "tgt5dhq77"},{"type": "Feature", "geometry": {"type": "Point", "coordinates": [85.8772849, 20.3276974]}, "properties": {"direction": "272", "highway": "street_lamp", "lamp_mount": "bent_mast", "lamp_type": "LED", "support": "pole"}, "geohash": "tgt5dhtcm"},{"type": "Feature", "geometry": {"type": "Point", "coordinates": [85.877886, 20.3263598]}, "properties": {"direction": "87", "highway": "street_lamp", "lamp_mount": "bent_mast", "lamp_type": "LED", "support": "pole"}, "geohash": "tgt5dhq3e"},{"type": "Feature", "geometry": {"type": "Point", "coordinates": [85.8778987, 20.3260792]}, "properties": {"direction": "90", "highway": "street_lamp", "lamp_mount": "bent_mast", "lamp_type": "LED", "support": "pole"}, "geohash": "tgt5dhnru"},{"type": "Feature", "geometry": {"type": "Point", "coordinates": [85.8779104, 20.3258016]}, "properties": {"direction": "89", "highway": "street_lamp", "lamp_mount": "bent_mast", "lamp_type": "LED", "support": "pole"}, "geohash": "tgt5dhnqk"},{"type": "Feature", "geometry": {"type": "Point", "coordinates": [85.8779522, 20.3255446]}, "properties": {"direction": "78", "highway": "street_lamp", "lamp_mount": "bent_mast", "lamp_type": "LED", "support": "pole"}, "geohash": "tgt5dhnkv"},{"type": "Feature", "geometry": {"type": "Point", "coordinates": [85.8780405, 20.3251952]}, "properties": {"direction": "78", "highway": "street_lamp", "lamp_mount": "bent_mast", "lamp_type": "LED", "support": "pole"}, "geohash": "tgt5dhn6z"},{"type": "Feature", "geometry": {"type": "Point", "coordinates": [85.8781165, 20.3249431]}, "properties": {"direction": "75", "highway": "street_lamp", "lamp_mount": "bent_mast", "lamp_type": "LED", "support": "pole"}, "geohash": "tgt5dhn93"},{"type": "Feature", "geometry": {"type": "Point", "coordinates": [85.8781835, 20.3246469]}, "properties": {"direction": "76", "highway": "street_lamp", "lamp_mount": "bent_mast", "lamp_type": "LED", "support": "pole"}, "geohash": "tgt5d5yxd"},{"type": "Feature", "geometry": {"type": "Point", "coordinates": [85.8782768, 20.3243684]}, "properties": {"direction": "77", "highway": "street_lamp", "lamp_mount": "bent_mast", "lamp_type": "LED", "support": "pole"}, "geohash": "tgt5d5ywh"},{"type": "Feature", "geometry": {"type": "Point", "coordinates": [85.8783607, 20.3241019]}, "properties": {"direction": "251", "highway": "street_lamp", "lamp_mount": "bent_mast", "lamp_type": "LED", "support": "pole"}, "geohash": "tgt5d5ysq"},{"type": "Feature", "geometry": {"type": "Point", "coordinates": [85.8784655, 20.3238441]}, "properties": {"direction": "68", "highway": "street_lamp", "lamp_mount": "bent_mast", "lamp_type": "LED", "support": "pole"}, "geohash": "tgt5d5yfc"},{"type": "Feature", "geometry": {"type": "Point", "coordinates": [85.8785955, 20.3235923]}, "properties": {"direction": "64", "highway": "street_lamp", "lamp_mount": "bent_mast", "lamp_type": "LED", "support": "pole"}, "geohash": "tgt5d5ycs"},{"type": "Feature", "geometry": {"type": "Point", "coordinates": [85.8786963, 20.3233828]}, "properties": {"direction": "65", "highway": "street_lamp", "lamp_mount": "bent_mast", "lamp_type": "LED", "support": "pole"}, "geohash": "tgt5d5ybq"},{"type": "Feature", "geometry": {"type": "Point", "coordinates": [85.878802, 20.3231576]}, "properties": {"direction": "63", "highway": "street_lamp", "lamp_mount": "bent_mast", "lamp_type": "LED", "support": "pole"}, "geohash": "tgt5d5xnc"},{"type": "Feature", "geometry": {"type": "Point", "coordinates": [85.8789502, 20.3228994]}, "properties": {"direction": "101", "highway": "street_lamp", "lamp_mount": "bent_mast", "lamp_type": "LED", "support": "pole"}, "geohash": "tgt5d5xjk"},{"type": "Feature", "geometry": {"type": "Point", "coordinates": [85.8791152, 20.322635]}, "properties": {"direction": "62", "highway": "street_lamp", "lamp_mount": "bent_mast", "lamp_type": "LED", "support": "pole"}, "geohash": "tgt5d5x7b"},{"type": "Feature", "geometry": {"type": "Point", "coordinates": [85.87934, 20.3224504]}, "properties": {"direction": "239", "highway": "street_lamp", "lamp_mount": "bent_mast", "lamp_type": "LED", "support": "pole"}, "geohash": "tgt5d5x6v"},{"type": "Feature", "geometry": {"type": "Point", "coordinates": [85.8795195, 20.3222312]}, "properties": {"direction": "237", "highway": "street_lamp", "lamp_mount": "bent_mast", "lamp_type": "LED", "support": "pole"}, "geohash": "tgt5d5x99"},{"type": "Feature", "geometry": {"type": "Point", "coordinates": [85.8797369, 20.3219686]}, "properties": {"direction": "230", "highway": "street_lamp", "lamp_mount": "bent_mast", "lamp_type": "LED", "support": "pole"}, "geohash": "tgt5d5x8n"},{"type": "Feature", "geometry": {"type": "Point", "coordinates": [85.8798735, 20.321759]}, "properties": {"direction": "244", "highway": "street_lamp", "lamp_mount": "bent_mast", "lamp_type": "LED", "support": "pole"}, "geohash": "tgt5d5ryf"},{"type": "Feature", "geometry": {"type": "Point", "coordinates": [85.8800414, 20.3215245]}, "properties": {"direction": "241", "highway": "street_lamp", "lamp_mount": "bent_mast", "lamp_type": "LED", "support": "pole"}, "geohash": "tgt5d5rvq"},{"type": "Feature", "geometry": {"type": "Point", "coordinates": [85.8802092, 20.3213077]}, "properties": {"direction": "238", "highway": "street_lamp", "lamp_mount": "bent_mast", "lamp_type": "LED", "support": "pole"}, "geohash": "tgt5d72h1"},{"type": "Feature", "geometry": {"type": "Point", "coordinates": [85.8803595, 20.3211096]}, "properties": {"direction": "231", "highway": "street_lamp", "lamp_mount": "bent_mast", "lamp_type": "LED", "support": "pole"}, "geohash": "tgt5d725j"},{"type": "Feature", "geometry": {"type": "Point", "coordinates": [85.8805255, 20.3208876]}, "properties": {"direction": "236", "highway": "street_lamp", "lamp_mount": "bent_mast", "lamp_type": "LED", "support": "pole"}, "geohash": "tgt5d723c"},{"type": "Feature", "geometry": {"type": "Point", "coordinates": [85.8806758, 20.3206898]}, "properties": {"direction": "237", "highway": "street_lamp", "lamp_mount": "bent_mast", "lamp_type": "LED", "support": "pole"}, "geohash": "tgt5d722s"},{"type": "Feature", "geometry": {"type": "Point", "coordinates": [85.8808016, 20.3205194]}, "properties": {"direction": "230", "highway": "street_lamp", "lamp_mount": "bent_mast", "lamp_type": "LED", "support": "pole"}, "geohash": "tgt5d70rx"},{"type": "Feature", "geometry": {"type": "Point", "coordinates": [85.8809343, 20.3203557]}, "properties": {"direction": "231", "highway": "street_lamp", "lamp_mount": "bent_mast", "lamp_type": "LED", "support": "pole"}, "geohash": "tgt5d70wd"},{"type": "Feature", "geometry": {"type": "Point", "coordinates": [85.8811023, 20.320211]}, "properties": {"direction": "231", "highway": "street_lamp", "lamp_mount": "bent_mast", "lamp_type": "LED", "support": "pole"}, "geohash": "tgt5d70ty"},{"type": "Feature", "geometry": {"type": "Point", "coordinates": [85.8811898, 20.3200606]}, "properties": {"highway": "street_lamp", "lamp_mount": "straight_mast", "lamp_type": "LED", "support": "pole"}, "geohash": "tgt5d70ub"},{"type": "Feature", "geometry": {"type": "Point", "coordinates": [85.8885891, 20.3136977]}, "properties": {"direction": "220", "highway": "street_lamp", "lamp_mount": "bent_mast", "lamp_type": "LED", "support": "pole"}, "geohash": "tgt5d3ypv"},{"type": "Feature", "geometry": {"type": "Point", "coordinates": [85.8884837, 20.3137911]}, "properties": {"direction": "223", "highway": "street_lamp", "lamp_mount": "bent_mast", "lamp_type": "LED", "support": "pole"}, "geohash": "tgt5d6n06"},{"type": "Feature", "geometry": {"type": "Point", "coordinates": [85.8882014, 20.3140581]}, "properties": {"direction": "225", "highway": "street_lamp", "lamp_mount": "bent_mast", "lamp_type": "LED", "support": "pole"}, "geohash": "tgt5d6jcu"},{"type": "Feature", "geometry": {"type": "Point", "coordinates": [85.888639, 20.3140697]}, "properties": {"direction": "223", "highway": "street_lamp", "lamp_mount": "bent_mast", "lamp_type": "LED", "support": "pole"}, "geohash": "tgt5d6n4n"},{"type": "Feature", "geometry": {"type": "Point", "coordinates": [85.8884148, 20.3142669]}, "properties": {"direction": "227", "highway": "street_lamp", "lamp_mount": "bent_mast", "lamp_type": "LED", "support": "pole"}, "geohash": "tgt5d6n51"},{"type": "Feature", "geometry": {"type": "Point", "coordinates": [85.8890462, 20.3140444]}, "properties": {"direction": "42", "highway": "street_lamp", "lamp_mount": "bent_mast", "lamp_type": "LED", "support": "pole"}, "geohash": "tgt5d6n3z"},{"type": "Feature", "geometry": {"type": "Point", "coordinates": [85.888863, 20.3142007]}, "properties": {"direction": "40", "highway": "street_lamp", "lamp_mount": "bent_mast", "lamp_type": "LED", "support": "pole"}, "geohash": "tgt5d6n6g"},{"type": "Feature", "geometry": {"type": "Point", "coordinates": [85.8886788, 20.3143594]}, "properties": {"direction": "39", "highway": "street_lamp", "lamp_mount": "bent_mast", "lamp_type": "LED", "support": "pole"}, "geohash": "tgt5d6n5x"},{"type": "Feature", "geometry": {"type": "Point", "coordinates": [85.8885095, 20.3144941]}, "properties": {"direction": "40", "highway": "street_lamp", "lamp_mount": "bent_mast", "lamp_type": "LED", "support": "pole"}, "geohash": "tgt5d6nhe"},{"type": "Feature", "geometry": {"type": "Point", "coordinates": [85.8892968, 20.3143041]}, "properties": {"direction": "228", "highway": "street_lamp", "lamp_mount": "bent_mast", "lamp_type": "LED", "support": "pole"}, "geohash": "tgt5d6nem"},{"type": "Feature", "geometry": {"type": "Point", "coordinates": [85.8891432, 20.3144495]}, "properties": {"direction": "225", "highway": "street_lamp", "lamp_mount": "bent_mast", "lamp_type": "LED", "support": "pole"}, "geohash": "tgt5d6ns4"},{"type": "Feature", "geometry": {"type": "Point", "coordinates": [85.8889714, 20.3145937]}, "properties": {"direction": "221", "highway": "street_lamp", "lamp_mount": "bent_mast", "lamp_type": "LED", "support": "pole"}, "geohash": "tgt5d6nmn"},{"type": "Feature", "geometry": {"type": "Point", "coordinates": [85.8887874, 20.3147502]}, "properties": {"direction": "222", "highway": "street_lamp", "lamp_mount": "bent_mast", "lamp_type": "LED", "support": "pole"}, "geohash": "tgt5d6nmc"},{"type": "Feature", "geometry": {"type": "Point", "coordinates": [85.8886501, 20.3148767]}, "properties": {"direction": "223", "highway": "street_lamp", "lamp_mount": "bent_mast", "lamp_type": "LED", "support": "pole"}, "geohash": "tgt5d6nnw"},{"type": "Feature", "geometry": {"type": "Point", "coordinates": [85.8893621, 20.3146544]}, "properties": {"direction": "222", "highway": "street_lamp", "lamp_mount": "bent_mast", "lamp_type": "LED", "support": "pole"}, "geohash": "tgt5d6ntr"},{"type": "Feature", "geometry": {"type": "Point", "coordinates": [85.8891805, 20.3148139]}, "properties": {"direction": "220", "highway": "street_lamp", "lamp_mount": "bent_mast", "lamp_type": "LED", "support": "pole"}, "geohash": "tgt5d6nw6"},{"type": "Feature", "geometry": {"type": "Point", "coordinates": [85.8890019, 20.3149649]}, "properties": {"direction": "224", "highway": "street_lamp", "lamp_mount": "bent_mast", "lamp_type": "LED", "support": "pole"}, "geohash": "tgt5d6nrn"},{"type": "Feature", "geometry": {"type": "Point", "coordinates": [85.8888055, 20.3151548]}, "properties": {"direction": "218", "highway": "street_lamp", "lamp_mount": "bent_mast", "lamp_type": "LED", "support": "pole"}, "geohash": "tgt5d6q26"},{"type": "Feature", "geometry": {"type": "Point", "coordinates": [85.8886033, 20.3153349]}, "properties": {"direction": "220", "highway": "street_lamp", "lamp_mount": "bent_mast", "lamp_type": "LED", "support": "pole"}, "geohash": "tgt5d6q1m"},{"type": "Feature", "geometry": {"type": "Point", "coordinates": [85.8846005, 20.3154856]}, "properties": {"direction": "237", "highway": "street_lamp", "lamp_mount": "bent_mast", "lamp_type": "LED", "support": "pole"}, "geohash": "tgt5d6762"},{"type": "Feature", "geometry": {"type": "Point", "coordinates": [85.8848705, 20.3151332]}, "properties": {"direction": "230", "highway": "street_lamp", "lamp_mount": "bent_mast", "lamp_type": "LED", "support": "pole"}, "geohash": "tgt5d672n"},{"type": "Feature", "geometry": {"type": "Point", "coordinates": [85.8850298, 20.3149118]}, "properties": {"direction": "237", "highway": "street_lamp", "lamp_mount": "bent_mast", "lamp_type": "LED", "support": "pole"}, "geohash": "tgt5d65wf"},{"type": "Feature", "geometry": {"type": "Point", "coordinates": [85.8851752, 20.3147007]}, "properties": {"direction": "237", "highway": "street_lamp", "lamp_mount": "bent_mast", "lamp_type": "LED", "support": "pole"}, "geohash": "tgt5d65tt"},{"type": "Feature", "geometry": {"type": "Point", "coordinates": [85.8854646, 20.3143192]}, "properties": {"direction": "230", "highway": "street_lamp", "lamp_mount": "bent_mast", "lamp_type": "LED", "support": "pole"}, "geohash": "tgt5d65gk"},{"type": "Feature", "geometry": {"type": "Point", "coordinates": [85.8856763, 20.3138416]}, "properties": {"direction": "53", "highway": "street_lamp", "lamp_mount": "bent_mast", "lamp_type": "LED", "support": "pole"}, "geohash": "tgt5d6h09"},{"type": "Feature", "geometry": {"type": "Point", "coordinates": [85.8858544, 20.3135983]}, "properties": {"direction": "56", "highway": "street_lamp", "lamp_mount": "bent_mast", "lamp_type": "LED", "support": "pole"}, "geohash": "tgt5d3upm"},{"type": "Feature", "geometry": {"type": "Point", "coordinates": [85.886012, 20.3133887]}, "properties": {"direction": "56", "highway": "street_lamp", "lamp_mount": "bent_mast", "lamp_type": "LED", "support": "pole"}, "geohash": "tgt5d3uq1"},{"type": "Feature", "geometry": {"type": "Point", "coordinates": [85.8862635, 20.313219]}, "properties": {"direction": "237", "highway": "street_lamp", "lamp_mount": "bent_mast", "lamp_type": "LED", "support": "pole"}, "geohash": "tgt5d3umn"},{"type": "Feature", "geometry": {"type": "Point", "coordinates": [85.8864202, 20.3129936]}, "properties": {"direction": "236", "highway": "street_lamp", "lamp_mount": "bent_mast", "lamp_type": "LED", "support": "pole"}, "geohash": "tgt5d3uef"},{"type": "Feature", "geometry": {"type": "Point", "coordinates": [85.8865891, 20.3127783]}, "properties": {"direction": "237", "highway": "street_lamp", "lamp_mount": "bent_mast", "lamp_type": "LED", "support": "pole"}, "geohash": "tgt5d3udw"},{"type": "Feature", "geometry": {"type": "Point", "coordinates": [85.8868911, 20.3123774]}, "properties": {"direction": "235", "highway": "street_lamp", "lamp_mount": "bent_mast", "lamp_type": "LED", "support": "pole"}, "geohash": "tgt5d3ubj"},{"type": "Feature", "geometry": {"type": "Point", "coordinates": [85.8870603, 20.3121564]}, "properties": {"direction": "274", "highway": "street_lamp", "lamp_mount": "bent_mast", "lamp_type": "LED", "support": "pole"}, "geohash": "tgt5d3tnc"},{"type": "Feature", "geometry": {"type": "Point", "coordinates": [85.8876689, 20.3125045]}, "properties": {"direction": "315", "highway": "street_lamp", "lamp_mount": "bent_mast", "lamp_type": "LED", "support": "pole"}, "geohash": "tgt5d3v2z"},{"type": "Feature", "geometry": {"type": "Point", "coordinates": [85.8877805, 20.3126064]}, "properties": {"direction": "283", "highway": "street_lamp", "lamp_mount": "bent_mast", "lamp_type": "LED", "support": "pole"}, "geohash": "tgt5d3v9d"},{"type": "Feature", "geometry": {"type": "Point", "coordinates": [85.8879324, 20.3127385]}, "properties": {"direction": "307", "highway": "street_lamp", "lamp_mount": "bent_mast", "lamp_type": "LED", "support": "pole"}, "geohash": "tgt5d3vdm"},{"type": "Feature", "geometry": {"type": "Point", "coordinates": [85.8881715, 20.313244]}, "properties": {"direction": "223", "highway": "street_lamp", "lamp_mount": "bent_mast", "lamp_type": "LED", "support": "pole"}, "geohash": "tgt5d3vv5"},{"type": "Feature", "geometry": {"type": "Point", "coordinates": [85.8879847, 20.3134025]}, "properties": {"direction": "218", "highway": "street_lamp", "lamp_mount": "bent_mast", "lamp_type": "LED", "support": "pole"}, "geohash": "tgt5d3vwp"},{"type": "Feature", "geometry": {"type": "Point", "coordinates": [85.8878261, 20.3135666]}, "properties": {"direction": "221", "highway": "street_lamp", "lamp_mount": "bent_mast", "lamp_type": "LED", "support": "pole"}, "geohash": "tgt5d3vx5"},{"type": "Feature", "geometry": {"type": "Point", "coordinates": [85.8883682, 20.3131706]}, "properties": {"direction": "311", "highway": "street_lamp", "lamp_mount": "bent_mast", "lamp_type": "LED", "support": "pole"}, "geohash": "tgt5d3yhb"},{"type": "Feature", "geometry": {"type": "Point", "coordinates": [85.8885069, 20.3133093]}, "properties": {"direction": "298", "highway": "street_lamp", "lamp_mount": "bent_mast", "lamp_type": "LED", "support": "pole"}, "geohash": "tgt5d3yje"},{"type": "Feature", "geometry": {"type": "Point", "coordinates": [85.888443, 20.3133383]}, "properties": {"direction": "310", "highway": "street_lamp", "lamp_mount": "bent_mast", "lamp_type": "LED", "support": "pole"}, "geohash": "tgt5d3yjc"},{"type": "Feature", "geometry": {"type": "Point", "coordinates": [85.8882863, 20.3134899]}, "properties": {"direction": "40", "highway": "street_lamp", "lamp_mount": "bent_mast", "lamp_type": "LED", "support": "pole"}, "geohash": "tgt5d3vyw"},{"type": "Feature", "geometry": {"type": "Point", "coordinates": [85.8882087, 20.3135576]}, "properties": {"direction": "44", "highway": "street_lamp", "lamp_mount": "bent_mast", "lamp_type": "LED", "support": "pole"}, "geohash": "tgt5d3vzh"},{"type": "Feature", "geometry": {"type": "Point", "coordinates": [85.8879688, 20.3137729]}, "properties": {"direction": "61", "highway": "street_lamp", "lamp_mount": "bent_mast", "lamp_type": "LED", "support": "pole"}, "geohash": "tgt5d6j8q"},{"type": "Feature", "geometry": {"type": "Point", "coordinates": [85.8878143, 20.3139218]}, "properties": {"direction": "49", "highway": "street_lamp", "lamp_mount": "bent_mast", "lamp_type": "LED", "support": "pole"}, "geohash": "tgt5d6j95"},{"type": "Feature", "geometry": {"type": "Point", "coordinates": [85.8861155, 20.312212]}, "properties": {"direction": "54", "highway": "street_lamp", "lamp_mount": "bent_mast", "lamp_type": "LED", "support": "pole"}, "geohash": "tgt5d3sr5"},{"type": "Feature", "geometry": {"type": "Point", "coordinates": [85.8874064, 20.3116984]}, "properties": {"direction": "292", "highway": "street_lamp", "lamp_mount": "bent_mast", "lamp_type": "LED", "support": "pole"}, "geohash": "tgt5d3tk1"},{"type": "Feature", "geometry": {"type": "Point", "coordinates": [85.8875131, 20.3115355]}, "properties": {"direction": "260", "highway": "street_lamp", "lamp_mount": "bent_mast", "lamp_type": "LED", "support": "pole"}, "geohash": "tgt5d3t7k"},{"type": "Feature", "geometry": {"type": "Point", "coordinates": [85.8876638, 20.311364]}, "properties": {"direction": "240", "highway": "street_lamp", "lamp_mount": "bent_mast", "lamp_type": "LED", "support": "pole"}, "geohash": "tgt5d3t6r"},{"type": "Feature", "geometry": {"type": "Point", "coordinates": [85.8877695, 20.3112326]}, "properties": {"direction": "258", "highway": "street_lamp", "lamp_mount": "bent_mast", "lamp_type": "LED", "support": "pole"}, "geohash": "tgt5d3t9d"},{"type": "Feature", "geometry": {"type": "Point", "coordinates": [85.8875048, 20.3102098]}, "properties": {"direction": "29", "highway": "street_lamp", "lamp_mount": "bent_mast", "lamp_type": "LED", "support": "pole"}, "geohash": "tgt5d3m7e"},{"type": "Feature", "geometry": {"type": "Point", "coordinates": [85.8873351, 20.3105597]}, "properties": {"direction": "52", "highway": "street_lamp", "lamp_mount": "bent_mast", "lamp_type": "LED", "support": "pole"}, "geohash": "tgt5d3mjx"},{"type": "Feature", "geometry": {"type": "Point", "coordinates": [85.8871719, 20.3107718]}, "properties": {"direction": "55", "highway": "street_lamp", "lamp_mount": "bent_mast", "lamp_type": "LED", "support": "pole"}, "geohash": "tgt5d3mnu"},{"type": "Feature", "geometry": {"type": "Point", "coordinates": [85.88706, 20.310939]}, "properties": {"direction": "55", "highway": "street_lamp", "lamp_mount": "bent_mast", "lamp_type": "LED", "support": "pole"}, "geohash": "tgt5d3mpc"},{"type": "Feature", "geometry": {"type": "Point", "coordinates": [85.8869122, 20.3111406]}, "properties": {"direction": "54", "highway": "street_lamp", "lamp_mount": "bent_mast", "lamp_type": "LED", "support": "pole"}, "geohash": "tgt5d3sby"},{"type": "Feature", "geometry": {"type": "Point", "coordinates": [85.886787, 20.3113138]}, "properties": {"direction": "57", "highway": "street_lamp", "lamp_mount": "bent_mast", "lamp_type": "LED", "support": "pole"}, "geohash": "tgt5d3scg"},{"type": "Feature", "geometry": {"type": "Point", "coordinates": [85.8866857, 20.3114474]}, "properties": {"direction": "53", "highway": "street_lamp", "lamp_mount": "bent_mast", "lamp_type": "LED", "support": "pole"}, "geohash": "tgt5d3sfb"},{"type": "Feature", "geometry": {"type": "Point", "coordinates": [85.8865312, 20.311645]}, "properties": {"direction": "56", "highway": "street_lamp", "lamp_mount": "bent_mast", "lamp_type": "LED", "support": "pole"}, "geohash": "tgt5d3sev"},{"type": "Feature", "geometry": {"type": "Point", "coordinates": [85.8863845, 20.3118555]}, "properties": {"direction": "59", "highway": "street_lamp", "lamp_mount": "bent_mast", "lamp_type": "LED", "support": "pole"}, "geohash": "tgt5d3st1"},{"type": "Feature", "geometry": {"type": "Point", "coordinates": [85.8862548, 20.3120214]}, "properties": {"direction": "55", "highway": "street_lamp", "lamp_mount": "bent_mast", "lamp_type": "LED", "support": "pole"}, "geohash": "tgt5d3sqn"},{"type": "Feature", "geometry": {"type": "Point", "coordinates": [85.8872703, 20.31187]}, "properties": {"direction": "236", "highway": "street_lamp", "lamp_mount": "bent_mast", "lamp_type": "LED", "support": "pole"}, "geohash": "tgt5d3tjn"},{"type": "Feature", "geometry": {"type": "Point", "coordinates": [85.885987, 20.312384]}, "properties": {"direction": "57", "highway": "street_lamp", "lamp_mount": "bent_mast", "lamp_type": "LED", "support": "pole"}, "geohash": "tgt5d3u20"},{"type": "Feature", "geometry": {"type": "Point", "coordinates": [85.8858458, 20.312576]}, "properties": {"direction": "55", "highway": "street_lamp", "lamp_mount": "bent_mast", "lamp_type": "LED", "support": "pole"}, "geohash": "tgt5d3u1m"},{"type": "Feature", "geometry": {"type": "Point", "coordinates": [85.8857316, 20.3127339]}, "properties": {"direction": "52", "highway": "street_lamp", "lamp_mount": "bent_mast", "lamp_type": "LED", "support": "pole"}, "geohash": "tgt5d3u46"},{"type": "Feature", "geometry": {"type": "Point", "coordinates": [85.8855808, 20.3129251]}, "properties": {"direction": "53", "highway": "street_lamp", "lamp_mount": "bent_mast", "lamp_type": "LED", "support": "pole"}, "geohash": "tgt5d3ggr"},{"type": "Feature", "geometry": {"type": "Point", "coordinates": [85.8854354, 20.3131095]}, "properties": {"direction": "52", "highway": "street_lamp", "lamp_mount": "bent_mast", "lamp_type": "LED", "support": "pole"}, "geohash": "tgt5d3gu7"},{"type": "Feature", "geometry": {"type": "Point", "coordinates": [85.8853024, 20.3132922]}, "properties": {"direction": "56", "highway": "street_lamp", "lamp_mount": "bent_mast", "lamp_type": "LED", "support": "pole"}, "geohash": "tgt5d3gv8"},{"type": "Feature", "geometry": {"type": "Point", "coordinates": [85.8851476, 20.3134877]}, "properties": {"direction": "58", "highway": "street_lamp", "lamp_mount": "bent_mast", "lamp_type": "LED", "support": "pole"}, "geohash": "tgt5d3gws"},{"type": "Feature", "geometry": {"type": "Point", "coordinates": [85.8850436, 20.313633]}, "properties": {"direction": "54", "highway": "street_lamp", "lamp_mount": "bent_mast", "lamp_type": "LED", "support": "pole"}, "geohash": "tgt5d3gx6"},{"type": "Feature", "geometry": {"type": "Point", "coordinates": [85.8849013, 20.3138226]}, "properties": {"direction": "52", "highway": "street_lamp", "lamp_mount": "bent_mast", "lamp_type": "LED", "support": "pole"}, "geohash": "tgt5d652x"},{"type": "Feature", "geometry": {"type": "Point", "coordinates": [85.8848238, 20.3139301]}, "properties": {"direction": "58", "highway": "street_lamp", "lamp_mount": "bent_mast", "lamp_type": "LED", "support": "pole"}, "geohash": "tgt5d653j"},{"type": "Feature", "geometry": {"type": "Point", "coordinates": [85.8847121, 20.3140874]}, "properties": {"direction": "58", "highway": "street_lamp", "lamp_mount": "bent_mast", "lamp_type": "LED", "support": "pole"}, "geohash": "tgt5d6564"},{"type": "Feature", "geometry": {"type": "Point", "coordinates": [85.8845916, 20.3142417]}, "properties": {"direction": "52", "highway": "street_lamp", "lamp_mount": "bent_mast", "lamp_type": "LED", "support": "pole"}, "geohash": "tgt5d6570"},{"type": "Feature", "geometry": {"type": "Point", "coordinates": [85.8843968, 20.3144959]}, "properties": {"direction": "57", "highway": "street_lamp", "lamp_mount": "bent_mast", "lamp_type": "LED", "support": "pole"}, "geohash": "tgt5d65he"},{"type": "Feature", "geometry": {"type": "Point", "coordinates": [85.8838909, 20.3151831]}, "properties": {"direction": "62", "highway": "street_lamp", "lamp_mount": "bent_mast", "lamp_type": "LED", "support": "pole"}, "geohash": "tgt5d668x"},{"type": "Feature", "geometry": {"type": "Point", "coordinates": [85.8838155, 20.3152846]}, "properties": {"direction": "53", "highway": "street_lamp", "lamp_mount": "bent_mast", "lamp_type": "LED", "support": "pole"}, "geohash": "tgt5d669j"},{"type": "Feature", "geometry": {"type": "Point", "coordinates": [85.8836783, 20.3154672]}, "properties": {"direction": "56", "highway": "street_lamp", "lamp_mount": "bent_mast", "lamp_type": "LED", "support": "pole"}, "geohash": "tgt5d66d4"},{"type": "Feature", "geometry": {"type": "Point", "coordinates": [85.8835719, 20.3156175]}, "properties": {"direction": "56", "highway": "street_lamp", "lamp_mount": "bent_mast", "lamp_type": "LED", "support": "pole"}, "geohash": "tgt5d66e0"},{"type": "Feature", "geometry": {"type": "Point", "coordinates": [85.883408, 20.3158301]}, "properties": {"direction": "54", "highway": "street_lamp", "lamp_mount": "bent_mast", "lamp_type": "LED", "support": "pole"}, "geohash": "tgt5d66kk"},{"type": "Feature", "geometry": {"type": "Point", "coordinates": [85.883329, 20.315941]}, "properties": {"direction": "51", "highway": "street_lamp", "lamp_mount": "bent_mast", "lamp_type": "LED", "support": "pole"}, "geohash": "tgt5d66kf"},{"type": "Feature", "geometry": {"type": "Point", "coordinates": [85.883184, 20.3161308]}, "properties": {"direction": "51", "highway": "street_lamp", "lamp_mount": "bent_mast", "lamp_type": "LED", "support": "pole"}, "geohash": "tgt5d66np"},{"type": "Feature", "geometry": {"type": "Point", "coordinates": [85.8830756, 20.3162742]}, "properties": {"direction": "57", "highway": "street_lamp", "lamp_mount": "bent_mast", "lamp_type": "LED", "support": "pole"}, "geohash": "tgt5d66nu"},{"type": "Feature", "geometry": {"type": "Point", "coordinates": [85.8829578, 20.3164361]}, "properties": {"direction": "58", "highway": "street_lamp", "lamp_mount": "bent_mast", "lamp_type": "LED", "support": "pole"}, "geohash": "tgt5d66pc"},{"type": "Feature", "geometry": {"type": "Point", "coordinates": [85.8827923, 20.3166511]}, "properties": {"direction": "52", "highway": "street_lamp", "lamp_mount": "bent_mast", "lamp_type": "LED", "support": "pole"}, "geohash": "tgt5d69cn"},{"type": "Feature", "geometry": {"type": "Point", "coordinates": [85.8826906, 20.3167951]}, "properties": {"direction": "53", "highway": "street_lamp", "lamp_mount": "bent_mast", "lamp_type": "LED", "support": "pole"}, "geohash": "tgt5d69cg"},{"type": "Feature", "geometry": {"type": "Point", "coordinates": [85.8825685, 20.3169556]}, "properties": {"direction": "51", "highway": "street_lamp", "lamp_mount": "bent_mast", "lamp_type": "LED", "support": "pole"}, "geohash": "tgt5d69fb"},{"type": "Feature", "geometry": {"type": "Point", "coordinates": [85.8824444, 20.3171196]}, "properties": {"direction": "58", "highway": "street_lamp", "lamp_mount": "bent_mast", "lamp_type": "LED", "support": "pole"}, "geohash": "tgt5d69ey"},{"type": "Feature", "geometry": {"type": "Point", "coordinates": [85.8823093, 20.3173003]}, "properties": {"direction": "52", "highway": "street_lamp", "lamp_mount": "bent_mast", "lamp_type": "LED", "support": "pole"}, "geohash": "tgt5d69sf"},{"type": "Feature", "geometry": {"type": "Point", "coordinates": [85.8842854, 20.3146485]}, "properties": {"direction": "52", "highway": "street_lamp", "lamp_mount": "bent_mast", "lamp_type": "LED", "support": "pole"}, "geohash": "tgt5d65j2"},{"type": "Feature", "geometry": {"type": "Point", "coordinates": [85.879622, 20.3208721]}, "properties": {"direction": "59", "highway": "street_lamp", "lamp_mount": "bent_mast", "lamp_type": "LED", "support": "pole"}, "geohash": "tgt5d5r9s"},{"type": "Feature", "geometry": {"type": "Point", "coordinates": [85.8796884, 20.3209113]}, "properties": {"direction": "235", "highway": "street_lamp", "lamp_mount": "bent_mast", "lamp_type": "LED", "support": "pole"}, "geohash": "tgt5d5r9v"},{"type": "Feature", "geometry": {"type": "Point", "coordinates": [85.8795335, 20.3211217]}, "properties": {"direction": "238", "highway": "street_lamp", "lamp_mount": "bent_mast", "lamp_type": "LED", "support": "pole"}, "geohash": "tgt5d5re4"},{"type": "Feature", "geometry": {"type": "Point", "coordinates": [85.8794156, 20.3212888]}, "properties": {"direction": "183", "highway": "street_lamp", "lamp_mount": "bent_mast", "lamp_type": "LED", "support": "pole"}, "geohash": "tgt5d5rkp"},{"type": "Feature", "geometry": {"type": "Point", "coordinates": [85.8792895, 20.3214634]}, "properties": {"direction": "234", "highway": "street_lamp", "lamp_mount": "bent_mast", "lamp_type": "LED", "support": "pole"}, "geohash": "tgt5d5rmh"},{"type": "Feature", "geometry": {"type": "Point", "coordinates": [85.8791674, 20.3216401]}, "properties": {"direction": "233", "highway": "street_lamp", "lamp_mount": "bent_mast", "lamp_type": "LED", "support": "pole"}, "geohash": "tgt5d5rq1"},{"type": "Feature", "geometry": {"type": "Point", "coordinates": [85.8790442, 20.3218044]}, "properties": {"direction": "233", "highway": "street_lamp", "lamp_mount": "bent_mast", "lamp_type": "LED", "support": "pole"}, "geohash": "tgt5d5rpn"},{"type": "Feature", "geometry": {"type": "Point", "coordinates": [85.8788572, 20.3218668]}, "properties": {"direction": "121", "highway": "street_lamp", "lamp_mount": "straight_mast", "lamp_type": "LED", "support": "pole"}, "geohash": "tgt5d5rp6"},{"type": "Feature", "geometry": {"type": "Point", "coordinates": [85.8789122, 20.3219855]}, "properties": {"direction": "238", "highway": "street_lamp", "lamp_mount": "bent_mast", "lamp_type": "LED", "support": "pole"}, "geohash": "tgt5d5x05"},{"type": "Feature", "geometry": {"type": "Point", "coordinates": [85.8788077, 20.3221124]}, "properties": {"direction": "239", "highway": "street_lamp", "lamp_mount": "bent_mast", "lamp_type": "LED", "support": "pole"}, "geohash": "tgt5d5x0c"},{"type": "Feature", "geometry": {"type": "Point", "coordinates": [85.8786904, 20.32228]}, "properties": {"direction": "238", "highway": "street_lamp", "lamp_mount": "bent_mast", "lamp_type": "LED", "support": "pole"}, "geohash": "tgt5d5wcy"},{"type": "Feature", "geometry": {"type": "Point", "coordinates": [85.878567, 20.3224808]}, "properties": {"direction": "245", "highway": "street_lamp", "lamp_mount": "bent_mast", "lamp_type": "LED", "support": "pole"}, "geohash": "tgt5d5wg5"},{"type": "Feature", "geometry": {"type": "Point", "coordinates": [85.8806919, 20.3195726]}, "properties": {"direction": "231", "highway": "street_lamp", "lamp_mount": "bent_mast", "lamp_type": "LED", "support": "pole"}, "geohash": "tgt5d706j"},{"type": "Feature", "geometry": {"type": "Point", "coordinates": [85.8804981, 20.3198352]}, "properties": {"direction": "230", "highway": "street_lamp", "lamp_mount": "bent_mast", "lamp_type": "LED", "support": "pole"}, "geohash": "tgt5d7078"},{"type": "Feature", "geometry": {"type": "Point", "coordinates": [85.8801234, 20.3202039]}, "properties": {"direction": "329", "highway": "street_lamp", "lamp_mount": "bent_mast", "lamp_type": "LED", "support": "pole"}, "geohash": "tgt5d5pvz"},{"type": "Feature", "geometry": {"type": "Point", "coordinates": [85.8800052, 20.3204986]}, "properties": {"direction": "235", "highway": "street_lamp", "lamp_mount": "bent_mast", "lamp_type": "LED", "support": "pole"}, "geohash": "tgt5d5pzm"},{"type": "Feature", "geometry": {"type": "Point", "coordinates": [85.8798612, 20.3205231]}, "properties": {"direction": "46", "highway": "street_lamp", "lamp_mount": "bent_mast", "lamp_type": "LED", "support": "pole"}, "geohash": "tgt5d5pz9"},{"type": "Feature", "geometry": {"type": "Point", "coordinates": [85.8798181, 20.320595]}, "properties": {"direction": "57", "highway": "street_lamp", "lamp_mount": "bent_mast", "lamp_type": "LED", "support": "pole"}, "geohash": "tgt5d5rb0"},{"type": "Feature", "geometry": {"type": "Point", "coordinates": [85.8793406, 20.3205542]}, "properties": {"direction": "0", "highway": "street_lamp", "lamp_mount": "bent_mast", "lamp_type": "LED", "support": "pole"}, "geohash": "tgt5d5prv"},{"type": "Feature", "geometry": {"type": "Point", "coordinates": [85.8792384, 20.3205572]}, "properties": {"direction": "7", "highway": "street_lamp", "lamp_mount": "bent_mast", "lamp_type": "LED", "support": "pole"}, "geohash": "tgt5d5prg"},{"type": "Feature", "geometry": {"type": "Point", "coordinates": [85.8790353, 20.3205778]}, "properties": {"direction": "3", "highway": "street_lamp", "lamp_mount": "bent_mast", "lamp_type": "LED", "support": "pole"}, "geohash": "tgt5d5ppy"},{"type": "Feature", "geometry": {"type": "Point", "coordinates": [85.8787556, 20.3205981]}, "properties": {"direction": "65", "highway": "street_lamp", "lamp_mount": "bent_mast", "lamp_type": "LED", "support": "pole"}, "geohash": "tgt5d5r00"},{"type": "Feature", "geometry": {"type": "Point", "coordinates": [85.8784274, 20.3206214]}, "properties": {"direction": "7", "highway": "street_lamp", "lamp_mount": "bent_mast", "lamp_type": "LED", "support": "pole"}, "geohash": "tgt5d5qb0"},{"type": "Feature", "geometry": {"type": "Point", "coordinates": [85.8782151, 20.3206408]}, "properties": {"direction": "8", "highway": "street_lamp", "lamp_mount": "bent_mast", "lamp_type": "LED", "support": "pole"}, "geohash": "tgt5d5q87"},{"type": "Feature", "geometry": {"type": "Point", "coordinates": [85.8778857, 20.3206662]}, "properties": {"direction": "45", "highway": "street_lamp", "lamp_mount": "bent_mast", "lamp_type": "LED", "support": "pole"}, "geohash": "tgt5d5q27"},{"type": "Feature", "geometry": {"type": "Point", "coordinates": [85.8804952, 20.3186681]}, "properties": {"direction": "308", "highway": "street_lamp", "lamp_mount": "bent_mast", "lamp_type": "LED", "support": "pole"}, "geohash": "tgt5d6bkb"},{"type": "Feature", "geometry": {"type": "Point", "coordinates": [85.8802374, 20.3184121]}, "properties": {"direction": "311", "highway": "street_lamp", "lamp_mount": "bent_mast", "lamp_type": "LED", "support": "pole"}, "geohash": "tgt5d6b56"},{"type": "Feature", "geometry": {"type": "Point", "coordinates": [85.8800024, 20.3181399]}, "properties": {"direction": "307", "highway": "street_lamp", "lamp_mount": "bent_mast", "lamp_type": "LED", "support": "pole"}, "geohash": "tgt5d4zct"},{"type": "Feature", "geometry": {"type": "Point", "coordinates": [85.8785699, 20.3170033]}, "properties": {"direction": "249", "highway": "street_lamp", "lamp_mount": "bent_mast", "lamp_type": "LED", "support": "pole"}, "geohash": "tgt5d4wg5"},{"type": "Feature", "geometry": {"type": "Point", "coordinates": [85.8784214, 20.3173272]}, "properties": {"direction": "238", "highway": "street_lamp", "lamp_mount": "bent_mast", "lamp_type": "LED", "support": "pole"}, "geohash": "tgt5d4wv0"},{"type": "Feature", "geometry": {"type": "Point", "coordinates": [85.8782201, 20.3175608]}, "properties": {"direction": "226", "highway": "street_lamp", "lamp_mount": "bent_mast", "lamp_type": "LED", "support": "pole"}, "geohash": "tgt5d4ww7"},{"type": "Feature", "geometry": {"type": "Point", "coordinates": [85.8780593, 20.3176814]}, "properties": {"direction": "219", "highway": "street_lamp", "lamp_mount": "bent_mast", "lamp_type": "LED", "support": "pole"}, "geohash": "tgt5d4wrp"},{"type": "Feature", "geometry": {"type": "Point", "coordinates": [85.8778139, 20.3178586]}, "properties": {"direction": "219", "highway": "street_lamp", "lamp_mount": "bent_mast", "lamp_type": "LED", "support": "pole"}, "geohash": "tgt5d4y24"},{"type": "Feature", "geometry": {"type": "Point", "coordinates": [85.8794809, 20.3170999]}, "properties": {"direction": "286", "highway": "street_lamp", "lamp_mount": "bent_mast", "lamp_type": "LED", "support": "pole"}, "geohash": "tgt5d4xe8"},{"type": "Feature", "geometry": {"type": "Point", "coordinates": [85.8792712, 20.316471]}, "properties": {"direction": "281", "highway": "street_lamp", "lamp_mount": "bent_mast", "lamp_type": "LED", "support": "pole"}, "geohash": "tgt5d4x2h"},{"type": "Feature", "geometry": {"type": "Point", "coordinates": [85.8792372, 20.3163629]}, "properties": {"direction": "285", "highway": "street_lamp", "lamp_mount": "bent_mast", "lamp_type": "LED", "support": "pole"}, "geohash": "tgt5d4rr7"},{"type": "Feature", "geometry": {"type": "Point", "coordinates": [85.879212, 20.3162647]}, "properties": {"direction": "283", "highway": "street_lamp", "lamp_mount": "bent_mast", "lamp_type": "LED", "support": "pole"}, "geohash": "tgt5d4rqf"},{"type": "Feature", "geometry": {"type": "Point", "coordinates": [85.8795573, 20.3173819]}, "properties": {"direction": "290", "highway": "street_lamp", "lamp_mount": "bent_mast", "lamp_type": "LED", "support": "pole"}, "geohash": "tgt5d4xt6"},{"type": "Feature", "geometry": {"type": "Point", "coordinates": [85.8797008, 20.317646]}, "properties": {"direction": "298", "highway": "street_lamp", "lamp_mount": "bent_mast", "lamp_type": "LED", "support": "pole"}, "geohash": "tgt5d4xwy"},{"type": "Feature", "geometry": {"type": "Point", "coordinates": [85.8798334, 20.3179195]}, "properties": {"direction": "305", "highway": "street_lamp", "lamp_mount": "bent_mast", "lamp_type": "LED", "support": "pole"}, "geohash": "tgt5d4zb3"},{"type": "Feature", "geometry": {"type": "Point", "coordinates": [85.8773979, 20.3182763]}, "properties": {"direction": "231", "highway": "street_lamp", "lamp_mount": "bent_mast", "lamp_type": "LED", "support": "pole"}, "geohash": "tgt5d4y48"},{"type": "Feature", "geometry": {"type": "Point", "coordinates": [85.8772206, 20.318486]}, "properties": {"highway": "street_lamp", "lamp_mount": "bent_mast", "lamp_type": "LED", "support": "pole"}, "geohash": "tgt5d4vgu"},{"type": "Feature", "geometry": {"type": "Point", "coordinates": [85.876973, 20.3189901]}, "properties": {"direction": "239", "highway": "street_lamp", "lamp_mount": "bent_mast", "lamp_type": "LED", "support": "pole"}, "geohash": "tgt5d4vww"},{"type": "Feature", "geometry": {"type": "Point", "coordinates": [85.8768577, 20.3192621]}, "properties": {"direction": "247", "highway": "street_lamp", "lamp_mount": "bent_mast", "lamp_type": "LED", "support": "pole"}, "geohash": "tgt5d5j87"},{"type": "Feature", "geometry": {"type": "Point", "coordinates": [85.8767652, 20.3194957]}, "properties": {"direction": "262", "highway": "street_lamp", "lamp_mount": "bent_mast", "lamp_type": "LED", "support": "pole"}, "geohash": "tgt5d5j99"},{"type": "Feature", "geometry": {"type": "Point", "coordinates": [85.8766445, 20.3197243]}, "properties": {"direction": "241", "highway": "street_lamp", "lamp_mount": "bent_mast", "lamp_type": "LED", "support": "pole"}, "geohash": "tgt5d5j6y"},{"type": "Feature", "geometry": {"type": "Point", "coordinates": [85.8764287, 20.319992]}, "properties": {"direction": "227", "highway": "street_lamp", "lamp_mount": "bent_mast", "lamp_type": "LED", "support": "pole"}, "geohash": "tgt5d5jk9"},{"type": "Feature", "geometry": {"type": "Point", "coordinates": [85.8762309, 20.3202007]}, "properties": {"direction": "225", "highway": "street_lamp", "lamp_mount": "bent_mast", "lamp_type": "LED", "support": "pole"}, "geohash": "tgt5d5jjt"},{"type": "Feature", "geometry": {"type": "Point", "coordinates": [85.8760277, 20.3203894]}, "properties": {"direction": "231", "highway": "street_lamp", "lamp_mount": "bent_mast", "lamp_type": "LED", "support": "pole"}, "geohash": "tgt5d5jnb"},{"type": "Feature", "geometry": {"type": "Point", "coordinates": [85.875831, 20.3205873]}, "properties": {"direction": "224", "highway": "street_lamp", "lamp_mount": "bent_mast", "lamp_type": "LED", "support": "pole"}, "geohash": "tgt5d5kb5"},{"type": "Feature", "geometry": {"type": "Point", "coordinates": [85.8757164, 20.3206714]}, "properties": {"direction": "178", "highway": "street_lamp", "lamp_mount": "bent_mast", "lamp_type": "LED", "support": "pole"}, "geohash": "tgt5d5kb3"},{"type": "Feature", "geometry": {"type": "Point", "coordinates": [85.8753713, 20.3209456]}, "properties": {"direction": "213", "highway": "street_lamp", "lamp_mount": "bent_mast", "lamp_type": "LED", "support": "pole"}, "geohash": "tgt5d5kd1"},{"type": "Feature", "geometry": {"type": "Point", "coordinates": [85.8750591, 20.321103]}, "properties": {"direction": "204", "highway": "street_lamp", "lamp_mount": "bent_mast", "lamp_type": "LED", "support": "pole"}, "geohash": "tgt5d5k71"},{"type": "Feature", "geometry": {"type": "Point", "coordinates": [85.8746435, 20.3212545]}, "properties": {"direction": "199", "highway": "street_lamp", "lamp_mount": "bent_mast", "lamp_type": "LED", "support": "pole"}, "geohash": "tgt5d5k5b"},{"type": "Feature", "geometry": {"type": "Point", "coordinates": [85.8742463, 20.3213342]}, "properties": {"direction": "183", "highway": "street_lamp", "lamp_mount": "bent_mast", "lamp_type": "LED", "support": "pole"}, "geohash": "tgt5d57sq"},{"type": "Feature", "geometry": {"type": "Point", "coordinates": [85.8739251, 20.3214013]}, "properties": {"direction": "195", "highway": "street_lamp", "lamp_mount": "bent_mast", "lamp_type": "LED", "support": "pole"}, "geohash": "tgt5d57kx"},{"type": "Feature", "geometry": {"type": "Point", "coordinates": [85.8737286, 20.3214476]}, "properties": {"direction": "329", "highway": "street_lamp", "lamp_mount": "bent_mast", "lamp_type": "LED", "support": "pole"}, "geohash": "tgt5d57m4"},{"type": "Feature", "geometry": {"type": "Point", "coordinates": [85.8736601, 20.3214535]}, "properties": {"direction": "188", "highway": "street_lamp", "lamp_mount": "bent_mast", "lamp_type": "LED", "support": "pole"}, "geohash": "tgt5d57m1"},{"type": "Feature", "geometry": {"type": "Point", "coordinates": [85.8734214, 20.3214945]}, "properties": {"direction": "195", "highway": "street_lamp", "lamp_mount": "bent_mast", "lamp_type": "LED", "support": "pole"}, "geohash": "tgt5d57j7"},{"type": "Feature", "geometry": {"type": "Point", "coordinates": [85.8731656, 20.3215687]}, "properties": {"direction": "220", "highway": "street_lamp", "lamp_mount": "bent_mast", "lamp_type": "LED", "support": "pole"}, "geohash": "tgt5d56vt"},{"type": "Feature", "geometry": {"type": "Point", "coordinates": [85.8731371, 20.3217012]}, "properties": {"direction": "279", "highway": "street_lamp", "lamp_mount": "bent_mast", "lamp_type": "LED", "support": "pole"}, "geohash": "tgt5d56ym"},{"type": "Feature", "geometry": {"type": "Point", "coordinates": [85.8729265, 20.3217341]}, "properties": {"direction": "232", "highway": "street_lamp", "lamp_mount": "bent_mast", "lamp_type": "LED", "support": "pole"}, "geohash": "tgt5d56y8"},{"type": "Feature", "geometry": {"type": "Point", "coordinates": [85.8726112, 20.3221514]}, "properties": {"direction": "233", "highway": "street_lamp", "lamp_mount": "bent_mast", "lamp_type": "LED", "support": "pole"}, "geohash": "tgt5d5d90"},{"type": "Feature", "geometry": {"type": "Point", "coordinates": [85.8727565, 20.3219174]}, "properties": {"direction": "236", "highway": "street_lamp", "lamp_mount": "bent_mast", "lamp_type": "LED", "support": "pole"}, "geohash": "tgt5d56xs"},{"type": "Feature", "geometry": {"type": "Point", "coordinates": [85.8724473, 20.3223845]}, "properties": {"direction": "240", "highway": "street_lamp", "lamp_mount": "bent_mast", "lamp_type": "LED", "support": "pole"}, "geohash": "tgt5d5d6m"},{"type": "Feature", "geometry": {"type": "Point", "coordinates": [85.8723493, 20.3225484]}, "properties": {"direction": "174", "highway": "street_lamp", "lamp_mount": "bent_mast", "lamp_type": "LED", "support": "pole"}, "geohash": "tgt5d5d76"},{"type": "Feature", "geometry": {"type": "Point", "coordinates": [85.8722589, 20.3227217]}, "properties": {"direction": "231", "highway": "street_lamp", "lamp_mount": "bent_mast", "lamp_type": "LED", "support": "pole"}, "geohash": "tgt5d5dk2"},{"type": "Feature", "geometry": {"type": "Point", "coordinates": [85.8721639, 20.3229778]}, "properties": {"direction": "245", "highway": "street_lamp", "lamp_mount": "bent_mast", "lamp_type": "LED", "support": "pole"}, "geohash": "tgt5d5djy"},{"type": "Feature", "geometry": {"type": "Point", "coordinates": [85.8720817, 20.3232212]}, "properties": {"direction": "251", "highway": "street_lamp", "lamp_mount": "bent_mast", "lamp_type": "LED", "support": "pole"}, "geohash": "tgt5d5dpk"},{"type": "Feature", "geometry": {"type": "Point", "coordinates": [85.872012, 20.3234873]}, "properties": {"direction": "261", "highway": "street_lamp", "lamp_mount": "bent_mast", "lamp_type": "LED", "support": "pole"}, "geohash": "tgt5d5f0f"},{"type": "Feature", "geometry": {"type": "Point", "coordinates": [85.8719383, 20.3237325]}, "properties": {"direction": "258", "highway": "street_lamp", "lamp_mount": "bent_mast", "lamp_type": "LED", "support": "pole"}, "geohash": "tgt5d5f43"},{"type": "Feature", "geometry": {"type": "Point", "coordinates": [85.8718398, 20.3239835]}, "properties": {"direction": "259", "highway": "street_lamp", "lamp_mount": "bent_mast", "lamp_type": "LED", "support": "pole"}, "geohash": "tgt5d5cgy"},{"type": "Feature", "geometry": {"type": "Point", "coordinates": [85.8717067, 20.3242774]}, "properties": {"direction": "257", "highway": "street_lamp", "lamp_mount": "bent_mast", "lamp_type": "LED", "support": "pole"}, "geohash": "tgt5d5cv7"},{"type": "Feature", "geometry": {"type": "Point", "coordinates": [85.8715828, 20.3245132]}, "properties": {"direction": "245", "highway": "street_lamp", "lamp_mount": "bent_mast", "lamp_type": "LED", "support": "pole"}, "geohash": "tgt5d5cyb"},{"type": "Feature", "geometry": {"type": "Point", "coordinates": [85.8714547, 20.3247341]}, "properties": {"direction": "242", "highway": "street_lamp", "lamp_mount": "bent_mast", "lamp_type": "LED", "support": "pole"}, "geohash": "tgt5dh18j"},{"type": "Feature", "geometry": {"type": "Point", "coordinates": [85.8713057, 20.3249664]}, "properties": {"direction": "242", "highway": "street_lamp", "lamp_mount": "bent_mast", "lamp_type": "LED", "support": "pole"}, "geohash": "tgt5dh19d"},{"type": "Feature", "geometry": {"type": "Point", "coordinates": [85.871126, 20.3252794]}, "properties": {"direction": "240", "highway": "street_lamp", "lamp_mount": "bent_mast", "lamp_type": "LED", "support": "pole"}, "geohash": "tgt5dh17q"},{"type": "Feature", "geometry": {"type": "Point", "coordinates": [85.8709813, 20.3255091]}, "properties": {"direction": "233", "highway": "street_lamp", "lamp_mount": "bent_mast", "lamp_type": "LED", "support": "pole"}, "geohash": "tgt5dh1kd"},{"type": "Feature", "geometry": {"type": "Point", "coordinates": [85.8708568, 20.3257082]}, "properties": {"direction": "235", "highway": "street_lamp", "lamp_mount": "bent_mast", "lamp_type": "LED", "support": "pole"}, "geohash": "tgt5dh1jz"},{"type": "Feature", "geometry": {"type": "Point", "coordinates": [85.8707225, 20.3259121]}, "properties": {"direction": "239", "highway": "street_lamp", "lamp_mount": "bent_mast", "lamp_type": "LED", "support": "pole"}, "geohash": "tgt5dh1ph"},{"type": "Feature", "geometry": {"type": "Point", "coordinates": [85.8705499, 20.3261431]}, "properties": {"direction": "235", "highway": "street_lamp", "lamp_mount": "bent_mast", "lamp_type": "LED", "support": "pole"}, "geohash": "tgt5dh302"},{"type": "Feature", "geometry": {"type": "Point", "coordinates": [85.8703299, 20.3263988]}, "properties": {"direction": "232", "highway": "street_lamp", "lamp_mount": "bent_mast", "lamp_type": "LED", "support": "pole"}, "geohash": "tgt5dh2cg"},{"type": "Feature", "geometry": {"type": "Point", "coordinates": [85.8701951, 20.3266178]}, "properties": {"direction": "242", "highway": "street_lamp", "lamp_mount": "bent_mast", "lamp_type": "LED", "support": "pole"}, "geohash": "tgt5dh2g0"},{"type": "Feature", "geometry": {"type": "Point", "coordinates": [85.8699285, 20.327759]}, "properties": {"direction": "252", "highway": "street_lamp", "lamp_mount": "bent_mast", "lamp_type": "LED", "support": "pole"}, "geohash": "tgt5dh89f"},{"type": "Feature", "geometry": {"type": "Point", "coordinates": [85.8699042, 20.3278298]}, "properties": {"highway": "street_lamp", "lamp_mount": "straight_mast", "lamp_type": "LED", "support": "pole"}, "geohash": "tgt5dh8d1"},{"type": "Feature", "geometry": {"type": "Point", "coordinates": [85.883993, 20.3173544]}, "properties": {"direction": "312", "highway": "street_lamp", "lamp_mount": "bent_mast", "lamp_type": "LED", "support": "pole"}, "geohash": "tgt5d6dv4"},{"type": "Feature", "geometry": {"type": "Point", "coordinates": [85.8840892, 20.3176189]}, "properties": {"direction": "119", "highway": "street_lamp", "lamp_mount": "bent_mast", "lamp_type": "LED", "support": "pole"}, "geohash": "tgt5d6dys"},{"type": "Feature", "geometry": {"type": "Point", "coordinates": [85.8842674, 20.3179087]}, "properties": {"direction": "128", "highway": "street_lamp", "lamp_mount": "bent_mast", "lamp_type": "LED", "support": "pole"}, "geohash": "tgt5d6g02"},{"type": "Feature", "geometry": {"type": "Point", "coordinates": [85.8844232, 20.3180769]}, "properties": {"direction": "214", "highway": "street_lamp", "lamp_mount": "bent_mast", "lamp_type": "LED", "support": "pole"}, "geohash": "tgt5d6g1k"},{"type": "Feature", "geometry": {"type": "Point", "coordinates": [85.884368, 20.318137]}, "properties": {"direction": "126", "highway": "street_lamp", "lamp_mount": "bent_mast", "lamp_type": "LED", "support": "pole"}, "geohash": "tgt5d6g1d"},{"type": "Feature", "geometry": {"type": "Point", "coordinates": [85.8846371, 20.3179433]}, "properties": {"direction": "214", "highway": "street_lamp", "lamp_mount": "bent_mast", "lamp_type": "LED", "support": "pole"}, "geohash": "tgt5d6g29"},{"type": "Feature", "geometry": {"type": "Point", "coordinates": [85.8847446, 20.3178552]}, "properties": {"direction": "186", "highway": "street_lamp", "lamp_mount": "bent_mast", "lamp_type": "LED", "support": "pole"}, "geohash": "tgt5d6g25"},{"type": "Feature", "geometry": {"type": "Point", "coordinates": [85.8848289, 20.317795]}, "properties": {"direction": "214", "highway": "street_lamp", "lamp_mount": "bent_mast", "lamp_type": "LED", "support": "pole"}, "geohash": "tgt5d6ert"},{"type": "Feature", "geometry": {"type": "Point", "coordinates": [85.8849845, 20.3176903]}, "properties": {"direction": "214", "highway": "street_lamp", "lamp_mount": "bent_mast", "lamp_type": "LED", "support": "pole"}, "geohash": "tgt5d6ex1"},{"type": "Feature", "geometry": {"type": "Point", "coordinates": [85.8851877, 20.3175562]}, "properties": {"direction": "186", "highway": "street_lamp", "lamp_mount": "bent_mast", "lamp_type": "LED", "support": "pole"}, "geohash": "tgt5d6ewm"},{"type": "Feature", "geometry": {"type": "Point", "coordinates": [85.8854105, 20.3177028]}, "properties": {"direction": "305", "highway": "street_lamp", "lamp_mount": "bent_mast", "lamp_type": "LED", "support": "pole"}, "geohash": "tgt5d6ez5"},{"type": "Feature", "geometry": {"type": "Point", "coordinates": [85.8856282, 20.3184442]}, "properties": {"direction": "33", "highway": "street_lamp", "lamp_mount": "bent_mast", "lamp_type": "LED", "support": "pole"}, "geohash": "tgt5d6u58"},{"type": "Feature", "geometry": {"type": "Point", "coordinates": [85.8871679, 20.320045]}, "properties": {"direction": "179", "highway": "street_lamp", "lamp_mount": "bent_mast", "lamp_type": "LED", "support": "pole"}, "geohash": "tgt5d7jhu"},{"type": "Feature", "geometry": {"type": "Point", "coordinates": [85.8871728, 20.3200468]}, "properties": {"direction": "66", "highway": "street_lamp", "lamp_mount": "bent_mast", "lamp_type": "LED", "support": "pole"}, "geohash": "tgt5d7jhu"},{"type": "Feature", "geometry": {"type": "Point", "coordinates": [85.8879317, 20.3199986]}, "properties": {"direction": "214", "highway": "street_lamp", "lamp_mount": "bent_mast", "lamp_type": "LED", "support": "pole"}, "geohash": "tgt5d7jst"},{"type": "Feature", "geometry": {"type": "Point", "coordinates": [85.8886464, 20.3191721]}, "properties": {"direction": "328", "highway": "street_lamp", "lamp_mount": "bent_mast", "lamp_type": "LED", "support": "pole"}, "geohash": "tgt5d6ypy"},{"type": "Feature", "geometry": {"type": "Point", "coordinates": [85.8891404, 20.3199303]}, "properties": {"direction": "220", "highway": "street_lamp", "lamp_mount": "bent_mast", "lamp_type": "LED", "support": "pole"}, "geohash": "tgt5d7ns4"},{"type": "Feature", "geometry": {"type": "Point", "coordinates": [85.8870794, 20.3198798]}, "properties": {"direction": "344", "highway": "street_lamp", "lamp_mount": "bent_mast", "lamp_type": "LED", "support": "pole"}, "geohash": "tgt5d7j5f"},{"type": "Feature", "geometry": {"type": "Point", "coordinates": [85.8870714, 20.3198862]}, "properties": {"direction": "111", "highway": "street_lamp", "lamp_mount": "bent_mast", "lamp_type": "LED", "support": "pole"}, "geohash": "tgt5d7j5c"},{"type": "Feature", "geometry": {"type": "Point", "coordinates": [85.886831, 20.3195902]}, "properties": {"direction": "13", "highway": "street_lamp", "lamp_mount": "bent_mast", "lamp_type": "LED", "support": "pole"}, "geohash": "tgt5d7hfh"},{"type": "Feature", "geometry": {"type": "Point", "coordinates": [85.886726, 20.3194611]}, "properties": {"direction": "306", "highway": "street_lamp", "lamp_mount": "bent_mast", "lamp_type": "LED", "support": "pole"}, "geohash": "tgt5d7hc3"},{"type": "Feature", "geometry": {"type": "Point", "coordinates": [85.8867172, 20.3191648]}, "properties": {"direction": "37", "highway": "street_lamp", "lamp_mount": "bent_mast", "lamp_type": "LED", "support": "pole"}, "geohash": "tgt5d6uz9"},{"type": "Feature", "geometry": {"type": "Point", "coordinates": [85.8870358, 20.3189436]}, "properties": {"direction": "36", "highway": "street_lamp", "lamp_mount": "bent_mast", "lamp_type": "LED", "support": "pole"}, "geohash": "tgt5d6vn2"},{"type": "Feature", "geometry": {"type": "Point", "coordinates": [85.8863988, 20.3190154]}, "properties": {"direction": "304", "highway": "street_lamp", "lamp_mount": "bent_mast", "lamp_type": "LED", "support": "pole"}, "geohash": "tgt5d6uwf"},{"type": "Feature", "geometry": {"type": "Point", "coordinates": [85.8882899, 20.3193388]}, "properties": {"direction": "33", "highway": "street_lamp", "lamp_mount": "bent_mast", "lamp_type": "LED", "support": "pole"}, "geohash": "tgt5d7jbw"},{"type": "Feature", "geometry": {"type": "Point", "coordinates": [85.8876494, 20.3194394]}, "properties": {"direction": "47", "highway": "street_lamp", "lamp_mount": "bent_mast", "lamp_type": "LED", "support": "pole"}, "geohash": "tgt5d7j3r"},{"type": "Feature", "geometry": {"type": "Point", "coordinates": [85.8881692, 20.3202896]}, "properties": {"direction": "305", "highway": "street_lamp", "lamp_mount": "bent_mast", "lamp_type": "LED", "support": "pole"}, "geohash": "tgt5d7jy7"},{"type": "Feature", "geometry": {"type": "Point", "coordinates": [85.8875711, 20.3201443]}, "properties": {"direction": "111", "highway": "street_lamp", "lamp_mount": "bent_mast", "lamp_type": "LED", "support": "pole"}, "geohash": "tgt5d7jmm"},{"type": "Feature", "geometry": {"type": "Point", "coordinates": [85.8877559, 20.3203884]}, "properties": {"direction": "128", "highway": "street_lamp", "lamp_mount": "bent_mast", "lamp_type": "LED", "support": "pole"}, "geohash": "tgt5d7jwc"},{"type": "Feature", "geometry": {"type": "Point", "coordinates": [85.8859078, 20.3154755]}, "properties": {"direction": "177", "highway": "street_lamp", "lamp_mount": "bent_mast", "lamp_type": "LED", "support": "pole"}, "geohash": "tgt5d6k4n"},{"type": "Feature", "geometry": {"type": "Point", "coordinates": [85.8861437, 20.3155108]}, "properties": {"direction": "164", "highway": "street_lamp", "lamp_mount": "bent_mast", "lamp_type": "LED", "support": "pole"}, "geohash": "tgt5d6k6k"},{"type": "Feature", "geometry": {"type": "Point", "coordinates": [85.8869341, 20.3163419]}, "properties": {"direction": "299", "highway": "street_lamp", "lamp_mount": "bent_mast", "lamp_type": "LED", "support": "pole"}, "geohash": "tgt5d6kzq"},{"type": "Feature", "geometry": {"type": "Point", "coordinates": [85.8868043, 20.3161863]}, "properties": {"direction": "261", "highway": "street_lamp", "lamp_mount": "bent_mast", "lamp_type": "LED", "support": "pole"}, "geohash": "tgt5d6ky7"},{"type": "Feature", "geometry": {"type": "Point", "coordinates": [85.8865071, 20.3158589]}, "properties": {"direction": "284", "highway": "street_lamp", "lamp_mount": "bent_mast", "lamp_type": "LED", "support": "pole"}, "geohash": "tgt5d6ksk"},{"type": "Feature", "geometry": {"type": "Point", "coordinates": [85.8852865, 20.3156234]}, "properties": {"direction": "289", "highway": "street_lamp", "lamp_mount": "bent_mast", "lamp_type": "LED", "support": "pole"}, "geohash": "tgt5d67g0"},{"type": "Feature", "geometry": {"type": "Point", "coordinates": [85.8854309, 20.3154034]}, "properties": {"direction": "222", "highway": "street_lamp", "lamp_mount": "bent_mast", "lamp_type": "LED", "support": "pole"}, "geohash": "tgt5d67cg"},{"type": "Feature", "geometry": {"type": "Point", "coordinates": [85.885719, 20.3154502]}, "properties": {"direction": "202", "highway": "street_lamp", "lamp_mount": "bent_mast", "lamp_type": "LED", "support": "pole"}, "geohash": "tgt5d6k44"},{"type": "Feature", "geometry": {"type": "Point", "coordinates": [85.8897759, 20.3178003]}, "properties": {"direction": "265", "highway": "street_lamp", "lamp_mount": "bent_mast", "lamp_type": "LED", "support": "pole"}, "geohash": "tgt5d6xpb"},{"type": "Feature", "geometry": {"type": "Point", "coordinates": [85.8897774, 20.3175499]}, "properties": {"direction": "63", "highway": "street_lamp", "lamp_mount": "bent_mast", "lamp_type": "LED", "support": "pole"}, "geohash": "tgt5d6xn2"},{"type": "Feature", "geometry": {"type": "Point", "coordinates": [85.8896664, 20.3192191]}, "properties": {"direction": "70", "highway": "street_lamp", "lamp_mount": "bent_mast", "lamp_type": "LED", "support": "pole"}, "geohash": "tgt5d7nbn"},{"type": "Feature", "geometry": {"type": "Point", "coordinates": [85.8898462, 20.3188165]}, "properties": {"direction": "271", "highway": "street_lamp", "lamp_mount": "bent_mast", "lamp_type": "LED", "support": "pole"}, "geohash": "tgt5d6zjd"},{"type": "Feature", "geometry": {"type": "Point", "coordinates": [81.6189483, 21.2688913]}, "properties": {"highway": "street_lamp"}, "geohash": "tgf0crch7"},{"type": "Feature", "geometry": {"type": "Point", "coordinates": [81.6188966, 21.2691979]}, "properties": {"highway": "street_lamp"}, "geohash": "tgf0crcn4"}]}