{"type":"FeatureCollection","features":[{"type": "Feature", "geometry": {"type": "Point", "coordinates": [88.0412308, 22.0895472]}, "properties": {"highway": "street_lamp", "lamp_type": "electric"}, "geohash": "tgytemm8v"},{"type": "Feature", "geometry": {"type": "Point", "coordinates": [88.0413327, 22.0894527]}, "properties": {"highway": "street_lamp", "lamp_type": "electric"}, "geohash": "tgytemm8r"},{"type": "Feature", "geometry": {"type": "Point", "coordinates": [88.0414575, 22.0893309]}, "properties": {"highway": "street_lamp", "lamp_type": "electric"}, "geohash": "tgytemjzd"},{"type": "Feature", "geometry": {"type": "Point", "coordinates": [88.0415379, 22.0892551]}, "properties": {"highway": "street_lamp", "lamp_type": "electric"}, "geohash": "tgytemjzh"},{"type": "Feature", "geometry": {"type": "Point", "coordinates": [85.1570667, 25.5509192]}, "properties": {"highway": "street_lamp"}, "geohash": "tus93g3kz"},{"type": "Feature", "geometry": {"type": "Point", "coordinates": [88.6371338, 22.9395842]}, "properties": {"highway": "street_lamp", "lamp_mount": "270", "power": "pole", "tower:type": "lighting"}, "geohash": "tup48bp8f"},{"type": "Feature", "geometry": {"type": "Point", "coordinates": [88.4914273, 22.5638023]}, "properties": {"height": "6", "highway": "street_lamp", "lamp_mount": "straight_mast", "light:count": "1", "light:shape": "cylindrical", "light:tilt": "90", "ref": "32", "support": "pole"}, "geohash": "tunbmet7x"},{"type": "Feature", "geometry": {"type": "Point", "coordinates": [88.4913296, 22.5636028]}, "properties": {"height": "6", "highway": "street_lamp", "lamp_mount": "straight_mast", "light:count": "1", "light:shape": "cylindrical", "light:tilt": "90", "ref": "31", "support": "pole"}, "geohash": "tunbmet6t"},{"type": "Feature", "geometry": {"type": "Point", "coordinates": [88.491056, 22.5641442]}, "properties": {"direction": "150", "height": "7", "highway": "street_lamp", "lamp_mount": "straight_mast", "light:count": "1", "light:tilt": "-10", "support": "pole"}, "geohash": "tunbmetjx"},{"type": "Feature", "geometry": {"type": "Point", "coordinates": [88.4909524, 22.563976]}, "properties": {"height": "6", "highway": "street_lamp", "lamp_mount": "straight_mast", "light:count": "1", "light:shape": "cylindrical", "light:tilt": "90", "support": "pole"}, "geohash": "tunbmeths"},{"type": "Feature", "geometry": {"type": "Point", "coordinates": [88.4908654, 22.5638501]}, "properties": {"height": "6", "highway": "street_lamp", "lamp_mount": "straight_mast", "light:count": "1", "light:shape": "cylindrical", "light:tilt": "90", "ref": "35", "support": "pole"}, "geohash": "tunbmet5f"},{"type": "Feature", "geometry": {"type": "Point", "coordinates": [88.4907333, 22.5636459]}, "properties": {"height": "6", "highway": "street_lamp", "lamp_mount": "straight_mast", "light:count": "1", "light:shape": "cylindrical", "light:tilt": "90", "ref": "36", "support": "pole"}, "geohash": "tunbmesfz"},{"type": "Feature", "geometry": {"type": "Point", "coordinates": [88.4910457, 22.5635671]}, "properties": {"height": "6", "highway": "street_lamp", "lamp_mount": "straight_mast", "light:count": "1", "light:shape": "cylindrical", "light:tilt": "90", "ref": "37", "support": "pole"}, "geohash": "tunbmet4q"},{"type": "Feature", "geometry": {"type": "Point", "coordinates": [88.4908586, 22.5634925]}, "properties": {"height": "6", "highway": "street_lamp", "lamp_mount": "straight_mast", "light:count": "1", "light:shape": "cylindrical", "light:tilt": "90", "ref": "38", "support": "pole"}, "geohash": "tunbmet1f"},{"type": "Feature", "geometry": {"type": "Point", "coordinates": [88.1791002, 26.254583]}, "properties": {"direction": "180", "highway": "street_lamp", "lamp_mount": "straight_mast", "lamp_type": "LED"}, "geohash": "tuwtqed01"},{"type": "Feature", "geometry": {"type": "Point", "coordinates": [88.1815387, 26.2552708]}, "properties": {"direction": "250", "highway": "street_lamp"}, "geohash": "tuwtqeeu4"},{"type": "Feature", "geometry": {"type": "Point", "coordinates": [88.1818885, 26.2555242]}, "properties": {"highway": "street_lamp", "lamp_mount": "high_mast"}, "geohash": "tuwtqesjd"},{"type": "Feature", "geometry": {"type": "Point", "coordinates": [88.1812915, 26.2551148]}, "properties": {"highway": "street_lamp", "lamp_mount": "high_mast"}, "geohash": "tuwtqeeej"},{"type": "Feature", "geometry": {"type": "Point", "coordinates": [88.1809193, 26.255179]}, "properties": {"highway": "street_lamp", "lamp_mount": "bent_mast"}, "geohash": "tuwtqee7s"},{"type": "Feature", "geometry": {"type": "Point", "coordinates": [88.181313, 26.2549236]}, "properties": {"highway": "street_lamp", "lamp_mount": "wall"}, "geohash": "tuwtqeedj"},{"type": "Feature", "geometry": {"type": "Point", "coordinates": [88.1802261, 26.2544846]}, "properties": {"highway": "street_lamp", "lamp_mount": "bent_mast"}, "geohash": "tuwtqe6zk"},{"type": "Feature", "geometry": {"type": "Point", "coordinates": [88.1799481, 26.2544115]}, "properties": {"highway": "street_lamp", "lamp_mount": "bent_mast"}, "geohash": "tuwtqe6xj"},{"type": "Feature", "geometry": {"type": "Point", "coordinates": [88.1801592, 26.2545714]}, "properties": {"highway": "street_lamp", "lamp_mount": "bent_mast"}, "geohash": "tuwtqe6zf"},{"type": "Feature", "geometry": {"type": "Point", "coordinates": [88.1794642, 26.254562]}, "properties": {"direction": "180", "highway": "street_lamp", "lamp_mount": "straight_mast", "lamp_type": "LED"}, "geohash": "tuwtqe6rf"},{"type": "Feature", "geometry": {"type": "Point", "coordinates": [88.1816522, 26.2557341]}, "properties": {"highway": "street_lamp", "lamp_mount": "bent_mast"}, "geohash": "tuwtqeeyt"},{"type": "Feature", "geometry": {"type": "Point", "coordinates": [88.1815659, 26.2556755]}, "properties": {"highway": "street_lamp", "lamp_mount": "bent_mast"}, "geohash": "tuwtqeey7"},{"type": "Feature", "geometry": {"type": "Point", "coordinates": [88.181289, 26.255454]}, "properties": {"highway": "street_lamp", "lamp_mount": "bent_mast"}, "geohash": "tuwtqeeth"},{"type": "Feature", "geometry": {"type": "Point", "coordinates": [88.1835499, 26.2580069]}, "properties": {"highway": "street_lamp"}, "geohash": "tuwtqsj7c"},{"type": "Feature", "geometry": {"type": "Point", "coordinates": [88.1849714, 26.2532612]}, "properties": {"highway": "street_lamp"}, "geohash": "tuwtqeq26"},{"type": "Feature", "geometry": {"type": "Point", "coordinates": [88.185175, 26.2533936]}, "properties": {"highway": "street_lamp"}, "geohash": "tuwtqeq3p"},{"type": "Feature", "geometry": {"type": "Point", "coordinates": [88.1852258, 26.2536347]}, "properties": {"highway": "street_lamp", "lamp_mount": "high_mast"}, "geohash": "tuwtqeqd8"},{"type": "Feature", "geometry": {"type": "Point", "coordinates": [88.185177, 26.2532925]}, "properties": {"highway": "street_lamp", "lamp_mount": "high_mast"}, "geohash": "tuwtqeq2x"},{"type": "Feature", "geometry": {"type": "Point", "coordinates": [88.1852389, 26.2529183]}, "properties": {"highway": "street_lamp"}, "geohash": "tuwtqenw3"},{"type": "Feature", "geometry": {"type": "Point", "coordinates": [88.1850176, 26.2538873]}, "properties": {"highway": "street_lamp"}, "geohash": "tuwtqeq7g"},{"type": "Feature", "geometry": {"type": "Point", "coordinates": [88.1854263, 26.2538431]}, "properties": {"highway": "street_lamp"}, "geohash": "tuwtqeqet"},{"type": "Feature", "geometry": {"type": "Point", "coordinates": [88.1854737, 26.2534959]}, "properties": {"highway": "street_lamp"}, "geohash": "tuwtqeq9w"},{"type": "Feature", "geometry": {"type": "Point", "coordinates": [88.185273, 26.2538601]}, "properties": {"highway": "street_lamp"}, "geohash": "tuwtqeqec"},{"type": "Feature", "geometry": {"type": "Point", "coordinates": [88.1851485, 26.253874]}, "properties": {"highway": "street_lamp"}, "geohash": "tuwtqeq7y"},{"type": "Feature", "geometry": {"type": "Point", "coordinates": [88.1854085, 26.2530156]}, "properties": {"highway": "street_lamp"}, "geohash": "tuwtqenwu"},{"type": "Feature", "geometry": {"type": "Point", "coordinates": [88.1849628, 26.253954]}, "properties": {"highway": "street_lamp"}, "geohash": "tuwtqeqk6"},{"type": "Feature", "geometry": {"type": "Point", "coordinates": [88.1851427, 26.2536053]}, "properties": {"highway": "street_lamp", "lamp_mount": "high_mast"}, "geohash": "tuwtqeq6q"},{"type": "Feature", "geometry": {"type": "Point", "coordinates": [88.1856123, 26.2537518]}, "properties": {"highway": "street_lamp"}, "geohash": "tuwtqeqg1"},{"type": "Feature", "geometry": {"type": "Point", "coordinates": [88.1854544, 26.2532053]}, "properties": {"highway": "street_lamp"}, "geohash": "tuwtqeq8n"},{"type": "Feature", "geometry": {"type": "Point", "coordinates": [88.1856048, 26.2538214]}, "properties": {"highway": "street_lamp"}, "geohash": "tuwtqeqg9"},{"type": "Feature", "geometry": {"type": "Point", "coordinates": [88.1849598, 26.2534613]}, "properties": {"highway": "street_lamp"}, "geohash": "tuwtqeq36"},{"type": "Feature", "geometry": {"type": "Point", "coordinates": [88.1850142, 26.2537185]}, "properties": {"highway": "street_lamp"}, "geohash": "tuwtqeq6g"},{"type": "Feature", "geometry": {"type": "Point", "coordinates": [88.1855024, 26.2536518]}, "properties": {"highway": "street_lamp"}, "geohash": "tuwtqeqdx"},{"type": "Feature", "geometry": {"type": "Point", "coordinates": [88.185894, 26.2537343]}, "properties": {"highway": "street_lamp"}, "geohash": "tuwtqer50"},{"type": "Feature", "geometry": {"type": "Point", "coordinates": [88.1854588, 26.2533524]}, "properties": {"highway": "street_lamp"}, "geohash": "tuwtqeq8y"},{"type": "Feature", "geometry": {"type": "Point", "coordinates": [88.185018, 26.2532851]}, "properties": {"highway": "street_lamp"}, "geohash": "tuwtqeq27"},{"type": "Feature", "geometry": {"type": "Point", "coordinates": [88.1857484, 26.2589607]}, "properties": {"highway": "street_lamp", "lamp_mount": "bent_mast"}, "geohash": "tuwtqsqcs"},{"type": "Feature", "geometry": {"type": "Point", "coordinates": [88.1866518, 26.2596281]}, "properties": {"highway": "street_lamp", "lamp_mount": "high_mast"}, "geohash": "tuwtqsrt3"},{"type": "Feature", "geometry": {"type": "Point", "coordinates": [88.1856036, 26.2588492]}, "properties": {"highway": "street_lamp", "lamp_mount": "bent_mast"}, "geohash": "tuwtqsqbc"},{"type": "Feature", "geometry": {"type": "Point", "coordinates": [88.1848441, 26.2582664]}, "properties": {"highway": "street_lamp"}, "geohash": "tuwtqsnjr"},{"type": "Feature", "geometry": {"type": "Point", "coordinates": [88.1837089, 26.2573786]}, "properties": {"highway": "street_lamp", "lamp_mount": "bent_mast"}, "geohash": "tuwtqsj2m"},{"type": "Feature", "geometry": {"type": "Point", "coordinates": [88.187393, 26.260254]}, "properties": {"highway": "street_lamp", "lamp_mount": "bent_mast"}, "geohash": "tuwtqu815"},{"type": "Feature", "geometry": {"type": "Point", "coordinates": [88.1876652, 26.2604291]}, "properties": {"highway": "street_lamp", "lamp_mount": "bent_mast"}, "geohash": "tuwtqu861"},{"type": "Feature", "geometry": {"type": "Point", "coordinates": [88.1869955, 26.2599496]}, "properties": {"highway": "street_lamp", "lamp_mount": "bent_mast"}, "geohash": "tuwtqsrz3"},{"type": "Feature", "geometry": {"type": "Point", "coordinates": [88.1880566, 26.2607266]}, "properties": {"highway": "street_lamp", "lamp_mount": "bent_mast"}, "geohash": "tuwtqu8ef"},{"type": "Feature", "geometry": {"type": "Point", "coordinates": [88.1878935, 26.2606242]}, "properties": {"highway": "street_lamp", "lamp_mount": "bent_mast"}, "geohash": "tuwtqu87n"},{"type": "Feature", "geometry": {"type": "Point", "coordinates": [88.1867506, 26.2597413]}, "properties": {"highway": "street_lamp", "lamp_mount": "bent_mast"}, "geohash": "tuwtqsrwh"},{"type": "Feature", "geometry": {"type": "Point", "coordinates": [88.1860462, 26.2591968]}, "properties": {"highway": "street_lamp", "lamp_mount": "bent_mast"}, "geohash": "tuwtqsr4g"},{"type": "Feature", "geometry": {"type": "Point", "coordinates": [88.1840542, 26.2576543]}, "properties": {"highway": "street_lamp", "lamp_mount": "bent_mast"}, "geohash": "tuwtqsj9v"},{"type": "Feature", "geometry": {"type": "Point", "coordinates": [88.1865848, 26.2595709]}, "properties": {"highway": "street_lamp", "lamp_mount": "wall"}, "geohash": "tuwtqsrt0"},{"type": "Feature", "geometry": {"type": "Point", "coordinates": [88.1861941, 26.2593174]}, "properties": {"highway": "street_lamp", "lamp_mount": "bent_mast"}, "geohash": "tuwtqsr5x"},{"type": "Feature", "geometry": {"type": "Point", "coordinates": [88.1842799, 26.2578086]}, "properties": {"highway": "street_lamp", "lamp_mount": "bent_mast"}, "geohash": "tuwtqsjff"},{"type": "Feature", "geometry": {"type": "Point", "coordinates": [88.183521, 26.2572233]}, "properties": {"highway": "street_lamp", "lamp_mount": "bent_mast"}, "geohash": "tuwtqevr2"},{"type": "Feature", "geometry": {"type": "Point", "coordinates": [88.1823578, 26.2563022]}, "properties": {"highway": "street_lamp", "lamp_mount": "bent_mast"}, "geohash": "tuwtqeu6j"},{"type": "Feature", "geometry": {"type": "Point", "coordinates": [88.2012379, 26.2698024]}, "properties": {"highway": "street_lamp", "lamp_mount": "bent_mast"}, "geohash": "tuwtrn60t"},{"type": "Feature", "geometry": {"type": "Point", "coordinates": [88.2007197, 26.269488]}, "properties": {"highway": "street_lamp", "power": "pole"}, "geohash": "tuwtrn1yc"},{"type": "Feature", "geometry": {"type": "Point", "coordinates": [88.1957636, 26.2665486]}, "properties": {"highway": "street_lamp", "lamp_mount": "bent_mast"}, "geohash": "tuwtqvwjw"},{"type": "Feature", "geometry": {"type": "Point", "coordinates": [88.1993419, 26.2686588]}, "properties": {"highway": "street_lamp", "power": "pole"}, "geohash": "tuwtrn0f1"},{"type": "Feature", "geometry": {"type": "Point", "coordinates": [88.199826, 26.2689649]}, "properties": {"highway": "street_lamp", "material": "concrete", "power": "pole"}, "geohash": "tuwtrn15u"},{"type": "Feature", "geometry": {"type": "Point", "coordinates": [88.1946566, 26.2658323]}, "properties": {"highway": "street_lamp"}, "geohash": "tuwtqvt3s"},{"type": "Feature", "geometry": {"type": "Point", "coordinates": [88.191725, 26.2636826]}, "properties": {"highway": "street_lamp"}, "geohash": "tuwtqv5m0"},{"type": "Feature", "geometry": {"type": "Point", "coordinates": [88.1961928, 26.2668125]}, "properties": {"highway": "street_lamp", "lamp_mount": "bent_mast"}, "geohash": "tuwtqvwx2"},{"type": "Feature", "geometry": {"type": "Point", "coordinates": [88.1967652, 26.2671846]}, "properties": {"highway": "street_lamp"}, "geohash": "tuwtqvycm"},{"type": "Feature", "geometry": {"type": "Point", "coordinates": [88.1989282, 26.268434]}, "properties": {"highway": "street_lamp", "power": "pole"}, "geohash": "tuwtrn02x"},{"type": "Feature", "geometry": {"type": "Point", "coordinates": [88.1942272, 26.2655331]}, "properties": {"highway": "street_lamp"}, "geohash": "tuwtqvmpf"},{"type": "Feature", "geometry": {"type": "Point", "coordinates": [88.1964494, 26.2669577]}, "properties": {"highway": "street_lamp"}, "geohash": "tuwtqvy8n"},{"type": "Feature", "geometry": {"type": "Point", "coordinates": [88.1959863, 26.2667099]}, "properties": {"highway": "street_lamp", "lamp_mount": "bent_mast"}, "geohash": "tuwtqvwqe"},{"type": "Feature", "geometry": {"type": "Point", "coordinates": [88.2002629, 26.2692289]}, "properties": {"highway": "street_lamp", "power": "pole"}, "geohash": "tuwtrn1mr"},{"type": "Feature", "geometry": {"type": "Point", "coordinates": [88.1934359, 26.2649695]}, "properties": {"highway": "street_lamp", "lamp_mount": "bent_mast"}, "geohash": "tuwtqvks8"},{"type": "Feature", "geometry": {"type": "Point", "coordinates": [88.1902124, 26.262466]}, "properties": {"highway": "street_lamp"}, "geohash": "tuwtqufju"},{"type": "Feature", "geometry": {"type": "Point", "coordinates": [88.1908615, 26.2629854]}, "properties": {"highway": "street_lamp"}, "geohash": "tuwtqv48u"},{"type": "Feature", "geometry": {"type": "Point", "coordinates": [88.1910896, 26.2631666]}, "properties": {"highway": "street_lamp"}, "geohash": "tuwtqv4f1"},{"type": "Feature", "geometry": {"type": "Point", "coordinates": [88.1906419, 26.2627973]}, "properties": {"highway": "street_lamp"}, "geohash": "tuwtqufry"},{"type": "Feature", "geometry": {"type": "Point", "coordinates": [88.1904219, 26.2626588]}, "properties": {"highway": "street_lamp"}, "geohash": "tuwtqufr1"},{"type": "Feature", "geometry": {"type": "Point", "coordinates": [88.1898467, 26.2621497]}, "properties": {"highway": "street_lamp"}, "geohash": "tuwtqucuh"},{"type": "Feature", "geometry": {"type": "Point", "coordinates": [88.1832875, 26.2570417]}, "properties": {"highway": "street_lamp", "lamp_mount": "bent_mast"}, "geohash": "tuwtqevn7"},{"type": "Feature", "geometry": {"type": "Point", "coordinates": [88.1830967, 26.2568817]}, "properties": {"highway": "street_lamp", "lamp_mount": "bent_mast"}, "geohash": "tuwtqeuvr"},{"type": "Feature", "geometry": {"type": "Point", "coordinates": [88.1828297, 26.2566772]}, "properties": {"highway": "street_lamp", "lamp_mount": "bent_mast"}, "geohash": "tuwtqeuu0"},{"type": "Feature", "geometry": {"type": "Point", "coordinates": [88.1838199, 26.2578208]}, "properties": {"highway": "street_lamp"}, "geohash": "tuwtqsj6z"},{"type": "Feature", "geometry": {"type": "Point", "coordinates": [88.181072, 26.2551023]}, "properties": {"highway": "street_lamp", "power": "pole"}, "geohash": "tuwtqee7p"},{"type": "Feature", "geometry": {"type": "Point", "coordinates": [88.1841736, 26.2546222]}, "properties": {"highway": "street_lamp", "power": "pole"}, "geohash": "tuwtqetb2"},{"type": "Feature", "geometry": {"type": "Point", "coordinates": [88.1834939, 26.2546969]}, "properties": {"highway": "street_lamp", "power": "pole"}, "geohash": "tuwtqet28"},{"type": "Feature", "geometry": {"type": "Point", "coordinates": [88.182999, 26.254759]}, "properties": {"highway": "street_lamp", "power": "pole"}, "geohash": "tuwtqesch"},{"type": "Feature", "geometry": {"type": "Point", "coordinates": [88.1825564, 26.25484]}, "properties": {"highway": "street_lamp", "power": "pole"}, "geohash": "tuwtqes9d"},{"type": "Feature", "geometry": {"type": "Point", "coordinates": [88.1849033, 26.2545173]}, "properties": {"highway": "street_lamp", "power": "pole"}, "geohash": "tuwtqeqr9"},{"type": "Feature", "geometry": {"type": "Point", "coordinates": [88.1803138, 26.2546962]}, "properties": {"highway": "street_lamp", "power": "pole"}, "geohash": "tuwtqedbw"},{"type": "Feature", "geometry": {"type": "Point", "coordinates": [88.1879878, 26.2560306]}, "properties": {"highway": "street_lamp", "power": "pole"}, "geohash": "tuwtqgb83"},{"type": "Feature", "geometry": {"type": "Point", "coordinates": [88.491442, 22.5611317]}, "properties": {"height": "6", "highway": "street_lamp", "lamp_mount": "straight_mast", "light:count": "1", "light:shape": "cylindrical", "light:tilt": "90", "ref": "6", "support": "pole"}, "geohash": "tunbmejs0"},{"type": "Feature", "geometry": {"type": "Point", "coordinates": [88.491364, 22.5609853]}, "properties": {"height": "6", "highway": "street_lamp", "lamp_mount": "straight_mast", "light:count": "1", "light:shape": "cylindrical", "light:tilt": "90", "ref": "5", "support": "pole"}, "geohash": "tunbmej7q"},{"type": "Feature", "geometry": {"type": "Point", "coordinates": [88.4912021, 22.5609157]}, "properties": {"height": "6", "highway": "street_lamp", "lamp_mount": "straight_mast", "light:count": "1", "light:shape": "cylindrical", "light:tilt": "90", "ref": "4", "support": "pole"}, "geohash": "tunbmej6f"},{"type": "Feature", "geometry": {"type": "Point", "coordinates": [88.4910167, 22.5609114]}, "properties": {"height": "6", "highway": "street_lamp", "lamp_mount": "straight_mast", "light:count": "1", "light:shape": "cylindrical", "light:tilt": "90", "ref": "3", "support": "pole"}, "geohash": "tunbmej4y"},{"type": "Feature", "geometry": {"type": "Point", "coordinates": [88.4907156, 22.5610877]}, "properties": {"height": "6", "highway": "street_lamp", "lamp_mount": "straight_mast", "light:count": "1", "light:shape": "cylindrical", "light:tilt": "90", "ref": "1", "support": "pole"}, "geohash": "tunbmehgz"},{"type": "Feature", "geometry": {"type": "Point", "coordinates": [88.4908398, 22.5609722]}, "properties": {"height": "6", "highway": "street_lamp", "lamp_mount": "straight_mast", "light:count": "1", "light:shape": "cylindrical", "light:tilt": "90", "ref": "2", "support": "pole"}, "geohash": "tunbmej54"},{"type": "Feature", "geometry": {"type": "Point", "coordinates": [88.491238, 22.5608406]}, "properties": {"direction": "20", "height": "7", "highway": "street_lamp", "lamp_mount": "straight_mast", "light:count": "1", "light:tilt": "-10", "support": "pole"}, "geohash": "tunbmej67"},{"type": "Feature", "geometry": {"type": "Point", "coordinates": [88.4914707, 22.5613073]}, "properties": {"height": "6", "highway": "street_lamp", "lamp_mount": "straight_mast", "light:count": "1", "light:shape": "cylindrical", "light:tilt": "90", "ref": "7", "support": "pole"}, "geohash": "tunbmejt0"},{"type": "Feature", "geometry": {"type": "Point", "coordinates": [88.4915719, 22.5614865]}, "properties": {"height": "6", "highway": "street_lamp", "lamp_mount": "straight_mast", "light:count": "1", "light:shape": "cylindrical", "light:tilt": "90", "ref": "8", "support": "pole"}, "geohash": "tunbmejw5"},{"type": "Feature", "geometry": {"type": "Point", "coordinates": [88.4917553, 22.5615988]}, "properties": {"height": "6", "highway": "street_lamp", "lamp_mount": "straight_mast", "light:count": "1", "light:shape": "cylindrical", "light:tilt": "90", "ref": "9", "support": "pole"}, "geohash": "tunbmejwz"},{"type": "Feature", "geometry": {"type": "Point", "coordinates": [88.4918673, 22.5617582]}, "properties": {"height": "6", "highway": "street_lamp", "lamp_mount": "straight_mast", "light:count": "1", "light:shape": "cylindrical", "light:tilt": "90", "ref": "10", "support": "pole"}, "geohash": "tunbmejzc"},{"type": "Feature", "geometry": {"type": "Point", "coordinates": [88.4919675, 22.5619296]}, "properties": {"height": "6", "highway": "street_lamp", "lamp_mount": "straight_mast", "light:count": "1", "light:shape": "cylindrical", "light:tilt": "90", "ref": "11", "support": "pole"}, "geohash": "tunbmembu"},{"type": "Feature", "geometry": {"type": "Point", "coordinates": [88.4920192, 22.5620288]}, "properties": {"height": "6", "highway": "street_lamp", "lamp_mount": "straight_mast", "light:count": "1", "light:shape": "cylindrical", "light:tilt": "90", "ref": "14", "support": "pole"}, "geohash": "tunbmemcm"},{"type": "Feature", "geometry": {"type": "Point", "coordinates": [88.4921674, 22.5622891]}, "properties": {"height": "6", "highway": "street_lamp", "lamp_mount": "straight_mast", "light:count": "1", "light:shape": "cylindrical", "light:tilt": "90", "ref": "15", "support": "pole"}, "geohash": "tunbmeq4b"},{"type": "Feature", "geometry": {"type": "Point", "coordinates": [88.4922533, 22.5624098]}, "properties": {"height": "6", "highway": "street_lamp", "lamp_mount": "straight_mast", "light:count": "1", "light:shape": "cylindrical", "light:tilt": "90", "ref": "19", "support": "pole"}, "geohash": "tunbmeq5d"},{"type": "Feature", "geometry": {"type": "Point", "coordinates": [88.492371, 22.5625416]}, "properties": {"height": "6", "highway": "street_lamp", "lamp_mount": "straight_mast", "light:count": "1", "light:shape": "cylindrical", "light:tilt": "90", "ref": "20", "support": "pole"}, "geohash": "tunbmeqhm"},{"type": "Feature", "geometry": {"type": "Point", "coordinates": [88.4924969, 22.5627111]}, "properties": {"height": "6", "highway": "street_lamp", "lamp_mount": "straight_mast", "light:count": "1", "light:shape": "cylindrical", "light:tilt": "90", "ref": "21", "support": "pole"}, "geohash": "tunbmeqm2"},{"type": "Feature", "geometry": {"type": "Point", "coordinates": [88.4925759, 22.5628369]}, "properties": {"height": "6", "highway": "street_lamp", "lamp_mount": "straight_mast", "light:count": "1", "light:shape": "cylindrical", "light:tilt": "90", "ref": "22", "support": "pole"}, "geohash": "tunbmeqq4"},{"type": "Feature", "geometry": {"type": "Point", "coordinates": [88.4926785, 22.5630043]}, "properties": {"height": "6", "highway": "street_lamp", "lamp_mount": "straight_mast", "light:count": "1", "light:shape": "cylindrical", "light:tilt": "90", "ref": "23", "support": "pole"}, "geohash": "tunbmeqrh"},{"type": "Feature", "geometry": {"type": "Point", "coordinates": [88.2178125, 26.2752721]}, "properties": {"highway": "street_lamp", "lamp_mount": "bent_mast"}, "geohash": "tuwtrrq28"},{"type": "Feature", "geometry": {"type": "Point", "coordinates": [88.2177898, 26.2756051]}, "properties": {"highway": "street_lamp", "lamp_mount": "bent_mast"}, "geohash": "tuwtrrq4r"},{"type": "Feature", "geometry": {"type": "Point", "coordinates": [88.2178998, 26.2734271]}, "properties": {"direction": "270", "highway": "street_lamp", "lamp_mount": "bent_mast"}, "geohash": "tuwtrqymf"},{"type": "Feature", "geometry": {"type": "Point", "coordinates": [88.2179469, 26.2728082]}, "properties": {"direction": "270", "highway": "street_lamp", "lamp_mount": "bent_mast"}, "geohash": "tuwtrqy65"},{"type": "Feature", "geometry": {"type": "Point", "coordinates": [88.2177718, 26.2759219]}, "properties": {"highway": "street_lamp", "lamp_mount": "bent_mast"}, "geohash": "tuwtrrqhr"},{"type": "Feature", "geometry": {"type": "Point", "coordinates": [88.2178341, 26.274434]}, "properties": {"direction": "270", "highway": "street_lamp", "lamp_mount": "bent_mast"}, "geohash": "tuwtrrn78"},{"type": "Feature", "geometry": {"type": "Point", "coordinates": [88.21783, 26.2746517]}, "properties": {"direction": "270", "highway": "street_lamp", "lamp_mount": "bent_mast"}, "geohash": "tuwtrrnkb"},{"type": "Feature", "geometry": {"type": "Point", "coordinates": [88.2178778, 26.2737693]}, "properties": {"direction": "270", "highway": "street_lamp", "lamp_mount": "bent_mast"}, "geohash": "tuwtrqyrc"},{"type": "Feature", "geometry": {"type": "Point", "coordinates": [88.2178359, 26.2749575]}, "properties": {"highway": "street_lamp", "lamp_mount": "bent_mast"}, "geohash": "tuwtrrnq8"},{"type": "Feature", "geometry": {"type": "Point", "coordinates": [88.2178609, 26.2740055]}, "properties": {"direction": "270", "highway": "street_lamp", "lamp_mount": "bent_mast"}, "geohash": "tuwtrrn31"},{"type": "Feature", "geometry": {"type": "Point", "coordinates": [88.2178478, 26.2742053]}, "properties": {"direction": "270", "highway": "street_lamp", "lamp_mount": "bent_mast"}, "geohash": "tuwtrrn62"},{"type": "Feature", "geometry": {"type": "Point", "coordinates": [88.2177604, 26.2762536]}, "properties": {"highway": "street_lamp", "lamp_mount": "bent_mast"}, "geohash": "tuwtrrqnq"},{"type": "Feature", "geometry": {"type": "Point", "coordinates": [88.2179232, 26.2731112]}, "properties": {"direction": "270", "highway": "street_lamp", "lamp_mount": "bent_mast"}, "geohash": "tuwtrqy7f"},{"type": "Feature", "geometry": {"type": "Point", "coordinates": [88.2177341, 26.2765672]}, "properties": {"highway": "street_lamp", "lamp_mount": "bent_mast"}, "geohash": "tuwtrrw0n"},{"type": "Feature", "geometry": {"type": "Point", "coordinates": [88.2179033, 26.2742081]}, "properties": {"direction": "90", "highway": "street_lamp", "lamp_mount": "bent_mast"}, "geohash": "tuwtrrn66"},{"type": "Feature", "geometry": {"type": "Point", "coordinates": [88.2180001, 26.2728096]}, "properties": {"direction": "90", "highway": "street_lamp", "lamp_mount": "bent_mast"}, "geohash": "tuwtrqy6h"},{"type": "Feature", "geometry": {"type": "Point", "coordinates": [88.2178907, 26.2744372]}, "properties": {"direction": "90", "highway": "street_lamp", "lamp_mount": "bent_mast"}, "geohash": "tuwtrrn79"},{"type": "Feature", "geometry": {"type": "Point", "coordinates": [88.2180384, 26.2719176]}, "properties": {"highway": "street_lamp", "lamp_mount": "bent_mast"}, "geohash": "tuwtrqwmj"},{"type": "Feature", "geometry": {"type": "Point", "coordinates": [88.2179937, 26.2725202]}, "properties": {"highway": "street_lamp", "lamp_mount": "bent_mast"}, "geohash": "tuwtrqy2s"},{"type": "Feature", "geometry": {"type": "Point", "coordinates": [88.2179582, 26.2734299]}, "properties": {"direction": "90", "highway": "street_lamp", "lamp_mount": "bent_mast"}, "geohash": "tuwtrqymg"},{"type": "Feature", "geometry": {"type": "Point", "coordinates": [88.2178704, 26.2746544]}, "properties": {"direction": "90", "highway": "street_lamp", "lamp_mount": "bent_mast"}, "geohash": "tuwtrrnkc"},{"type": "Feature", "geometry": {"type": "Point", "coordinates": [88.2179355, 26.273771]}, "properties": {"direction": "90", "highway": "street_lamp", "lamp_mount": "bent_mast"}, "geohash": "tuwtrqyrf"},{"type": "Feature", "geometry": {"type": "Point", "coordinates": [88.217981, 26.2731123]}, "properties": {"direction": "90", "highway": "street_lamp", "lamp_mount": "bent_mast"}, "geohash": "tuwtrqy7g"},{"type": "Feature", "geometry": {"type": "Point", "coordinates": [88.21792, 26.2740073]}, "properties": {"direction": "90", "highway": "street_lamp", "lamp_mount": "bent_mast"}, "geohash": "tuwtrrn34"},{"type": "Feature", "geometry": {"type": "Point", "coordinates": [88.2180162, 26.272243]}, "properties": {"highway": "street_lamp", "lamp_mount": "bent_mast"}, "geohash": "tuwtrqwqu"},{"type": "Feature", "geometry": {"type": "Point", "coordinates": [88.203261, 26.243337]}, "properties": {"highway": "street_lamp", "lamp_mount": "bent_mast"}, "geohash": "tuwtr17ws"},{"type": "Feature", "geometry": {"type": "Point", "coordinates": [88.2175996, 26.2624263]}, "properties": {"highway": "street_lamp", "lamp_mount": "bent_mast"}, "geohash": "tuwtrkyje"},{"type": "Feature", "geometry": {"type": "Point", "coordinates": [88.2158636, 26.2592676]}, "properties": {"highway": "street_lamp", "lamp_mount": "bent_mast"}, "geohash": "tuwtrkkg6"},{"type": "Feature", "geometry": {"type": "Point", "coordinates": [88.2174833, 26.2620352]}, "properties": {"highway": "street_lamp", "lamp_mount": "bent_mast"}, "geohash": "tuwtrky52"},{"type": "Feature", "geometry": {"type": "Point", "coordinates": [88.2152447, 26.258713]}, "properties": {"highway": "street_lamp", "lamp_mount": "bent_mast"}, "geohash": "tuwtrkk2h"},{"type": "Feature", "geometry": {"type": "Point", "coordinates": [88.2077013, 26.2513598]}, "properties": {"direction": "300", "highway": "street_lamp", "lamp_mount": "bent_mast"}, "geohash": "tuwtr4yvk"},{"type": "Feature", "geometry": {"type": "Point", "coordinates": [88.2169548, 26.2607246]}, "properties": {"highway": "street_lamp", "lamp_mount": "bent_mast"}, "geohash": "tuwtrkteu"},{"type": "Feature", "geometry": {"type": "Point", "coordinates": [88.215666, 26.2590832]}, "properties": {"highway": "street_lamp", "lamp_mount": "bent_mast"}, "geohash": "tuwtrkkdn"},{"type": "Feature", "geometry": {"type": "Point", "coordinates": [88.1996549, 26.2397956]}, "properties": {"highway": "street_lamp", "lamp_mount": "bent_mast"}, "geohash": "tuwtr0c1b"},{"type": "Feature", "geometry": {"type": "Point", "coordinates": [88.2148403, 26.2583683]}, "properties": {"highway": "street_lamp", "lamp_mount": "bent_mast"}, "geohash": "tuwtrkhn4"},{"type": "Feature", "geometry": {"type": "Point", "coordinates": [88.2023095, 26.2423985]}, "properties": {"highway": "street_lamp", "lamp_mount": "bent_mast"}, "geohash": "tuwtr16cn"},{"type": "Feature", "geometry": {"type": "Point", "coordinates": [88.218207, 26.2696203]}, "properties": {"highway": "street_lamp", "lamp_mount": "bent_mast"}, "geohash": "tuwtrqnx9"},{"type": "Feature", "geometry": {"type": "Point", "coordinates": [88.2177501, 26.2629161]}, "properties": {"highway": "street_lamp", "lamp_mount": "bent_mast"}, "geohash": "tuwtrmn0w"},{"type": "Feature", "geometry": {"type": "Point", "coordinates": [88.2068092, 26.2495455]}, "properties": {"highway": "street_lamp", "lamp_mount": "bent_mast"}, "geohash": "tuwtr4w4x"},{"type": "Feature", "geometry": {"type": "Point", "coordinates": [88.2188744, 26.2796324]}, "properties": {"highway": "street_lamp", "lamp_mount": "bent_mast"}, "geohash": "tuwtx2p1b"},{"type": "Feature", "geometry": {"type": "Point", "coordinates": [88.2175396, 26.2622313]}, "properties": {"highway": "street_lamp", "lamp_mount": "bent_mast"}, "geohash": "tuwtrkyh9"},{"type": "Feature", "geometry": {"type": "Point", "coordinates": [88.2199607, 26.2806514]}, "properties": {"highway": "street_lamp", "lamp_mount": "bent_mast"}, "geohash": "tuwtx2pzf"},{"type": "Feature", "geometry": {"type": "Point", "coordinates": [88.2182586, 26.2688126]}, "properties": {"highway": "street_lamp", "lamp_mount": "bent_mast"}, "geohash": "tuwtrqndf"},{"type": "Feature", "geometry": {"type": "Point", "coordinates": [88.2164308, 26.259932]}, "properties": {"highway": "street_lamp", "lamp_mount": "bent_mast"}, "geohash": "tuwtrkmpp"},{"type": "Feature", "geometry": {"type": "Point", "coordinates": [88.215456, 26.2588856]}, "properties": {"highway": "street_lamp", "lamp_mount": "bent_mast"}, "geohash": "tuwtrkk91"},{"type": "Feature", "geometry": {"type": "Point", "coordinates": [88.2173706, 26.2616679]}, "properties": {"highway": "street_lamp", "lamp_mount": "bent_mast"}, "geohash": "tuwtrkvcm"},{"type": "Feature", "geometry": {"type": "Point", "coordinates": [88.2017999, 26.2419091]}, "properties": {"highway": "street_lamp", "lamp_mount": "bent_mast"}, "geohash": "tuwtr14w4"},{"type": "Feature", "geometry": {"type": "Point", "coordinates": [88.2003341, 26.2404649]}, "properties": {"highway": "street_lamp", "lamp_mount": "bent_mast"}, "geohash": "tuwtr0ctb"},{"type": "Feature", "geometry": {"type": "Point", "coordinates": [88.2165909, 26.2601561]}, "properties": {"highway": "street_lamp", "lamp_mount": "bent_mast"}, "geohash": "tuwtrkt27"},{"type": "Feature", "geometry": {"type": "Point", "coordinates": [88.2167185, 26.2603377]}, "properties": {"highway": "street_lamp", "lamp_mount": "bent_mast"}, "geohash": "tuwtrkt3w"},{"type": "Feature", "geometry": {"type": "Point", "coordinates": [88.2076245, 26.2510742]}, "properties": {"direction": "110", "highway": "street_lamp", "lamp_mount": "bent_mast"}, "geohash": "tuwtr4ygd"},{"type": "Feature", "geometry": {"type": "Point", "coordinates": [88.2066017, 26.2491179]}, "properties": {"highway": "street_lamp", "lamp_mount": "bent_mast"}, "geohash": "tuwtr4w04"},{"type": "Feature", "geometry": {"type": "Point", "coordinates": [88.2038122, 26.2439672]}, "properties": {"highway": "street_lamp", "lamp_mount": "bent_mast"}, "geohash": "tuwtr1s41"},{"type": "Feature", "geometry": {"type": "Point", "coordinates": [88.2069394, 26.24979]}, "properties": {"highway": "street_lamp", "lamp_mount": "bent_mast"}, "geohash": "tuwtr4wk4"},{"type": "Feature", "geometry": {"type": "Point", "coordinates": [88.2089446, 26.2533615]}, "properties": {"highway": "street_lamp", "lamp_mount": "bent_mast"}, "geohash": "tuwtr5rbc"},{"type": "Feature", "geometry": {"type": "Point", "coordinates": [88.2184908, 26.2792074]}, "properties": {"highway": "street_lamp", "lamp_mount": "bent_mast"}, "geohash": "tuwtrryxr"},{"type": "Feature", "geometry": {"type": "Point", "coordinates": [88.2082282, 26.252309]}, "properties": {"highway": "street_lamp", "lamp_mount": "bent_mast"}, "geohash": "tuwtr5p6b"},{"type": "Feature", "geometry": {"type": "Point", "coordinates": [88.2026685, 26.2427504]}, "properties": {"highway": "street_lamp", "lamp_mount": "bent_mast"}, "geohash": "tuwtr175p"},{"type": "Feature", "geometry": {"type": "Point", "coordinates": [88.2008815, 26.2410149]}, "properties": {"highway": "street_lamp", "lamp_mount": "bent_mast"}, "geohash": "tuwtr11bv"},{"type": "Feature", "geometry": {"type": "Point", "coordinates": [88.2087506, 26.2531215]}, "properties": {"highway": "street_lamp", "lamp_mount": "bent_mast"}, "geohash": "tuwtr5pxs"},{"type": "Feature", "geometry": {"type": "Point", "coordinates": [88.2019115, 26.2420126]}, "properties": {"highway": "street_lamp", "lamp_mount": "bent_mast"}, "geohash": "tuwtr14wv"},{"type": "Feature", "geometry": {"type": "Point", "coordinates": [88.2091322, 26.2535525]}, "properties": {"highway": "street_lamp", "lamp_mount": "bent_mast"}, "geohash": "tuwtr5rfj"},{"type": "Feature", "geometry": {"type": "Point", "coordinates": [88.2042102, 26.2445325]}, "properties": {"highway": "street_lamp", "lamp_mount": "bent_mast"}, "geohash": "tuwtr1sm7"},{"type": "Feature", "geometry": {"type": "Point", "coordinates": [88.2083839, 26.2525884]}, "properties": {"highway": "street_lamp", "lamp_mount": "bent_mast"}, "geohash": "tuwtr5pkk"},{"type": "Feature", "geometry": {"type": "Point", "coordinates": [88.2030762, 26.2431465]}, "properties": {"highway": "street_lamp", "lamp_mount": "bent_mast"}, "geohash": "tuwtr17t2"},{"type": "Feature", "geometry": {"type": "Point", "coordinates": [88.2181221, 26.2707342]}, "properties": {"highway": "street_lamp", "lamp_mount": "bent_mast"}, "geohash": "tuwtrqqqp"},{"type": "Feature", "geometry": {"type": "Point", "coordinates": [88.2078685, 26.2515637]}, "properties": {"direction": "110", "highway": "street_lamp", "lamp_mount": "bent_mast"}, "geohash": "tuwtr4zn2"},{"type": "Feature", "geometry": {"type": "Point", "coordinates": [88.2177866, 26.2630538]}, "properties": {"highway": "street_lamp", "lamp_mount": "bent_mast"}, "geohash": "tuwtrmn1r"},{"type": "Feature", "geometry": {"type": "Point", "coordinates": [88.2012255, 26.2413443]}, "properties": {"highway": "street_lamp", "lamp_mount": "bent_mast"}, "geohash": "tuwtr144v"},{"type": "Feature", "geometry": {"type": "Point", "coordinates": [88.2070502, 26.2500225]}, "properties": {"highway": "street_lamp", "lamp_mount": "bent_mast"}, "geohash": "tuwtr4wmm"},{"type": "Feature", "geometry": {"type": "Point", "coordinates": [88.2177081, 26.262779]}, "properties": {"highway": "street_lamp", "lamp_mount": "bent_mast"}, "geohash": "tuwtrkypv"},{"type": "Feature", "geometry": {"type": "Point", "coordinates": [88.2067055, 26.249327]}, "properties": {"highway": "street_lamp", "lamp_mount": "bent_mast"}, "geohash": "tuwtr4w1m"},{"type": "Feature", "geometry": {"type": "Point", "coordinates": [88.2036497, 26.2437651]}, "properties": {"highway": "street_lamp", "lamp_mount": "bent_mast"}, "geohash": "tuwtr1ecn"},{"type": "Feature", "geometry": {"type": "Point", "coordinates": [88.2074221, 26.2507519]}, "properties": {"highway": "street_lamp", "lamp_mount": "bent_mast"}, "geohash": "tuwtr4y9t"},{"type": "Feature", "geometry": {"type": "Point", "coordinates": [88.203947, 26.2441547]}, "properties": {"highway": "street_lamp", "lamp_mount": "bent_mast"}, "geohash": "tuwtr1s5k"},{"type": "Feature", "geometry": {"type": "Point", "coordinates": [88.2010606, 26.2411795]}, "properties": {"highway": "street_lamp", "lamp_mount": "bent_mast"}, "geohash": "tuwtr141c"},{"type": "Feature", "geometry": {"type": "Point", "coordinates": [88.1998274, 26.2399729]}, "properties": {"highway": "street_lamp", "lamp_mount": "bent_mast"}, "geohash": "tuwtr0c4u"},{"type": "Feature", "geometry": {"type": "Point", "coordinates": [88.2075794, 26.2511313]}, "properties": {"direction": "300", "highway": "street_lamp", "lamp_mount": "bent_mast"}, "geohash": "tuwtr4ygc"},{"type": "Feature", "geometry": {"type": "Point", "coordinates": [88.2180936, 26.2711308]}, "properties": {"highway": "street_lamp", "lamp_mount": "bent_mast"}, "geohash": "tuwtrqw2q"},{"type": "Feature", "geometry": {"type": "Point", "coordinates": [88.2081057, 26.2520664]}, "properties": {"highway": "street_lamp", "lamp_mount": "bent_mast"}, "geohash": "tuwtr5p1m"},{"type": "Feature", "geometry": {"type": "Point", "coordinates": [88.2168383, 26.2605274]}, "properties": {"highway": "street_lamp", "lamp_mount": "bent_mast"}, "geohash": "tuwtrktd9"},{"type": "Feature", "geometry": {"type": "Point", "coordinates": [88.2013877, 26.2414947]}, "properties": {"highway": "street_lamp", "lamp_mount": "bent_mast"}, "geohash": "tuwtr147c"},{"type": "Feature", "geometry": {"type": "Point", "coordinates": [88.2146272, 26.2581706]}, "properties": {"highway": "street_lamp", "lamp_mount": "bent_mast"}, "geohash": "tuwtrk5uv"},{"type": "Feature", "geometry": {"type": "Point", "coordinates": [88.2171837, 26.2612084]}, "properties": {"highway": "street_lamp", "lamp_mount": "bent_mast"}, "geohash": "tuwtrkty9"},{"type": "Feature", "geometry": {"type": "Point", "coordinates": [88.2193195, 26.2800717]}, "properties": {"direction": "220", "highway": "street_lamp", "lamp_mount": "bent_mast"}, "geohash": "tuwtx2pke"},{"type": "Feature", "geometry": {"type": "Point", "coordinates": [88.220254, 26.2809151]}, "properties": {"highway": "street_lamp", "lamp_mount": "bent_mast"}, "geohash": "tuwtx8212"},{"type": "Feature", "geometry": {"type": "Point", "coordinates": [88.2190989, 26.279861]}, "properties": {"direction": "45", "highway": "street_lamp", "lamp_mount": "bent_mast"}, "geohash": "tuwtx2p5m"},{"type": "Feature", "geometry": {"type": "Point", "coordinates": [88.2005168, 26.2406385]}, "properties": {"highway": "street_lamp", "lamp_mount": "bent_mast"}, "geohash": "tuwtr0cwv"},{"type": "Feature", "geometry": {"type": "Point", "coordinates": [88.208555, 26.2528526]}, "properties": {"highway": "street_lamp", "lamp_mount": "bent_mast"}, "geohash": "tuwtr5ptb"},{"type": "Feature", "geometry": {"type": "Point", "coordinates": [88.2180516, 26.2717105]}, "properties": {"highway": "street_lamp", "lamp_mount": "bent_mast"}, "geohash": "tuwtrqw7v"},{"type": "Feature", "geometry": {"type": "Point", "coordinates": [88.202474, 26.242557]}, "properties": {"highway": "street_lamp", "lamp_mount": "bent_mast"}, "geohash": "tuwtr171f"},{"type": "Feature", "geometry": {"type": "Point", "coordinates": [88.2015452, 26.2416574]}, "properties": {"highway": "street_lamp", "lamp_mount": "bent_mast"}, "geohash": "tuwtr14ks"},{"type": "Feature", "geometry": {"type": "Point", "coordinates": [88.2160621, 26.2594791]}, "properties": {"highway": "street_lamp", "lamp_mount": "bent_mast"}, "geohash": "tuwtrkkux"},{"type": "Feature", "geometry": {"type": "Point", "coordinates": [88.2093431, 26.2537651]}, "properties": {"highway": "street_lamp", "lamp_mount": "bent_mast"}, "geohash": "tuwtr7256"},{"type": "Feature", "geometry": {"type": "Point", "coordinates": [88.2040869, 26.2443473]}, "properties": {"highway": "street_lamp", "lamp_mount": "bent_mast"}, "geohash": "tuwtr1sk2"},{"type": "Feature", "geometry": {"type": "Point", "coordinates": [88.2028752, 26.2429489]}, "properties": {"highway": "street_lamp", "lamp_mount": "bent_mast"}, "geohash": "tuwtr17k7"},{"type": "Feature", "geometry": {"type": "Point", "coordinates": [88.2001492, 26.2402852]}, "properties": {"highway": "street_lamp", "lamp_mount": "bent_mast"}, "geohash": "tuwtr0cks"},{"type": "Feature", "geometry": {"type": "Point", "coordinates": [88.207731, 26.2512983]}, "properties": {"direction": "110", "highway": "street_lamp", "lamp_mount": "bent_mast"}, "geohash": "tuwtr4yuv"},{"type": "Feature", "geometry": {"type": "Point", "coordinates": [88.2078596, 26.2516649]}, "properties": {"direction": "300", "highway": "street_lamp", "lamp_mount": "bent_mast"}, "geohash": "tuwtr4zp0"},{"type": "Feature", "geometry": {"type": "Point", "coordinates": [88.1994936, 26.239626]}, "properties": {"highway": "street_lamp", "lamp_mount": "bent_mast"}, "geohash": "tuwtr0bbv"},{"type": "Feature", "geometry": {"type": "Point", "coordinates": [88.2162577, 26.2597129]}, "properties": {"highway": "street_lamp", "lamp_mount": "bent_mast"}, "geohash": "tuwtrkmjg"},{"type": "Feature", "geometry": {"type": "Point", "coordinates": [88.2080049, 26.2518299]}, "properties": {"direction": "110", "highway": "street_lamp", "lamp_mount": "bent_mast"}, "geohash": "tuwtr4zpg"},{"type": "Feature", "geometry": {"type": "Point", "coordinates": [88.2181518, 26.270364]}, "properties": {"highway": "street_lamp", "lamp_mount": "bent_mast"}, "geohash": "tuwtrqq7z"},{"type": "Feature", "geometry": {"type": "Point", "coordinates": [88.2020234, 26.2421154]}, "properties": {"highway": "street_lamp", "lamp_mount": "bent_mast"}, "geohash": "tuwtr14z2"},{"type": "Feature", "geometry": {"type": "Point", "coordinates": [88.2174293, 26.26186]}, "properties": {"highway": "street_lamp", "lamp_mount": "bent_mast"}, "geohash": "tuwtrkvfr"},{"type": "Feature", "geometry": {"type": "Point", "coordinates": [88.2079562, 26.2518489]}, "properties": {"direction": "300", "highway": "street_lamp", "lamp_mount": "bent_mast"}, "geohash": "tuwtr5p04"},{"type": "Feature", "geometry": {"type": "Point", "coordinates": [88.2180743, 26.2714442]}, "properties": {"highway": "street_lamp", "lamp_mount": "bent_mast"}, "geohash": "tuwtrqw6q"},{"type": "Feature", "geometry": {"type": "Point", "coordinates": [88.2007124, 26.240838]}, "properties": {"highway": "street_lamp", "lamp_mount": "bent_mast"}, "geohash": "tuwtr0czc"},{"type": "Feature", "geometry": {"type": "Point", "coordinates": [88.2170331, 26.2608862]}, "properties": {"highway": "street_lamp", "lamp_mount": "bent_mast"}, "geohash": "tuwtrktsv"},{"type": "Feature", "geometry": {"type": "Point", "coordinates": [88.2176636, 26.2626221]}, "properties": {"highway": "street_lamp", "lamp_mount": "bent_mast"}, "geohash": "tuwtrkynu"},{"type": "Feature", "geometry": {"type": "Point", "coordinates": [88.2150612, 26.2585505]}, "properties": {"highway": "street_lamp", "lamp_mount": "bent_mast"}, "geohash": "tuwtrkhpp"},{"type": "Feature", "geometry": {"type": "Point", "coordinates": [88.2095738, 26.25397]}, "properties": {"highway": "street_lamp", "lamp_mount": "bent_mast"}, "geohash": "tuwtr72k2"},{"type": "Feature", "geometry": {"type": "Point", "coordinates": [88.2021667, 26.2422663]}, "properties": {"highway": "street_lamp", "lamp_mount": "bent_mast"}, "geohash": "tuwtr16b7"},{"type": "Feature", "geometry": {"type": "Point", "coordinates": [88.2034557, 26.2435409]}, "properties": {"highway": "street_lamp", "lamp_mount": "bent_mast"}, "geohash": "tuwtr17z9"},{"type": "Feature", "geometry": {"type": "Point", "coordinates": [88.2072173, 26.2503566]}, "properties": {"highway": "street_lamp", "lamp_mount": "bent_mast"}, "geohash": "tuwtr4wx3"},{"type": "Feature", "geometry": {"type": "Point", "coordinates": [88.2016845, 26.241793]}, "properties": {"highway": "street_lamp", "lamp_mount": "bent_mast"}, "geohash": "tuwtr14t8"},{"type": "Feature", "geometry": {"type": "Point", "coordinates": [88.2186747, 26.2794275]}, "properties": {"highway": "street_lamp", "lamp_mount": "bent_mast"}, "geohash": "tuwtx2nbu"},{"type": "Feature", "geometry": {"type": "Point", "coordinates": [88.1993477, 26.2394801]}, "properties": {"highway": "street_lamp", "lamp_mount": "bent_mast"}, "geohash": "tuwtr0bb1"},{"type": "Feature", "geometry": {"type": "Point", "coordinates": [88.2181693, 26.2700948]}, "properties": {"highway": "street_lamp", "lamp_mount": "bent_mast"}, "geohash": "tuwtrqqd2"},{"type": "Feature", "geometry": {"type": "Point", "coordinates": [88.2170987, 26.2610164]}, "properties": {"highway": "street_lamp", "lamp_mount": "bent_mast"}, "geohash": "tuwtrkttx"},{"type": "Feature", "geometry": {"type": "Point", "coordinates": [88.1999617, 26.2401102]}, "properties": {"highway": "street_lamp", "lamp_mount": "bent_mast"}, "geohash": "tuwtr0c78"},{"type": "Feature", "geometry": {"type": "Point", "coordinates": [88.217289, 26.2614581]}, "properties": {"highway": "street_lamp", "lamp_mount": "bent_mast"}, "geohash": "tuwtrkvb5"},{"type": "Feature", "geometry": {"type": "Point", "coordinates": [88.2197561, 26.2804702]}, "properties": {"highway": "street_lamp", "lamp_mount": "bent_mast"}, "geohash": "tuwtx2pwv"},{"type": "Feature", "geometry": {"type": "Point", "coordinates": [88.1867049, 26.2345843]}, "properties": {"highway": "street_lamp", "lamp_mount": "bent_mast"}, "geohash": "tuwtnxzee"},{"type": "Feature", "geometry": {"type": "Point", "coordinates": [88.1949148, 26.2353287]}, "properties": {"highway": "street_lamp", "lamp_mount": "bent_mast"}, "geohash": "tuwtnzvxf"},{"type": "Feature", "geometry": {"type": "Point", "coordinates": [88.1932718, 26.2347455]}, "properties": {"highway": "street_lamp", "lamp_mount": "bent_mast"}, "geohash": "tuwtnzukk"},{"type": "Feature", "geometry": {"type": "Point", "coordinates": [88.1877842, 26.2346073]}, "properties": {"highway": "street_lamp", "lamp_mount": "bent_mast"}, "geohash": "tuwtnzb7s"},{"type": "Feature", "geometry": {"type": "Point", "coordinates": [88.1912703, 26.2346641]}, "properties": {"highway": "street_lamp", "lamp_mount": "bent_mast"}, "geohash": "tuwtnzfgv"},{"type": "Feature", "geometry": {"type": "Point", "coordinates": [88.190964, 26.2346573]}, "properties": {"highway": "street_lamp", "lamp_mount": "bent_mast"}, "geohash": "tuwtnzfey"},{"type": "Feature", "geometry": {"type": "Point", "coordinates": [88.1897688, 26.2346391]}, "properties": {"highway": "street_lamp", "lamp_mount": "bent_mast"}, "geohash": "tuwtnzcgf"},{"type": "Feature", "geometry": {"type": "Point", "coordinates": [88.194601, 26.2351576]}, "properties": {"highway": "street_lamp", "lamp_mount": "bent_mast"}, "geohash": "tuwtnzvqg"},{"type": "Feature", "geometry": {"type": "Point", "coordinates": [88.1926026, 26.234693]}, "properties": {"highway": "street_lamp", "lamp_mount": "bent_mast"}, "geohash": "tuwtnzguh"},{"type": "Feature", "geometry": {"type": "Point", "coordinates": [88.188796, 26.2346271]}, "properties": {"highway": "street_lamp", "lamp_mount": "bent_mast"}, "geohash": "tuwtnzc5g"},{"type": "Feature", "geometry": {"type": "Point", "coordinates": [88.1928444, 26.2347051]}, "properties": {"highway": "street_lamp", "lamp_mount": "bent_mast"}, "geohash": "tuwtnzuh4"},{"type": "Feature", "geometry": {"type": "Point", "coordinates": [88.1915771, 26.2346716]}, "properties": {"highway": "street_lamp", "lamp_mount": "bent_mast"}, "geohash": "tuwtnzghh"},{"type": "Feature", "geometry": {"type": "Point", "coordinates": [88.1934866, 26.2347822]}, "properties": {"highway": "street_lamp", "lamp_mount": "bent_mast"}, "geohash": "tuwtnzus9"},{"type": "Feature", "geometry": {"type": "Point", "coordinates": [88.1869647, 26.2345923]}, "properties": {"highway": "street_lamp", "lamp_mount": "bent_mast"}, "geohash": "tuwtnxzg9"},{"type": "Feature", "geometry": {"type": "Point", "coordinates": [88.1874874, 26.2345955]}, "properties": {"highway": "street_lamp", "lamp_mount": "bent_mast"}, "geohash": "tuwtnzb5t"},{"type": "Feature", "geometry": {"type": "Point", "coordinates": [88.1906509, 26.2346571]}, "properties": {"highway": "street_lamp", "lamp_mount": "bent_mast"}, "geohash": "tuwtnzf7z"},{"type": "Feature", "geometry": {"type": "Point", "coordinates": [88.1919094, 26.2346838]}, "properties": {"highway": "street_lamp", "lamp_mount": "bent_mast"}, "geohash": "tuwtnzgkh"},{"type": "Feature", "geometry": {"type": "Point", "coordinates": [88.1944118, 26.2350661]}, "properties": {"highway": "street_lamp", "lamp_mount": "bent_mast"}, "geohash": "tuwtnzvnq"},{"type": "Feature", "geometry": {"type": "Point", "coordinates": [88.193938, 26.2348933]}, "properties": {"highway": "street_lamp", "lamp_mount": "bent_mast"}, "geohash": "tuwtnzuv7"},{"type": "Feature", "geometry": {"type": "Point", "coordinates": [88.1937042, 26.2348269]}, "properties": {"highway": "street_lamp", "lamp_mount": "bent_mast"}, "geohash": "tuwtnzusy"},{"type": "Feature", "geometry": {"type": "Point", "coordinates": [88.1890651, 26.2346346]}, "properties": {"highway": "street_lamp", "lamp_mount": "bent_mast"}, "geohash": "tuwtnzc7f"},{"type": "Feature", "geometry": {"type": "Point", "coordinates": [88.1880362, 26.2346116]}, "properties": {"highway": "street_lamp", "lamp_mount": "bent_mast"}, "geohash": "tuwtnzbed"},{"type": "Feature", "geometry": {"type": "Point", "coordinates": [88.1882858, 26.2346175]}, "properties": {"highway": "street_lamp", "lamp_mount": "bent_mast"}, "geohash": "tuwtnzbex"},{"type": "Feature", "geometry": {"type": "Point", "coordinates": [88.1903448, 26.2346497]}, "properties": {"highway": "street_lamp", "lamp_mount": "bent_mast"}, "geohash": "tuwtnzf5z"},{"type": "Feature", "geometry": {"type": "Point", "coordinates": [88.1947727, 26.2352496]}, "properties": {"highway": "street_lamp", "lamp_mount": "bent_mast"}, "geohash": "tuwtnzvrr"},{"type": "Feature", "geometry": {"type": "Point", "coordinates": [88.1930612, 26.2347217]}, "properties": {"highway": "street_lamp", "lamp_mount": "bent_mast"}, "geohash": "tuwtnzuhr"},{"type": "Feature", "geometry": {"type": "Point", "coordinates": [88.1885372, 26.2346249]}, "properties": {"highway": "street_lamp", "lamp_mount": "bent_mast"}, "geohash": "tuwtnzbgv"},{"type": "Feature", "geometry": {"type": "Point", "coordinates": [88.1921369, 26.2346816]}, "properties": {"highway": "street_lamp", "lamp_mount": "bent_mast"}, "geohash": "tuwtnzgs1"},{"type": "Feature", "geometry": {"type": "Point", "coordinates": [88.1941801, 26.2349754]}, "properties": {"highway": "street_lamp", "lamp_mount": "bent_mast"}, "geohash": "tuwtnzvjc"},{"type": "Feature", "geometry": {"type": "Point", "coordinates": [88.1900602, 26.2346411]}, "properties": {"highway": "street_lamp", "lamp_mount": "bent_mast"}, "geohash": "tuwtnzf5c"},{"type": "Feature", "geometry": {"type": "Point", "coordinates": [88.1923719, 26.2346845]}, "properties": {"highway": "street_lamp", "lamp_mount": "bent_mast"}, "geohash": "tuwtnzgsp"},{"type": "Feature", "geometry": {"type": "Point", "coordinates": [88.1893384, 26.2346314]}, "properties": {"highway": "street_lamp", "lamp_mount": "bent_mast"}, "geohash": "tuwtnzceb"},{"type": "Feature", "geometry": {"type": "Point", "coordinates": [88.1872323, 26.2346003]}, "properties": {"highway": "street_lamp", "lamp_mount": "bent_mast"}, "geohash": "tuwtnxzgx"},{"type": "Feature", "geometry": {"type": "Point", "coordinates": [88.1895652, 26.2346376]}, "properties": {"highway": "street_lamp", "lamp_mount": "bent_mast"}, "geohash": "tuwtnzcev"},{"type": "Feature", "geometry": {"type": "Point", "coordinates": [88.1849129, 26.2687699]}, "properties": {"direction": "110", "highway": "street_lamp", "lamp_mount": "bent_mast"}, "geohash": "tuwtqwn69"},{"type": "Feature", "geometry": {"type": "Point", "coordinates": [88.1851361, 26.2692125]}, "properties": {"direction": "110", "highway": "street_lamp", "lamp_mount": "bent_mast"}, "geohash": "tuwtqwnmq"},{"type": "Feature", "geometry": {"type": "Point", "coordinates": [88.1847669, 26.2684586]}, "properties": {"direction": "110", "highway": "street_lamp", "lamp_mount": "bent_mast"}, "geohash": "tuwtqwn0y"},{"type": "Feature", "geometry": {"type": "Point", "coordinates": [88.1848438, 26.2686183]}, "properties": {"direction": "110", "highway": "street_lamp", "lamp_mount": "bent_mast"}, "geohash": "tuwtqwn1z"},{"type": "Feature", "geometry": {"type": "Point", "coordinates": [88.1846923, 26.2682978]}, "properties": {"direction": "110", "highway": "street_lamp", "lamp_mount": "bent_mast"}, "geohash": "tuwtqtypu"},{"type": "Feature", "geometry": {"type": "Point", "coordinates": [88.1845892, 26.268095]}, "properties": {"direction": "110", "highway": "street_lamp", "lamp_mount": "bent_mast"}, "geohash": "tuwtqtyn9"},{"type": "Feature", "geometry": {"type": "Point", "coordinates": [88.1850595, 26.2690547]}, "properties": {"direction": "110", "highway": "street_lamp", "lamp_mount": "bent_mast"}, "geohash": "tuwtqwnkk"},{"type": "Feature", "geometry": {"type": "Point", "coordinates": [88.1844939, 26.2679009]}, "properties": {"direction": "110", "highway": "street_lamp", "lamp_mount": "bent_mast"}, "geohash": "tuwtqtvvx"},{"type": "Feature", "geometry": {"type": "Point", "coordinates": [88.1849929, 26.2689209]}, "properties": {"direction": "110", "highway": "street_lamp", "lamp_mount": "bent_mast"}, "geohash": "tuwtqwn7e"},{"type": "Feature", "geometry": {"type": "Point", "coordinates": [88.1867236, 26.2723561]}, "properties": {"direction": "110", "highway": "street_lamp", "lamp_mount": "bent_mast"}, "geohash": "tuwtqwxxe"},{"type": "Feature", "geometry": {"type": "Point", "coordinates": [88.1857292, 26.2703675]}, "properties": {"direction": "110", "highway": "street_lamp", "lamp_mount": "bent_mast"}, "geohash": "tuwtqwqgu"},{"type": "Feature", "geometry": {"type": "Point", "coordinates": [88.1863412, 26.2715752]}, "properties": {"direction": "110", "highway": "street_lamp", "lamp_mount": "bent_mast"}, "geohash": "tuwtqwx74"},{"type": "Feature", "geometry": {"type": "Point", "coordinates": [88.1860503, 26.2709986]}, "properties": {"direction": "110", "highway": "street_lamp", "lamp_mount": "bent_mast"}, "geohash": "tuwtqwrpe"},{"type": "Feature", "geometry": {"type": "Point", "coordinates": [88.1855658, 26.2700531]}, "properties": {"direction": "110", "highway": "street_lamp", "lamp_mount": "bent_mast"}, "geohash": "tuwtqwqf0"},{"type": "Feature", "geometry": {"type": "Point", "coordinates": [88.1858111, 26.2705344]}, "properties": {"direction": "110", "highway": "street_lamp", "lamp_mount": "bent_mast"}, "geohash": "tuwtqwquy"},{"type": "Feature", "geometry": {"type": "Point", "coordinates": [88.1861417, 26.271177]}, "properties": {"direction": "110", "highway": "street_lamp", "lamp_mount": "bent_mast"}, "geohash": "tuwtqwx0w"},{"type": "Feature", "geometry": {"type": "Point", "coordinates": [88.1864359, 26.2717641]}, "properties": {"direction": "110", "highway": "street_lamp", "lamp_mount": "bent_mast"}, "geohash": "tuwtqwxkh"},{"type": "Feature", "geometry": {"type": "Point", "coordinates": [88.1862434, 26.2713924]}, "properties": {"direction": "110", "highway": "street_lamp", "lamp_mount": "bent_mast"}, "geohash": "tuwtqwx3b"},{"type": "Feature", "geometry": {"type": "Point", "coordinates": [88.1859522, 26.2708013]}, "properties": {"direction": "110", "highway": "street_lamp", "lamp_mount": "bent_mast"}, "geohash": "tuwtqwrn9"},{"type": "Feature", "geometry": {"type": "Point", "coordinates": [88.185651, 26.2702162]}, "properties": {"direction": "110", "highway": "street_lamp", "lamp_mount": "bent_mast"}, "geohash": "tuwtqwqg4"},{"type": "Feature", "geometry": {"type": "Point", "coordinates": [88.1866421, 26.272167]}, "properties": {"direction": "110", "highway": "street_lamp", "lamp_mount": "bent_mast"}, "geohash": "tuwtqwxw3"},{"type": "Feature", "geometry": {"type": "Point", "coordinates": [88.1868043, 26.272517]}, "properties": {"direction": "110", "highway": "street_lamp", "lamp_mount": "bent_mast"}, "geohash": "tuwtqwz8t"},{"type": "Feature", "geometry": {"type": "Point", "coordinates": [88.1865359, 26.2719587]}, "properties": {"direction": "110", "highway": "street_lamp", "lamp_mount": "bent_mast"}, "geohash": "tuwtqwxmr"},{"type": "Feature", "geometry": {"type": "Point", "coordinates": [88.1859574, 26.2701809]}, "properties": {"direction": "295", "highway": "street_lamp", "lamp_mount": "bent_mast"}, "geohash": "tuwtqwr4c"},{"type": "Feature", "geometry": {"type": "Point", "coordinates": [88.1870787, 26.272418]}, "properties": {"direction": "295", "highway": "street_lamp", "lamp_mount": "bent_mast"}, "geohash": "tuwtqwxzg"},{"type": "Feature", "geometry": {"type": "Point", "coordinates": [88.1867659, 26.2717985]}, "properties": {"direction": "295", "highway": "street_lamp", "lamp_mount": "bent_mast"}, "geohash": "tuwtqwxsk"},{"type": "Feature", "geometry": {"type": "Point", "coordinates": [88.1871717, 26.2725981]}, "properties": {"direction": "295", "highway": "street_lamp", "lamp_mount": "bent_mast"}, "geohash": "tuwtqwzby"},{"type": "Feature", "geometry": {"type": "Point", "coordinates": [88.1866744, 26.2716217]}, "properties": {"direction": "295", "highway": "street_lamp", "lamp_mount": "bent_mast"}, "geohash": "tuwtqwxe6"},{"type": "Feature", "geometry": {"type": "Point", "coordinates": [88.1853267, 26.2689116]}, "properties": {"direction": "295", "highway": "street_lamp", "lamp_mount": "bent_mast"}, "geohash": "tuwtqwnee"},{"type": "Feature", "geometry": {"type": "Point", "coordinates": [88.1863378, 26.2709329]}, "properties": {"direction": "295", "highway": "street_lamp", "lamp_mount": "bent_mast"}, "geohash": "tuwtqwrr6"},{"type": "Feature", "geometry": {"type": "Point", "coordinates": [88.1868387, 26.2719492]}, "properties": {"direction": "295", "highway": "street_lamp", "lamp_mount": "bent_mast"}, "geohash": "tuwtqwxtn"},{"type": "Feature", "geometry": {"type": "Point", "coordinates": [88.1870174, 26.2722913]}, "properties": {"direction": "295", "highway": "street_lamp", "lamp_mount": "bent_mast"}, "geohash": "tuwtqwxz4"},{"type": "Feature", "geometry": {"type": "Point", "coordinates": [88.1864253, 26.2711045]}, "properties": {"direction": "295", "highway": "street_lamp", "lamp_mount": "bent_mast"}, "geohash": "tuwtqwx2k"},{"type": "Feature", "geometry": {"type": "Point", "coordinates": [88.1869278, 26.2721147]}, "properties": {"direction": "295", "highway": "street_lamp", "lamp_mount": "bent_mast"}, "geohash": "tuwtqwxy0"},{"type": "Feature", "geometry": {"type": "Point", "coordinates": [88.1862516, 26.2707636]}, "properties": {"direction": "295", "highway": "street_lamp", "lamp_mount": "bent_mast"}, "geohash": "tuwtqwrq2"},{"type": "Feature", "geometry": {"type": "Point", "coordinates": [88.1864945, 26.2712481]}, "properties": {"direction": "295", "highway": "street_lamp", "lamp_mount": "bent_mast"}, "geohash": "tuwtqwx3n"},{"type": "Feature", "geometry": {"type": "Point", "coordinates": [88.1856945, 26.2696478]}, "properties": {"direction": "295", "highway": "street_lamp", "lamp_mount": "bent_mast"}, "geohash": "tuwtqwnzg"},{"type": "Feature", "geometry": {"type": "Point", "coordinates": [88.1865662, 26.2714107]}, "properties": {"direction": "295", "highway": "street_lamp", "lamp_mount": "bent_mast"}, "geohash": "tuwtqwx6p"},{"type": "Feature", "geometry": {"type": "Point", "coordinates": [88.1858046, 26.2698617]}, "properties": {"direction": "295", "highway": "street_lamp", "lamp_mount": "bent_mast"}, "geohash": "tuwtqwqcn"},{"type": "Feature", "geometry": {"type": "Point", "coordinates": [88.1857164, 26.2691269]}, "properties": {"highway": "street_lamp", "lamp_mount": "high_mast"}, "geohash": "tuwtqwnuu"},{"type": "Feature", "geometry": {"type": "Point", "coordinates": [88.1852568, 26.2693285]}, "properties": {"highway": "street_lamp", "lamp_mount": "bent_mast"}, "geohash": "tuwtqwntc"},{"type": "Feature", "geometry": {"type": "Point", "coordinates": [88.1792689, 26.2566369]}, "properties": {"highway": "street_lamp", "power": "pole"}, "geohash": "tuwtqef5v"},{"type": "Feature", "geometry": {"type": "Point", "coordinates": [88.4903327, 22.5629981]}, "properties": {"height": "6", "highway": "street_lamp", "lamp_mount": "straight_mast", "light:count": "1", "light:shape": "cylindrical", "light:tilt": "90", "ref": "43", "support": "pole"}, "geohash": "tunbmekwy"},{"type": "Feature", "geometry": {"type": "Point", "coordinates": [88.4900618, 22.5625129]}, "properties": {"height": "6", "highway": "street_lamp", "lamp_mount": "straight_mast", "light:count": "1", "light:shape": "cylindrical", "light:tilt": "90", "ref": "46", "support": "pole"}, "geohash": "tunbmekkp"},{"type": "Feature", "geometry": {"type": "Point", "coordinates": [88.4906341, 22.5634176]}, "properties": {"height": "6", "highway": "street_lamp", "lamp_mount": "straight_mast", "light:count": "1", "light:shape": "cylindrical", "light:tilt": "90", "ref": "40", "support": "pole"}, "geohash": "tunbmescm"},{"type": "Feature", "geometry": {"type": "Point", "coordinates": [88.4905202, 22.5632856]}, "properties": {"height": "6", "highway": "street_lamp", "lamp_mount": "straight_mast", "light:count": "1", "light:shape": "cylindrical", "light:tilt": "90", "ref": "41", "support": "pole"}, "geohash": "tunbmesbd"},{"type": "Feature", "geometry": {"type": "Point", "coordinates": [88.4904478, 22.5631734]}, "properties": {"height": "6", "highway": "street_lamp", "lamp_mount": "straight_mast", "light:count": "1", "light:shape": "cylindrical", "light:tilt": "90", "ref": "42", "support": "pole"}, "geohash": "tunbmesb0"},{"type": "Feature", "geometry": {"type": "Point", "coordinates": [88.490223, 22.5628023]}, "properties": {"height": "6", "highway": "street_lamp", "lamp_mount": "straight_mast", "light:count": "1", "light:shape": "cylindrical", "light:tilt": "90", "ref": "44", "support": "pole"}, "geohash": "tunbmektg"},{"type": "Feature", "geometry": {"type": "Point", "coordinates": [88.4901456, 22.5626651]}, "properties": {"height": "6", "highway": "street_lamp", "lamp_mount": "straight_mast", "light:count": "1", "light:shape": "cylindrical", "light:tilt": "90", "ref": "45", "support": "pole"}, "geohash": "tunbmekt1"},{"type": "Feature", "geometry": {"type": "Point", "coordinates": [88.4899797, 22.5623811]}, "properties": {"height": "6", "highway": "street_lamp", "lamp_mount": "straight_mast", "light:count": "1", "light:shape": "cylindrical", "light:tilt": "90", "ref": "47", "support": "pole"}, "geohash": "tunbmek7m"},{"type": "Feature", "geometry": {"type": "Point", "coordinates": [88.1878522, 26.2604565]}, "properties": {"highway": "street_lamp"}, "geohash": "tuwtqu86j"},{"type": "Feature", "geometry": {"type": "Point", "coordinates": [88.4908481, 22.5631196]}, "properties": {"height": "1", "highway": "street_lamp", "light:count": "1", "light:shape": "cylindrical", "support": "pedestal"}, "geohash": "tunbmempd"},{"type": "Feature", "geometry": {"type": "Point", "coordinates": [88.4910362, 22.5631987]}, "properties": {"height": "1", "highway": "street_lamp", "light:count": "1", "light:shape": "cylindrical", "support": "pedestal"}, "geohash": "tunbmet0n"},{"type": "Feature", "geometry": {"type": "Point", "coordinates": [88.4912295, 22.563285]}, "properties": {"height": "1", "highway": "street_lamp", "light:count": "1", "light:shape": "cylindrical", "support": "pedestal"}, "geohash": "tunbmet2e"},{"type": "Feature", "geometry": {"type": "Point", "coordinates": [88.4907623, 22.5632475]}, "properties": {"height": "6", "highway": "street_lamp", "lamp_mount": "straight_mast", "light:count": "1", "light:shape": "cylindrical", "light:tilt": "90", "ref": "39", "support": "pole"}, "geohash": "tunbmet02"},{"type": "Feature", "geometry": {"type": "Point", "coordinates": [88.489839, 22.5622081]}, "properties": {"height": "6", "highway": "street_lamp", "lamp_mount": "straight_mast", "light:count": "1", "light:shape": "cylindrical", "light:tilt": "90", "ref": "49", "support": "pole"}, "geohash": "tunbmek66"},{"type": "Feature", "geometry": {"type": "Point", "coordinates": [88.4897406, 22.5620786]}, "properties": {"height": "6", "highway": "street_lamp", "lamp_mount": "straight_mast", "light:count": "1", "light:shape": "cylindrical", "light:tilt": "90", "ref": "50", "support": "pole"}, "geohash": "tunbmek38"},{"type": "Feature", "geometry": {"type": "Point", "coordinates": [88.4896725, 22.5619526]}, "properties": {"height": "6", "highway": "street_lamp", "lamp_mount": "straight_mast", "light:count": "1", "light:shape": "cylindrical", "light:tilt": "90", "ref": "51", "support": "pole"}, "geohash": "tunbmek0y"},{"type": "Feature", "geometry": {"type": "Point", "coordinates": [88.4895299, 22.5617672]}, "properties": {"direction": "110", "height": "7", "highway": "street_lamp", "lamp_mount": "straight_mast", "light:count": "1", "light:tilt": "-10", "support": "pole"}, "geohash": "tunbmehpg"},{"type": "Feature", "geometry": {"type": "Point", "coordinates": [88.489665, 22.5616578]}, "properties": {"height": "6", "highway": "street_lamp", "lamp_mount": "straight_mast", "light:count": "1", "light:shape": "cylindrical", "light:tilt": "90", "ref": "52", "support": "pole"}, "geohash": "tunbmehpn"},{"type": "Feature", "geometry": {"type": "Point", "coordinates": [88.4898259, 22.5615708]}, "properties": {"height": "6", "highway": "street_lamp", "lamp_mount": "straight_mast", "light:count": "1", "light:shape": "cylindrical", "light:tilt": "90", "ref": "53", "support": "pole"}, "geohash": "tunbmehqd"},{"type": "Feature", "geometry": {"type": "Point", "coordinates": [88.4903722, 22.5628782]}, "properties": {"height": "1", "highway": "street_lamp", "light:count": "1", "light:shape": "cylindrical", "support": "pedestal"}, "geohash": "tunbmekwr"},{"type": "Feature", "geometry": {"type": "Point", "coordinates": [88.4904534, 22.5626993]}, "properties": {"height": "1", "highway": "street_lamp", "light:count": "1", "light:shape": "cylindrical", "support": "pedestal"}, "geohash": "tunbmekv1"},{"type": "Feature", "geometry": {"type": "Point", "coordinates": [88.491704, 22.5629477]}, "properties": {"height": "1", "highway": "street_lamp", "light:count": "1", "light:shape": "cylindrical", "support": "pedestal"}, "geohash": "tunbmemww"},{"type": "Feature", "geometry": {"type": "Point", "coordinates": [88.4913372, 22.5633648]}, "properties": {"direction": "350", "height": "7", "highway": "street_lamp", "lamp_mount": "straight_mast", "light:count": "1", "light:tilt": "-10", "support": "pole"}, "geohash": "tunbmet3j"},{"type": "Feature", "geometry": {"type": "Point", "coordinates": [88.1861183, 26.2704969]}, "properties": {"direction": "295", "highway": "street_lamp", "lamp_mount": "bent_mast"}, "geohash": "tuwtqwrht"},{"type": "Feature", "geometry": {"type": "Point", "coordinates": [88.1860461, 26.2703528]}, "properties": {"direction": "295", "highway": "street_lamp", "lamp_mount": "bent_mast"}, "geohash": "tuwtqwr5g"},{"type": "Feature", "geometry": {"type": "Point", "coordinates": [88.4922613, 22.5631325]}, "properties": {"height": "7", "highway": "street_lamp"}, "geohash": "tunbmeqpg"},{"type": "Feature", "geometry": {"type": "Point", "coordinates": [88.4911838, 22.5619822]}, "properties": {"height": "1", "highway": "street_lamp", "light:count": "1", "light:shape": "cylindrical", "support": "pedestal"}, "geohash": "tunbmem34"},{"type": "Feature", "geometry": {"type": "Point", "coordinates": [88.4911356, 22.5620599]}, "properties": {"height": "1", "highway": "street_lamp", "light:count": "1", "light:shape": "cylindrical", "support": "pedestal"}, "geohash": "tunbmem38"},{"type": "Feature", "geometry": {"type": "Point", "coordinates": [88.491038, 22.5621278]}, "properties": {"height": "1", "highway": "street_lamp", "light:count": "1", "light:shape": "cylindrical", "support": "pedestal"}, "geohash": "tunbmem1y"},{"type": "Feature", "geometry": {"type": "Point", "coordinates": [88.4908721, 22.562173]}, "properties": {"height": "1", "highway": "street_lamp", "light:count": "1", "light:shape": "cylindrical", "support": "pedestal"}, "geohash": "tunbmem44"},{"type": "Feature", "geometry": {"type": "Point", "coordinates": [88.4907288, 22.5621592]}, "properties": {"height": "6", "highway": "street_lamp", "lamp_mount": "straight_mast", "light:count": "1", "light:shape": "cylindrical", "light:tilt": "90", "ref": "58", "support": "pole"}, "geohash": "tunbmekfp"},{"type": "Feature", "geometry": {"type": "Point", "coordinates": [88.4907767, 22.5621278]}, "properties": {"height": "1", "highway": "street_lamp", "light:count": "1", "light:shape": "cylindrical", "support": "pedestal"}, "geohash": "tunbmem1b"},{"type": "Feature", "geometry": {"type": "Point", "coordinates": [88.49089, 22.5620602]}, "properties": {"height": "1", "highway": "street_lamp", "light:count": "1", "light:shape": "cylindrical", "support": "pedestal"}, "geohash": "tunbmem1e"},{"type": "Feature", "geometry": {"type": "Point", "coordinates": [88.4910623, 22.561954]}, "properties": {"height": "1", "highway": "street_lamp", "light:count": "1", "light:shape": "cylindrical", "support": "pedestal"}, "geohash": "tunbmem0z"},{"type": "Feature", "geometry": {"type": "Point", "coordinates": [88.4913919, 22.5621065]}, "properties": {"height": "1", "highway": "street_lamp", "light:count": "1", "light:shape": "cylindrical", "support": "pedestal"}, "geohash": "tunbmem3y"},{"type": "Feature", "geometry": {"type": "Point", "coordinates": [88.4910011, 22.562338]}, "properties": {"height": "1", "highway": "street_lamp", "light:count": "1", "light:shape": "cylindrical", "support": "pedestal"}, "geohash": "tunbmem5j"},{"type": "Feature", "geometry": {"type": "Point", "coordinates": [88.4909763, 22.5622152]}, "properties": {"height": "1", "highway": "street_lamp", "light:count": "1", "light:shape": "cylindrical", "support": "pedestal"}, "geohash": "tunbmem4m"},{"type": "Feature", "geometry": {"type": "Point", "coordinates": [88.4910301, 22.5624563]}, "properties": {"height": "1", "highway": "street_lamp", "light:count": "1", "light:shape": "cylindrical", "support": "pedestal"}, "geohash": "tunbmem5y"},{"type": "Feature", "geometry": {"type": "Point", "coordinates": [88.4908948, 22.5625221]}, "properties": {"height": "1", "highway": "street_lamp", "light:count": "1", "light:shape": "cylindrical", "support": "pedestal"}, "geohash": "tunbmemh5"},{"type": "Feature", "geometry": {"type": "Point", "coordinates": [88.4907811, 22.5622577]}, "properties": {"height": "1", "highway": "street_lamp", "light:count": "1", "light:shape": "cylindrical", "support": "pedestal"}, "geohash": "tunbmem48"},{"type": "Feature", "geometry": {"type": "Point", "coordinates": [88.4908468, 22.562373]}, "properties": {"height": "1", "highway": "street_lamp", "light:count": "1", "light:shape": "cylindrical", "support": "pedestal"}, "geohash": "tunbmem56"},{"type": "Feature", "geometry": {"type": "Point", "coordinates": [88.4908005, 22.5624826]}, "properties": {"height": "1", "highway": "street_lamp", "light:count": "1", "light:shape": "cylindrical", "support": "pedestal"}, "geohash": "tunbmem5c"},{"type": "Feature", "geometry": {"type": "Point", "coordinates": [88.4907749, 22.5625844]}, "properties": {"height": "1", "highway": "street_lamp", "light:count": "1", "light:shape": "cylindrical", "support": "pedestal"}, "geohash": "tunbmemh8"},{"type": "Feature", "geometry": {"type": "Point", "coordinates": [88.4908212, 22.5626802]}, "properties": {"height": "1", "highway": "street_lamp", "light:count": "1", "light:shape": "cylindrical", "support": "pedestal"}, "geohash": "tunbmemj1"},{"type": "Feature", "geometry": {"type": "Point", "coordinates": [88.4908384, 22.5628001]}, "properties": {"height": "1", "highway": "street_lamp", "light:count": "1", "light:shape": "cylindrical", "support": "pedestal"}, "geohash": "tunbmemjc"},{"type": "Feature", "geometry": {"type": "Point", "coordinates": [88.490965, 22.562829]}, "properties": {"height": "1", "highway": "street_lamp", "light:count": "1", "light:shape": "cylindrical", "support": "pedestal"}, "geohash": "tunbmemnh"},{"type": "Feature", "geometry": {"type": "Point", "coordinates": [88.4910127, 22.5627357]}, "properties": {"height": "1", "highway": "street_lamp", "light:count": "1", "light:shape": "cylindrical", "support": "pedestal"}, "geohash": "tunbmemjq"},{"type": "Feature", "geometry": {"type": "Point", "coordinates": [88.4910705, 22.5626066]}, "properties": {"height": "1", "highway": "street_lamp", "light:count": "1", "light:shape": "cylindrical", "support": "pedestal"}, "geohash": "tunbmemhx"},{"type": "Feature", "geometry": {"type": "Point", "coordinates": [88.4918176, 22.5632167]}, "properties": {"height": "1", "highway": "street_lamp", "light:count": "1", "light:shape": "cylindrical", "support": "pedestal"}, "geohash": "tunbmetb2"},{"type": "Feature", "geometry": {"type": "Point", "coordinates": [88.4924514, 22.5631772]}, "properties": {"height": "1", "highway": "street_lamp", "light:count": "1", "light:shape": "cylindrical", "support": "pedestal"}, "geohash": "tunbmew0p"},{"type": "Feature", "geometry": {"type": "Point", "coordinates": [88.491511, 22.5627154]}, "properties": {"height": "1", "highway": "street_lamp", "light:count": "1", "light:shape": "cylindrical", "support": "pedestal"}, "geohash": "tunbmemt3"},{"type": "Feature", "geometry": {"type": "Point", "coordinates": [88.4905561, 22.5620417]}, "properties": {"height": "6", "highway": "street_lamp", "lamp_mount": "straight_mast", "light:count": "1", "light:shape": "cylindrical", "light:tilt": "90", "ref": "57", "support": "pole"}, "geohash": "tunbmekc7"},{"type": "Feature", "geometry": {"type": "Point", "coordinates": [88.4904186, 22.5618979]}, "properties": {"height": "6", "highway": "street_lamp", "lamp_mount": "straight_mast", "light:count": "1", "light:shape": "cylindrical", "light:tilt": "90", "ref": "56", "support": "pole"}, "geohash": "tunbmekb8"},{"type": "Feature", "geometry": {"type": "Point", "coordinates": [88.4902988, 22.5617467]}, "properties": {"height": "6", "highway": "street_lamp", "lamp_mount": "straight_mast", "light:count": "1", "light:shape": "cylindrical", "light:tilt": "90", "ref": "55", "support": "pole"}, "geohash": "tunbmehxt"},{"type": "Feature", "geometry": {"type": "Point", "coordinates": [88.4901873, 22.5616018]}, "properties": {"height": "6", "highway": "street_lamp", "lamp_mount": "straight_mast", "light:count": "1", "light:shape": "cylindrical", "light:tilt": "90", "ref": "54", "support": "pole"}, "geohash": "tunbmehwf"},{"type": "Feature", "geometry": {"type": "Point", "coordinates": [88.4911937, 22.5630733]}, "properties": {"direction": "160", "height": "7", "highway": "street_lamp", "lamp_mount": "straight_mast", "light:count": "1", "light:tilt": "-10", "support": "pole"}, "geohash": "tunbmemr6"},{"type": "Feature", "geometry": {"type": "Point", "coordinates": [88.4916323, 22.562616]}, "properties": {"height": "1", "highway": "street_lamp", "light:count": "1", "light:shape": "cylindrical", "support": "pedestal"}, "geohash": "tunbmemsu"},{"type": "Feature", "geometry": {"type": "Point", "coordinates": [88.4917154, 22.5626657]}, "properties": {"height": "1", "highway": "street_lamp", "light:count": "1", "light:shape": "cylindrical", "support": "pedestal"}, "geohash": "tunbmemtn"},{"type": "Feature", "geometry": {"type": "Point", "coordinates": [88.4917506, 22.5627047]}, "properties": {"height": "1", "highway": "street_lamp", "light:count": "1", "light:shape": "cylindrical", "support": "pedestal"}, "geohash": "tunbmemtr"},{"type": "Feature", "geometry": {"type": "Point", "coordinates": [88.4918136, 22.5629189]}, "properties": {"height": "1", "highway": "street_lamp", "light:count": "1", "light:shape": "cylindrical", "support": "pedestal"}, "geohash": "tunbmemy8"},{"type": "Feature", "geometry": {"type": "Point", "coordinates": [88.4918155, 22.5631391]}, "properties": {"height": "1", "highway": "street_lamp", "light:count": "1", "light:shape": "cylindrical", "support": "pedestal"}, "geohash": "tunbmemzb"},{"type": "Feature", "geometry": {"type": "Point", "coordinates": [88.4919215, 22.5628037]}, "properties": {"height": "1", "highway": "street_lamp", "light:count": "1", "light:shape": "cylindrical", "support": "pedestal"}, "geohash": "tunbmemvg"},{"type": "Feature", "geometry": {"type": "Point", "coordinates": [88.4920057, 22.562725]}, "properties": {"height": "1", "highway": "street_lamp", "light:count": "1", "light:shape": "cylindrical", "support": "pedestal"}, "geohash": "tunbmemvm"},{"type": "Feature", "geometry": {"type": "Point", "coordinates": [88.4921547, 22.562626]}, "properties": {"height": "1", "highway": "street_lamp", "light:count": "1", "light:shape": "cylindrical", "support": "pedestal"}, "geohash": "tunbmeqhb"},{"type": "Feature", "geometry": {"type": "Point", "coordinates": [88.4923419, 22.5626284]}, "properties": {"height": "1", "highway": "street_lamp", "light:count": "1", "light:shape": "cylindrical", "support": "pedestal"}, "geohash": "tunbmeqhv"},{"type": "Feature", "geometry": {"type": "Point", "coordinates": [88.4921745, 22.5629848]}, "properties": {"height": "1", "highway": "street_lamp", "light:count": "1", "light:shape": "cylindrical", "support": "pedestal"}, "geohash": "tunbmeqnc"},{"type": "Feature", "geometry": {"type": "Point", "coordinates": [88.4919227, 22.5627599]}, "properties": {"direction": "0", "height": "7", "highway": "street_lamp", "lamp_mount": "straight_mast", "light:count": "1", "light:tilt": "-10", "support": "pole"}, "geohash": "tunbmemve"},{"type": "Feature", "geometry": {"type": "Point", "coordinates": [88.491906, 22.5626943]}, "properties": {"height": "6", "highway": "street_lamp", "lamp_mount": "straight_mast", "light:count": "1", "light:shape": "cylindrical", "light:tilt": "90", "support": "pole"}, "geohash": "tunbmemv4"},{"type": "Feature", "geometry": {"type": "Point", "coordinates": [88.4920132, 22.5625326]}, "properties": {"height": "6", "highway": "street_lamp", "lamp_mount": "straight_mast", "light:count": "1", "light:shape": "cylindrical", "light:tilt": "90", "support": "pole"}, "geohash": "tunbmemum"},{"type": "Feature", "geometry": {"type": "Point", "coordinates": [88.4913281, 22.5625715]}, "properties": {"height": "1", "highway": "street_lamp", "light:count": "1", "light:shape": "cylindrical", "support": "pedestal"}, "geohash": "tunbmemkt"},{"type": "Feature", "geometry": {"type": "Point", "coordinates": [88.4914587, 22.5624035]}, "properties": {"height": "7", "highway": "street_lamp", "lamp_mount": "straight_mast", "light:count": "1", "light:tilt": "-10", "support": "pole"}, "geohash": "tunbmeme8"},{"type": "Feature", "geometry": {"type": "Point", "coordinates": [88.4915157, 22.5622866]}, "properties": {"height": "1", "highway": "street_lamp", "light:count": "1", "light:shape": "cylindrical", "support": "pedestal"}, "geohash": "tunbmemdc"},{"type": "Feature", "geometry": {"type": "Point", "coordinates": [88.491514, 22.563465]}, "properties": {"height": "6", "highway": "street_lamp", "lamp_mount": "straight_mast", "light:count": "1", "light:shape": "cylindrical", "light:tilt": "90", "ref": "30", "support": "pole"}, "geohash": "tunbmet99"},{"type": "Feature", "geometry": {"type": "Point", "coordinates": [88.4917487, 22.5633255]}, "properties": {"height": "6", "highway": "street_lamp", "lamp_mount": "straight_mast", "light:count": "1", "light:shape": "cylindrical", "light:tilt": "90", "ref": "29", "support": "pole"}, "geohash": "tunbmet8z"},{"type": "Feature", "geometry": {"type": "Point", "coordinates": [88.4919225, 22.5632715]}, "properties": {"height": "6", "highway": "street_lamp", "lamp_mount": "straight_mast", "light:count": "1", "light:shape": "cylindrical", "light:tilt": "90", "ref": "28", "support": "pole"}, "geohash": "tunbmetbe"},{"type": "Feature", "geometry": {"type": "Point", "coordinates": [88.4921456, 22.5634602]}, "properties": {"height": "6", "highway": "street_lamp", "lamp_mount": "straight_mast", "light:count": "1", "light:shape": "cylindrical", "light:tilt": "90", "ref": "27", "support": "pole"}, "geohash": "tunbmew18"},{"type": "Feature", "geometry": {"type": "Point", "coordinates": [88.492257, 22.5632914]}, "properties": {"height": "6", "highway": "street_lamp", "lamp_mount": "straight_mast", "light:count": "1", "light:shape": "cylindrical", "light:tilt": "90", "ref": "26", "support": "pole"}, "geohash": "tunbmew0e"},{"type": "Feature", "geometry": {"type": "Point", "coordinates": [88.492443, 22.5632612]}, "properties": {"height": "6", "highway": "street_lamp", "lamp_mount": "straight_mast", "light:count": "1", "light:shape": "cylindrical", "light:tilt": "90", "ref": "25", "support": "pole"}, "geohash": "tunbmew0x"},{"type": "Feature", "geometry": {"type": "Point", "coordinates": [88.4925787, 22.5631876]}, "properties": {"height": "6", "highway": "street_lamp", "lamp_mount": "straight_mast", "light:count": "1", "light:shape": "cylindrical", "light:tilt": "90", "ref": "24", "support": "pole"}, "geohash": "tunbmew24"},{"type": "Feature", "geometry": {"type": "Point", "coordinates": [88.4907228, 22.5622091]}, "properties": {"height": "1", "highway": "street_lamp", "light:count": "1", "light:shape": "cylindrical", "support": "pedestal"}, "geohash": "tunbmekfr"},{"type": "Feature", "geometry": {"type": "Point", "coordinates": [88.4901047, 22.5621567]}, "properties": {"height": "1", "highway": "street_lamp", "light:count": "1", "light:shape": "cylindrical", "support": "pedestal"}, "geohash": "tunbmekd0"},{"type": "Feature", "geometry": {"type": "Point", "coordinates": [88.4899485, 22.5620953]}, "properties": {"height": "1", "highway": "street_lamp", "light:count": "1", "light:shape": "cylindrical", "support": "pedestal"}, "geohash": "tunbmek3t"},{"type": "Feature", "geometry": {"type": "Point", "coordinates": [88.4898211, 22.5619466]}, "properties": {"height": "1", "highway": "street_lamp", "light:count": "1", "light:shape": "cylindrical", "support": "pedestal"}, "geohash": "tunbmek2f"},{"type": "Feature", "geometry": {"type": "Point", "coordinates": [88.4901926, 22.5625485]}, "properties": {"height": "1", "highway": "street_lamp", "light:count": "1", "light:shape": "cylindrical", "support": "pedestal"}, "geohash": "tunbmeks6"},{"type": "Feature", "geometry": {"type": "Point", "coordinates": [88.4901339, 22.5623413]}, "properties": {"height": "1", "highway": "street_lamp", "light:count": "1", "light:shape": "cylindrical", "support": "pedestal"}, "geohash": "tunbmeke1"},{"type": "Feature", "geometry": {"type": "Point", "coordinates": [88.4901936, 22.5621667]}, "properties": {"height": "1", "highway": "street_lamp", "light:count": "1", "light:shape": "cylindrical", "support": "pedestal"}, "geohash": "tunbmekd4"},{"type": "Feature", "geometry": {"type": "Point", "coordinates": [88.4903599, 22.5619817]}, "properties": {"height": "1", "highway": "street_lamp", "light:count": "1", "light:shape": "cylindrical", "support": "pedestal"}, "geohash": "tunbmek9n"},{"type": "Feature", "geometry": {"type": "Point", "coordinates": [88.4906326, 22.5626017]}, "properties": {"direction": "800", "height": "7", "highway": "street_lamp", "lamp_mount": "straight_mast", "light:count": "1", "light:tilt": "-10", "support": "pole"}, "geohash": "tunbmekut"},{"type": "Feature", "geometry": {"type": "Point", "coordinates": [88.4901151, 22.5622875]}, "properties": {"height": "6", "highway": "street_lamp", "lamp_mount": "straight_mast", "light:count": "1", "light:shape": "cylindrical", "light:tilt": "90", "ref": "47", "support": "pole"}, "geohash": "tunbmekdc"},{"type": "Feature", "geometry": {"type": "Point", "coordinates": [88.4907912, 22.5612809]}, "properties": {"height": "1", "highway": "street_lamp", "light:count": "1", "light:shape": "cylindrical", "support": "pedestal"}, "geohash": "tunbmejhb"},{"type": "Feature", "geometry": {"type": "Point", "coordinates": [88.4908796, 22.5614361]}, "properties": {"height": "1", "highway": "street_lamp", "light:count": "1", "light:shape": "cylindrical", "support": "pedestal"}, "geohash": "tunbmejjf"},{"type": "Feature", "geometry": {"type": "Point", "coordinates": [88.4909241, 22.5615148]}, "properties": {"height": "1", "highway": "street_lamp", "light:count": "1", "light:shape": "cylindrical", "support": "pedestal"}, "geohash": "tunbmejn7"},{"type": "Feature", "geometry": {"type": "Point", "coordinates": [88.4908918, 22.5616061]}, "properties": {"height": "1", "highway": "street_lamp", "light:count": "1", "light:shape": "cylindrical", "support": "pedestal"}, "geohash": "tunbmejng"},{"type": "Feature", "geometry": {"type": "Point", "coordinates": [88.4915189, 22.5638308]}, "properties": {"height": "1", "highway": "street_lamp", "light:count": "1", "light:shape": "cylindrical", "support": "pedestal"}, "geohash": "tunbmetec"},{"type": "Feature", "geometry": {"type": "Point", "coordinates": [88.49176, 22.5636053]}, "properties": {"height": "1", "highway": "street_lamp", "light:count": "1", "light:shape": "cylindrical", "support": "pedestal"}, "geohash": "tunbmetdx"},{"type": "Feature", "geometry": {"type": "Point", "coordinates": [88.4916073, 22.5637941]}, "properties": {"height": "1", "highway": "street_lamp", "light:count": "1", "light:shape": "cylindrical", "support": "pedestal"}, "geohash": "tunbmetee"},{"type": "Feature", "geometry": {"type": "Point", "coordinates": [88.49205, 22.5635325]}, "properties": {"height": "1", "highway": "street_lamp", "light:count": "1", "light:shape": "cylindrical", "support": "pedestal"}, "geohash": "tunbmetfn"},{"type": "Feature", "geometry": {"type": "Point", "coordinates": [88.4919117, 22.5635527]}, "properties": {"height": "1", "highway": "street_lamp", "light:count": "1", "light:shape": "cylindrical", "support": "pedestal"}, "geohash": "tunbmetf4"},{"type": "Feature", "geometry": {"type": "Point", "coordinates": [88.4918069, 22.563574]}, "properties": {"height": "1", "highway": "street_lamp", "light:count": "1", "light:shape": "cylindrical", "support": "pedestal"}, "geohash": "tunbmetf2"},{"type": "Feature", "geometry": {"type": "Point", "coordinates": [88.4920189, 22.5623022]}, "properties": {"height": "6", "highway": "street_lamp", "lamp_mount": "straight_mast", "light:count": "1", "light:shape": "cylindrical", "light:tilt": "90", "ref": "16", "support": "pole"}, "geohash": "tunbmemfv"},{"type": "Feature", "geometry": {"type": "Point", "coordinates": [88.4917566, 22.5621725]}, "properties": {"height": "6", "highway": "street_lamp", "lamp_mount": "straight_mast", "light:count": "1", "light:shape": "cylindrical", "light:tilt": "90", "ref": "12", "support": "pole"}, "geohash": "tunbmemdp"},{"type": "Feature", "geometry": {"type": "Point", "coordinates": [88.4911583, 22.5618869]}, "properties": {"height": "1", "highway": "street_lamp"}, "geohash": "tunbmem29"},{"type": "Feature", "geometry": {"type": "Point", "coordinates": [88.4912149, 22.5617942]}, "properties": {"height": "1", "highway": "street_lamp"}, "geohash": "tunbmejrf"},{"type": "Feature", "geometry": {"type": "Point", "coordinates": [88.4912444, 22.561688]}, "properties": {"height": "1", "highway": "street_lamp"}, "geohash": "tunbmejr7"},{"type": "Feature", "geometry": {"type": "Point", "coordinates": [88.491345, 22.5616207]}, "properties": {"height": "1", "highway": "street_lamp"}, "geohash": "tunbmejqv"},{"type": "Feature", "geometry": {"type": "Point", "coordinates": [88.4910935, 22.5615838]}, "properties": {"height": "1", "highway": "street_lamp"}, "geohash": "tunbmejnz"},{"type": "Feature", "geometry": {"type": "Point", "coordinates": [88.490995, 22.5615641]}, "properties": {"height": "1", "highway": "street_lamp"}, "geohash": "tunbmejnt"},{"type": "Feature", "geometry": {"type": "Point", "coordinates": [88.4911919, 22.5615716]}, "properties": {"height": "1", "highway": "street_lamp"}, "geohash": "tunbmejqd"},{"type": "Feature", "geometry": {"type": "Point", "coordinates": [88.4915247, 22.5615562]}, "properties": {"height": "1", "highway": "street_lamp"}, "geohash": "tunbmejw9"},{"type": "Feature", "geometry": {"type": "Point", "coordinates": [88.4912438, 22.5615346]}, "properties": {"height": "7", "highway": "street_lamp"}, "geohash": "tunbmejq7"},{"type": "Feature", "geometry": {"type": "Point", "coordinates": [88.4909238, 22.5612399]}, "properties": {"height": "1", "highway": "street_lamp"}, "geohash": "tunbmejhe"},{"type": "Feature", "geometry": {"type": "Point", "coordinates": [88.1866411, 26.2558876]}, "properties": {"highway": "street_lamp"}, "geohash": "tuwtqexx9"},{"type": "Feature", "geometry": {"type": "Point", "coordinates": [88.1865812, 26.2560281]}, "properties": {"highway": "street_lamp"}, "geohash": "tuwtqez82"},{"type": "Feature", "geometry": {"type": "Point", "coordinates": [88.1865574, 26.2559087]}, "properties": {"highway": "street_lamp"}, "geohash": "tuwtqexrz"},{"type": "Feature", "geometry": {"type": "Point", "coordinates": [88.1865921, 26.255887]}, "properties": {"highway": "street_lamp"}, "geohash": "tuwtqexx8"},{"type": "Feature", "geometry": {"type": "Point", "coordinates": [88.4904439, 22.5625304]}, "properties": {"height": "1", "highway": "street_lamp"}, "geohash": "tunbmeku2"},{"type": "Feature", "geometry": {"type": "Point", "coordinates": [88.4903461, 22.5624795]}, "properties": {"height": "1", "highway": "street_lamp"}, "geohash": "tunbmekey"},{"type": "Feature", "geometry": {"type": "Point", "coordinates": [88.4902965, 22.5625861]}, "properties": {"height": "1", "highway": "street_lamp"}, "geohash": "tunbmekst"},{"type": "Feature", "geometry": {"type": "Point", "coordinates": [88.4911017, 22.561897]}, "properties": {"height": "1", "highway": "street_lamp"}, "geohash": "tunbmem28"},{"type": "Feature", "geometry": {"type": "Point", "coordinates": [88.4909499, 22.5617474]}, "properties": {"height": "1", "highway": "street_lamp"}, "geohash": "tunbmejps"},{"type": "Feature", "geometry": {"type": "Point", "coordinates": [88.4908911, 22.56174]}, "properties": {"height": "1", "highway": "street_lamp"}, "geohash": "tunbmejpe"},{"type": "Feature", "geometry": {"type": "Point", "coordinates": [88.4915275, 22.5621588]}, "properties": {"height": "1", "highway": "street_lamp"}, "geohash": "tunbmemd4"},{"type": "Feature", "geometry": {"type": "Point", "coordinates": [88.4915287, 22.5633194]}, "properties": {"direction": "45", "height": "7", "highway": "street_lamp", "lamp_mount": "straight_mast", "light:count": "1", "light:tilt": "-10", "support": "pole"}, "geohash": "tunbmet8f"},{"type": "Feature", "geometry": {"type": "Point", "coordinates": [88.4913737, 22.561738]}, "properties": {"direction": "250", "height": "7", "highway": "street_lamp", "lamp_mount": "straight_mast", "light:count": "1", "light:tilt": "-10", "support": "pole"}, "geohash": "tunbmejrw"},{"type": "Feature", "geometry": {"type": "Point", "coordinates": [88.4910063, 22.5618402]}, "properties": {"direction": "40", "height": "7", "highway": "street_lamp", "lamp_mount": "straight_mast", "light:count": "1", "light:tilt": "-10", "support": "pole"}, "geohash": "tunbmem0j"},{"type": "Feature", "geometry": {"type": "Point", "coordinates": [88.4914215, 22.562002]}, "properties": {"direction": "330", "height": "7", "highway": "street_lamp", "lamp_mount": "straight_mast", "light:count": "1", "light:tilt": "-10", "support": "pole"}, "geohash": "tunbmem3p"},{"type": "Feature", "geometry": {"type": "Point", "coordinates": [88.4910797, 22.5657441]}, "properties": {"height": "10", "highway": "street_lamp", "lamp_mount": "bent_mast", "light:colour": "white", "light:count": "1", "light:direction": "215", "light:method": "LED", "light:shape": "directed", "light:tilt": "-90", "support": "pole"}, "geohash": "tunbmevnz"},{"type": "Feature", "geometry": {"type": "Point", "coordinates": [88.4912494, 22.5656426]}, "properties": {"height": "10", "highway": "street_lamp", "lamp_mount": "bent_mast", "light:colour": "white", "light:count": "1", "light:direction": "215", "light:method": "LED", "light:shape": "directed", "light:tilt": "-90", "support": "pole"}, "geohash": "tunbmevq7"},{"type": "Feature", "geometry": {"type": "Point", "coordinates": [88.4908068, 22.5659039]}, "properties": {"height": "10", "highway": "street_lamp", "lamp_mount": "bent_mast", "light:colour": "white", "light:count": "1", "light:direction": "215", "light:method": "LED", "light:shape": "directed", "light:tilt": "-90", "support": "pole"}, "geohash": "tunbmevpc"},{"type": "Feature", "geometry": {"type": "Point", "coordinates": [88.4905735, 22.5660302]}, "properties": {"height": "10", "highway": "street_lamp", "lamp_mount": "bent_mast", "light:colour": "white", "light:count": "1", "light:direction": "220", "light:method": "LED", "light:shape": "directed", "light:tilt": "-90", "support": "pole"}, "geohash": "tunbmshbe"},{"type": "Feature", "geometry": {"type": "Point", "coordinates": [88.4903106, 22.5662259]}, "properties": {"height": "10", "highway": "street_lamp", "lamp_mount": "bent_mast", "light:colour": "white", "light:count": "1", "light:direction": "220", "light:method": "LED", "light:shape": "directed", "light:tilt": "-90", "support": "pole"}, "geohash": "tunbmsh9v"},{"type": "Feature", "geometry": {"type": "Point", "coordinates": [88.4899136, 22.5665429]}, "properties": {"height": "10", "highway": "street_lamp", "lamp_mount": "bent_mast", "light:colour": "white", "light:count": "1", "light:direction": "220", "light:method": "LED", "light:shape": "directed", "light:tilt": "-90", "support": "pole"}, "geohash": "tunbmsh7s"},{"type": "Feature", "geometry": {"type": "Point", "coordinates": [88.489742, 22.566663]}, "properties": {"height": "10", "highway": "street_lamp", "lamp_mount": "bent_mast", "light:colour": "white", "light:count": "1", "light:direction": "220", "light:method": "LED", "light:shape": "directed", "light:tilt": "-90", "support": "pole"}, "geohash": "tunbmshk2"},{"type": "Feature", "geometry": {"type": "Point", "coordinates": [88.4895703, 22.5668055]}, "properties": {"height": "10", "highway": "street_lamp", "lamp_mount": "bent_mast", "light:colour": "white", "light:count": "1", "light:direction": "220", "light:method": "LED", "light:shape": "directed", "light:tilt": "-90", "support": "pole"}, "geohash": "tunbmshjh"},{"type": "Feature", "geometry": {"type": "Point", "coordinates": [88.4893933, 22.5669541]}, "properties": {"height": "10", "highway": "street_lamp", "lamp_mount": "bent_mast", "light:colour": "white", "light:count": "1", "light:direction": "220", "light:method": "LED", "light:shape": "directed", "light:tilt": "-90", "support": "pole"}, "geohash": "tunbmshn0"},{"type": "Feature", "geometry": {"type": "Point", "coordinates": [88.4892109, 22.5670829]}, "properties": {"height": "10", "highway": "street_lamp", "lamp_mount": "bent_mast", "light:colour": "white", "light:count": "1", "light:direction": "220", "light:method": "LED", "light:shape": "directed", "light:tilt": "-90", "support": "pole"}, "geohash": "tunbms5yu"},{"type": "Feature", "geometry": {"type": "Point", "coordinates": [88.4890527, 22.5671968]}, "properties": {"height": "10", "highway": "street_lamp", "lamp_mount": "bent_mast", "light:colour": "white", "light:count": "1", "light:direction": "220", "light:method": "LED", "light:shape": "directed", "light:tilt": "-90", "support": "pole"}, "geohash": "tunbms5z2"},{"type": "Feature", "geometry": {"type": "Point", "coordinates": [88.4900799, 22.5663881]}, "properties": {"height": "10", "highway": "street_lamp", "lamp_mount": "bent_mast", "light:colour": "white", "light:count": "1", "light:direction": "220", "light:method": "LED", "light:shape": "directed", "light:tilt": "-90", "support": "pole"}, "geohash": "tunbmshd8"},{"type": "Feature", "geometry": {"type": "Point", "coordinates": [88.4888864, 22.5673504]}, "properties": {"height": "10", "highway": "street_lamp", "lamp_mount": "bent_mast", "light:colour": "white", "light:count": "1", "light:direction": "220", "light:method": "LED", "light:shape": "directed", "light:tilt": "-90", "support": "pole"}, "geohash": "tunbms78k"},{"type": "Feature", "geometry": {"type": "Point", "coordinates": [88.4897312, 22.5657107]}, "properties": {"height": "10", "highway": "street_lamp", "lamp_mount": "bent_mast", "light:colour": "white", "light:count": "1", "light:direction": "40", "light:method": "LED", "light:shape": "directed", "light:tilt": "-90", "support": "pole"}, "geohash": "tunbmeuqb"},{"type": "Feature", "geometry": {"type": "Point", "coordinates": [88.489565, 22.565842]}, "properties": {"height": "10", "highway": "street_lamp", "lamp_mount": "bent_mast", "light:colour": "white", "light:count": "1", "light:direction": "40", "light:method": "LED", "light:shape": "directed", "light:tilt": "-90", "support": "pole"}, "geohash": "tunbmeups"},{"type": "Feature", "geometry": {"type": "Point", "coordinates": [88.4893021, 22.5660129]}, "properties": {"height": "10", "highway": "street_lamp", "lamp_mount": "bent_mast", "light:colour": "white", "light:count": "1", "light:direction": "40", "light:method": "LED", "light:shape": "directed", "light:tilt": "-90", "support": "pole"}, "geohash": "tunbms5bw"},{"type": "Feature", "geometry": {"type": "Point", "coordinates": [88.4890607, 22.5661986]}, "properties": {"height": "10", "highway": "street_lamp", "lamp_mount": "bent_mast", "light:colour": "white", "light:count": "1", "light:direction": "40", "light:method": "LED", "light:shape": "directed", "light:tilt": "-90", "support": "pole"}, "geohash": "tunbms5c8"},{"type": "Feature", "geometry": {"type": "Point", "coordinates": [88.4888354, 22.5663893]}, "properties": {"height": "10", "highway": "street_lamp", "lamp_mount": "bent_mast", "light:colour": "white", "light:count": "1", "light:direction": "40", "light:method": "LED", "light:shape": "directed", "light:tilt": "-90", "support": "pole"}, "geohash": "tunbms5de"},{"type": "Feature", "geometry": {"type": "Point", "coordinates": [88.4885752, 22.56659]}, "properties": {"height": "10", "highway": "street_lamp", "lamp_mount": "bent_mast", "light:colour": "white", "light:count": "1", "light:direction": "40", "light:method": "LED", "light:shape": "directed", "light:tilt": "-90", "support": "pole"}, "geohash": "tunbms57v"},{"type": "Feature", "geometry": {"type": "Point", "coordinates": [88.4887254, 22.5674445]}, "properties": {"height": "10", "highway": "street_lamp", "lamp_mount": "bent_mast", "light:colour": "white", "light:count": "1", "light:direction": "135", "light:method": "LED", "light:shape": "directed", "light:tilt": "-90", "support": "pole"}, "geohash": "tunbms78b"},{"type": "Feature", "geometry": {"type": "Point", "coordinates": [88.4885269, 22.5672265]}, "properties": {"height": "10", "highway": "street_lamp", "lamp_mount": "bent_mast", "light:colour": "white", "light:count": "1", "light:direction": "135", "light:method": "LED", "light:shape": "directed", "light:tilt": "-90", "support": "pole"}, "geohash": "tunbms5rs"},{"type": "Feature", "geometry": {"type": "Point", "coordinates": [88.4883526, 22.567016]}, "properties": {"height": "10", "highway": "street_lamp", "lamp_mount": "bent_mast", "light:colour": "white", "light:count": "1", "light:direction": "135", "light:method": "LED", "light:shape": "directed", "light:tilt": "-90", "support": "pole"}, "geohash": "tunbms5q2"},{"type": "Feature", "geometry": {"type": "Point", "coordinates": [88.4883445, 22.5667633]}, "properties": {"height": "10", "highway": "street_lamp", "lamp_mount": "bent_mast", "light:colour": "white", "light:count": "1", "light:direction": "40", "light:method": "LED", "light:shape": "directed", "light:tilt": "-90", "support": "pole"}, "geohash": "tunbms5hz"},{"type": "Feature", "geometry": {"type": "Point", "coordinates": [88.4880669, 22.566689]}, "properties": {"height": "10", "highway": "street_lamp", "lamp_mount": "bent_mast", "light:colour": "white", "light:count": "1", "light:direction": "135", "light:method": "LED", "light:shape": "directed", "light:tilt": "-90", "support": "pole"}, "geohash": "tunbms5h3"},{"type": "Feature", "geometry": {"type": "Point", "coordinates": [88.4882024, 22.5668414]}, "properties": {"height": "10", "highway": "street_lamp", "lamp_mount": "bent_mast", "light:colour": "white", "light:count": "1", "light:direction": "135", "light:method": "LED", "light:shape": "directed", "light:tilt": "-90", "support": "pole"}, "geohash": "tunbms5jk"},{"type": "Feature", "geometry": {"type": "Point", "coordinates": [88.4891009, 22.5654085]}, "properties": {"height": "10", "highway": "street_lamp", "lamp_mount": "bent_mast", "light:colour": "white", "light:count": "1", "light:direction": "35", "light:method": "LED", "light:shape": "directed", "light:tilt": "-90", "support": "pole"}, "geohash": "tunbmegv1"},{"type": "Feature", "geometry": {"type": "Point", "coordinates": [88.4884197, 22.5659509]}, "properties": {"height": "10", "highway": "street_lamp", "lamp_mount": "bent_mast", "light:colour": "white", "light:count": "1", "light:direction": "40", "light:method": "LED", "light:shape": "directed", "light:tilt": "-90", "support": "pole"}, "geohash": "tunbms521"},{"type": "Feature", "geometry": {"type": "Point", "coordinates": [88.4881474, 22.5661639]}, "properties": {"height": "10", "highway": "street_lamp", "lamp_mount": "bent_mast", "light:colour": "white", "light:count": "1", "light:direction": "40", "light:method": "LED", "light:shape": "directed", "light:tilt": "-90", "support": "pole"}, "geohash": "tunbms517"},{"type": "Feature", "geometry": {"type": "Point", "coordinates": [88.4888998, 22.5655918]}, "properties": {"height": "10", "highway": "street_lamp", "lamp_mount": "bent_mast", "light:colour": "white", "light:count": "1", "light:direction": "35", "light:method": "LED", "light:shape": "directed", "light:tilt": "-90", "support": "pole"}, "geohash": "tunbmegwh"},{"type": "Feature", "geometry": {"type": "Point", "coordinates": [88.4886838, 22.5657454]}, "properties": {"height": "10", "highway": "street_lamp", "lamp_mount": "bent_mast", "light:colour": "white", "light:count": "1", "light:direction": "40", "light:method": "LED", "light:shape": "directed", "light:tilt": "-90", "support": "pole"}, "geohash": "tunbmegqz"},{"type": "Feature", "geometry": {"type": "Point", "coordinates": [88.4893665, 22.5652004]}, "properties": {"height": "10", "highway": "street_lamp", "lamp_mount": "bent_mast", "light:colour": "white", "light:count": "1", "light:direction": "35", "light:method": "LED", "light:shape": "directed", "light:tilt": "-90", "support": "pole"}, "geohash": "tunbmeggz"},{"type": "Feature", "geometry": {"type": "Point", "coordinates": [88.4879288, 22.5663249]}, "properties": {"height": "10", "highway": "street_lamp", "lamp_mount": "bent_mast", "light:colour": "white", "light:count": "1", "light:direction": "40", "light:method": "LED", "light:shape": "directed", "light:tilt": "-90", "support": "pole"}, "geohash": "tunbms4fq"},{"type": "Feature", "geometry": {"type": "Point", "coordinates": [88.4878296, 22.5664314]}, "properties": {"height": "10", "highway": "street_lamp", "lamp_mount": "bent_mast", "light:colour": "white", "light:count": "1", "light:direction": "135", "light:method": "LED", "light:shape": "directed", "light:tilt": "-90", "support": "pole"}, "geohash": "tunbms4fg"},{"type": "Feature", "geometry": {"type": "Point", "coordinates": [88.4876606, 22.5662605]}, "properties": {"height": "10", "highway": "street_lamp", "lamp_mount": "bent_mast", "light:colour": "white", "light:count": "1", "light:direction": "135", "light:method": "LED", "light:shape": "directed", "light:tilt": "-90", "support": "pole"}, "geohash": "tunbms49z"},{"type": "Feature", "geometry": {"type": "Point", "coordinates": [88.4874621, 22.5660376]}, "properties": {"height": "10", "highway": "street_lamp", "lamp_mount": "bent_mast", "light:colour": "white", "light:count": "1", "light:direction": "135", "light:method": "LED", "light:shape": "directed", "light:tilt": "-90", "support": "pole"}, "geohash": "tunbms48e"},{"type": "Feature", "geometry": {"type": "Point", "coordinates": [88.487505, 22.5658593]}, "properties": {"height": "10", "highway": "street_lamp", "lamp_mount": "bent_mast", "light:colour": "white", "light:count": "1", "light:direction": "40", "light:method": "LED", "light:shape": "directed", "light:tilt": "-90", "support": "pole"}, "geohash": "tunbmefxs"},{"type": "Feature", "geometry": {"type": "Point", "coordinates": [88.4871054, 22.5656587]}, "properties": {"height": "10", "highway": "street_lamp", "lamp_mount": "bent_mast", "light:colour": "white", "light:count": "1", "light:direction": "135", "light:method": "LED", "light:shape": "directed", "light:tilt": "-90", "support": "pole"}, "geohash": "tunbmefq7"},{"type": "Feature", "geometry": {"type": "Point", "coordinates": [88.4867164, 22.5652426]}, "properties": {"height": "10", "highway": "street_lamp", "lamp_mount": "bent_mast", "light:colour": "white", "light:count": "1", "light:direction": "135", "light:method": "LED", "light:shape": "directed", "light:tilt": "-90", "support": "pole"}, "geohash": "tunbmefh1"},{"type": "Feature", "geometry": {"type": "Point", "coordinates": [88.4869069, 22.5654432]}, "properties": {"height": "10", "highway": "street_lamp", "lamp_mount": "bent_mast", "light:colour": "white", "light:count": "1", "light:direction": "135", "light:method": "LED", "light:shape": "directed", "light:tilt": "-90", "support": "pole"}, "geohash": "tunbmefjn"},{"type": "Feature", "geometry": {"type": "Point", "coordinates": [88.4872784, 22.5658308]}, "properties": {"height": "10", "highway": "street_lamp", "lamp_mount": "bent_mast", "light:colour": "white", "light:count": "1", "light:direction": "135", "light:method": "LED", "light:shape": "directed", "light:tilt": "-90", "support": "pole"}, "geohash": "tunbmefrr"},{"type": "Feature", "geometry": {"type": "Point", "coordinates": [88.4864992, 22.5650271]}, "properties": {"height": "10", "highway": "street_lamp", "lamp_mount": "bent_mast", "light:colour": "white", "light:count": "1", "light:direction": "135", "light:method": "LED", "light:shape": "directed", "light:tilt": "-90", "support": "pole"}, "geohash": "tunbmecfu"},{"type": "Feature", "geometry": {"type": "Point", "coordinates": [88.4866695, 22.5648933]}, "properties": {"height": "10", "highway": "street_lamp", "lamp_mount": "bent_mast", "light:colour": "white", "light:count": "1", "light:direction": "35", "light:method": "LED", "light:shape": "directed", "light:tilt": "-90", "support": "pole"}, "geohash": "tunbmef40"},{"type": "Feature", "geometry": {"type": "Point", "coordinates": [88.486809, 22.5647695]}, "properties": {"height": "10", "highway": "street_lamp", "lamp_mount": "bent_mast", "light:colour": "white", "light:count": "1", "light:direction": "35", "light:method": "LED", "light:shape": "directed", "light:tilt": "-90", "support": "pole"}, "geohash": "tunbmef1k"},{"type": "Feature", "geometry": {"type": "Point", "coordinates": [88.4869646, 22.5646506]}, "properties": {"height": "10", "highway": "street_lamp", "lamp_mount": "bent_mast", "light:colour": "white", "light:count": "1", "light:direction": "35", "light:method": "LED", "light:shape": "directed", "light:tilt": "-90", "support": "pole"}, "geohash": "tunbmef0x"},{"type": "Feature", "geometry": {"type": "Point", "coordinates": [88.4871912, 22.5644648]}, "properties": {"height": "10", "highway": "street_lamp", "lamp_mount": "bent_mast", "light:colour": "white", "light:count": "1", "light:direction": "35", "light:method": "LED", "light:shape": "directed", "light:tilt": "-90", "support": "pole"}, "geohash": "tunbmedrs"},{"type": "Feature", "geometry": {"type": "Point", "coordinates": [88.4883016, 22.5636747]}, "properties": {"height": "10", "highway": "street_lamp", "lamp_mount": "bent_mast", "light:colour": "white", "light:count": "1", "light:direction": "35", "light:method": "LED", "light:shape": "directed", "light:tilt": "-90", "support": "pole"}, "geohash": "tunbmee4y"},{"type": "Feature", "geometry": {"type": "Point", "coordinates": [88.488028, 22.5638481]}, "properties": {"height": "10", "highway": "street_lamp", "lamp_mount": "bent_mast", "light:colour": "white", "light:count": "1", "light:direction": "35", "light:method": "LED", "light:shape": "directed", "light:tilt": "-90", "support": "pole"}, "geohash": "tunbmee5b"},{"type": "Feature", "geometry": {"type": "Point", "coordinates": [88.487725, 22.5640264]}, "properties": {"height": "10", "highway": "street_lamp", "lamp_mount": "bent_mast", "light:colour": "white", "light:count": "1", "light:direction": "35", "light:method": "LED", "light:shape": "directed", "light:tilt": "-90", "support": "pole"}, "geohash": "tunbmeduc"},{"type": "Feature", "geometry": {"type": "Point", "coordinates": [88.4874862, 22.5642147]}, "properties": {"height": "10", "highway": "street_lamp", "lamp_mount": "bent_mast", "light:colour": "white", "light:count": "1", "light:direction": "35", "light:method": "LED", "light:shape": "directed", "light:tilt": "-90", "support": "pole"}, "geohash": "tunbmedw5"},{"type": "Feature", "geometry": {"type": "Point", "coordinates": [88.4886718, 22.5634939]}, "properties": {"height": "10", "highway": "street_lamp", "lamp_mount": "bent_mast", "light:colour": "white", "light:count": "1", "light:direction": "35", "light:method": "LED", "light:shape": "directed", "light:tilt": "-90", "support": "pole"}, "geohash": "tunbmee3z"},{"type": "Feature", "geometry": {"type": "Point", "coordinates": [88.4888703, 22.5634022]}, "properties": {"height": "10", "highway": "street_lamp", "lamp_mount": "bent_mast", "light:colour": "white", "light:count": "1", "light:direction": "35", "light:method": "LED", "light:shape": "directed", "light:tilt": "-90", "support": "pole"}, "geohash": "tunbmee9k"},{"type": "Feature", "geometry": {"type": "Point", "coordinates": [88.4891653, 22.5632264]}, "properties": {"height": "10", "highway": "street_lamp", "lamp_mount": "bent_mast", "light:colour": "white", "light:count": "1", "light:direction": "35", "light:method": "LED", "light:shape": "directed", "light:tilt": "-90", "support": "pole"}, "geohash": "tunbmeeb6"},{"type": "Feature", "geometry": {"type": "Point", "coordinates": [88.4893799, 22.5631025]}, "properties": {"height": "10", "highway": "street_lamp", "lamp_mount": "bent_mast", "light:colour": "white", "light:count": "1", "light:direction": "35", "light:method": "LED", "light:shape": "directed", "light:tilt": "-90", "support": "pole"}, "geohash": "tunbmekp8"},{"type": "Feature", "geometry": {"type": "Point", "coordinates": [88.4896883, 22.5629737]}, "properties": {"height": "10", "highway": "street_lamp", "lamp_mount": "bent_mast", "light:colour": "white", "light:count": "1", "light:direction": "35", "light:method": "LED", "light:shape": "directed", "light:tilt": "-90", "support": "pole"}, "geohash": "tunbmeknz"},{"type": "Feature", "geometry": {"type": "Point", "coordinates": [88.4899673, 22.5628078]}, "properties": {"height": "10", "highway": "street_lamp", "lamp_mount": "bent_mast", "light:colour": "white", "light:count": "1", "light:direction": "35", "light:method": "LED", "light:shape": "directed", "light:tilt": "-90", "support": "pole"}, "geohash": "tunbmekmv"},{"type": "Feature", "geometry": {"type": "Point", "coordinates": [88.4901094, 22.5628103]}, "properties": {"height": "10", "highway": "street_lamp", "lamp_mount": "bent_mast", "light:colour": "white", "light:count": "1", "light:direction": "210", "light:method": "LED", "light:shape": "directed", "light:tilt": "-90", "support": "pole"}, "geohash": "tunbmektb"},{"type": "Feature", "geometry": {"type": "Point", "coordinates": [88.4902301, 22.5629836]}, "properties": {"height": "10", "highway": "street_lamp", "lamp_mount": "bent_mast", "light:colour": "white", "light:count": "1", "light:direction": "210", "light:method": "LED", "light:shape": "directed", "light:tilt": "-90", "support": "pole"}, "geohash": "tunbmekwg"},{"type": "Feature", "geometry": {"type": "Point", "coordinates": [88.4923263, 22.5650073]}, "properties": {"height": "10", "highway": "street_lamp", "lamp_mount": "bent_mast", "light:colour": "white", "light:count": "1", "light:direction": "210", "light:method": "LED", "light:shape": "directed", "light:tilt": "-90", "support": "pole"}, "geohash": "tunbmey4s"},{"type": "Feature", "geometry": {"type": "Point", "coordinates": [88.4921278, 22.5651199]}, "properties": {"height": "10", "highway": "street_lamp", "lamp_mount": "bent_mast", "light:colour": "white", "light:count": "1", "light:direction": "210", "light:method": "LED", "light:shape": "directed", "light:tilt": "-90", "support": "pole"}, "geohash": "tunbmey52"},{"type": "Feature", "geometry": {"type": "Point", "coordinates": [88.4920849, 22.5649528]}, "properties": {"height": "10", "highway": "street_lamp", "lamp_mount": "bent_mast", "light:colour": "white", "light:count": "1", "light:direction": "120", "light:method": "LED", "light:shape": "directed", "light:tilt": "-90", "support": "pole"}, "geohash": "tunbmevfr"},{"type": "Feature", "geometry": {"type": "Point", "coordinates": [88.4919937, 22.5647843]}, "properties": {"height": "10", "highway": "street_lamp", "lamp_mount": "bent_mast", "light:colour": "white", "light:count": "1", "light:direction": "120", "light:method": "LED", "light:shape": "directed", "light:tilt": "-90", "support": "pole"}, "geohash": "tunbmevck"},{"type": "Feature", "geometry": {"type": "Point", "coordinates": [88.4919025, 22.5646209]}, "properties": {"height": "10", "highway": "street_lamp", "lamp_mount": "bent_mast", "light:colour": "white", "light:count": "1", "light:direction": "120", "light:method": "LED", "light:shape": "directed", "light:tilt": "-90", "support": "pole"}, "geohash": "tunbmevb6"},{"type": "Feature", "geometry": {"type": "Point", "coordinates": [88.491755, 22.5644116]}, "properties": {"height": "10", "highway": "street_lamp", "lamp_mount": "bent_mast", "light:colour": "white", "light:count": "1", "light:direction": "120", "light:method": "LED", "light:shape": "directed", "light:tilt": "-90", "support": "pole"}, "geohash": "tunbmetxp"},{"type": "Feature", "geometry": {"type": "Point", "coordinates": [88.4916182, 22.5641874]}, "properties": {"height": "10", "highway": "street_lamp", "lamp_mount": "bent_mast", "light:colour": "white", "light:count": "1", "light:direction": "120", "light:method": "LED", "light:shape": "directed", "light:tilt": "-90", "support": "pole"}, "geohash": "tunbmettu"},{"type": "Feature", "geometry": {"type": "Point", "coordinates": [88.491586, 22.5640871]}, "properties": {"height": "10", "highway": "street_lamp", "lamp_mount": "bent_mast", "light:colour": "white", "light:count": "1", "light:direction": "30", "light:method": "LED", "light:shape": "directed", "light:tilt": "-90", "support": "pole"}, "geohash": "tunbmett7"},{"type": "Feature", "geometry": {"type": "Point", "coordinates": [88.4913245, 22.5642283]}, "properties": {"height": "10", "highway": "street_lamp", "lamp_mount": "bent_mast", "light:colour": "white", "light:count": "1", "light:direction": "30", "light:method": "LED", "light:shape": "directed", "light:tilt": "-90", "support": "pole"}, "geohash": "tunbmetqj"},{"type": "Feature", "geometry": {"type": "Point", "coordinates": [88.4919488, 22.5652803]}, "properties": {"height": "10", "highway": "street_lamp", "lamp_mount": "bent_mast", "light:colour": "white", "light:count": "1", "light:direction": "120", "light:method": "LED", "light:shape": "directed", "light:tilt": "-90", "support": "pole"}, "geohash": "tunbmevu7"},{"type": "Feature", "geometry": {"type": "Point", "coordinates": [88.4919166, 22.5652357]}, "properties": {"height": "10", "highway": "street_lamp", "lamp_mount": "bent_mast", "light:colour": "white", "light:count": "1", "light:direction": "210", "light:method": "LED", "light:shape": "directed", "light:tilt": "-90", "support": "pole"}, "geohash": "tunbmevu5"},{"type": "Feature", "geometry": {"type": "Point", "coordinates": [88.4915605, 22.5655212]}, "properties": {"height": "10", "highway": "street_lamp", "lamp_mount": "bent_mast", "light:colour": "white", "light:count": "1", "light:direction": "300", "light:method": "LED", "light:shape": "directed", "light:tilt": "-90", "support": "pole"}, "geohash": "tunbmevtd"},{"type": "Feature", "geometry": {"type": "Point", "coordinates": [88.4915364, 22.5654531]}, "properties": {"height": "10", "highway": "street_lamp", "lamp_mount": "bent_mast", "light:colour": "white", "light:count": "1", "light:direction": "210", "light:method": "LED", "light:shape": "directed", "light:tilt": "-90", "support": "pole"}, "geohash": "tunbmevt6"},{"type": "Feature", "geometry": {"type": "Point", "coordinates": [88.4917188, 22.5653416]}, "properties": {"height": "10", "highway": "street_lamp", "lamp_mount": "bent_mast", "light:colour": "white", "light:count": "1", "light:direction": "210", "light:method": "LED", "light:shape": "directed", "light:tilt": "-90", "support": "pole"}, "geohash": "tunbmevsw"},{"type": "Feature", "geometry": {"type": "Point", "coordinates": [88.4916517, 22.5652178]}, "properties": {"height": "10", "highway": "street_lamp", "lamp_mount": "bent_mast", "light:colour": "white", "light:count": "1", "light:direction": "295", "light:method": "LED", "light:shape": "directed", "light:tilt": "-90", "support": "pole"}, "geohash": "tunbmeveu"},{"type": "Feature", "geometry": {"type": "Point", "coordinates": [88.491535, 22.5650147]}, "properties": {"height": "10", "highway": "street_lamp", "lamp_mount": "bent_mast", "light:colour": "white", "light:count": "1", "light:direction": "295", "light:method": "LED", "light:shape": "directed", "light:tilt": "-90", "support": "pole"}, "geohash": "tunbmevdd"},{"type": "Feature", "geometry": {"type": "Point", "coordinates": [88.4914184, 22.5648388]}, "properties": {"height": "10", "highway": "street_lamp", "lamp_mount": "bent_mast", "light:colour": "white", "light:count": "1", "light:direction": "295", "light:method": "LED", "light:shape": "directed", "light:tilt": "-90", "support": "pole"}, "geohash": "tunbmev3x"},{"type": "Feature", "geometry": {"type": "Point", "coordinates": [88.4898312, 22.5653652]}, "properties": {"height": "10", "highway": "street_lamp", "lamp_mount": "bent_mast", "light:colour": "white", "light:count": "1", "light:direction": "35", "light:method": "LED", "light:shape": "directed", "light:tilt": "-90", "support": "pole"}, "geohash": "tunbmeukf"},{"type": "Feature", "geometry": {"type": "Point", "coordinates": [88.4900726, 22.5652376]}, "properties": {"height": "10", "highway": "street_lamp", "lamp_mount": "bent_mast", "light:colour": "white", "light:count": "1", "light:direction": "35", "light:method": "LED", "light:shape": "directed", "light:tilt": "-90", "support": "pole"}, "geohash": "tunbmeus0"},{"type": "Feature", "geometry": {"type": "Point", "coordinates": [88.4903287, 22.5650989]}, "properties": {"height": "10", "highway": "street_lamp", "lamp_mount": "bent_mast", "light:colour": "white", "light:count": "1", "light:direction": "35", "light:method": "LED", "light:shape": "directed", "light:tilt": "-90", "support": "pole"}, "geohash": "tunbmeuen"},{"type": "Feature", "geometry": {"type": "Point", "coordinates": [88.4905674, 22.5649726]}, "properties": {"height": "10", "highway": "street_lamp", "lamp_mount": "bent_mast", "light:colour": "white", "light:count": "1", "light:direction": "35", "light:method": "LED", "light:shape": "directed", "light:tilt": "-90", "support": "pole"}, "geohash": "tunbmeuf7"},{"type": "Feature", "geometry": {"type": "Point", "coordinates": [88.4908598, 22.5648091]}, "properties": {"height": "10", "highway": "street_lamp", "lamp_mount": "bent_mast", "light:colour": "white", "light:count": "1", "light:direction": "35", "light:method": "LED", "light:shape": "directed", "light:tilt": "-90", "support": "pole"}, "geohash": "tunbmev1d"},{"type": "Feature", "geometry": {"type": "Point", "coordinates": [88.491124, 22.5646667]}, "properties": {"height": "10", "highway": "street_lamp", "lamp_mount": "bent_mast", "light:colour": "white", "light:count": "1", "light:direction": "35", "light:method": "LED", "light:shape": "directed", "light:tilt": "-90", "support": "pole"}, "geohash": "tunbmev28"},{"type": "Feature", "geometry": {"type": "Point", "coordinates": [88.4912722, 22.5646184]}, "properties": {"height": "10", "highway": "street_lamp", "lamp_mount": "bent_mast", "light:colour": "white", "light:count": "1", "light:direction": "295", "light:method": "LED", "light:shape": "directed", "light:tilt": "-90", "support": "pole"}, "geohash": "tunbmev2k"},{"type": "Feature", "geometry": {"type": "Point", "coordinates": [88.491132, 22.5643292]}, "properties": {"height": "10", "highway": "street_lamp", "lamp_mount": "bent_mast", "light:colour": "white", "light:count": "1", "light:direction": "30", "light:method": "LED", "light:shape": "directed", "light:tilt": "-90", "support": "pole"}, "geohash": "tunbmetq8"},{"type": "Feature", "geometry": {"type": "Point", "coordinates": [88.4910911, 22.5643329]}, "properties": {"height": "10", "highway": "street_lamp", "lamp_mount": "bent_mast", "light:colour": "white", "light:count": "1", "light:direction": "295", "light:method": "LED", "light:shape": "directed", "light:tilt": "-90", "support": "pole"}, "geohash": "tunbmetnz"},{"type": "Feature", "geometry": {"type": "Point", "coordinates": [88.4900538, 22.5647137]}, "properties": {"height": "10", "highway": "street_lamp", "lamp_mount": "bent_mast", "light:colour": "white", "light:count": "1", "light:direction": "210", "light:method": "LED", "light:shape": "directed", "light:tilt": "-90", "support": "pole"}, "geohash": "tunbmeu2z"},{"type": "Feature", "geometry": {"type": "Point", "coordinates": [88.4903515, 22.5645527]}, "properties": {"height": "10", "highway": "street_lamp", "lamp_mount": "bent_mast", "light:colour": "white", "light:count": "1", "light:direction": "210", "light:method": "LED", "light:shape": "directed", "light:tilt": "-90", "support": "pole"}, "geohash": "tunbmeu8n"},{"type": "Feature", "geometry": {"type": "Point", "coordinates": [88.4905996, 22.5644215]}, "properties": {"height": "10", "highway": "street_lamp", "lamp_mount": "bent_mast", "light:colour": "white", "light:count": "1", "light:direction": "210", "light:method": "LED", "light:shape": "directed", "light:tilt": "-90", "support": "pole"}, "geohash": "tunbmeszk"},{"type": "Feature", "geometry": {"type": "Point", "coordinates": [88.4909148, 22.5642549]}, "properties": {"height": "10", "highway": "street_lamp", "lamp_mount": "bent_mast", "light:colour": "white", "light:count": "1", "light:direction": "210", "light:method": "LED", "light:shape": "directed", "light:tilt": "-90", "support": "pole"}, "geohash": "tunbmetn7"},{"type": "Feature", "geometry": {"type": "Point", "coordinates": [88.4909852, 22.5641527]}, "properties": {"height": "10", "highway": "street_lamp", "lamp_mount": "bent_mast", "light:colour": "white", "light:count": "1", "light:direction": "295", "light:method": "LED", "light:shape": "directed", "light:tilt": "-90", "support": "pole"}, "geohash": "tunbmetjt"},{"type": "Feature", "geometry": {"type": "Point", "coordinates": [88.4908611, 22.5639564]}, "properties": {"height": "10", "highway": "street_lamp", "lamp_mount": "bent_mast", "light:colour": "white", "light:count": "1", "light:direction": "295", "light:method": "LED", "light:shape": "directed", "light:tilt": "-90", "support": "pole"}, "geohash": "tunbmethd"},{"type": "Feature", "geometry": {"type": "Point", "coordinates": [88.4893544, 22.5645168]}, "properties": {"height": "10", "highway": "street_lamp", "lamp_mount": "bent_mast", "light:colour": "white", "light:count": "1", "light:direction": "210", "light:method": "LED", "light:shape": "directed", "light:tilt": "-90", "support": "pole"}, "geohash": "tunbmeezz"},{"type": "Feature", "geometry": {"type": "Point", "coordinates": [88.4895676, 22.564388]}, "properties": {"height": "10", "highway": "street_lamp", "lamp_mount": "bent_mast", "light:colour": "white", "light:count": "1", "light:direction": "210", "light:method": "LED", "light:shape": "directed", "light:tilt": "-90", "support": "pole"}, "geohash": "tunbmesph"},{"type": "Feature", "geometry": {"type": "Point", "coordinates": [88.4897876, 22.5642766]}, "properties": {"height": "10", "highway": "street_lamp", "lamp_mount": "bent_mast", "light:colour": "white", "light:count": "1", "light:direction": "210", "light:method": "LED", "light:shape": "directed", "light:tilt": "-90", "support": "pole"}, "geohash": "tunbmesq3"},{"type": "Feature", "geometry": {"type": "Point", "coordinates": [88.4900853, 22.5641156]}, "properties": {"height": "10", "highway": "street_lamp", "lamp_mount": "bent_mast", "light:colour": "white", "light:count": "1", "light:direction": "210", "light:method": "LED", "light:shape": "directed", "light:tilt": "-90", "support": "pole"}, "geohash": "tunbmest8"},{"type": "Feature", "geometry": {"type": "Point", "coordinates": [88.4903334, 22.5639843]}, "properties": {"height": "10", "highway": "street_lamp", "lamp_mount": "bent_mast", "light:colour": "white", "light:count": "1", "light:direction": "210", "light:method": "LED", "light:shape": "directed", "light:tilt": "-90", "support": "pole"}, "geohash": "tunbmessw"},{"type": "Feature", "geometry": {"type": "Point", "coordinates": [88.4906345, 22.5638227]}, "properties": {"height": "10", "highway": "street_lamp", "lamp_mount": "bent_mast", "light:colour": "white", "light:count": "1", "light:direction": "210", "light:method": "LED", "light:shape": "directed", "light:tilt": "-90", "support": "pole"}, "geohash": "tunbmesgv"},{"type": "Feature", "geometry": {"type": "Point", "coordinates": [88.490717, 22.5637248]}, "properties": {"height": "10", "highway": "street_lamp", "lamp_mount": "bent_mast", "light:colour": "white", "light:count": "1", "light:direction": "295", "light:method": "LED", "light:shape": "directed", "light:tilt": "-90", "support": "pole"}, "geohash": "tunbmesgp"},{"type": "Feature", "geometry": {"type": "Point", "coordinates": [88.4905855, 22.5635248]}, "properties": {"height": "10", "highway": "street_lamp", "lamp_mount": "bent_mast", "light:colour": "white", "light:count": "1", "light:direction": "295", "light:method": "LED", "light:shape": "directed", "light:tilt": "-90", "support": "pole"}, "geohash": "tunbmesfh"},{"type": "Feature", "geometry": {"type": "Point", "coordinates": [88.4904709, 22.5633558]}, "properties": {"height": "10", "highway": "street_lamp", "lamp_mount": "bent_mast", "light:colour": "white", "light:count": "1", "light:direction": "295", "light:method": "LED", "light:shape": "directed", "light:tilt": "-90", "support": "pole"}, "geohash": "tunbmesc1"},{"type": "Feature", "geometry": {"type": "Point", "coordinates": [88.4903629, 22.5631756]}, "properties": {"height": "10", "highway": "street_lamp", "lamp_mount": "bent_mast", "light:colour": "white", "light:count": "1", "light:direction": "295", "light:method": "LED", "light:shape": "directed", "light:tilt": "-90", "support": "pole"}, "geohash": "tunbmes8n"},{"type": "Feature", "geometry": {"type": "Point", "coordinates": [88.4889776, 22.564019]}, "properties": {"height": "10", "highway": "street_lamp", "lamp_mount": "bent_mast", "light:colour": "white", "light:count": "1", "light:direction": "35", "light:method": "LED", "light:shape": "directed", "light:tilt": "-90", "support": "pole"}, "geohash": "tunbmeesy"},{"type": "Feature", "geometry": {"type": "Point", "coordinates": [88.4892149, 22.5638964]}, "properties": {"height": "10", "highway": "street_lamp", "lamp_mount": "bent_mast", "light:colour": "white", "light:count": "1", "light:direction": "35", "light:method": "LED", "light:shape": "directed", "light:tilt": "-90", "support": "pole"}, "geohash": "tunbmeeuh"},{"type": "Feature", "geometry": {"type": "Point", "coordinates": [88.4894684, 22.5637515]}, "properties": {"height": "10", "highway": "street_lamp", "lamp_mount": "bent_mast", "light:colour": "white", "light:count": "1", "light:direction": "35", "light:method": "LED", "light:shape": "directed", "light:tilt": "-90", "support": "pole"}, "geohash": "tunbmes56"},{"type": "Feature", "geometry": {"type": "Point", "coordinates": [88.490261, 22.5633032]}, "properties": {"height": "10", "highway": "street_lamp", "lamp_mount": "bent_mast", "light:colour": "white", "light:count": "1", "light:direction": "35", "light:method": "LED", "light:shape": "directed", "light:tilt": "-90", "support": "pole"}, "geohash": "tunbmes8u"},{"type": "Feature", "geometry": {"type": "Point", "coordinates": [88.4899954, 22.5634369]}, "properties": {"height": "10", "highway": "street_lamp", "lamp_mount": "bent_mast", "light:colour": "white", "light:count": "1", "light:direction": "35", "light:method": "LED", "light:shape": "directed", "light:tilt": "-90", "support": "pole"}, "geohash": "tunbmes3w"},{"type": "Feature", "geometry": {"type": "Point", "coordinates": [88.4897044, 22.5636177]}, "properties": {"height": "10", "highway": "street_lamp", "lamp_mount": "bent_mast", "light:colour": "white", "light:count": "1", "light:direction": "35", "light:method": "LED", "light:shape": "directed", "light:tilt": "-90", "support": "pole"}, "geohash": "tunbmes4x"},{"type": "Feature", "geometry": {"type": "Point", "coordinates": [88.4889923, 22.5678829]}, "properties": {"height": "10", "highway": "street_lamp", "lamp_mount": "bent_mast", "light:colour": "white", "light:count": "1", "light:direction": "75", "light:method": "LED", "light:shape": "directed", "light:tilt": "-90", "support": "pole"}, "geohash": "tunbms7eq"},{"type": "Feature", "geometry": {"type": "Point", "coordinates": [88.4889226, 22.5681764]}, "properties": {"height": "10", "highway": "street_lamp", "lamp_mount": "bent_mast", "light:colour": "white", "light:count": "1", "light:direction": "90", "light:method": "LED", "light:shape": "directed", "light:tilt": "-90", "support": "pole"}, "geohash": "tunbms7tj"},{"type": "Feature", "geometry": {"type": "Point", "coordinates": [88.4890808, 22.5683832]}, "properties": {"height": "10", "highway": "street_lamp", "lamp_mount": "bent_mast", "light:colour": "white", "light:count": "1", "light:direction": "130", "light:method": "LED", "light:shape": "directed", "light:tilt": "-90", "support": "pole"}, "geohash": "tunbms7y3"},{"type": "Feature", "geometry": {"type": "Point", "coordinates": [88.4892619, 22.5685132]}, "properties": {"height": "10", "highway": "street_lamp", "lamp_mount": "bent_mast", "light:colour": "white", "light:count": "1", "light:direction": "130", "light:method": "LED", "light:shape": "directed", "light:tilt": "-90", "support": "pole"}, "geohash": "tunbms7zj"},{"type": "Feature", "geometry": {"type": "Point", "coordinates": [88.4893645, 22.5686792]}, "properties": {"height": "10", "highway": "street_lamp", "lamp_mount": "bent_mast", "light:colour": "white", "light:count": "1", "light:direction": "110", "light:method": "LED", "light:shape": "directed", "light:tilt": "-90", "support": "pole"}, "geohash": "tunbmsebp"},{"type": "Feature", "geometry": {"type": "Point", "coordinates": [88.4897299, 22.5692464]}, "properties": {"height": "10", "highway": "street_lamp", "lamp_mount": "bent_mast", "light:colour": "white", "light:count": "1", "light:direction": "125", "light:method": "LED", "light:shape": "directed", "light:tilt": "-90", "support": "pole"}, "geohash": "tunbmss72"},{"type": "Feature", "geometry": {"type": "Point", "coordinates": [88.4895878, 22.5691039]}, "properties": {"height": "10", "highway": "street_lamp", "lamp_mount": "bent_mast", "light:colour": "white", "light:count": "1", "light:direction": "125", "light:method": "LED", "light:shape": "directed", "light:tilt": "-90", "support": "pole"}, "geohash": "tunbmss4s"},{"type": "Feature", "geometry": {"type": "Point", "coordinates": [88.4894697, 22.5689603]}, "properties": {"height": "10", "highway": "street_lamp", "lamp_mount": "bent_mast", "light:colour": "white", "light:count": "1", "light:direction": "125", "light:method": "LED", "light:shape": "directed", "light:tilt": "-90", "support": "pole"}, "geohash": "tunbmss1d"},{"type": "Feature", "geometry": {"type": "Point", "coordinates": [88.4898841, 22.5693987]}, "properties": {"height": "10", "highway": "street_lamp", "lamp_mount": "bent_mast", "light:colour": "white", "light:count": "1", "light:direction": "125", "light:method": "LED", "light:shape": "directed", "light:tilt": "-90", "support": "pole"}, "geohash": "tunbmssk7"},{"type": "Feature", "geometry": {"type": "Point", "coordinates": [88.4900465, 22.5694705]}, "properties": {"height": "10", "highway": "street_lamp", "lamp_mount": "bent_mast", "light:colour": "white", "light:count": "1", "light:direction": "170", "light:method": "LED", "light:shape": "directed", "light:tilt": "-90", "support": "pole"}, "geohash": "tunbmsskx"},{"type": "Feature", "geometry": {"type": "Point", "coordinates": [88.4902503, 22.5693628]}, "properties": {"height": "10", "highway": "street_lamp", "lamp_mount": "bent_mast", "light:colour": "white", "light:count": "1", "light:direction": "215", "light:method": "LED", "light:shape": "directed", "light:tilt": "-90", "support": "pole"}, "geohash": "tunbmsssh"},{"type": "Feature", "geometry": {"type": "Point", "coordinates": [88.4904259, 22.5692253]}, "properties": {"height": "10", "highway": "street_lamp", "lamp_mount": "bent_mast", "light:colour": "white", "light:count": "1", "light:direction": "215", "light:method": "LED", "light:shape": "directed", "light:tilt": "-90", "support": "pole"}, "geohash": "tunbmssg2"},{"type": "Feature", "geometry": {"type": "Point", "coordinates": [88.4908015, 22.569021]}, "properties": {"height": "10", "highway": "street_lamp", "lamp_mount": "bent_mast", "light:colour": "white", "light:count": "1", "light:direction": "125", "light:method": "LED", "light:shape": "directed", "light:tilt": "-90", "support": "pole"}, "geohash": "tunbmst41"},{"type": "Feature", "geometry": {"type": "Point", "coordinates": [88.4905909, 22.569099]}, "properties": {"height": "10", "highway": "street_lamp", "lamp_mount": "bent_mast", "light:colour": "white", "light:count": "1", "light:direction": "215", "light:method": "LED", "light:shape": "directed", "light:tilt": "-90", "support": "pole"}, "geohash": "tunbmssfs"},{"type": "Feature", "geometry": {"type": "Point", "coordinates": [88.4908873, 22.5688612]}, "properties": {"height": "10", "highway": "street_lamp", "lamp_mount": "bent_mast", "light:colour": "white", "light:count": "1", "light:direction": "215", "light:method": "LED", "light:shape": "directed", "light:tilt": "-90", "support": "pole"}, "geohash": "tunbmst15"},{"type": "Feature", "geometry": {"type": "Point", "coordinates": [88.4910683, 22.56872]}, "properties": {"height": "10", "highway": "street_lamp", "lamp_mount": "bent_mast", "light:colour": "white", "light:count": "1", "light:direction": "215", "light:method": "LED", "light:shape": "directed", "light:tilt": "-90", "support": "pole"}, "geohash": "tunbmst0r"},{"type": "Feature", "geometry": {"type": "Point", "coordinates": [88.4912574, 22.56859]}, "properties": {"height": "10", "highway": "street_lamp", "lamp_mount": "bent_mast", "light:colour": "white", "light:count": "1", "light:direction": "215", "light:method": "LED", "light:shape": "directed", "light:tilt": "-90", "support": "pole"}, "geohash": "tunbmsmre"},{"type": "Feature", "geometry": {"type": "Point", "coordinates": [88.4913473, 22.5686086]}, "properties": {"height": "10", "highway": "street_lamp", "lamp_mount": "bent_mast", "light:colour": "white", "light:count": "1", "light:direction": "120", "light:method": "LED", "light:shape": "directed", "light:tilt": "-90", "support": "pole"}, "geohash": "tunbmsmrt"},{"type": "Feature", "geometry": {"type": "Point", "coordinates": [88.4915122, 22.5684439]}, "properties": {"height": "10", "highway": "street_lamp", "lamp_mount": "bent_mast", "light:colour": "white", "light:count": "1", "light:direction": "215", "light:method": "LED", "light:shape": "directed", "light:tilt": "-90", "support": "pole"}, "geohash": "tunbmsmw9"},{"type": "Feature", "geometry": {"type": "Point", "coordinates": [88.4917804, 22.5683683]}, "properties": {"height": "10", "highway": "street_lamp", "lamp_mount": "bent_mast", "light:colour": "white", "light:count": "1", "light:direction": "300", "light:method": "LED", "light:shape": "directed", "light:tilt": "-90", "support": "pole"}, "geohash": "tunbmsmwr"},{"type": "Feature", "geometry": {"type": "Point", "coordinates": [88.4917603, 22.5682965]}, "properties": {"height": "10", "highway": "street_lamp", "lamp_mount": "bent_mast", "light:colour": "white", "light:count": "1", "light:direction": "215", "light:method": "LED", "light:shape": "directed", "light:tilt": "-90", "support": "pole"}, "geohash": "tunbmsmtz"},{"type": "Feature", "geometry": {"type": "Point", "coordinates": [88.4919615, 22.568185]}, "properties": {"height": "10", "highway": "street_lamp", "lamp_mount": "bent_mast", "light:colour": "white", "light:count": "1", "light:direction": "215", "light:method": "LED", "light:shape": "directed", "light:tilt": "-90", "support": "pole"}, "geohash": "tunbmsmvh"},{"type": "Feature", "geometry": {"type": "Point", "coordinates": [88.4922016, 22.5679968]}, "properties": {"height": "10", "highway": "street_lamp", "lamp_mount": "bent_mast", "light:colour": "white", "light:count": "1", "light:direction": "215", "light:method": "LED", "light:shape": "directed", "light:tilt": "-90", "support": "pole"}, "geohash": "tunbmsqh1"},{"type": "Feature", "geometry": {"type": "Point", "coordinates": [88.4926428, 22.5677616]}, "properties": {"height": "10", "highway": "street_lamp", "lamp_mount": "bent_mast", "light:colour": "white", "light:count": "1", "light:direction": "215", "light:method": "LED", "light:shape": "directed", "light:tilt": "-90", "support": "pole"}, "geohash": "tunbmsq6s"},{"type": "Feature", "geometry": {"type": "Point", "coordinates": [88.4924858, 22.5678457]}, "properties": {"height": "10", "highway": "street_lamp", "lamp_mount": "bent_mast", "light:colour": "white", "light:count": "1", "light:direction": "215", "light:method": "LED", "light:shape": "directed", "light:tilt": "-90", "support": "pole"}, "geohash": "tunbmsq70"},{"type": "Feature", "geometry": {"type": "Point", "coordinates": [88.4923933, 22.5679497]}, "properties": {"height": "10", "highway": "street_lamp", "lamp_mount": "bent_mast", "light:colour": "white", "light:count": "1", "light:direction": "120", "light:method": "LED", "light:shape": "directed", "light:tilt": "-90", "support": "pole"}, "geohash": "tunbmsq5y"},{"type": "Feature", "geometry": {"type": "Point", "coordinates": [88.4921962, 22.5678531]}, "properties": {"height": "10", "highway": "street_lamp", "lamp_mount": "bent_mast", "light:colour": "white", "light:count": "1", "light:direction": "120", "light:method": "LED", "light:shape": "directed", "light:tilt": "-90", "support": "pole"}, "geohash": "tunbmsq53"},{"type": "Feature", "geometry": {"type": "Point", "coordinates": [88.4910777, 22.5680538]}, "properties": {"height": "10", "highway": "street_lamp", "lamp_mount": "bent_mast", "light:colour": "white", "light:count": "1", "light:direction": "215", "light:method": "LED", "light:shape": "directed", "light:tilt": "-90", "support": "pole"}, "geohash": "tunbmsmhr"},{"type": "Feature", "geometry": {"type": "Point", "coordinates": [88.4912501, 22.5679578]}, "properties": {"height": "10", "highway": "street_lamp", "lamp_mount": "bent_mast", "light:colour": "white", "light:count": "1", "light:direction": "215", "light:method": "LED", "light:shape": "directed", "light:tilt": "-90", "support": "pole"}, "geohash": "tunbmsm7g"},{"type": "Feature", "geometry": {"type": "Point", "coordinates": [88.4914056, 22.5678668]}, "properties": {"height": "10", "highway": "street_lamp", "lamp_mount": "bent_mast", "light:colour": "white", "light:count": "1", "light:direction": "215", "light:method": "LED", "light:shape": "directed", "light:tilt": "-90", "support": "pole"}, "geohash": "tunbmsm7r"},{"type": "Feature", "geometry": {"type": "Point", "coordinates": [88.491592, 22.5677665]}, "properties": {"height": "10", "highway": "street_lamp", "lamp_mount": "bent_mast", "light:colour": "white", "light:count": "1", "light:direction": "215", "light:method": "LED", "light:shape": "directed", "light:tilt": "-90", "support": "pole"}, "geohash": "tunbmsmdg"},{"type": "Feature", "geometry": {"type": "Point", "coordinates": [88.4917771, 22.5676748]}, "properties": {"height": "10", "highway": "street_lamp", "lamp_mount": "bent_mast", "light:colour": "white", "light:count": "1", "light:direction": "215", "light:method": "LED", "light:shape": "directed", "light:tilt": "-90", "support": "pole"}, "geohash": "tunbmsmdp"},{"type": "Feature", "geometry": {"type": "Point", "coordinates": [88.4919246, 22.56759]}, "properties": {"height": "10", "highway": "street_lamp", "lamp_mount": "bent_mast", "light:colour": "white", "light:count": "1", "light:direction": "215", "light:method": "LED", "light:shape": "directed", "light:tilt": "-90", "support": "pole"}, "geohash": "tunbmsmce"},{"type": "Feature", "geometry": {"type": "Point", "coordinates": [88.4920782, 22.5676922]}, "properties": {"height": "10", "highway": "street_lamp", "lamp_mount": "bent_mast", "light:colour": "white", "light:count": "1", "light:direction": "120", "light:method": "LED", "light:shape": "directed", "light:tilt": "-90", "support": "pole"}, "geohash": "tunbmsmfq"},{"type": "Feature", "geometry": {"type": "Point", "coordinates": [88.4918046, 22.5673033]}, "properties": {"height": "10", "highway": "street_lamp", "lamp_mount": "bent_mast", "light:colour": "white", "light:count": "1", "light:direction": "120", "light:method": "LED", "light:shape": "directed", "light:tilt": "-90", "support": "pole"}, "geohash": "tunbmsmb0"},{"type": "Feature", "geometry": {"type": "Point", "coordinates": [88.4919313, 22.5669894]}, "properties": {"height": "10", "highway": "street_lamp", "lamp_mount": "bent_mast", "light:colour": "white", "light:count": "1", "light:direction": "215", "light:method": "LED", "light:shape": "directed", "light:tilt": "-90", "support": "pole"}, "geohash": "tunbmsjy5"},{"type": "Feature", "geometry": {"type": "Point", "coordinates": [88.492111, 22.5668804]}, "properties": {"height": "10", "highway": "street_lamp", "lamp_mount": "bent_mast", "light:colour": "white", "light:count": "1", "light:direction": "215", "light:method": "LED", "light:shape": "directed", "light:tilt": "-90", "support": "pole"}, "geohash": "tunbmsjvx"},{"type": "Feature", "geometry": {"type": "Point", "coordinates": [88.4922907, 22.5667813]}, "properties": {"height": "10", "highway": "street_lamp", "lamp_mount": "bent_mast", "light:colour": "white", "light:count": "1", "light:direction": "215", "light:method": "LED", "light:shape": "directed", "light:tilt": "-90", "support": "pole"}, "geohash": "tunbmsnj5"},{"type": "Feature", "geometry": {"type": "Point", "coordinates": [88.4924463, 22.5666797]}, "properties": {"height": "10", "highway": "street_lamp", "lamp_mount": "bent_mast", "light:colour": "white", "light:count": "1", "light:direction": "215", "light:method": "LED", "light:shape": "directed", "light:tilt": "-90", "support": "pole"}, "geohash": "tunbmsnhr"},{"type": "Feature", "geometry": {"type": "Point", "coordinates": [88.4926113, 22.5665893]}, "properties": {"height": "10", "highway": "street_lamp", "lamp_mount": "bent_mast", "light:colour": "white", "light:count": "1", "light:direction": "215", "light:method": "LED", "light:shape": "directed", "light:tilt": "-90", "support": "pole"}, "geohash": "tunbmsn7g"},{"type": "Feature", "geometry": {"type": "Point", "coordinates": [88.4906593, 22.5671386]}, "properties": {"height": "10", "highway": "street_lamp", "lamp_mount": "bent_mast", "light:colour": "white", "light:count": "1", "light:direction": "215", "light:method": "LED", "light:shape": "directed", "light:tilt": "-90", "support": "pole"}, "geohash": "tunbmshzj"},{"type": "Feature", "geometry": {"type": "Point", "coordinates": [88.4908725, 22.5676129]}, "properties": {"height": "10", "highway": "street_lamp", "lamp_mount": "bent_mast", "light:colour": "white", "light:count": "1", "light:direction": "300", "light:method": "LED", "light:shape": "directed", "light:tilt": "-90", "support": "pole"}, "geohash": "tunbmsm1f"},{"type": "Feature", "geometry": {"type": "Point", "coordinates": [88.4909637, 22.5675312]}, "properties": {"height": "10", "highway": "street_lamp", "lamp_mount": "bent_mast", "light:colour": "white", "light:count": "1", "light:direction": "215", "light:method": "LED", "light:shape": "directed", "light:tilt": "-90", "support": "pole"}, "geohash": "tunbmsm1k"},{"type": "Feature", "geometry": {"type": "Point", "coordinates": [88.4911193, 22.5674401]}, "properties": {"height": "10", "highway": "street_lamp", "lamp_mount": "bent_mast", "light:colour": "white", "light:count": "1", "light:direction": "215", "light:method": "LED", "light:shape": "directed", "light:tilt": "-90", "support": "pole"}, "geohash": "tunbmsm2b"},{"type": "Feature", "geometry": {"type": "Point", "coordinates": [88.4913057, 22.5673398]}, "properties": {"height": "10", "highway": "street_lamp", "lamp_mount": "bent_mast", "light:colour": "white", "light:count": "1", "light:direction": "215", "light:method": "LED", "light:shape": "directed", "light:tilt": "-90", "support": "pole"}, "geohash": "tunbmsm2k"},{"type": "Feature", "geometry": {"type": "Point", "coordinates": [88.4914908, 22.5672482]}, "properties": {"height": "10", "highway": "street_lamp", "lamp_mount": "bent_mast", "light:colour": "white", "light:count": "1", "light:direction": "215", "light:method": "LED", "light:shape": "directed", "light:tilt": "-90", "support": "pole"}, "geohash": "tunbmsjx9"},{"type": "Feature", "geometry": {"type": "Point", "coordinates": [88.4916437, 22.5671733]}, "properties": {"height": "10", "highway": "street_lamp", "lamp_mount": "bent_mast", "light:colour": "white", "light:count": "1", "light:direction": "215", "light:method": "LED", "light:shape": "directed", "light:tilt": "-90", "support": "pole"}, "geohash": "tunbmsjxk"},{"type": "Feature", "geometry": {"type": "Point", "coordinates": [88.4918408, 22.5670445]}, "properties": {"height": "10", "highway": "street_lamp", "lamp_mount": "bent_mast", "light:colour": "white", "light:count": "1", "light:direction": "215", "light:method": "LED", "light:shape": "directed", "light:tilt": "-90", "support": "pole"}, "geohash": "tunbmsjy9"},{"type": "Feature", "geometry": {"type": "Point", "coordinates": [88.4916222, 22.5670469]}, "properties": {"height": "10", "highway": "street_lamp", "lamp_mount": "bent_mast", "light:colour": "white", "light:count": "1", "light:direction": "120", "light:method": "LED", "light:shape": "directed", "light:tilt": "-90", "support": "pole"}, "geohash": "tunbmsjws"},{"type": "Feature", "geometry": {"type": "Point", "coordinates": [88.4914854, 22.5668451]}, "properties": {"height": "10", "highway": "street_lamp", "lamp_mount": "bent_mast", "light:colour": "white", "light:count": "1", "light:direction": "120", "light:method": "LED", "light:shape": "directed", "light:tilt": "-90", "support": "pole"}, "geohash": "tunbmsjt3"},{"type": "Feature", "geometry": {"type": "Point", "coordinates": [88.4923612, 22.5661974]}, "properties": {"height": "10", "highway": "street_lamp", "lamp_mount": "bent_mast", "light:colour": "white", "light:count": "1", "light:direction": "215", "light:method": "LED", "light:shape": "directed", "light:tilt": "-90", "support": "pole"}, "geohash": "tunbmsn1t"},{"type": "Feature", "geometry": {"type": "Point", "coordinates": [88.4921962, 22.5662878]}, "properties": {"height": "10", "highway": "street_lamp", "lamp_mount": "bent_mast", "light:colour": "white", "light:count": "1", "light:direction": "215", "light:method": "LED", "light:shape": "directed", "light:tilt": "-90", "support": "pole"}, "geohash": "tunbmsn41"},{"type": "Feature", "geometry": {"type": "Point", "coordinates": [88.4920406, 22.5663893]}, "properties": {"height": "10", "highway": "street_lamp", "lamp_mount": "bent_mast", "light:colour": "white", "light:count": "1", "light:direction": "215", "light:method": "LED", "light:shape": "directed", "light:tilt": "-90", "support": "pole"}, "geohash": "tunbmsjft"},{"type": "Feature", "geometry": {"type": "Point", "coordinates": [88.4918609, 22.5664884]}, "properties": {"height": "10", "highway": "street_lamp", "lamp_mount": "bent_mast", "light:colour": "white", "light:count": "1", "light:direction": "215", "light:method": "LED", "light:shape": "directed", "light:tilt": "-90", "support": "pole"}, "geohash": "tunbmsjg3"},{"type": "Feature", "geometry": {"type": "Point", "coordinates": [88.4916812, 22.5665974]}, "properties": {"height": "10", "highway": "street_lamp", "lamp_mount": "bent_mast", "light:colour": "white", "light:count": "1", "light:direction": "215", "light:method": "LED", "light:shape": "directed", "light:tilt": "-90", "support": "pole"}, "geohash": "tunbmsjev"},{"type": "Feature", "geometry": {"type": "Point", "coordinates": [88.490552, 22.5672203]}, "properties": {"height": "10", "highway": "street_lamp", "lamp_mount": "bent_mast", "light:colour": "white", "light:count": "1", "light:direction": "300", "light:method": "LED", "light:shape": "directed", "light:tilt": "-90", "support": "pole"}, "geohash": "tunbmshze"},{"type": "Feature", "geometry": {"type": "Point", "coordinates": [88.4908497, 22.5670432]}, "properties": {"height": "10", "highway": "street_lamp", "lamp_mount": "bent_mast", "light:colour": "white", "light:count": "1", "light:direction": "215", "light:method": "LED", "light:shape": "directed", "light:tilt": "-90", "support": "pole"}, "geohash": "tunbmsjnd"},{"type": "Feature", "geometry": {"type": "Point", "coordinates": [88.4910415, 22.5669404]}, "properties": {"height": "10", "highway": "street_lamp", "lamp_mount": "bent_mast", "light:colour": "white", "light:count": "1", "light:direction": "215", "light:method": "LED", "light:shape": "directed", "light:tilt": "-90", "support": "pole"}, "geohash": "tunbmsjjy"},{"type": "Feature", "geometry": {"type": "Point", "coordinates": [88.491248, 22.566829]}, "properties": {"height": "10", "highway": "street_lamp", "lamp_mount": "bent_mast", "light:colour": "white", "light:count": "1", "light:direction": "215", "light:method": "LED", "light:shape": "directed", "light:tilt": "-90", "support": "pole"}, "geohash": "tunbmsjm7"},{"type": "Feature", "geometry": {"type": "Point", "coordinates": [88.4915431, 22.5666729]}, "properties": {"height": "10", "highway": "street_lamp", "lamp_mount": "bent_mast", "light:colour": "white", "light:count": "1", "light:direction": "215", "light:method": "LED", "light:shape": "directed", "light:tilt": "-90", "support": "pole"}, "geohash": "tunbmsjs6"},{"type": "Feature", "geometry": {"type": "Point", "coordinates": [88.4913848, 22.5667646]}, "properties": {"height": "10", "highway": "street_lamp", "lamp_mount": "bent_mast", "light:colour": "white", "light:count": "1", "light:direction": "215", "light:method": "LED", "light:shape": "directed", "light:tilt": "-90", "support": "pole"}, "geohash": "tunbmsjky"},{"type": "Feature", "geometry": {"type": "Point", "coordinates": [88.4912319, 22.5664897]}, "properties": {"height": "10", "highway": "street_lamp", "lamp_mount": "bent_mast", "light:colour": "white", "light:count": "1", "light:direction": "120", "light:method": "LED", "light:shape": "directed", "light:tilt": "-90", "support": "pole"}, "geohash": "tunbmsj77"},{"type": "Feature", "geometry": {"type": "Point", "coordinates": [88.4911059, 22.5663138]}, "properties": {"height": "10", "highway": "street_lamp", "lamp_mount": "bent_mast", "light:colour": "white", "light:count": "1", "light:direction": "120", "light:method": "LED", "light:shape": "directed", "light:tilt": "-90", "support": "pole"}, "geohash": "tunbmsj62"},{"type": "Feature", "geometry": {"type": "Point", "coordinates": [88.4909517, 22.5661008]}, "properties": {"height": "10", "highway": "street_lamp", "lamp_mount": "bent_mast", "light:colour": "white", "light:count": "1", "light:direction": "120", "light:method": "LED", "light:shape": "directed", "light:tilt": "-90", "support": "pole"}, "geohash": "tunbmsj1h"},{"type": "Feature", "geometry": {"type": "Point", "coordinates": [88.4913258, 22.5666544]}, "properties": {"height": "10", "highway": "street_lamp", "lamp_mount": "bent_mast", "light:colour": "white", "light:count": "1", "light:direction": "120", "light:method": "LED", "light:shape": "directed", "light:tilt": "-90", "support": "pole"}, "geohash": "tunbmsjkm"},{"type": "Feature", "geometry": {"type": "Point", "coordinates": [88.5033986, 22.5556841]}, "properties": {"height": "10", "highway": "street_lamp", "lamp_mount": "bent_mast", "light:colour": "white", "light:count": "2", "light:direction": "20;200", "light:method": "LED", "light:shape": "directed", "light:tilt": "-90", "support": "pole"}, "geohash": "tunbmfnhq"},{"type": "Feature", "geometry": {"type": "Point", "coordinates": [88.5031679, 22.5557659]}, "properties": {"height": "10", "highway": "street_lamp", "lamp_mount": "bent_mast", "light:colour": "white", "light:count": "2", "light:direction": "20;200", "light:method": "LED", "light:shape": "directed", "light:tilt": "-90", "support": "pole"}, "geohash": "tunbmfnhc"},{"type": "Feature", "geometry": {"type": "Point", "coordinates": [88.502901, 22.5558512]}, "properties": {"height": "10", "highway": "street_lamp", "lamp_mount": "bent_mast", "light:colour": "white", "light:count": "2", "light:direction": "20;200", "light:method": "LED", "light:shape": "directed", "light:tilt": "-90", "support": "pole"}, "geohash": "tunbmfjv7"},{"type": "Feature", "geometry": {"type": "Point", "coordinates": [88.5026033, 22.5559404]}, "properties": {"height": "10", "highway": "street_lamp", "lamp_mount": "bent_mast", "light:colour": "white", "light:count": "2", "light:direction": "20;200", "light:method": "LED", "light:shape": "directed", "light:tilt": "-90", "support": "pole"}, "geohash": "tunbmfjtu"},{"type": "Feature", "geometry": {"type": "Point", "coordinates": [88.5023216, 22.5560247]}, "properties": {"height": "10", "highway": "street_lamp", "lamp_mount": "bent_mast", "light:colour": "white", "light:count": "2", "light:direction": "20;200", "light:method": "LED", "light:shape": "directed", "light:tilt": "-90", "support": "pole"}, "geohash": "tunbmfjqm"},{"type": "Feature", "geometry": {"type": "Point", "coordinates": [88.5020226, 22.5561237]}, "properties": {"height": "10", "highway": "street_lamp", "lamp_mount": "bent_mast", "light:colour": "white", "light:count": "2", "light:direction": "20;200", "light:method": "LED", "light:shape": "directed", "light:tilt": "-90", "support": "pole"}, "geohash": "tunbmfjny"},{"type": "Feature", "geometry": {"type": "Point", "coordinates": [88.5017077, 22.5562214]}, "properties": {"height": "10", "highway": "street_lamp", "lamp_mount": "bent_mast", "light:colour": "white", "light:count": "2", "light:direction": "20;200", "light:method": "LED", "light:shape": "directed", "light:tilt": "-90", "support": "pole"}, "geohash": "tunbmfhzx"},{"type": "Feature", "geometry": {"type": "Point", "coordinates": [88.5014488, 22.556308]}, "properties": {"height": "10", "highway": "street_lamp", "lamp_mount": "bent_mast", "light:colour": "white", "light:count": "2", "light:direction": "20;200", "light:method": "LED", "light:shape": "directed", "light:tilt": "-90", "support": "pole"}, "geohash": "tunbmfkb1"},{"type": "Feature", "geometry": {"type": "Point", "coordinates": [88.5011512, 22.5563947]}, "properties": {"height": "10", "highway": "street_lamp", "lamp_mount": "bent_mast", "light:colour": "white", "light:count": "2", "light:direction": "20;200", "light:method": "LED", "light:shape": "directed", "light:tilt": "-90", "support": "pole"}, "geohash": "tunbmfk8d"},{"type": "Feature", "geometry": {"type": "Point", "coordinates": [88.5008963, 22.5564691]}, "properties": {"height": "10", "highway": "street_lamp", "lamp_mount": "bent_mast", "light:colour": "white", "light:count": "2", "light:direction": "20;200", "light:method": "LED", "light:shape": "directed", "light:tilt": "-90", "support": "pole"}, "geohash": "tunbmfk2u"},{"type": "Feature", "geometry": {"type": "Point", "coordinates": [88.5003948, 22.5566301]}, "properties": {"height": "10", "highway": "street_lamp", "lamp_mount": "bent_mast", "light:colour": "white", "light:count": "2", "light:direction": "20;200", "light:method": "LED", "light:shape": "directed", "light:tilt": "-90", "support": "pole"}, "geohash": "tunbmfk1b"},{"type": "Feature", "geometry": {"type": "Point", "coordinates": [88.5001802, 22.556692]}, "properties": {"height": "10", "highway": "street_lamp", "lamp_mount": "bent_mast", "light:colour": "white", "light:count": "2", "light:direction": "20;200", "light:method": "LED", "light:shape": "directed", "light:tilt": "-90", "support": "pole"}, "geohash": "tunbmf7f7"},{"type": "Feature", "geometry": {"type": "Point", "coordinates": [88.4999388, 22.5567713]}, "properties": {"height": "10", "highway": "street_lamp", "lamp_mount": "bent_mast", "light:colour": "white", "light:count": "2", "light:direction": "20;200", "light:method": "LED", "light:shape": "directed", "light:tilt": "-90", "support": "pole"}, "geohash": "tunbmf7dw"},{"type": "Feature", "geometry": {"type": "Point", "coordinates": [88.4995016, 22.5568977]}, "properties": {"height": "10", "highway": "street_lamp", "lamp_mount": "bent_mast", "light:colour": "white", "light:count": "2", "light:direction": "20;200", "light:method": "LED", "light:shape": "directed", "light:tilt": "-90", "support": "pole"}, "geohash": "tunbmf777"},{"type": "Feature", "geometry": {"type": "Point", "coordinates": [88.499295, 22.5569546]}, "properties": {"height": "10", "highway": "street_lamp", "lamp_mount": "bent_mast", "light:colour": "white", "light:count": "2", "light:direction": "20;200", "light:method": "LED", "light:shape": "directed", "light:tilt": "-90", "support": "pole"}, "geohash": "tunbmf75z"},{"type": "Feature", "geometry": {"type": "Point", "coordinates": [88.4990186, 22.5570406]}, "properties": {"height": "10", "highway": "street_lamp", "lamp_mount": "bent_mast", "light:colour": "white", "light:count": "2", "light:direction": "20;200", "light:method": "LED", "light:shape": "directed", "light:tilt": "-90", "support": "pole"}, "geohash": "tunbmf7h2"},{"type": "Feature", "geometry": {"type": "Point", "coordinates": [88.4987715, 22.5571237]}, "properties": {"height": "10", "highway": "street_lamp", "lamp_mount": "bent_mast", "light:colour": "white", "light:count": "2", "light:direction": "20;200", "light:method": "LED", "light:shape": "directed", "light:tilt": "-90", "support": "pole"}, "geohash": "tunbmf6uf"},{"type": "Feature", "geometry": {"type": "Point", "coordinates": [88.4983058, 22.5572703]}, "properties": {"height": "10", "highway": "street_lamp", "lamp_mount": "bent_mast", "light:colour": "white", "light:count": "2", "light:direction": "20;200", "light:method": "LED", "light:shape": "directed", "light:tilt": "-90", "support": "pole"}, "geohash": "tunbmf6mx"},{"type": "Feature", "geometry": {"type": "Point", "coordinates": [88.4980575, 22.5573504]}, "properties": {"height": "10", "highway": "street_lamp", "lamp_mount": "bent_mast", "light:colour": "white", "light:count": "2", "light:direction": "20;200", "light:method": "LED", "light:shape": "directed", "light:tilt": "-90", "support": "pole"}, "geohash": "tunbmf6q4"},{"type": "Feature", "geometry": {"type": "Point", "coordinates": [88.497808, 22.5574297]}, "properties": {"height": "10", "highway": "street_lamp", "lamp_mount": "bent_mast", "light:colour": "white", "light:count": "2", "light:direction": "20;200", "light:method": "LED", "light:shape": "directed", "light:tilt": "-90", "support": "pole"}, "geohash": "tunbmf6ns"},{"type": "Feature", "geometry": {"type": "Point", "coordinates": [88.4975687, 22.557517]}, "properties": {"height": "10", "highway": "street_lamp", "lamp_mount": "bent_mast", "light:colour": "white", "light:count": "2", "light:direction": "20;200", "light:method": "LED", "light:shape": "directed", "light:tilt": "-90", "support": "pole"}, "geohash": "tunbmf3zn"},{"type": "Feature", "geometry": {"type": "Point", "coordinates": [88.4973863, 22.5575888]}, "properties": {"height": "10", "highway": "street_lamp", "lamp_mount": "bent_mast", "light:colour": "white", "light:count": "2", "light:direction": "20;200", "light:method": "LED", "light:shape": "directed", "light:tilt": "-90", "support": "pole"}, "geohash": "tunbmf3z6"},{"type": "Feature", "geometry": {"type": "Point", "coordinates": [88.4971288, 22.5576854]}, "properties": {"height": "10", "highway": "street_lamp", "lamp_mount": "bent_mast", "light:colour": "white", "light:count": "2", "light:direction": "20;200", "light:method": "LED", "light:shape": "directed", "light:tilt": "-90", "support": "pole"}, "geohash": "tunbmf98h"},{"type": "Feature", "geometry": {"type": "Point", "coordinates": [88.4968499, 22.5577944]}, "properties": {"height": "10", "highway": "street_lamp", "lamp_mount": "bent_mast", "light:colour": "white", "light:count": "2", "light:direction": "20;200", "light:method": "LED", "light:shape": "directed", "light:tilt": "-90", "support": "pole"}, "geohash": "tunbmf92w"},{"type": "Feature", "geometry": {"type": "Point", "coordinates": [88.4965548, 22.5579084]}, "properties": {"height": "10", "highway": "street_lamp", "lamp_mount": "bent_mast", "light:colour": "white", "light:count": "2", "light:direction": "20;200", "light:method": "LED", "light:shape": "directed", "light:tilt": "-90", "support": "pole"}, "geohash": "tunbmf91r"},{"type": "Feature", "geometry": {"type": "Point", "coordinates": [88.4955007, 22.5583245]}, "properties": {"height": "10", "highway": "street_lamp", "lamp_mount": "bent_mast", "light:colour": "white", "light:count": "2", "light:direction": "25;205", "light:method": "LED", "light:shape": "directed", "light:tilt": "-90", "support": "pole"}, "geohash": "tunbmf87y"},{"type": "Feature", "geometry": {"type": "Point", "coordinates": [88.4959915, 22.5581313]}, "properties": {"height": "10", "highway": "street_lamp", "lamp_mount": "bent_mast", "light:colour": "white", "light:count": "2", "light:direction": "25;205", "light:method": "LED", "light:shape": "directed", "light:tilt": "-90", "support": "pole"}, "geohash": "tunbmf8fd"},{"type": "Feature", "geometry": {"type": "Point", "coordinates": [88.4962651, 22.5580223]}, "properties": {"height": "10", "highway": "street_lamp", "lamp_mount": "bent_mast", "light:colour": "white", "light:count": "2", "light:direction": "20;200", "light:method": "LED", "light:shape": "directed", "light:tilt": "-90", "support": "pole"}, "geohash": "tunbmf940"},{"type": "Feature", "geometry": {"type": "Point", "coordinates": [88.4952432, 22.5584335]}, "properties": {"height": "10", "highway": "street_lamp", "lamp_mount": "bent_mast", "light:colour": "white", "light:count": "2", "light:direction": "25;205", "light:method": "LED", "light:shape": "directed", "light:tilt": "-90", "support": "pole"}, "geohash": "tunbmf8k2"},{"type": "Feature", "geometry": {"type": "Point", "coordinates": [88.4949642, 22.5585499]}, "properties": {"height": "10", "highway": "street_lamp", "lamp_mount": "bent_mast", "light:colour": "white", "light:count": "2", "light:direction": "25;205", "light:method": "LED", "light:shape": "directed", "light:tilt": "-90", "support": "pole"}, "geohash": "tunbmf8j4"},{"type": "Feature", "geometry": {"type": "Point", "coordinates": [88.4947134, 22.5586527]}, "properties": {"height": "10", "highway": "street_lamp", "lamp_mount": "bent_mast", "light:colour": "white", "light:count": "2", "light:direction": "25;205", "light:method": "LED", "light:shape": "directed", "light:tilt": "-90", "support": "pole"}, "geohash": "tunbmdxvs"},{"type": "Feature", "geometry": {"type": "Point", "coordinates": [88.4944694, 22.5587567]}, "properties": {"height": "10", "highway": "street_lamp", "lamp_mount": "bent_mast", "light:colour": "white", "light:count": "2", "light:direction": "25;205", "light:method": "LED", "light:shape": "directed", "light:tilt": "-90", "support": "pole"}, "geohash": "tunbmdxwq"},{"type": "Feature", "geometry": {"type": "Point", "coordinates": [88.4942414, 22.558857]}, "properties": {"height": "15", "highway": "street_lamp", "light:colour": "white", "light:count": "4", "light:direction": "25;105;205;295", "light:shape": "directed", "light:tilt": "-90", "support": "mast"}, "geohash": "tunbmdxwc"},{"type": "Feature", "geometry": {"type": "Point", "coordinates": [88.4927877, 22.5595487]}, "properties": {"height": "10", "highway": "street_lamp", "lamp_mount": "bent_mast", "light:colour": "white", "light:count": "2", "light:direction": "30;210", "light:method": "LED", "light:shape": "directed", "light:tilt": "-90", "support": "pole"}, "geohash": "tunbmdy6z"},{"type": "Feature", "geometry": {"type": "Point", "coordinates": [88.4930721, 22.5594198]}, "properties": {"height": "10", "highway": "street_lamp", "lamp_mount": "bent_mast", "light:colour": "white", "light:count": "2", "light:direction": "30;210", "light:method": "LED", "light:shape": "directed", "light:tilt": "-90", "support": "pole"}, "geohash": "tunbmdydn"},{"type": "Feature", "geometry": {"type": "Point", "coordinates": [88.4933169, 22.5593018]}, "properties": {"height": "10", "highway": "street_lamp", "lamp_mount": "bent_mast", "light:colour": "white", "light:count": "2", "light:direction": "30;210", "light:method": "LED", "light:shape": "directed", "light:tilt": "-90", "support": "pole"}, "geohash": "tunbmdyc7"},{"type": "Feature", "geometry": {"type": "Point", "coordinates": [88.4935671, 22.559186]}, "properties": {"height": "10", "highway": "street_lamp", "lamp_mount": "bent_mast", "light:colour": "white", "light:count": "2", "light:direction": "30;210", "light:method": "LED", "light:shape": "directed", "light:tilt": "-90", "support": "pole"}, "geohash": "tunbmdz0c"},{"type": "Feature", "geometry": {"type": "Point", "coordinates": [88.4938159, 22.5590654]}, "properties": {"height": "10", "highway": "street_lamp", "lamp_mount": "bent_mast", "light:colour": "white", "light:count": "2", "light:direction": "30;210", "light:method": "LED", "light:shape": "directed", "light:tilt": "-90", "support": "pole"}, "geohash": "tunbmdz0p"},{"type": "Feature", "geometry": {"type": "Point", "coordinates": [88.4940498, 22.5589538]}, "properties": {"height": "10", "highway": "street_lamp", "lamp_mount": "bent_mast", "light:colour": "white", "light:count": "2", "light:direction": "30;210", "light:method": "LED", "light:shape": "directed", "light:tilt": "-90", "support": "pole"}, "geohash": "tunbmdxrk"},{"type": "Feature", "geometry": {"type": "Point", "coordinates": [88.4925234, 22.5596844]}, "properties": {"height": "10", "highway": "street_lamp", "lamp_mount": "bent_mast", "light:colour": "white", "light:count": "2", "light:direction": "30;210", "light:method": "LED", "light:shape": "directed", "light:tilt": "-90", "support": "pole"}, "geohash": "tunbmdy79"},{"type": "Feature", "geometry": {"type": "Point", "coordinates": [88.4922928, 22.5598132]}, "properties": {"height": "10", "highway": "street_lamp", "lamp_mount": "bent_mast", "light:colour": "white", "light:count": "2", "light:direction": "30;210", "light:method": "LED", "light:shape": "directed", "light:tilt": "-90", "support": "pole"}, "geohash": "tunbmdyh7"},{"type": "Feature", "geometry": {"type": "Point", "coordinates": [88.4920835, 22.5599122]}, "properties": {"height": "10", "highway": "street_lamp", "lamp_mount": "bent_mast", "light:colour": "white", "light:count": "2", "light:direction": "30;210", "light:method": "LED", "light:shape": "directed", "light:tilt": "-90", "support": "pole"}, "geohash": "tunbmdvvn"},{"type": "Feature", "geometry": {"type": "Point", "coordinates": [88.4918368, 22.5600435]}, "properties": {"height": "10", "highway": "street_lamp", "lamp_mount": "bent_mast", "light:colour": "white", "light:count": "2", "light:direction": "30;210", "light:method": "LED", "light:shape": "directed", "light:tilt": "-90", "support": "pole"}, "geohash": "tunbmdvvc"},{"type": "Feature", "geometry": {"type": "Point", "coordinates": [88.4915847, 22.5601698]}, "properties": {"height": "10", "highway": "street_lamp", "lamp_mount": "bent_mast", "light:colour": "white", "light:count": "2", "light:direction": "30;210", "light:method": "LED", "light:shape": "directed", "light:tilt": "-90", "support": "pole"}, "geohash": "tunbmdvwe"},{"type": "Feature", "geometry": {"type": "Point", "coordinates": [88.4913044, 22.5603222]}, "properties": {"height": "10", "highway": "street_lamp", "lamp_mount": "bent_mast", "light:colour": "white", "light:count": "2", "light:direction": "30;210", "light:method": "LED", "light:shape": "directed", "light:tilt": "-90", "support": "pole"}, "geohash": "tunbmdvrk"},{"type": "Feature", "geometry": {"type": "Point", "coordinates": [88.4910589, 22.5604646]}, "properties": {"height": "10", "highway": "street_lamp", "lamp_mount": "bent_mast", "light:colour": "white", "light:count": "2", "light:direction": "35;215", "light:method": "LED", "light:shape": "directed", "light:tilt": "-90", "support": "pole"}, "geohash": "tunbmej0p"},{"type": "Feature", "geometry": {"type": "Point", "coordinates": [88.4901309, 22.5609996]}, "properties": {"height": "10", "highway": "street_lamp", "lamp_mount": "bent_mast", "light:colour": "white", "light:count": "2", "light:direction": "35;215", "light:method": "LED", "light:shape": "directed", "light:tilt": "-90", "support": "pole"}, "geohash": "tunbmehe3"},{"type": "Feature", "geometry": {"type": "Point", "coordinates": [88.4898117, 22.5611656]}, "properties": {"height": "10", "highway": "street_lamp", "lamp_mount": "bent_mast", "light:colour": "white", "light:count": "2", "light:direction": "35;215", "light:method": "LED", "light:shape": "directed", "light:tilt": "-90", "support": "pole"}, "geohash": "tunbmehk6"},{"type": "Feature", "geometry": {"type": "Point", "coordinates": [88.4904447, 22.5608213]}, "properties": {"height": "10", "highway": "street_lamp", "lamp_mount": "bent_mast", "light:colour": "white", "light:count": "2", "light:direction": "35;215", "light:method": "LED", "light:shape": "directed", "light:tilt": "-90", "support": "pole"}, "geohash": "tunbmehf2"},{"type": "Feature", "geometry": {"type": "Point", "coordinates": [88.4907854, 22.5606182]}, "properties": {"height": "10", "highway": "street_lamp", "lamp_mount": "bent_mast", "light:colour": "white", "light:count": "2", "light:direction": "35;215", "light:method": "LED", "light:shape": "directed", "light:tilt": "-90", "support": "pole"}, "geohash": "tunbmej10"},{"type": "Feature", "geometry": {"type": "Point", "coordinates": [88.4894791, 22.5613588]}, "properties": {"height": "10", "highway": "street_lamp", "lamp_mount": "bent_mast", "light:colour": "white", "light:count": "2", "light:direction": "35;215", "light:method": "LED", "light:shape": "directed", "light:tilt": "-90", "support": "pole"}, "geohash": "tunbmehj6"},{"type": "Feature", "geometry": {"type": "Point", "coordinates": [88.4891894, 22.5615198]}, "properties": {"height": "10", "highway": "street_lamp", "lamp_mount": "bent_mast", "light:colour": "white", "light:count": "2", "light:direction": "35;215", "light:method": "LED", "light:shape": "directed", "light:tilt": "-90", "support": "pole"}, "geohash": "tunbme5y7"},{"type": "Feature", "geometry": {"type": "Point", "coordinates": [88.4879824, 22.5622059]}, "properties": {"height": "10", "highway": "street_lamp", "lamp_mount": "bent_mast", "light:colour": "white", "light:count": "2", "light:direction": "30;210", "light:method": "LED", "light:shape": "directed", "light:tilt": "-90", "support": "pole"}, "geohash": "tunbme6fr"},{"type": "Feature", "geometry": {"type": "Point", "coordinates": [88.4883553, 22.5619978]}, "properties": {"height": "10", "highway": "street_lamp", "lamp_mount": "bent_mast", "light:colour": "white", "light:count": "2", "light:direction": "30;210", "light:method": "LED", "light:shape": "directed", "light:tilt": "-90", "support": "pole"}, "geohash": "tunbme730"},{"type": "Feature", "geometry": {"type": "Point", "coordinates": [88.4889373, 22.5616758]}, "properties": {"height": "10", "highway": "street_lamp", "lamp_mount": "bent_mast", "light:colour": "white", "light:count": "2", "light:direction": "35;215", "light:method": "LED", "light:shape": "directed", "light:tilt": "-90", "support": "pole"}, "geohash": "tunbme5xm"},{"type": "Feature", "geometry": {"type": "Point", "coordinates": [88.4886557, 22.5618319]}, "properties": {"height": "10", "highway": "street_lamp", "lamp_mount": "bent_mast", "light:colour": "white", "light:count": "2", "light:direction": "30;210", "light:method": "LED", "light:shape": "directed", "light:tilt": "-90", "support": "pole"}, "geohash": "tunbme72p"},{"type": "Feature", "geometry": {"type": "Point", "coordinates": [88.4875801, 22.5624214]}, "properties": {"height": "10", "highway": "street_lamp", "lamp_mount": "bent_mast", "light:colour": "white", "light:count": "2", "light:direction": "30;210", "light:method": "LED", "light:shape": "directed", "light:tilt": "-90", "support": "pole"}, "geohash": "tunbme6ew"},{"type": "Feature", "geometry": {"type": "Point", "coordinates": [88.4872314, 22.5626369]}, "properties": {"height": "10", "highway": "street_lamp", "lamp_mount": "bent_mast", "light:colour": "white", "light:count": "2", "light:direction": "30;210", "light:method": "LED", "light:shape": "directed", "light:tilt": "-90", "support": "pole"}, "geohash": "tunbme6kv"},{"type": "Feature", "geometry": {"type": "Point", "coordinates": [88.4868894, 22.5628511]}, "properties": {"height": "10", "highway": "street_lamp", "lamp_mount": "bent_mast", "light:colour": "white", "light:count": "2", "light:direction": "30;210", "light:method": "LED", "light:shape": "directed", "light:tilt": "-90", "support": "pole"}, "geohash": "tunbme6nj"},{"type": "Feature", "geometry": {"type": "Point", "coordinates": [88.4865582, 22.5630629]}, "properties": {"height": "10", "highway": "street_lamp", "lamp_mount": "bent_mast", "light:colour": "white", "light:count": "2", "light:direction": "35;215", "light:method": "LED", "light:shape": "directed", "light:tilt": "-90", "support": "pole"}, "geohash": "tunbme3zq"},{"type": "Feature", "geometry": {"type": "Point", "coordinates": [88.4862497, 22.5632759]}, "properties": {"height": "10", "highway": "street_lamp", "lamp_mount": "bent_mast", "light:colour": "white", "light:count": "2", "light:direction": "35;215", "light:method": "LED", "light:shape": "directed", "light:tilt": "-90", "support": "pole"}, "geohash": "tunbme98x"},{"type": "Feature", "geometry": {"type": "Point", "coordinates": [88.4859815, 22.5634741]}, "properties": {"height": "10", "highway": "street_lamp", "lamp_mount": "bent_mast", "light:colour": "white", "light:count": "2", "light:direction": "40;220", "light:method": "LED", "light:shape": "directed", "light:tilt": "-90", "support": "pole"}, "geohash": "tunbme99b"},{"type": "Feature", "geometry": {"type": "Point", "coordinates": [88.4856918, 22.5636858]}, "properties": {"height": "10", "highway": "street_lamp", "lamp_mount": "bent_mast", "light:colour": "white", "light:count": "2", "light:direction": "40;220", "light:method": "LED", "light:shape": "directed", "light:tilt": "-90", "support": "pole"}, "geohash": "tunbme96f"},{"type": "Feature", "geometry": {"type": "Point", "coordinates": [88.4853727, 22.5639366]}, "properties": {"height": "10", "highway": "street_lamp", "lamp_mount": "bent_mast", "light:colour": "white", "light:count": "2", "light:direction": "40;220", "light:method": "LED", "light:shape": "directed", "light:tilt": "-90", "support": "pole"}, "geohash": "tunbme9h6"},{"type": "Feature", "geometry": {"type": "Point", "coordinates": [88.4908658, 22.5695993]}, "properties": {"height": "10", "highway": "street_lamp", "lamp_mount": "bent_mast", "light:colour": "white", "light:count": "1", "light:direction": "170", "light:method": "LED", "light:shape": "directed", "light:tilt": "-90", "support": "pole"}, "geohash": "tunbmstj6"},{"type": "Feature", "geometry": {"type": "Point", "coordinates": [88.4906191, 22.5695647]}, "properties": {"height": "10", "highway": "street_lamp", "lamp_mount": "bent_mast", "light:colour": "white", "light:count": "1", "light:direction": "170", "light:method": "LED", "light:shape": "directed", "light:tilt": "-90", "support": "pole"}, "geohash": "tunbmssvh"},{"type": "Feature", "geometry": {"type": "Point", "coordinates": [88.4903401, 22.5695275]}, "properties": {"height": "10", "highway": "street_lamp", "lamp_mount": "bent_mast", "light:colour": "white", "light:count": "1", "light:direction": "170", "light:method": "LED", "light:shape": "directed", "light:tilt": "-90", "support": "pole"}, "geohash": "tunbmsstn"},{"type": "Feature", "geometry": {"type": "Point", "coordinates": [88.4920487, 22.5682024]}, "properties": {"height": "10", "highway": "street_lamp", "lamp_mount": "bent_mast", "light:colour": "white", "light:count": "1", "light:direction": "120", "light:method": "LED", "light:shape": "directed", "light:tilt": "-90", "support": "pole"}, "geohash": "tunbmsmvq"},{"type": "Feature", "geometry": {"type": "Point", "coordinates": [88.4928198, 22.5677169]}, "properties": {"height": "10", "highway": "street_lamp", "lamp_mount": "bent_mast", "light:colour": "white", "light:count": "1", "light:direction": "300", "light:method": "LED", "light:shape": "directed", "light:tilt": "-90", "support": "pole"}, "geohash": "tunbmsqd2"},{"type": "Feature", "geometry": {"type": "Point", "coordinates": [88.4928279, 22.5676686]}, "properties": {"height": "10", "highway": "street_lamp", "lamp_mount": "bent_mast", "light:colour": "white", "light:count": "1", "light:direction": "210", "light:method": "LED", "light:shape": "directed", "light:tilt": "-90", "support": "pole"}, "geohash": "tunbmsqd0"},{"type": "Feature", "geometry": {"type": "Point", "coordinates": [88.4931135, 22.5675869]}, "properties": {"height": "10", "highway": "street_lamp", "lamp_mount": "bent_mast", "light:colour": "white", "light:count": "1", "light:direction": "120", "light:method": "LED", "light:shape": "directed", "light:tilt": "-90", "support": "pole"}, "geohash": "tunbmsq9w"},{"type": "Feature", "geometry": {"type": "Point", "coordinates": [88.4930706, 22.5675423]}, "properties": {"height": "10", "highway": "street_lamp", "lamp_mount": "bent_mast", "light:colour": "white", "light:count": "1", "light:direction": "210", "light:method": "LED", "light:shape": "directed", "light:tilt": "-90", "support": "pole"}, "geohash": "tunbmsq9m"},{"type": "Feature", "geometry": {"type": "Point", "coordinates": [88.4933093, 22.5674086]}, "properties": {"height": "10", "highway": "street_lamp", "lamp_mount": "bent_mast", "light:colour": "white", "light:count": "1", "light:direction": "210", "light:method": "LED", "light:shape": "directed", "light:tilt": "-90", "support": "pole"}, "geohash": "tunbmsqbe"},{"type": "Feature", "geometry": {"type": "Point", "coordinates": [88.4934635, 22.5673925]}, "properties": {"height": "10", "highway": "street_lamp", "lamp_mount": "bent_mast", "light:colour": "white", "light:count": "1", "light:direction": "120", "light:method": "LED", "light:shape": "directed", "light:tilt": "-90", "support": "pole"}, "geohash": "tunbmsqbx"},{"type": "Feature", "geometry": {"type": "Point", "coordinates": [88.4935641, 22.567276]}, "properties": {"height": "10", "highway": "street_lamp", "lamp_mount": "bent_mast", "light:colour": "white", "light:count": "1", "light:direction": "210", "light:method": "LED", "light:shape": "directed", "light:tilt": "-90", "support": "pole"}, "geohash": "tunbmsppc"},{"type": "Feature", "geometry": {"type": "Point", "coordinates": [88.4937921, 22.5671547]}, "properties": {"height": "10", "highway": "street_lamp", "lamp_mount": "bent_mast", "light:colour": "white", "light:count": "1", "light:direction": "210", "light:method": "LED", "light:shape": "directed", "light:tilt": "-90", "support": "pole"}, "geohash": "tunbmsppn"},{"type": "Feature", "geometry": {"type": "Point", "coordinates": [88.4940436, 22.5670773]}, "properties": {"height": "10", "highway": "street_lamp", "lamp_mount": "bent_mast", "light:colour": "white", "light:count": "1", "light:direction": "300", "light:method": "LED", "light:shape": "directed", "light:tilt": "-90", "support": "pole"}, "geohash": "tunbmspqu"},{"type": "Feature", "geometry": {"type": "Point", "coordinates": [88.4940288, 22.567029]}, "properties": {"height": "10", "highway": "street_lamp", "lamp_mount": "bent_mast", "light:colour": "white", "light:count": "1", "light:direction": "210", "light:method": "LED", "light:shape": "directed", "light:tilt": "-90", "support": "pole"}, "geohash": "tunbmspqk"},{"type": "Feature", "geometry": {"type": "Point", "coordinates": [88.4942293, 22.5669219]}, "properties": {"height": "10", "highway": "street_lamp", "lamp_mount": "bent_mast", "light:colour": "white", "light:count": "1", "light:direction": "210", "light:method": "LED", "light:shape": "directed", "light:tilt": "-90", "support": "pole"}, "geohash": "tunbmsptb"},{"type": "Feature", "geometry": {"type": "Point", "coordinates": [88.4943031, 22.5666915]}, "properties": {"height": "10", "highway": "street_lamp", "lamp_mount": "bent_mast", "light:colour": "white", "light:count": "1", "light:direction": "300", "light:method": "LED", "light:shape": "directed", "light:tilt": "-90", "support": "pole"}, "geohash": "tunbmspsd"},{"type": "Feature", "geometry": {"type": "Point", "coordinates": [88.4944345, 22.5668686]}, "properties": {"height": "10", "highway": "street_lamp", "lamp_mount": "bent_mast", "light:colour": "white", "light:count": "1", "light:direction": "300", "light:method": "LED", "light:shape": "directed", "light:tilt": "-90", "support": "pole"}, "geohash": "tunbmsptt"},{"type": "Feature", "geometry": {"type": "Point", "coordinates": [88.4944519, 22.5668104]}, "properties": {"height": "10", "highway": "street_lamp", "lamp_mount": "bent_mast", "light:colour": "white", "light:count": "1", "light:direction": "210", "light:method": "LED", "light:shape": "directed", "light:tilt": "-90", "support": "pole"}, "geohash": "tunbmsptn"},{"type": "Feature", "geometry": {"type": "Point", "coordinates": [88.4947041, 22.5666729]}, "properties": {"height": "10", "highway": "street_lamp", "lamp_mount": "bent_mast", "light:colour": "white", "light:count": "1", "light:direction": "210", "light:method": "LED", "light:shape": "directed", "light:tilt": "-90", "support": "pole"}, "geohash": "tunbmspuk"},{"type": "Feature", "geometry": {"type": "Point", "coordinates": [88.4949481, 22.5665528]}, "properties": {"height": "10", "highway": "street_lamp", "lamp_mount": "bent_mast", "light:colour": "white", "light:count": "1", "light:direction": "210", "light:method": "LED", "light:shape": "directed", "light:tilt": "-90", "support": "pole"}, "geohash": "tunbmu059"},{"type": "Feature", "geometry": {"type": "Point", "coordinates": [88.4953438, 22.5669095]}, "properties": {"height": "10", "highway": "street_lamp", "lamp_mount": "bent_mast", "light:colour": "white", "light:count": "2", "light:direction": "120;300", "light:method": "LED", "light:shape": "directed", "light:tilt": "-90", "support": "pole"}, "geohash": "tunbmu0mf"},{"type": "Feature", "geometry": {"type": "Point", "coordinates": [88.495211, 22.566715]}, "properties": {"height": "10", "highway": "street_lamp", "lamp_mount": "bent_mast", "light:colour": "white", "light:count": "2", "light:direction": "120;300", "light:method": "LED", "light:shape": "directed", "light:tilt": "-90", "support": "pole"}, "geohash": "tunbmu0hx"},{"type": "Feature", "geometry": {"type": "Point", "coordinates": [88.4951077, 22.5665503]}, "properties": {"height": "10", "highway": "street_lamp", "lamp_mount": "bent_mast", "light:colour": "white", "light:count": "2", "light:direction": "120;300", "light:method": "LED", "light:shape": "directed", "light:tilt": "-90", "support": "pole"}, "geohash": "tunbmu05t"},{"type": "Feature", "geometry": {"type": "Point", "coordinates": [88.4949911, 22.5663893]}, "properties": {"height": "10", "highway": "street_lamp", "lamp_mount": "bent_mast", "light:colour": "white", "light:count": "2", "light:direction": "120;300", "light:method": "LED", "light:shape": "directed", "light:tilt": "-90", "support": "pole"}, "geohash": "tunbmu04d"},{"type": "Feature", "geometry": {"type": "Point", "coordinates": [88.4948798, 22.5661999]}, "properties": {"height": "10", "highway": "street_lamp", "lamp_mount": "bent_mast", "light:colour": "white", "light:count": "2", "light:direction": "120;300", "light:method": "LED", "light:shape": "directed", "light:tilt": "-90", "support": "pole"}, "geohash": "tunbmu018"},{"type": "Feature", "geometry": {"type": "Point", "coordinates": [88.4947644, 22.5660252]}, "properties": {"height": "10", "highway": "street_lamp", "lamp_mount": "bent_mast", "light:colour": "white", "light:count": "2", "light:direction": "120;300", "light:method": "LED", "light:shape": "directed", "light:tilt": "-90", "support": "pole"}, "geohash": "tunbmspbt"},{"type": "Feature", "geometry": {"type": "Point", "coordinates": [88.4944526, 22.5655063]}, "properties": {"height": "10", "highway": "street_lamp", "lamp_mount": "bent_mast", "light:colour": "white", "light:count": "2", "light:direction": "120;300", "light:method": "LED", "light:shape": "directed", "light:tilt": "-90", "support": "pole"}, "geohash": "tunbmeztw"},{"type": "Feature", "geometry": {"type": "Point", "coordinates": [88.4945693, 22.5657008]}, "properties": {"height": "10", "highway": "street_lamp", "lamp_mount": "bent_mast", "light:colour": "white", "light:count": "2", "light:direction": "120;300", "light:method": "LED", "light:shape": "directed", "light:tilt": "-90", "support": "pole"}, "geohash": "tunbmezy8"},{"type": "Feature", "geometry": {"type": "Point", "coordinates": [88.4946793, 22.5658878]}, "properties": {"height": "10", "highway": "street_lamp", "lamp_mount": "bent_mast", "light:colour": "white", "light:count": "2", "light:direction": "120;300", "light:method": "LED", "light:shape": "directed", "light:tilt": "-90", "support": "pole"}, "geohash": "tunbmezzg"},{"type": "Feature", "geometry": {"type": "Point", "coordinates": [88.4940691, 22.5649317]}, "properties": {"height": "10", "highway": "street_lamp", "lamp_mount": "bent_mast", "light:colour": "white", "light:count": "2", "light:direction": "120;300", "light:method": "LED", "light:shape": "directed", "light:tilt": "-90", "support": "pole"}, "geohash": "tunbmez6m"},{"type": "Feature", "geometry": {"type": "Point", "coordinates": [88.4941991, 22.5651237]}, "properties": {"height": "10", "highway": "street_lamp", "lamp_mount": "bent_mast", "light:colour": "white", "light:count": "2", "light:direction": "120;300", "light:method": "LED", "light:shape": "directed", "light:tilt": "-90", "support": "pole"}, "geohash": "tunbmeze2"},{"type": "Feature", "geometry": {"type": "Point", "coordinates": [88.4943172, 22.5653082]}, "properties": {"height": "10", "highway": "street_lamp", "lamp_mount": "bent_mast", "light:colour": "white", "light:count": "2", "light:direction": "120;300", "light:method": "LED", "light:shape": "directed", "light:tilt": "-90", "support": "pole"}, "geohash": "tunbmezs7"},{"type": "Feature", "geometry": {"type": "Point", "coordinates": [88.4939544, 22.5647583]}, "properties": {"height": "10", "highway": "street_lamp", "lamp_mount": "bent_mast", "light:colour": "white", "light:count": "2", "light:direction": "120;300", "light:method": "LED", "light:shape": "directed", "light:tilt": "-90", "support": "pole"}, "geohash": "tunbmez34"},{"type": "Feature", "geometry": {"type": "Point", "coordinates": [88.4938283, 22.564554]}, "properties": {"height": "10", "highway": "street_lamp", "lamp_mount": "bent_mast", "light:colour": "white", "light:count": "2", "light:direction": "120;300", "light:method": "LED", "light:shape": "directed", "light:tilt": "-90", "support": "pole"}, "geohash": "tunbmez0p"},{"type": "Feature", "geometry": {"type": "Point", "coordinates": [88.4936875, 22.5643397]}, "properties": {"height": "10", "highway": "street_lamp", "lamp_mount": "bent_mast", "light:colour": "white", "light:count": "2", "light:direction": "120;300", "light:method": "LED", "light:shape": "directed", "light:tilt": "-90", "support": "pole"}, "geohash": "tunbmexnu"},{"type": "Feature", "geometry": {"type": "Point", "coordinates": [88.493092, 22.5633824]}, "properties": {"height": "10", "highway": "street_lamp", "lamp_mount": "bent_mast", "light:colour": "white", "light:count": "2", "light:direction": "120;300", "light:method": "LED", "light:shape": "directed", "light:tilt": "-90", "support": "pole"}, "geohash": "tunbmew9n"},{"type": "Feature", "geometry": {"type": "Point", "coordinates": [88.4931806, 22.563536]}, "properties": {"height": "10", "highway": "street_lamp", "lamp_mount": "bent_mast", "light:colour": "white", "light:count": "2", "light:direction": "120;300", "light:method": "LED", "light:shape": "directed", "light:tilt": "-90", "support": "pole"}, "geohash": "tunbmewf0"},{"type": "Feature", "geometry": {"type": "Point", "coordinates": [88.4932932, 22.5637168]}, "properties": {"height": "10", "highway": "street_lamp", "lamp_mount": "bent_mast", "light:colour": "white", "light:count": "2", "light:direction": "120;300", "light:method": "LED", "light:shape": "directed", "light:tilt": "-90", "support": "pole"}, "geohash": "tunbmewg5"},{"type": "Feature", "geometry": {"type": "Point", "coordinates": [88.4934407, 22.5639348]}, "properties": {"height": "10", "highway": "street_lamp", "lamp_mount": "bent_mast", "light:colour": "white", "light:count": "2", "light:direction": "120;300", "light:method": "LED", "light:shape": "directed", "light:tilt": "-90", "support": "pole"}, "geohash": "tunbmewuq"},{"type": "Feature", "geometry": {"type": "Point", "coordinates": [88.4935668, 22.5641403]}, "properties": {"height": "10", "highway": "street_lamp", "lamp_mount": "bent_mast", "light:colour": "white", "light:count": "2", "light:direction": "120;300", "light:method": "LED", "light:shape": "directed", "light:tilt": "-90", "support": "pole"}, "geohash": "tunbmexj9"},{"type": "Feature", "geometry": {"type": "Point", "coordinates": [88.4929633, 22.5631855]}, "properties": {"height": "10", "highway": "street_lamp", "lamp_mount": "bent_mast", "light:colour": "white", "light:count": "2", "light:direction": "120;300", "light:method": "LED", "light:shape": "directed", "light:tilt": "-90", "support": "pole"}, "geohash": "tunbmew85"},{"type": "Feature", "geometry": {"type": "Point", "coordinates": [88.4928654, 22.5630443]}, "properties": {"height": "10", "highway": "street_lamp", "lamp_mount": "bent_mast", "light:colour": "white", "light:count": "2", "light:direction": "120;300", "light:method": "LED", "light:shape": "directed", "light:tilt": "-90", "support": "pole"}, "geohash": "tunbmeqx3"},{"type": "Feature", "geometry": {"type": "Point", "coordinates": [88.4927528, 22.562866]}, "properties": {"height": "10", "highway": "street_lamp", "lamp_mount": "bent_mast", "light:colour": "white", "light:count": "2", "light:direction": "120;300", "light:method": "LED", "light:shape": "directed", "light:tilt": "-90", "support": "pole"}, "geohash": "tunbmeqqn"},{"type": "Feature", "geometry": {"type": "Point", "coordinates": [88.4926025, 22.5626171]}, "properties": {"height": "10", "highway": "street_lamp", "lamp_mount": "bent_mast", "light:colour": "white", "light:count": "2", "light:direction": "120;300", "light:method": "LED", "light:shape": "directed", "light:tilt": "-90", "support": "pole"}, "geohash": "tunbmeqkg"},{"type": "Feature", "geometry": {"type": "Point", "coordinates": [88.4889595, 22.5647088]}, "properties": {"height": "10", "highway": "street_lamp", "lamp_mount": "bent_mast", "light:colour": "white", "light:count": "1", "light:direction": "35", "light:method": "LED", "light:shape": "directed", "light:tilt": "-90", "support": "pole"}, "geohash": "tunbmeg8y"},{"type": "Feature", "geometry": {"type": "Point", "coordinates": [88.4886939, 22.5648996]}, "properties": {"height": "10", "highway": "street_lamp", "lamp_mount": "bent_mast", "light:colour": "white", "light:count": "1", "light:direction": "35", "light:method": "LED", "light:shape": "directed", "light:tilt": "-90", "support": "pole"}, "geohash": "tunbmegd0"},{"type": "Feature", "geometry": {"type": "Point", "coordinates": [88.4884928, 22.5650779]}, "properties": {"height": "10", "highway": "street_lamp", "lamp_mount": "bent_mast", "light:colour": "white", "light:count": "1", "light:direction": "35", "light:method": "LED", "light:shape": "directed", "light:tilt": "-90", "support": "pole"}, "geohash": "tunbmeg75"},{"type": "Feature", "geometry": {"type": "Point", "coordinates": [88.4882768, 22.5652315]}, "properties": {"height": "10", "highway": "street_lamp", "lamp_mount": "bent_mast", "light:colour": "white", "light:count": "1", "light:direction": "40", "light:method": "LED", "light:shape": "directed", "light:tilt": "-90", "support": "pole"}, "geohash": "tunbmeghn"},{"type": "Feature", "geometry": {"type": "Point", "coordinates": [88.4880127, 22.565437]}, "properties": {"height": "10", "highway": "street_lamp", "lamp_mount": "bent_mast", "light:colour": "white", "light:count": "1", "light:direction": "40", "light:method": "LED", "light:shape": "directed", "light:tilt": "-90", "support": "pole"}, "geohash": "tunbmegj0"},{"type": "Feature", "geometry": {"type": "Point", "coordinates": [88.4877404, 22.56565]}, "properties": {"height": "10", "highway": "street_lamp", "lamp_mount": "bent_mast", "light:colour": "white", "light:count": "1", "light:direction": "40", "light:method": "LED", "light:shape": "directed", "light:tilt": "-90", "support": "pole"}, "geohash": "tunbmefy3"},{"type": "Feature", "geometry": {"type": "Point", "coordinates": [88.4863222, 22.5648141]}, "properties": {"height": "10", "highway": "street_lamp", "lamp_mount": "bent_mast", "light:colour": "white", "light:count": "1", "light:direction": "135", "light:method": "LED", "light:shape": "directed", "light:tilt": "-90", "support": "pole"}, "geohash": "tunbmecc8"},{"type": "Feature", "geometry": {"type": "Point", "coordinates": [88.4861585, 22.5646456]}, "properties": {"height": "10", "highway": "street_lamp", "lamp_mount": "bent_mast", "light:colour": "white", "light:count": "1", "light:direction": "135", "light:method": "LED", "light:shape": "directed", "light:tilt": "-90", "support": "pole"}, "geohash": "tunbmec8s"},{"type": "Feature", "geometry": {"type": "Point", "coordinates": [88.4859869, 22.5644599]}, "properties": {"height": "10", "highway": "street_lamp", "lamp_mount": "bent_mast", "light:colour": "white", "light:count": "1", "light:direction": "135", "light:method": "LED", "light:shape": "directed", "light:tilt": "-90", "support": "pole"}, "geohash": "tunbme9x8"},{"type": "Feature", "geometry": {"type": "Point", "coordinates": [88.4858233, 22.5642766]}, "properties": {"height": "10", "highway": "street_lamp", "lamp_mount": "bent_mast", "light:colour": "white", "light:count": "1", "light:direction": "135", "light:method": "LED", "light:shape": "directed", "light:tilt": "-90", "support": "pole"}, "geohash": "tunbme9qm"},{"type": "Feature", "geometry": {"type": "Point", "coordinates": [88.485604, 22.5640351]}, "properties": {"height": "10", "highway": "street_lamp", "lamp_mount": "bent_mast", "light:colour": "white", "light:count": "1", "light:direction": "135", "light:method": "LED", "light:shape": "directed", "light:tilt": "-90", "support": "pole"}, "geohash": "tunbme9m0"},{"type": "Feature", "geometry": {"type": "Point", "coordinates": [88.4917617, 22.5692179]}, "properties": {"height": "10", "highway": "street_lamp", "lamp_mount": "bent_mast", "light:colour": "white", "light:count": "1", "light:direction": "120", "light:method": "LED", "light:shape": "directed", "light:tilt": "-90", "support": "pole"}, "geohash": "tunbmstep"},{"type": "Feature", "geometry": {"type": "Point", "coordinates": [88.4915927, 22.5689875]}, "properties": {"height": "10", "highway": "street_lamp", "lamp_mount": "bent_mast", "light:colour": "white", "light:count": "1", "light:direction": "120", "light:method": "LED", "light:shape": "directed", "light:tilt": "-90", "support": "pole"}, "geohash": "tunbmst9g"},{"type": "Feature", "geometry": {"type": "Point", "coordinates": [88.4914452, 22.5687572]}, "properties": {"height": "10", "highway": "street_lamp", "lamp_mount": "bent_mast", "light:colour": "white", "light:count": "1", "light:direction": "120", "light:method": "LED", "light:shape": "directed", "light:tilt": "-90", "support": "pole"}, "geohash": "tunbmst88"},{"type": "Feature", "geometry": {"type": "Point", "coordinates": [88.4921935, 22.5689727]}, "properties": {"height": "10", "highway": "street_lamp", "lamp_mount": "bent_mast", "light:colour": "white", "light:count": "1", "light:direction": "300", "light:method": "LED", "light:shape": "directed", "light:tilt": "-90", "support": "pole"}, "geohash": "tunbmsw1c"},{"type": "Feature", "geometry": {"type": "Point", "coordinates": [88.4920487, 22.5687448]}, "properties": {"height": "10", "highway": "street_lamp", "lamp_mount": "bent_mast", "light:colour": "white", "light:count": "1", "light:direction": "300", "light:method": "LED", "light:shape": "directed", "light:tilt": "-90", "support": "pole"}, "geohash": "tunbmstbq"},{"type": "Feature", "geometry": {"type": "Point", "coordinates": [88.4918985, 22.5685244]}, "properties": {"height": "10", "highway": "street_lamp", "lamp_mount": "bent_mast", "light:colour": "white", "light:count": "1", "light:direction": "300", "light:method": "LED", "light:shape": "directed", "light:tilt": "-90", "support": "pole"}, "geohash": "tunbmsmz4"},{"type": "Feature", "geometry": {"type": "Point", "coordinates": [88.492451, 22.5688117]}, "properties": {"height": "10", "highway": "street_lamp", "lamp_mount": "bent_mast", "light:colour": "white", "light:count": "1", "light:direction": "120", "light:method": "LED", "light:shape": "directed", "light:tilt": "-90", "support": "pole"}, "geohash": "tunbmsw0z"},{"type": "Feature", "geometry": {"type": "Point", "coordinates": [88.4923249, 22.5686309]}, "properties": {"height": "10", "highway": "street_lamp", "lamp_mount": "bent_mast", "light:colour": "white", "light:count": "1", "light:direction": "120", "light:method": "LED", "light:shape": "directed", "light:tilt": "-90", "support": "pole"}, "geohash": "tunbmsqpu"},{"type": "Feature", "geometry": {"type": "Point", "coordinates": [88.4921774, 22.5684179]}, "properties": {"height": "10", "highway": "street_lamp", "lamp_mount": "bent_mast", "light:colour": "white", "light:count": "1", "light:direction": "120", "light:method": "LED", "light:shape": "directed", "light:tilt": "-90", "support": "pole"}, "geohash": "tunbmsqn9"},{"type": "Feature", "geometry": {"type": "Point", "coordinates": [88.4928533, 22.5685739]}, "properties": {"height": "10", "highway": "street_lamp", "lamp_mount": "bent_mast", "light:colour": "white", "light:count": "1", "light:direction": "215", "light:method": "LED", "light:shape": "directed", "light:tilt": "-90", "support": "pole"}, "geohash": "tunbmsqx2"},{"type": "Feature", "geometry": {"type": "Point", "coordinates": [88.4926978, 22.5684402]}, "properties": {"height": "10", "highway": "street_lamp", "lamp_mount": "bent_mast", "light:colour": "white", "light:count": "1", "light:direction": "120", "light:method": "LED", "light:shape": "directed", "light:tilt": "-90", "support": "pole"}, "geohash": "tunbmsqqt"},{"type": "Feature", "geometry": {"type": "Point", "coordinates": [88.4925757, 22.5682457]}, "properties": {"height": "10", "highway": "street_lamp", "lamp_mount": "bent_mast", "light:colour": "white", "light:count": "1", "light:direction": "120", "light:method": "LED", "light:shape": "directed", "light:tilt": "-90", "support": "pole"}, "geohash": "tunbmsqmd"},{"type": "Feature", "geometry": {"type": "Point", "coordinates": [88.4932463, 22.567811]}, "properties": {"height": "10", "highway": "street_lamp", "lamp_mount": "bent_mast", "light:colour": "white", "light:count": "1", "light:direction": "120", "light:method": "LED", "light:shape": "directed", "light:tilt": "-90", "support": "pole"}, "geohash": "tunbmsqg4"},{"type": "Feature", "geometry": {"type": "Point", "coordinates": [88.4933978, 22.5680166]}, "properties": {"height": "10", "highway": "street_lamp", "lamp_mount": "bent_mast", "light:colour": "white", "light:count": "1", "light:direction": "110", "light:method": "LED", "light:shape": "directed", "light:tilt": "-90", "support": "pole"}, "geohash": "tunbmsquj"},{"type": "Feature", "geometry": {"type": "Point", "coordinates": [88.4939249, 22.5686482]}, "properties": {"height": "10", "highway": "street_lamp", "lamp_mount": "bent_mast", "light:colour": "white", "light:count": "1", "light:direction": "50", "light:method": "LED", "light:shape": "directed", "light:tilt": "-90", "support": "pole"}, "geohash": "tunbmsrrc"},{"type": "Feature", "geometry": {"type": "Point", "coordinates": [88.4938337, 22.5686172]}, "properties": {"height": "10", "highway": "street_lamp", "lamp_mount": "bent_mast", "light:colour": "white", "light:count": "1", "light:direction": "320", "light:method": "LED", "light:shape": "directed", "light:tilt": "-90", "support": "pole"}, "geohash": "tunbmsrpx"},{"type": "Feature", "geometry": {"type": "Point", "coordinates": [88.4936298, 22.5684488]}, "properties": {"height": "10", "highway": "street_lamp", "lamp_mount": "bent_mast", "light:colour": "white", "light:count": "1", "light:direction": "320", "light:method": "LED", "light:shape": "directed", "light:tilt": "-90", "support": "pole"}, "geohash": "tunbmsrne"},{"type": "Feature", "geometry": {"type": "Point", "coordinates": [88.4933884, 22.5682507]}, "properties": {"height": "10", "highway": "street_lamp", "lamp_mount": "bent_mast", "light:colour": "white", "light:count": "1", "light:direction": "320", "light:method": "LED", "light:shape": "directed", "light:tilt": "-90", "support": "pole"}, "geohash": "tunbmsqvt"},{"type": "Feature", "geometry": {"type": "Point", "coordinates": [88.4931001, 22.5681256]}, "properties": {"height": "10", "highway": "street_lamp", "lamp_mount": "bent_mast", "light:colour": "white", "light:count": "1", "light:direction": "300", "light:method": "LED", "light:shape": "directed", "light:tilt": "-90", "support": "pole"}, "geohash": "tunbmsqsy"},{"type": "Feature", "geometry": {"type": "Point", "coordinates": [88.4929579, 22.56792]}, "properties": {"height": "10", "highway": "street_lamp", "lamp_mount": "bent_mast", "light:colour": "white", "light:count": "1", "light:direction": "300", "light:method": "LED", "light:shape": "directed", "light:tilt": "-90", "support": "pole"}, "geohash": "tunbmsqee"},{"type": "Feature", "geometry": {"type": "Point", "coordinates": [88.4937264, 22.5678049]}, "properties": {"height": "10", "highway": "street_lamp", "lamp_mount": "bent_mast", "light:colour": "white", "light:count": "1", "light:direction": "140", "light:method": "LED", "light:shape": "directed", "light:tilt": "-90", "support": "pole"}, "geohash": "tunbmsr4v"},{"type": "Feature", "geometry": {"type": "Point", "coordinates": [88.4937532, 22.5680463]}, "properties": {"height": "10", "highway": "street_lamp", "lamp_mount": "bent_mast", "light:colour": "white", "light:count": "1", "light:direction": "315", "light:method": "LED", "light:shape": "directed", "light:tilt": "-90", "support": "pole"}, "geohash": "tunbmsrhm"},{"type": "Feature", "geometry": {"type": "Point", "coordinates": [88.4939544, 22.568216]}, "properties": {"height": "10", "highway": "street_lamp", "lamp_mount": "bent_mast", "light:colour": "white", "light:count": "1", "light:direction": "315", "light:method": "LED", "light:shape": "directed", "light:tilt": "-90", "support": "pole"}, "geohash": "tunbmsrm6"},{"type": "Feature", "geometry": {"type": "Point", "coordinates": [88.4941354, 22.5683807]}, "properties": {"height": "10", "highway": "street_lamp", "lamp_mount": "bent_mast", "light:colour": "white", "light:count": "1", "light:direction": "315", "light:method": "LED", "light:shape": "directed", "light:tilt": "-90", "support": "pole"}, "geohash": "tunbmsrqq"},{"type": "Feature", "geometry": {"type": "Point", "coordinates": [88.4940898, 22.5684785]}, "properties": {"height": "10", "highway": "street_lamp", "lamp_mount": "bent_mast", "light:colour": "white", "light:count": "1", "light:direction": "50", "light:method": "LED", "light:shape": "directed", "light:tilt": "-90", "support": "pole"}, "geohash": "tunbmsrqv"},{"type": "Feature", "geometry": {"type": "Point", "coordinates": [88.4942877, 22.5683052]}, "properties": {"height": "10", "highway": "street_lamp", "lamp_mount": "bent_mast", "light:colour": "white", "light:count": "1", "light:direction": "50", "light:method": "LED", "light:shape": "directed", "light:tilt": "-90", "support": "pole"}, "geohash": "tunbmsrtf"},{"type": "Feature", "geometry": {"type": "Point", "coordinates": [88.494405, 22.5681702]}, "properties": {"height": "10", "highway": "street_lamp", "lamp_mount": "bent_mast", "light:colour": "white", "light:count": "1", "light:direction": "120", "light:method": "LED", "light:shape": "directed", "light:tilt": "-90", "support": "pole"}, "geohash": "tunbmsrtj"},{"type": "Feature", "geometry": {"type": "Point", "coordinates": [88.4941569, 22.5679758]}, "properties": {"height": "10", "highway": "street_lamp", "lamp_mount": "bent_mast", "light:colour": "white", "light:count": "1", "light:direction": "120", "light:method": "LED", "light:shape": "directed", "light:tilt": "-90", "support": "pole"}, "geohash": "tunbmsr7z"},{"type": "Feature", "geometry": {"type": "Point", "coordinates": [88.4938914, 22.5677912]}, "properties": {"height": "10", "highway": "street_lamp", "lamp_mount": "bent_mast", "light:colour": "white", "light:count": "1", "light:direction": "130", "light:method": "LED", "light:shape": "directed", "light:tilt": "-90", "support": "pole"}, "geohash": "tunbmsr6c"},{"type": "Feature", "geometry": {"type": "Point", "coordinates": [88.4936191, 22.5676203]}, "properties": {"height": "10", "highway": "street_lamp", "lamp_mount": "bent_mast", "light:colour": "white", "light:count": "1", "light:direction": "120", "light:method": "LED", "light:shape": "directed", "light:tilt": "-90", "support": "pole"}, "geohash": "tunbmsr1f"},{"type": "Feature", "geometry": {"type": "Point", "coordinates": [88.4943688, 22.567499]}, "properties": {"height": "10", "highway": "street_lamp", "lamp_mount": "bent_mast", "light:colour": "white", "light:count": "1", "light:direction": "300", "light:method": "LED", "light:shape": "directed", "light:tilt": "-90", "support": "pole"}, "geohash": "tunbmsr9h"},{"type": "Feature", "geometry": {"type": "Point", "coordinates": [88.4942722, 22.5673652]}, "properties": {"height": "10", "highway": "street_lamp", "lamp_mount": "bent_mast", "light:colour": "white", "light:count": "1", "light:direction": "300", "light:method": "LED", "light:shape": "directed", "light:tilt": "-90", "support": "pole"}, "geohash": "tunbmsr83"},{"type": "Feature", "geometry": {"type": "Point", "coordinates": [88.4941649, 22.5672067]}, "properties": {"height": "10", "highway": "street_lamp", "lamp_mount": "bent_mast", "light:colour": "white", "light:count": "1", "light:direction": "300", "light:method": "LED", "light:shape": "directed", "light:tilt": "-90", "support": "pole"}, "geohash": "tunbmsprx"},{"type": "Feature", "geometry": {"type": "Point", "coordinates": [88.4947725, 22.5673646]}, "properties": {"height": "10", "highway": "street_lamp", "lamp_mount": "bent_mast", "light:colour": "white", "light:count": "1", "light:direction": "320", "light:method": "LED", "light:shape": "directed", "light:tilt": "-90", "support": "pole"}, "geohash": "tunbmsrbm"},{"type": "Feature", "geometry": {"type": "Point", "coordinates": [88.4946511, 22.5672079]}, "properties": {"height": "10", "highway": "street_lamp", "lamp_mount": "bent_mast", "light:colour": "white", "light:count": "1", "light:direction": "300", "light:method": "LED", "light:shape": "directed", "light:tilt": "-90", "support": "pole"}, "geohash": "tunbmspzd"},{"type": "Feature", "geometry": {"type": "Point", "coordinates": [88.4945458, 22.5670432]}, "properties": {"height": "10", "highway": "street_lamp", "lamp_mount": "bent_mast", "light:colour": "white", "light:count": "1", "light:direction": "300", "light:method": "LED", "light:shape": "directed", "light:tilt": "-90", "support": "pole"}, "geohash": "tunbmspy8"},{"type": "Feature", "geometry": {"type": "Point", "coordinates": [88.4942266, 22.5665739]}, "properties": {"height": "10", "highway": "street_lamp", "lamp_mount": "bent_mast", "light:colour": "white", "light:count": "1", "light:direction": "300", "light:method": "LED", "light:shape": "directed", "light:tilt": "-90", "support": "pole"}, "geohash": "tunbmspeb"},{"type": "Feature", "geometry": {"type": "Point", "coordinates": [88.4941596, 22.5664661]}, "properties": {"height": "10", "highway": "street_lamp", "lamp_mount": "bent_mast", "light:colour": "white", "light:count": "1", "light:direction": "300", "light:method": "LED", "light:shape": "directed", "light:tilt": "-90", "support": "pole"}, "geohash": "tunbmsp7p"},{"type": "Feature", "geometry": {"type": "Point", "coordinates": [88.4923571, 22.5672166]}, "properties": {"height": "10", "highway": "street_lamp", "lamp_mount": "bent_mast", "light:colour": "white", "light:count": "1", "light:direction": "30", "light:method": "LED", "light:shape": "directed", "light:tilt": "-90", "support": "pole"}, "geohash": "tunbmsnpt"},{"type": "Feature", "geometry": {"type": "Point", "coordinates": [88.4925985, 22.567068]}, "properties": {"height": "10", "highway": "street_lamp", "lamp_mount": "bent_mast", "light:colour": "white", "light:count": "1", "light:direction": "30", "light:method": "LED", "light:shape": "directed", "light:tilt": "-90", "support": "pole"}, "geohash": "tunbmsnqd"},{"type": "Feature", "geometry": {"type": "Point", "coordinates": [88.4931001, 22.5667819]}, "properties": {"height": "10", "highway": "street_lamp", "lamp_mount": "bent_mast", "light:colour": "white", "light:count": "1", "light:direction": "30", "light:method": "LED", "light:shape": "directed", "light:tilt": "-90", "support": "pole"}, "geohash": "tunbmsntn"},{"type": "Feature", "geometry": {"type": "Point", "coordinates": [88.4927917, 22.5669702]}, "properties": {"height": "10", "highway": "street_lamp", "lamp_mount": "bent_mast", "light:colour": "white", "light:count": "1", "light:direction": "30", "light:method": "LED", "light:shape": "directed", "light:tilt": "-90", "support": "pole"}, "geohash": "tunbmsnqp"},{"type": "Feature", "geometry": {"type": "Point", "coordinates": [88.4929472, 22.5668736]}, "properties": {"height": "10", "highway": "street_lamp", "lamp_mount": "bent_mast", "light:colour": "white", "light:count": "1", "light:direction": "30", "light:method": "LED", "light:shape": "directed", "light:tilt": "-90", "support": "pole"}, "geohash": "tunbmsnte"},{"type": "Feature", "geometry": {"type": "Point", "coordinates": [88.4933026, 22.5666147]}, "properties": {"height": "10", "highway": "street_lamp", "lamp_mount": "bent_mast", "light:colour": "white", "light:count": "1", "light:direction": "30", "light:method": "LED", "light:shape": "directed", "light:tilt": "-90", "support": "pole"}, "geohash": "tunbmsnu5"},{"type": "Feature", "geometry": {"type": "Point", "coordinates": [88.4935212, 22.5664971]}, "properties": {"height": "10", "highway": "street_lamp", "lamp_mount": "bent_mast", "light:colour": "white", "light:count": "1", "light:direction": "30", "light:method": "LED", "light:shape": "directed", "light:tilt": "-90", "support": "pole"}, "geohash": "tunbmsp52"},{"type": "Feature", "geometry": {"type": "Point", "coordinates": [88.493709, 22.566403]}, "properties": {"height": "10", "highway": "street_lamp", "lamp_mount": "bent_mast", "light:colour": "white", "light:count": "1", "light:direction": "30", "light:method": "LED", "light:shape": "directed", "light:tilt": "-90", "support": "pole"}, "geohash": "tunbmsp4u"},{"type": "Feature", "geometry": {"type": "Point", "coordinates": [88.4939088, 22.5662903]}, "properties": {"height": "10", "highway": "street_lamp", "lamp_mount": "bent_mast", "light:colour": "white", "light:count": "1", "light:direction": "30", "light:method": "LED", "light:shape": "directed", "light:tilt": "-90", "support": "pole"}, "geohash": "tunbmsp61"},{"type": "Feature", "geometry": {"type": "Point", "coordinates": [88.4940295, 22.5662519]}, "properties": {"height": "10", "highway": "street_lamp", "lamp_mount": "bent_mast", "light:colour": "white", "light:count": "1", "light:direction": "300", "light:method": "LED", "light:shape": "directed", "light:tilt": "-90", "support": "pole"}, "geohash": "tunbmsp3u"},{"type": "Feature", "geometry": {"type": "Point", "coordinates": [88.493894, 22.5660413]}, "properties": {"height": "10", "highway": "street_lamp", "lamp_mount": "bent_mast", "light:colour": "white", "light:count": "1", "light:direction": "300", "light:method": "LED", "light:shape": "directed", "light:tilt": "-90", "support": "pole"}, "geohash": "tunbmsp29"},{"type": "Feature", "geometry": {"type": "Point", "coordinates": [88.4936768, 22.5656909]}, "properties": {"height": "10", "highway": "street_lamp", "lamp_mount": "bent_mast", "light:colour": "white", "light:count": "1", "light:direction": "300", "light:method": "LED", "light:shape": "directed", "light:tilt": "-90", "support": "pole"}, "geohash": "tunbmezns"},{"type": "Feature", "geometry": {"type": "Point", "coordinates": [88.4935293, 22.5654865]}, "properties": {"height": "10", "highway": "street_lamp", "lamp_mount": "bent_mast", "light:colour": "white", "light:count": "1", "light:direction": "300", "light:method": "LED", "light:shape": "directed", "light:tilt": "-90", "support": "pole"}, "geohash": "tunbmezj2"},{"type": "Feature", "geometry": {"type": "Point", "coordinates": [88.4933777, 22.5652289]}, "properties": {"height": "10", "highway": "street_lamp", "lamp_mount": "bent_mast", "light:colour": "white", "light:count": "1", "light:direction": "300", "light:method": "LED", "light:shape": "directed", "light:tilt": "-90", "support": "pole"}, "geohash": "tunbmeygv"},{"type": "Feature", "geometry": {"type": "Point", "coordinates": [88.493827, 22.564871]}, "properties": {"height": "10", "highway": "street_lamp", "lamp_mount": "bent_mast", "light:colour": "white", "light:count": "1", "light:direction": "210", "light:method": "LED", "light:shape": "directed", "light:tilt": "-90", "support": "pole"}, "geohash": "tunbmez1z"},{"type": "Feature", "geometry": {"type": "Point", "coordinates": [88.4935842, 22.5650011]}, "properties": {"height": "10", "highway": "street_lamp", "lamp_mount": "bent_mast", "light:colour": "white", "light:count": "1", "light:direction": "210", "light:method": "LED", "light:shape": "directed", "light:tilt": "-90", "support": "pole"}, "geohash": "tunbmez49"},{"type": "Feature", "geometry": {"type": "Point", "coordinates": [88.4932342, 22.5651868]}, "properties": {"height": "10", "highway": "street_lamp", "lamp_mount": "bent_mast", "light:colour": "white", "light:count": "1", "light:direction": "210", "light:method": "LED", "light:shape": "directed", "light:tilt": "-90", "support": "pole"}, "geohash": "tunbmeyg9"},{"type": "Feature", "geometry": {"type": "Point", "coordinates": [88.4930451, 22.5652871]}, "properties": {"height": "10", "highway": "street_lamp", "lamp_mount": "bent_mast", "light:colour": "white", "light:count": "1", "light:direction": "210", "light:method": "LED", "light:shape": "directed", "light:tilt": "-90", "support": "pole"}, "geohash": "tunbmeysm"},{"type": "Feature", "geometry": {"type": "Point", "coordinates": [88.4920688, 22.5654816]}, "properties": {"height": "10", "highway": "street_lamp", "lamp_mount": "bent_mast", "light:colour": "white", "light:count": "1", "light:direction": "120", "light:method": "LED", "light:shape": "directed", "light:tilt": "-90", "support": "pole"}, "geohash": "tunbmevvq"},{"type": "Feature", "geometry": {"type": "Point", "coordinates": [88.4916852, 22.565681]}, "properties": {"height": "10", "highway": "street_lamp", "lamp_mount": "bent_mast", "light:colour": "white", "light:count": "1", "light:direction": "300", "light:method": "LED", "light:shape": "directed", "light:tilt": "-90", "support": "pole"}, "geohash": "tunbmevwt"},{"type": "Feature", "geometry": {"type": "Point", "coordinates": [88.491814, 22.5658407]}, "properties": {"height": "10", "highway": "street_lamp", "lamp_mount": "bent_mast", "light:colour": "white", "light:count": "1", "light:direction": "350", "light:method": "LED", "light:shape": "directed", "light:tilt": "-90", "support": "pole"}, "geohash": "tunbmevz8"},{"type": "Feature", "geometry": {"type": "Point", "coordinates": [88.4918167, 22.5659571]}, "properties": {"height": "10", "highway": "street_lamp", "lamp_mount": "bent_mast", "light:colour": "white", "light:count": "1", "light:direction": "210", "light:method": "LED", "light:shape": "directed", "light:tilt": "-90", "support": "pole"}, "geohash": "tunbmsjb0"},{"type": "Feature", "geometry": {"type": "Point", "coordinates": [88.492038, 22.5658283]}, "properties": {"height": "10", "highway": "street_lamp", "lamp_mount": "bent_mast", "light:colour": "white", "light:count": "1", "light:direction": "210", "light:method": "LED", "light:shape": "directed", "light:tilt": "-90", "support": "pole"}, "geohash": "tunbmevzm"},{"type": "Feature", "geometry": {"type": "Point", "coordinates": [88.4921828, 22.5656463]}, "properties": {"height": "10", "highway": "street_lamp", "lamp_mount": "bent_mast", "light:colour": "white", "light:count": "1", "light:direction": "95", "light:method": "LED", "light:shape": "directed", "light:tilt": "-90", "support": "pole"}, "geohash": "tunbmeyn3"},{"type": "Feature", "geometry": {"type": "Point", "coordinates": [88.4922659, 22.5657144]}, "properties": {"height": "10", "highway": "street_lamp", "lamp_mount": "bent_mast", "light:colour": "white", "light:count": "1", "light:direction": "210", "light:method": "LED", "light:shape": "directed", "light:tilt": "-90", "support": "pole"}, "geohash": "tunbmeyng"},{"type": "Feature", "geometry": {"type": "Point", "coordinates": [88.4925006, 22.5655819]}, "properties": {"height": "10", "highway": "street_lamp", "lamp_mount": "bent_mast", "light:colour": "white", "light:count": "1", "light:direction": "210", "light:method": "LED", "light:shape": "directed", "light:tilt": "-90", "support": "pole"}, "geohash": "tunbmeyq0"},{"type": "Feature", "geometry": {"type": "Point", "coordinates": [88.4937881, 22.5658717]}, "properties": {"height": "10", "highway": "street_lamp", "lamp_mount": "bent_mast", "light:colour": "white", "light:count": "1", "light:direction": "300", "light:method": "LED", "light:shape": "directed", "light:tilt": "-90", "support": "pole"}, "geohash": "tunbmezpw"},{"type": "Feature", "geometry": {"type": "Point", "coordinates": [88.493607, 22.5658011]}, "properties": {"height": "10", "highway": "street_lamp", "lamp_mount": "bent_mast", "light:colour": "white", "light:count": "1", "light:direction": "30", "light:method": "LED", "light:shape": "directed", "light:tilt": "-90", "support": "pole"}, "geohash": "tunbmezp6"},{"type": "Feature", "geometry": {"type": "Point", "coordinates": [88.4934193, 22.5659101]}, "properties": {"height": "10", "highway": "street_lamp", "lamp_mount": "bent_mast", "light:colour": "white", "light:count": "1", "light:direction": "30", "light:method": "LED", "light:shape": "directed", "light:tilt": "-90", "support": "pole"}, "geohash": "tunbmeyzy"},{"type": "Feature", "geometry": {"type": "Point", "coordinates": [88.4929633, 22.5661602]}, "properties": {"height": "10", "highway": "street_lamp", "lamp_mount": "bent_mast", "light:colour": "white", "light:count": "1", "light:direction": "30", "light:method": "LED", "light:shape": "directed", "light:tilt": "-90", "support": "pole"}, "geohash": "tunbmsn97"},{"type": "Feature", "geometry": {"type": "Point", "coordinates": [88.4931484, 22.5660624]}, "properties": {"height": "10", "highway": "street_lamp", "lamp_mount": "bent_mast", "light:colour": "white", "light:count": "1", "light:direction": "30", "light:method": "LED", "light:shape": "directed", "light:tilt": "-90", "support": "pole"}, "geohash": "tunbmsn8z"},{"type": "Feature", "geometry": {"type": "Point", "coordinates": [88.4931175, 22.5658122]}, "properties": {"height": "10", "highway": "street_lamp", "lamp_mount": "bent_mast", "light:colour": "white", "light:count": "1", "light:direction": "300", "light:method": "LED", "light:shape": "directed", "light:tilt": "-90", "support": "pole"}, "geohash": "tunbmeyxr"},{"type": "Feature", "geometry": {"type": "Point", "coordinates": [88.4929901, 22.5656265]}, "properties": {"height": "10", "highway": "street_lamp", "lamp_mount": "bent_mast", "light:colour": "white", "light:count": "1", "light:direction": "300", "light:method": "LED", "light:shape": "directed", "light:tilt": "-90", "support": "pole"}, "geohash": "tunbmeywk"},{"type": "Feature", "geometry": {"type": "Point", "coordinates": [88.4932302, 22.5659869]}, "properties": {"height": "10", "highway": "street_lamp", "lamp_mount": "bent_mast", "light:colour": "white", "light:count": "1", "light:direction": "300", "light:method": "LED", "light:shape": "directed", "light:tilt": "-90", "support": "pole"}, "geohash": "tunbmsnb3"},{"type": "Feature", "geometry": {"type": "Point", "coordinates": [88.4927373, 22.5654419]}, "properties": {"height": "10", "highway": "street_lamp", "lamp_mount": "bent_mast", "light:colour": "white", "light:count": "1", "light:direction": "210", "light:method": "LED", "light:shape": "directed", "light:tilt": "-90", "support": "pole"}, "geohash": "tunbmeymn"},{"type": "Feature", "geometry": {"type": "Point", "coordinates": [88.4928319, 22.5653961]}, "properties": {"height": "10", "highway": "street_lamp", "lamp_mount": "bent_mast", "light:colour": "white", "light:count": "1", "light:direction": "300", "light:method": "LED", "light:shape": "directed", "light:tilt": "-90", "support": "pole"}, "geohash": "tunbmeysb"},{"type": "Feature", "geometry": {"type": "Point", "coordinates": [88.4927005, 22.5651943]}, "properties": {"height": "10", "highway": "street_lamp", "lamp_mount": "bent_mast", "light:colour": "white", "light:count": "1", "light:direction": "300", "light:method": "LED", "light:shape": "directed", "light:tilt": "-90", "support": "pole"}, "geohash": "tunbmey7v"},{"type": "Feature", "geometry": {"type": "Point", "coordinates": [88.492557, 22.5649726]}, "properties": {"height": "10", "highway": "street_lamp", "lamp_mount": "bent_mast", "light:colour": "white", "light:count": "1", "light:direction": "300", "light:method": "LED", "light:shape": "directed", "light:tilt": "-90", "support": "pole"}, "geohash": "tunbmey66"},{"type": "Feature", "geometry": {"type": "Point", "coordinates": [88.4929258, 22.5647026]}, "properties": {"height": "10", "highway": "street_lamp", "lamp_mount": "bent_mast", "light:colour": "white", "light:count": "1", "light:direction": "210", "light:method": "LED", "light:shape": "directed", "light:tilt": "-90", "support": "pole"}, "geohash": "tunbmey8f"},{"type": "Feature", "geometry": {"type": "Point", "coordinates": [88.4927246, 22.5648165]}, "properties": {"height": "10", "highway": "street_lamp", "lamp_mount": "bent_mast", "light:colour": "white", "light:count": "1", "light:direction": "210", "light:method": "LED", "light:shape": "directed", "light:tilt": "-90", "support": "pole"}, "geohash": "tunbmey3t"},{"type": "Feature", "geometry": {"type": "Point", "coordinates": [88.4925422, 22.5649082]}, "properties": {"height": "10", "highway": "street_lamp", "lamp_mount": "bent_mast", "light:colour": "white", "light:count": "1", "light:direction": "210", "light:method": "LED", "light:shape": "directed", "light:tilt": "-90", "support": "pole"}, "geohash": "tunbmey61"},{"type": "Feature", "geometry": {"type": "Point", "coordinates": [88.4930974, 22.564601]}, "properties": {"height": "10", "highway": "street_lamp", "lamp_mount": "bent_mast", "light:colour": "white", "light:count": "1", "light:direction": "210", "light:method": "LED", "light:shape": "directed", "light:tilt": "-90", "support": "pole"}, "geohash": "tunbmey8q"},{"type": "Feature", "geometry": {"type": "Point", "coordinates": [88.4933013, 22.5644945]}, "properties": {"height": "10", "highway": "street_lamp", "lamp_mount": "bent_mast", "light:colour": "white", "light:count": "1", "light:direction": "210", "light:method": "LED", "light:shape": "directed", "light:tilt": "-90", "support": "pole"}, "geohash": "tunbmewze"},{"type": "Feature", "geometry": {"type": "Point", "coordinates": [88.4934837, 22.564393]}, "properties": {"height": "10", "highway": "street_lamp", "lamp_mount": "bent_mast", "light:colour": "white", "light:count": "1", "light:direction": "180", "light:method": "LED", "light:shape": "directed", "light:tilt": "-90", "support": "pole"}, "geohash": "tunbmewzp"},{"type": "Feature", "geometry": {"type": "Point", "coordinates": [88.4923759, 22.5622455]}, "properties": {"height": "10", "highway": "street_lamp", "lamp_mount": "bent_mast", "light:colour": "white", "light:count": "2", "light:direction": "120;300", "light:method": "LED", "light:shape": "directed", "light:tilt": "-90", "support": "pole"}, "geohash": "tunbmeq4t"},{"type": "Feature", "geometry": {"type": "Point", "coordinates": [88.4921895, 22.5619582]}, "properties": {"height": "10", "highway": "street_lamp", "lamp_mount": "bent_mast", "light:colour": "white", "light:count": "2", "light:direction": "120;300", "light:method": "LED", "light:shape": "directed", "light:tilt": "-90", "support": "pole"}, "geohash": "tunbmeq0c"},{"type": "Feature", "geometry": {"type": "Point", "coordinates": [88.4920379, 22.5617204]}, "properties": {"height": "10", "highway": "street_lamp", "lamp_mount": "bent_mast", "light:colour": "white", "light:count": "2", "light:direction": "120;300", "light:method": "LED", "light:shape": "directed", "light:tilt": "-90", "support": "pole"}, "geohash": "tunbmejzt"},{"type": "Feature", "geometry": {"type": "Point", "coordinates": [88.4918931, 22.5614826]}, "properties": {"height": "10", "highway": "street_lamp", "lamp_mount": "bent_mast", "light:colour": "white", "light:count": "2", "light:direction": "120;300", "light:method": "LED", "light:shape": "directed", "light:tilt": "-90", "support": "pole"}, "geohash": "tunbmejy4"},{"type": "Feature", "geometry": {"type": "Point", "coordinates": [88.4917563, 22.5612746]}, "properties": {"height": "10", "highway": "street_lamp", "lamp_mount": "bent_mast", "light:colour": "white", "light:count": "2", "light:direction": "120;300", "light:method": "LED", "light:shape": "directed", "light:tilt": "-90", "support": "pole"}, "geohash": "tunbmejsz"},{"type": "Feature", "geometry": {"type": "Point", "coordinates": [88.4916249, 22.5610665]}, "properties": {"height": "10", "highway": "street_lamp", "lamp_mount": "bent_mast", "light:colour": "white", "light:count": "2", "light:direction": "120;300", "light:method": "LED", "light:shape": "directed", "light:tilt": "-90", "support": "pole"}, "geohash": "tunbmejes"},{"type": "Feature", "geometry": {"type": "Point", "coordinates": [88.4915069, 22.5608708]}, "properties": {"height": "10", "highway": "street_lamp", "lamp_mount": "bent_mast", "light:colour": "white", "light:count": "2", "light:direction": "120;300", "light:method": "LED", "light:shape": "directed", "light:tilt": "-90", "support": "pole"}, "geohash": "tunbmejd9"},{"type": "Feature", "geometry": {"type": "Point", "coordinates": [88.4913594, 22.560633]}, "properties": {"height": "10", "highway": "street_lamp", "lamp_mount": "bent_mast", "light:colour": "white", "light:count": "2", "light:direction": "120;300", "light:method": "LED", "light:shape": "directed", "light:tilt": "-90", "support": "pole"}, "geohash": "tunbmej3n"},{"type": "Feature", "geometry": {"type": "Point", "coordinates": [88.4957314, 22.5582304]}, "properties": {"height": "10", "highway": "street_lamp", "lamp_mount": "bent_mast", "light:colour": "white", "light:count": "2", "light:direction": "25;205", "light:method": "LED", "light:shape": "directed", "light:tilt": "-90", "support": "pole"}, "geohash": "tunbmf8eh"},{"type": "Feature", "geometry": {"type": "Point", "coordinates": [88.5006237, 22.5565584]}, "properties": {"height": "10", "highway": "street_lamp", "lamp_mount": "bent_mast", "light:colour": "white", "light:count": "2", "light:direction": "20;200", "light:method": "LED", "light:shape": "directed", "light:tilt": "-90", "support": "pole"}, "geohash": "tunbmfk1m"},{"type": "Feature", "geometry": {"type": "Point", "coordinates": [88.4997225, 22.5568309]}, "properties": {"height": "10", "highway": "street_lamp", "lamp_mount": "bent_mast", "light:colour": "white", "light:count": "2", "light:direction": "20;200", "light:method": "LED", "light:shape": "directed", "light:tilt": "-90", "support": "pole"}, "geohash": "tunbmf7e1"},{"type": "Feature", "geometry": {"type": "Point", "coordinates": [88.4985369, 22.5571975]}, "properties": {"height": "10", "highway": "street_lamp", "lamp_mount": "bent_mast", "light:colour": "white", "light:count": "2", "light:direction": "20;200", "light:method": "LED", "light:shape": "directed", "light:tilt": "-90", "support": "pole"}, "geohash": "tunbmf6tj"},{"type": "Feature", "geometry": {"type": "Point", "coordinates": [88.4903119, 22.5672587]}, "properties": {"height": "10", "highway": "street_lamp", "lamp_mount": "bent_mast", "light:colour": "white", "light:count": "1", "light:direction": "125", "light:method": "LED", "light:shape": "directed", "light:tilt": "-90", "support": "pole"}, "geohash": "tunbmshxv"},{"type": "Feature", "geometry": {"type": "Point", "coordinates": [88.4901017, 22.5673832]}, "properties": {"height": "10", "highway": "street_lamp", "lamp_mount": "bent_mast", "light:colour": "white", "light:count": "1", "light:direction": "220", "light:method": "LED", "light:shape": "directed", "light:tilt": "-90", "support": "pole"}, "geohash": "tunbmsk88"},{"type": "Feature", "geometry": {"type": "Point", "coordinates": [88.4898925, 22.5675516]}, "properties": {"height": "10", "highway": "street_lamp", "lamp_mount": "bent_mast", "light:colour": "white", "light:count": "1", "light:direction": "220", "light:method": "LED", "light:shape": "directed", "light:tilt": "-90", "support": "pole"}, "geohash": "tunbmsk3e"},{"type": "Feature", "geometry": {"type": "Point", "coordinates": [88.4896699, 22.5677188]}, "properties": {"height": "10", "highway": "street_lamp", "lamp_mount": "bent_mast", "light:colour": "white", "light:count": "1", "light:direction": "220", "light:method": "LED", "light:shape": "directed", "light:tilt": "-90", "support": "pole"}, "geohash": "tunbmsk4q"},{"type": "Feature", "geometry": {"type": "Point", "coordinates": [88.4894701, 22.5678587]}, "properties": {"height": "10", "highway": "street_lamp", "lamp_mount": "bent_mast", "light:colour": "white", "light:count": "1", "light:direction": "220", "light:method": "LED", "light:shape": "directed", "light:tilt": "-90", "support": "pole"}, "geohash": "tunbmsk56"},{"type": "Feature", "geometry": {"type": "Point", "coordinates": [88.4892622, 22.5680271]}, "properties": {"height": "10", "highway": "street_lamp", "lamp_mount": "bent_mast", "light:colour": "white", "light:count": "1", "light:direction": "220", "light:method": "LED", "light:shape": "directed", "light:tilt": "-90", "support": "pole"}, "geohash": "tunbms7um"},{"type": "Feature", "geometry": {"type": "Point", "coordinates": [88.489051, 22.5681819]}, "properties": {"height": "10", "highway": "street_lamp", "lamp_mount": "bent_mast", "light:colour": "white", "light:count": "1", "light:direction": "220", "light:method": "LED", "light:shape": "directed", "light:tilt": "-90", "support": "pole"}, "geohash": "tunbms7v0"},{"type": "Feature", "geometry": {"type": "Point", "coordinates": [88.4906085, 22.5676117]}, "properties": {"height": "10", "highway": "street_lamp", "lamp_mount": "bent_mast", "light:colour": "white", "light:count": "1", "light:direction": "130", "light:method": "LED", "light:shape": "directed", "light:tilt": "-90", "support": "pole"}, "geohash": "tunbmskcu"},{"type": "Feature", "geometry": {"type": "Point", "coordinates": [88.4903862, 22.5676785]}, "properties": {"height": "10", "highway": "street_lamp", "lamp_mount": "bent_mast", "light:colour": "white", "light:count": "1", "light:direction": "220", "light:method": "LED", "light:shape": "directed", "light:tilt": "-90", "support": "pole"}, "geohash": "tunbmskdr"},{"type": "Feature", "geometry": {"type": "Point", "coordinates": [88.4901716, 22.5678395]}, "properties": {"height": "10", "highway": "street_lamp", "lamp_mount": "bent_mast", "light:colour": "white", "light:count": "1", "light:direction": "220", "light:method": "LED", "light:shape": "directed", "light:tilt": "-90", "support": "pole"}, "geohash": "tunbmske4"},{"type": "Feature", "geometry": {"type": "Point", "coordinates": [88.4899436, 22.5680216]}, "properties": {"height": "10", "highway": "street_lamp", "lamp_mount": "bent_mast", "light:colour": "white", "light:count": "1", "light:direction": "220", "light:method": "LED", "light:shape": "directed", "light:tilt": "-90", "support": "pole"}, "geohash": "tunbmskkm"},{"type": "Feature", "geometry": {"type": "Point", "coordinates": [88.4897559, 22.568164]}, "properties": {"height": "10", "highway": "street_lamp", "lamp_mount": "bent_mast", "light:colour": "white", "light:count": "1", "light:direction": "220", "light:method": "LED", "light:shape": "directed", "light:tilt": "-90", "support": "pole"}, "geohash": "tunbmskm0"},{"type": "Feature", "geometry": {"type": "Point", "coordinates": [88.4895735, 22.5683126]}, "properties": {"height": "10", "highway": "street_lamp", "lamp_mount": "bent_mast", "light:colour": "white", "light:count": "1", "light:direction": "220", "light:method": "LED", "light:shape": "directed", "light:tilt": "-90", "support": "pole"}, "geohash": "tunbmskju"},{"type": "Feature", "geometry": {"type": "Point", "coordinates": [88.4893985, 22.5684402]}, "properties": {"height": "10", "highway": "street_lamp", "lamp_mount": "bent_mast", "light:colour": "white", "light:count": "1", "light:direction": "220", "light:method": "LED", "light:shape": "directed", "light:tilt": "-90", "support": "pole"}, "geohash": "tunbmskn8"},{"type": "Feature", "geometry": {"type": "Point", "coordinates": [88.4906781, 22.5679516]}, "properties": {"height": "10", "highway": "street_lamp", "lamp_mount": "bent_mast", "light:colour": "white", "light:count": "1", "light:direction": "220", "light:method": "LED", "light:shape": "directed", "light:tilt": "-90", "support": "pole"}, "geohash": "tunbmskgy"},{"type": "Feature", "geometry": {"type": "Point", "coordinates": [88.4905389, 22.5680717]}, "properties": {"height": "10", "highway": "street_lamp", "lamp_mount": "bent_mast", "light:colour": "white", "light:count": "1", "light:direction": "220", "light:method": "LED", "light:shape": "directed", "light:tilt": "-90", "support": "pole"}, "geohash": "tunbmskue"},{"type": "Feature", "geometry": {"type": "Point", "coordinates": [88.4903324, 22.5682228]}, "properties": {"height": "10", "highway": "street_lamp", "lamp_mount": "bent_mast", "light:colour": "white", "light:count": "1", "light:direction": "220", "light:method": "LED", "light:shape": "directed", "light:tilt": "-90", "support": "pole"}, "geohash": "tunbmsktq"},{"type": "Feature", "geometry": {"type": "Point", "coordinates": [88.4900964, 22.5684148]}, "properties": {"height": "10", "highway": "street_lamp", "lamp_mount": "bent_mast", "light:colour": "white", "light:count": "1", "light:direction": "220", "light:method": "LED", "light:shape": "directed", "light:tilt": "-90", "support": "pole"}, "geohash": "tunbmskw8"},{"type": "Feature", "geometry": {"type": "Point", "coordinates": [88.4899113, 22.5685671]}, "properties": {"height": "10", "highway": "street_lamp", "lamp_mount": "bent_mast", "light:colour": "white", "light:count": "1", "light:direction": "220", "light:method": "LED", "light:shape": "directed", "light:tilt": "-90", "support": "pole"}, "geohash": "tunbmskrk"},{"type": "Feature", "geometry": {"type": "Point", "coordinates": [88.4897289, 22.5687157]}, "properties": {"height": "10", "highway": "street_lamp", "lamp_mount": "bent_mast", "light:colour": "white", "light:count": "1", "light:direction": "220", "light:method": "LED", "light:shape": "directed", "light:tilt": "-90", "support": "pole"}, "geohash": "tunbmss22"},{"type": "Feature", "geometry": {"type": "Point", "coordinates": [88.4895512, 22.5688333]}, "properties": {"height": "10", "highway": "street_lamp", "lamp_mount": "bent_mast", "light:colour": "white", "light:count": "1", "light:direction": "220", "light:method": "LED", "light:shape": "directed", "light:tilt": "-90", "support": "pole"}, "geohash": "tunbmss0g"},{"type": "Feature", "geometry": {"type": "Point", "coordinates": [88.4901349, 22.5688624]}, "properties": {"height": "10", "highway": "street_lamp", "lamp_mount": "bent_mast", "light:colour": "white", "light:count": "1", "light:direction": "220", "light:method": "LED", "light:shape": "directed", "light:tilt": "-90", "support": "pole"}, "geohash": "tunbmss91"},{"type": "Feature", "geometry": {"type": "Point", "coordinates": [88.49032, 22.5687101]}, "properties": {"height": "10", "highway": "street_lamp", "lamp_mount": "bent_mast", "light:colour": "white", "light:count": "1", "light:direction": "220", "light:method": "LED", "light:shape": "directed", "light:tilt": "-90", "support": "pole"}, "geohash": "tunbmss8m"},{"type": "Feature", "geometry": {"type": "Point", "coordinates": [88.490556, 22.5685182]}, "properties": {"height": "10", "highway": "street_lamp", "lamp_mount": "bent_mast", "light:colour": "white", "light:count": "1", "light:direction": "220", "light:method": "LED", "light:shape": "directed", "light:tilt": "-90", "support": "pole"}, "geohash": "tunbmskz5"},{"type": "Feature", "geometry": {"type": "Point", "coordinates": [88.4899525, 22.5690111]}, "properties": {"height": "10", "highway": "street_lamp", "lamp_mount": "bent_mast", "light:colour": "white", "light:count": "1", "light:direction": "220", "light:method": "LED", "light:shape": "directed", "light:tilt": "-90", "support": "pole"}, "geohash": "tunbmss6j"},{"type": "Feature", "geometry": {"type": "Point", "coordinates": [88.4907626, 22.5683671]}, "properties": {"height": "10", "highway": "street_lamp", "lamp_mount": "bent_mast", "light:colour": "white", "light:count": "1", "light:direction": "220", "light:method": "LED", "light:shape": "directed", "light:tilt": "-90", "support": "pole"}, "geohash": "tunbmsmn2"},{"type": "Feature", "geometry": {"type": "Point", "coordinates": [88.4897748, 22.5691287]}, "properties": {"height": "10", "highway": "street_lamp", "lamp_mount": "bent_mast", "light:colour": "white", "light:count": "1", "light:direction": "220", "light:method": "LED", "light:shape": "directed", "light:tilt": "-90", "support": "pole"}, "geohash": "tunbmss69"},{"type": "Feature", "geometry": {"type": "Point", "coordinates": [88.4954511, 22.567099]}, "properties": {"height": "10", "highway": "street_lamp", "lamp_mount": "bent_mast", "light:colour": "white", "light:count": "2", "light:direction": "120;300", "light:method": "LED", "light:shape": "directed", "light:tilt": "-90", "support": "pole"}, "geohash": "tunbmu0qv"},{"type": "Feature", "geometry": {"type": "Point", "coordinates": [88.4912923, 22.5696575]}, "properties": {"height": "10", "highway": "street_lamp", "lamp_mount": "bent_mast", "light:colour": "white", "light:count": "1", "light:direction": "170", "light:method": "LED", "light:shape": "directed", "light:tilt": "-90", "support": "pole"}, "geohash": "tunbmstmu"},{"type": "Feature", "geometry": {"type": "Point", "coordinates": [88.4910978, 22.5696464]}, "properties": {"height": "10", "highway": "street_lamp", "lamp_mount": "bent_mast", "light:colour": "white", "light:count": "1", "light:direction": "170", "light:method": "LED", "light:shape": "directed", "light:tilt": "-90", "support": "pole"}, "geohash": "tunbmstm8"},{"type": "Feature", "geometry": {"type": "Point", "coordinates": [88.4915967, 22.5698556]}, "properties": {"height": "10", "highway": "street_lamp", "lamp_mount": "bent_mast", "light:colour": "white", "light:count": "1", "light:direction": "125", "light:method": "LED", "light:shape": "directed", "light:tilt": "-90", "support": "pole"}, "geohash": "tunbmstwg"},{"type": "Feature", "geometry": {"type": "Point", "coordinates": [88.4915163, 22.5697789]}, "properties": {"height": "10", "highway": "street_lamp", "lamp_mount": "bent_mast", "light:colour": "white", "light:count": "1", "light:direction": "125", "light:method": "LED", "light:shape": "directed", "light:tilt": "-90", "support": "pole"}, "geohash": "tunbmstw3"},{"type": "Feature", "geometry": {"type": "Point", "coordinates": [88.4914076, 22.5696736]}, "properties": {"height": "10", "highway": "street_lamp", "lamp_mount": "bent_mast", "light:colour": "white", "light:count": "1", "light:direction": "170\\", "light:method": "LED", "light:shape": "directed", "light:tilt": "-90", "support": "pole"}, "geohash": "tunbmstmz"},{"type": "Feature", "geometry": {"type": "Point", "coordinates": [88.490953, 22.5691745]}, "properties": {"height": "10", "highway": "street_lamp", "lamp_mount": "bent_mast", "light:colour": "white", "light:count": "1", "light:direction": "125", "light:method": "LED", "light:shape": "directed", "light:tilt": "-90", "support": "pole"}, "geohash": "tunbmst4u"},{"type": "Feature", "geometry": {"type": "Point", "coordinates": [88.4911032, 22.5693454]}, "properties": {"height": "10", "highway": "street_lamp", "lamp_mount": "bent_mast", "light:colour": "white", "light:count": "1", "light:direction": "125", "light:method": "LED", "light:shape": "directed", "light:tilt": "-90", "support": "pole"}, "geohash": "tunbmst7b"},{"type": "Feature", "geometry": {"type": "Point", "coordinates": [88.4912306, 22.5694866]}, "properties": {"height": "10", "highway": "street_lamp", "lamp_mount": "bent_mast", "light:colour": "white", "light:count": "1", "light:direction": "125", "light:method": "LED", "light:shape": "directed", "light:tilt": "-90", "support": "pole"}, "geohash": "tunbmstkg"},{"type": "Feature", "geometry": {"type": "Point", "coordinates": [88.4942669, 22.5640691]}, "properties": {"height": "6", "highway": "street_lamp", "lamp_mount": "straight_mast", "light:count": "1", "light:shape": "cylindrical", "light:tilt": "90", "support": "pole"}, "geohash": "tunbmext1"},{"type": "Feature", "geometry": {"type": "Point", "coordinates": [88.4942964, 22.5641137]}, "properties": {"height": "6", "highway": "street_lamp", "lamp_mount": "straight_mast", "light:count": "1", "light:shape": "cylindrical", "light:tilt": "90", "support": "pole"}, "geohash": "tunbmext6"},{"type": "Feature", "geometry": {"type": "Point", "coordinates": [88.4943735, 22.5642171]}, "properties": {"height": "6", "highway": "street_lamp", "lamp_mount": "straight_mast", "light:count": "1", "light:shape": "cylindrical", "light:tilt": "90", "support": "pole"}, "geohash": "tunbmexwh"},{"type": "Feature", "geometry": {"type": "Point", "coordinates": [88.4943225, 22.5641292]}, "properties": {"height": "6", "highway": "street_lamp", "lamp_mount": "straight_mast", "light:count": "1", "light:shape": "cylindrical", "light:tilt": "90", "support": "pole"}, "geohash": "tunbmexte"},{"type": "Feature", "geometry": {"type": "Point", "coordinates": [88.4942581, 22.5640208]}, "properties": {"height": "6", "highway": "street_lamp", "lamp_mount": "straight_mast", "light:count": "1", "light:shape": "cylindrical", "light:tilt": "90", "support": "pole"}, "geohash": "tunbmexsc"},{"type": "Feature", "geometry": {"type": "Point", "coordinates": [88.4941851, 22.5638927]}, "properties": {"height": "6", "highway": "street_lamp", "lamp_mount": "straight_mast", "light:count": "1", "light:shape": "cylindrical", "light:tilt": "90", "support": "pole"}, "geohash": "tunbmexkp"},{"type": "Feature", "geometry": {"type": "Point", "coordinates": [88.4940168, 22.5637143]}, "properties": {"height": "6", "highway": "street_lamp", "lamp_mount": "straight_mast", "light:count": "1", "light:shape": "cylindrical", "light:tilt": "90", "support": "pole"}, "geohash": "tunbmex7h"},{"type": "Feature", "geometry": {"type": "Point", "coordinates": [88.4940737, 22.5637589]}, "properties": {"height": "6", "highway": "street_lamp", "lamp_mount": "straight_mast", "light:count": "1", "light:shape": "cylindrical", "light:tilt": "90", "support": "pole"}, "geohash": "tunbmex7m"},{"type": "Feature", "geometry": {"type": "Point", "coordinates": [88.4937204, 22.5635849]}, "properties": {"height": "6", "highway": "street_lamp", "lamp_mount": "straight_mast", "light:count": "1", "light:shape": "cylindrical", "light:tilt": "90", "support": "pole"}, "geohash": "tunbmex4m"},{"type": "Feature", "geometry": {"type": "Point", "coordinates": [88.4939235, 22.5635713]}, "properties": {"height": "6", "highway": "street_lamp", "lamp_mount": "straight_mast", "light:count": "1", "light:shape": "cylindrical", "light:tilt": "90", "support": "pole"}, "geohash": "tunbmex63"},{"type": "Feature", "geometry": {"type": "Point", "coordinates": [88.4938223, 22.5634028]}, "properties": {"height": "6", "highway": "street_lamp", "lamp_mount": "straight_mast", "light:count": "1", "light:shape": "cylindrical", "light:tilt": "90", "support": "pole"}, "geohash": "tunbmex1r"},{"type": "Feature", "geometry": {"type": "Point", "coordinates": [88.4937499, 22.5632802]}, "properties": {"height": "6", "highway": "street_lamp", "lamp_mount": "straight_mast", "light:count": "1", "light:shape": "cylindrical", "light:tilt": "90", "support": "pole"}, "geohash": "tunbmex0t"},{"type": "Feature", "geometry": {"type": "Point", "coordinates": [88.4936614, 22.5631477]}, "properties": {"height": "6", "highway": "street_lamp", "lamp_mount": "straight_mast", "light:count": "1", "light:shape": "cylindrical", "light:tilt": "90", "support": "pole"}, "geohash": "tunbmerpg"},{"type": "Feature", "geometry": {"type": "Point", "coordinates": [88.4936238, 22.5630239]}, "properties": {"height": "6", "highway": "street_lamp", "lamp_mount": "straight_mast", "light:count": "1", "light:shape": "cylindrical", "light:tilt": "90", "support": "pole"}, "geohash": "tunbmerp4"},{"type": "Feature", "geometry": {"type": "Point", "coordinates": [88.4934166, 22.5626709]}, "properties": {"height": "6", "highway": "street_lamp", "lamp_mount": "straight_mast", "light:count": "1", "light:shape": "cylindrical", "light:tilt": "90", "support": "pole"}, "geohash": "tunbmeqvn"},{"type": "Feature", "geometry": {"type": "Point", "coordinates": [88.4932128, 22.562383]}, "properties": {"height": "6", "highway": "street_lamp", "lamp_mount": "straight_mast", "light:count": "1", "light:shape": "cylindrical", "light:tilt": "90", "support": "pole"}, "geohash": "tunbmeqg3"},{"type": "Feature", "geometry": {"type": "Point", "coordinates": [88.4931276, 22.5622325]}, "properties": {"height": "6", "highway": "street_lamp", "lamp_mount": "straight_mast", "light:count": "1", "light:shape": "cylindrical", "light:tilt": "90", "support": "pole"}, "geohash": "tunbmeqdx"},{"type": "Feature", "geometry": {"type": "Point", "coordinates": [88.4962859, 22.5650512]}, "properties": {"height": "7", "highway": "street_lamp", "lamp_mount": "bent_mast", "light:colour": "white", "light:count": "2", "light:direction": "140;320", "light:method": "LED", "light:shape": "directed", "light:tilt": "-90", "support": "pole"}, "geohash": "tunbmgc4b"},{"type": "Feature", "geometry": {"type": "Point", "coordinates": [88.4965561, 22.5647918]}, "properties": {"height": "7", "highway": "street_lamp", "lamp_mount": "bent_mast", "light:colour": "white", "light:count": "1", "light:direction": "220", "light:method": "LED", "light:shape": "directed", "light:tilt": "-90", "support": "pole"}, "geohash": "tunbmgc1r"},{"type": "Feature", "geometry": {"type": "Point", "coordinates": [88.496768, 22.5645818]}, "properties": {"height": "7", "highway": "street_lamp", "lamp_mount": "bent_mast", "light:colour": "white", "light:count": "1", "light:direction": "210", "light:method": "LED", "light:shape": "directed", "light:tilt": "-90", "support": "pole"}, "geohash": "tunbmgc2h"},{"type": "Feature", "geometry": {"type": "Point", "coordinates": [88.4964837, 22.5643917]}, "properties": {"height": "7", "highway": "street_lamp", "lamp_mount": "bent_mast", "light:colour": "white", "light:count": "1", "light:direction": "300", "light:method": "LED", "light:shape": "directed", "light:tilt": "-90", "support": "pole"}, "geohash": "tunbmg9pj"},{"type": "Feature", "geometry": {"type": "Point", "coordinates": [88.496245, 22.5640239]}, "properties": {"height": "7", "highway": "street_lamp", "lamp_mount": "bent_mast", "light:colour": "white", "light:count": "1", "light:direction": "300", "light:method": "LED", "light:shape": "directed", "light:tilt": "-90", "support": "pole"}, "geohash": "tunbmg8uz"},{"type": "Feature", "geometry": {"type": "Point", "coordinates": [88.4966366, 22.5644846]}, "properties": {"height": "7", "highway": "street_lamp", "lamp_mount": "bent_mast", "light:colour": "white", "light:count": "1", "light:direction": "300", "light:method": "LED", "light:shape": "directed", "light:tilt": "-90", "support": "pole"}, "geohash": "tunbmg9r9"},{"type": "Feature", "geometry": {"type": "Point", "coordinates": [88.4964515, 22.5642171]}, "properties": {"height": "7", "highway": "street_lamp", "lamp_mount": "bent_mast", "light:colour": "white", "light:count": "1", "light:direction": "300", "light:method": "LED", "light:shape": "directed", "light:tilt": "-90", "support": "pole"}, "geohash": "tunbmg9nh"},{"type": "Feature", "geometry": {"type": "Point", "coordinates": [88.496363, 22.564071]}, "properties": {"height": "7", "highway": "street_lamp", "lamp_mount": "bent_mast", "light:colour": "white", "light:count": "1", "light:direction": "300", "light:method": "LED", "light:shape": "directed", "light:tilt": "-90", "support": "pole"}, "geohash": "tunbmg9j4"},{"type": "Feature", "geometry": {"type": "Point", "coordinates": [88.4962799, 22.5639063]}, "properties": {"height": "7", "highway": "street_lamp", "lamp_mount": "bent_mast", "light:colour": "white", "light:count": "1", "light:direction": "300", "light:method": "LED", "light:shape": "directed", "light:tilt": "-90", "support": "pole"}, "geohash": "tunbmg9h2"},{"type": "Feature", "geometry": {"type": "Point", "coordinates": [88.4961779, 22.5637205]}, "properties": {"height": "7", "highway": "street_lamp", "lamp_mount": "bent_mast", "light:colour": "white", "light:count": "1", "light:direction": "300", "light:method": "LED", "light:shape": "directed", "light:tilt": "-90", "support": "pole"}, "geohash": "tunbmg8gn"},{"type": "Feature", "geometry": {"type": "Point", "coordinates": [88.4959017, 22.5635125]}, "properties": {"height": "7", "highway": "street_lamp", "lamp_mount": "bent_mast", "light:colour": "white", "light:count": "1", "light:direction": "300", "light:method": "LED", "light:shape": "directed", "light:tilt": "-90", "support": "pole"}, "geohash": "tunbmg89z"},{"type": "Feature", "geometry": {"type": "Point", "coordinates": [88.4957837, 22.5633366]}, "properties": {"height": "7", "highway": "street_lamp", "lamp_mount": "bent_mast", "light:colour": "white", "light:count": "1", "light:direction": "300", "light:method": "LED", "light:shape": "directed", "light:tilt": "-90", "support": "pole"}, "geohash": "tunbmg88v"},{"type": "Feature", "geometry": {"type": "Point", "coordinates": [88.4957112, 22.5632165]}, "properties": {"height": "7", "highway": "street_lamp", "lamp_mount": "bent_mast", "light:colour": "white", "light:count": "1", "light:direction": "300", "light:method": "LED", "light:shape": "directed", "light:tilt": "-90", "support": "pole"}, "geohash": "tunbmg887"},{"type": "Feature", "geometry": {"type": "Point", "coordinates": [88.4956308, 22.5630988]}, "properties": {"height": "7", "highway": "street_lamp", "lamp_mount": "bent_mast", "light:colour": "white", "light:count": "1", "light:direction": "300", "light:method": "LED", "light:shape": "directed", "light:tilt": "-90", "support": "pole"}, "geohash": "tunbmg2x9"},{"type": "Feature", "geometry": {"type": "Point", "coordinates": [88.4955382, 22.5629601]}, "properties": {"height": "7", "highway": "street_lamp", "lamp_mount": "bent_mast", "light:colour": "white", "light:count": "1", "light:direction": "300", "light:method": "LED", "light:shape": "directed", "light:tilt": "-90", "support": "pole"}, "geohash": "tunbmg2qz"},{"type": "Feature", "geometry": {"type": "Point", "coordinates": [88.4954537, 22.5628214]}, "properties": {"height": "7", "highway": "street_lamp", "lamp_mount": "bent_mast", "light:colour": "white", "light:count": "1", "light:direction": "300", "light:method": "LED", "light:shape": "directed", "light:tilt": "-90", "support": "pole"}, "geohash": "tunbmg2mv"},{"type": "Feature", "geometry": {"type": "Point", "coordinates": [88.4953357, 22.5626406]}, "properties": {"height": "7", "highway": "street_lamp", "lamp_mount": "bent_mast", "light:colour": "white", "light:count": "1", "light:direction": "300", "light:method": "LED", "light:shape": "directed", "light:tilt": "-90", "support": "pole"}, "geohash": "tunbmg2kf"},{"type": "Feature", "geometry": {"type": "Point", "coordinates": [88.4952164, 22.5624523]}, "properties": {"height": "7", "highway": "street_lamp", "lamp_mount": "bent_mast", "light:colour": "white", "light:count": "1", "light:direction": "300", "light:method": "LED", "light:shape": "directed", "light:tilt": "-90", "support": "pole"}, "geohash": "tunbmg27b"},{"type": "Feature", "geometry": {"type": "Point", "coordinates": [88.4950957, 22.5622567]}, "properties": {"height": "7", "highway": "street_lamp", "lamp_mount": "bent_mast", "light:colour": "white", "light:count": "1", "light:direction": "300", "light:method": "LED", "light:shape": "directed", "light:tilt": "-90", "support": "pole"}, "geohash": "tunbmg24t"},{"type": "Feature", "geometry": {"type": "Point", "coordinates": [88.4949897, 22.5620932]}, "properties": {"height": "7", "highway": "street_lamp", "lamp_mount": "bent_mast", "light:colour": "white", "light:count": "1", "light:direction": "300", "light:method": "LED", "light:shape": "directed", "light:tilt": "-90", "support": "pole"}, "geohash": "tunbmg21d"},{"type": "Feature", "geometry": {"type": "Point", "coordinates": [88.4948704, 22.5619087]}, "properties": {"height": "7", "highway": "street_lamp", "lamp_mount": "bent_mast", "light:colour": "white", "light:count": "1", "light:direction": "300", "light:method": "LED", "light:shape": "directed", "light:tilt": "-90", "support": "pole"}, "geohash": "tunbmerbx"},{"type": "Feature", "geometry": {"type": "Point", "coordinates": [88.4947369, 22.5617]}, "properties": {"height": "7", "highway": "street_lamp", "lamp_mount": "bent_mast", "light:colour": "white", "light:count": "1", "light:direction": "300", "light:method": "LED", "light:shape": "directed", "light:tilt": "-90", "support": "pole"}, "geohash": "tunbmepzk"},{"type": "Feature", "geometry": {"type": "Point", "coordinates": [88.4944399, 22.561739]}, "properties": {"height": "10", "highway": "street_lamp", "lamp_mount": "bent_mast", "light:colour": "white", "light:count": "2", "light:direction": "10;190", "light:method": "LED", "light:shape": "directed", "light:tilt": "-90", "support": "pole"}, "geohash": "tunbmepxt"},{"type": "Feature", "geometry": {"type": "Point", "coordinates": [88.4941421, 22.5617452]}, "properties": {"height": "10", "highway": "street_lamp", "lamp_mount": "bent_mast", "light:colour": "white", "light:count": "2", "light:direction": "175;355", "light:method": "LED", "light:shape": "directed", "light:tilt": "-90", "support": "pole"}, "geohash": "tunbmeprw"},{"type": "Feature", "geometry": {"type": "Point", "coordinates": [88.4938893, 22.5616901]}, "properties": {"height": "10", "highway": "street_lamp", "lamp_mount": "bent_mast", "light:colour": "white", "light:count": "2", "light:direction": "175;355", "light:method": "LED", "light:shape": "directed", "light:tilt": "-90", "support": "pole"}, "geohash": "tunbmepr3"},{"type": "Feature", "geometry": {"type": "Point", "coordinates": [88.4936191, 22.5616362]}, "properties": {"height": "10", "highway": "street_lamp", "lamp_mount": "bent_mast", "light:colour": "white", "light:count": "2", "light:direction": "175;355", "light:method": "LED", "light:shape": "directed", "light:tilt": "-90", "support": "pole"}, "geohash": "tunbmepp4"},{"type": "Feature", "geometry": {"type": "Point", "coordinates": [88.4932986, 22.561578]}, "properties": {"height": "10", "highway": "street_lamp", "lamp_mount": "bent_mast", "light:colour": "white", "light:count": "2", "light:direction": "175;355", "light:method": "LED", "light:shape": "directed", "light:tilt": "-90", "support": "pole"}, "geohash": "tunbmenye"},{"type": "Feature", "geometry": {"type": "Point", "coordinates": [88.4931993, 22.5632691]}, "properties": {"height": "7", "highway": "street_lamp", "lamp_mount": "bent_mast", "light:colour": "white", "light:count": "1", "light:direction": "115", "light:method": "LED", "light:shape": "directed", "light:tilt": "-90", "support": "pole"}, "geohash": "tunbmewb8"},{"type": "Feature", "geometry": {"type": "Point", "coordinates": [88.4933428, 22.5635013]}, "properties": {"height": "7", "highway": "street_lamp", "lamp_mount": "bent_mast", "light:colour": "white", "light:count": "1", "light:direction": "115", "light:method": "LED", "light:shape": "directed", "light:tilt": "-90", "support": "pole"}, "geohash": "tunbmewcu"},{"type": "Feature", "geometry": {"type": "Point", "coordinates": [88.493477, 22.5636957]}, "properties": {"height": "7", "highway": "street_lamp", "lamp_mount": "bent_mast", "light:colour": "white", "light:count": "1", "light:direction": "115", "light:method": "LED", "light:shape": "directed", "light:tilt": "-90", "support": "pole"}, "geohash": "tunbmewgp"},{"type": "Feature", "geometry": {"type": "Point", "coordinates": [88.4935782, 22.5638592]}, "properties": {"height": "7", "highway": "street_lamp", "lamp_mount": "bent_mast", "light:colour": "white", "light:count": "1", "light:direction": "115", "light:method": "LED", "light:shape": "directed", "light:tilt": "-90", "support": "pole"}, "geohash": "tunbmexh1"},{"type": "Feature", "geometry": {"type": "Point", "coordinates": [88.4936875, 22.5640029]}, "properties": {"height": "7", "highway": "street_lamp", "lamp_mount": "bent_mast", "light:colour": "white", "light:count": "1", "light:direction": "145", "light:method": "LED", "light:shape": "directed", "light:tilt": "-90", "support": "pole"}, "geohash": "tunbmexhu"},{"type": "Feature", "geometry": {"type": "Point", "coordinates": [88.4937948, 22.5640289]}, "properties": {"height": "7", "highway": "street_lamp", "lamp_mount": "bent_mast", "light:colour": "white", "light:count": "1", "light:direction": "180", "light:method": "LED", "light:shape": "directed", "light:tilt": "-90", "support": "pole"}, "geohash": "tunbmexhy"},{"type": "Feature", "geometry": {"type": "Point", "coordinates": [88.493888, 22.5639397]}, "properties": {"height": "7", "highway": "street_lamp", "lamp_mount": "bent_mast", "light:colour": "white", "light:count": "1", "light:direction": "30", "light:method": "LED", "light:shape": "directed", "light:tilt": "-90", "support": "pole"}, "geohash": "tunbmexk3"},{"type": "Feature", "geometry": {"type": "Point", "coordinates": [88.4940235, 22.5638586]}, "properties": {"height": "7", "highway": "street_lamp", "lamp_mount": "bent_mast", "light:colour": "white", "light:count": "1", "light:direction": "30", "light:method": "LED", "light:shape": "directed", "light:tilt": "-90", "support": "pole"}, "geohash": "tunbmexkh"},{"type": "Feature", "geometry": {"type": "Point", "coordinates": [88.4955181, 22.5658704]}, "properties": {"height": "10", "highway": "street_lamp", "lamp_mount": "bent_mast", "light:colour": "white", "light:count": "2", "light:direction": "170;350", "light:method": "LED", "light:shape": "directed", "light:tilt": "-90", "support": "pole"}, "geohash": "tunbmgbrx"},{"type": "Feature", "geometry": {"type": "Point", "coordinates": [88.4953693, 22.5656327]}, "properties": {"height": "10", "highway": "street_lamp", "lamp_mount": "bent_mast", "light:colour": "white", "light:count": "2", "light:direction": "170;350", "light:method": "LED", "light:shape": "directed", "light:tilt": "-90", "support": "pole"}, "geohash": "tunbmgbq7"},{"type": "Feature", "geometry": {"type": "Point", "coordinates": [88.4952311, 22.5654184]}, "properties": {"height": "10", "highway": "street_lamp", "lamp_mount": "bent_mast", "light:colour": "white", "light:count": "2", "light:direction": "170;350", "light:method": "LED", "light:shape": "directed", "light:tilt": "-90", "support": "pole"}, "geohash": "tunbmgbm0"},{"type": "Feature", "geometry": {"type": "Point", "coordinates": [88.4951037, 22.5652091]}, "properties": {"height": "10", "highway": "street_lamp", "lamp_mount": "bent_mast", "light:colour": "white", "light:count": "2", "light:direction": "170;350", "light:method": "LED", "light:shape": "directed", "light:tilt": "-90", "support": "pole"}, "geohash": "tunbmgb5v"},{"type": "Feature", "geometry": {"type": "Point", "coordinates": [88.4949575, 22.5649874]}, "properties": {"height": "10", "highway": "street_lamp", "lamp_mount": "bent_mast", "light:colour": "white", "light:count": "2", "light:direction": "170;350", "light:method": "LED", "light:shape": "directed", "light:tilt": "-90", "support": "pole"}, "geohash": "tunbmgb49"},{"type": "Feature", "geometry": {"type": "Point", "coordinates": [88.4947939, 22.5647274]}, "properties": {"height": "10", "highway": "street_lamp", "lamp_mount": "bent_mast", "light:colour": "white", "light:count": "2", "light:direction": "170;350", "light:method": "LED", "light:shape": "directed", "light:tilt": "-90", "support": "pole"}, "geohash": "tunbmezcn"},{"type": "Feature", "geometry": {"type": "Point", "coordinates": [88.4946732, 22.5645515]}, "properties": {"height": "10", "highway": "street_lamp", "lamp_mount": "bent_mast", "light:colour": "white", "light:count": "2", "light:direction": "170;350", "light:method": "LED", "light:shape": "directed", "light:tilt": "-90", "support": "pole"}, "geohash": "tunbmezb5"},{"type": "Feature", "geometry": {"type": "Point", "coordinates": [88.4945297, 22.5643459]}, "properties": {"height": "10", "highway": "street_lamp", "lamp_mount": "bent_mast", "light:colour": "white", "light:count": "2", "light:direction": "170;350", "light:method": "LED", "light:shape": "directed", "light:tilt": "-90", "support": "pole"}, "geohash": "tunbmexwz"},{"type": "Feature", "geometry": {"type": "Point", "coordinates": [88.494409, 22.5641936]}, "properties": {"height": "10", "highway": "street_lamp", "lamp_mount": "bent_mast", "light:colour": "white", "light:count": "2", "light:direction": "170;350", "light:method": "LED", "light:shape": "directed", "light:tilt": "-90", "support": "pole"}, "geohash": "tunbmextv"},{"type": "Feature", "geometry": {"type": "Point", "coordinates": [88.4942991, 22.5640016]}, "properties": {"height": "10", "highway": "street_lamp", "lamp_mount": "bent_mast", "light:colour": "white", "light:count": "2", "light:direction": "170;350", "light:method": "LED", "light:shape": "directed", "light:tilt": "-90", "support": "pole"}, "geohash": "tunbmexsf"},{"type": "Feature", "geometry": {"type": "Point", "coordinates": [88.4941448, 22.5637378]}, "properties": {"height": "10", "highway": "street_lamp", "lamp_mount": "bent_mast", "light:colour": "white", "light:count": "2", "light:direction": "170;350", "light:method": "LED", "light:shape": "directed", "light:tilt": "-90", "support": "pole"}, "geohash": "tunbmex7r"},{"type": "Feature", "geometry": {"type": "Point", "coordinates": [88.4939973, 22.5634926]}, "properties": {"height": "10", "highway": "street_lamp", "lamp_mount": "bent_mast", "light:colour": "white", "light:count": "2", "light:direction": "170;350", "light:method": "LED", "light:shape": "directed", "light:tilt": "-90", "support": "pole"}, "geohash": "tunbmex3g"},{"type": "Feature", "geometry": {"type": "Point", "coordinates": [88.4938847, 22.5632908]}, "properties": {"height": "10", "highway": "street_lamp", "lamp_mount": "bent_mast", "light:colour": "white", "light:count": "2", "light:direction": "170;350", "light:method": "LED", "light:shape": "directed", "light:tilt": "-90", "support": "pole"}, "geohash": "tunbmex28"},{"type": "Feature", "geometry": {"type": "Point", "coordinates": [88.4937318, 22.563022]}, "properties": {"height": "10", "highway": "street_lamp", "lamp_mount": "bent_mast", "light:colour": "white", "light:count": "2", "light:direction": "170;350", "light:method": "LED", "light:shape": "directed", "light:tilt": "-90", "support": "pole"}, "geohash": "tunbmerpj"},{"type": "Feature", "geometry": {"type": "Point", "coordinates": [88.4936245, 22.5628115]}, "properties": {"height": "10", "highway": "street_lamp", "lamp_mount": "bent_mast", "light:colour": "white", "light:count": "2", "light:direction": "170;350", "light:method": "LED", "light:shape": "directed", "light:tilt": "-90", "support": "pole"}, "geohash": "tunbmerjf"},{"type": "Feature", "geometry": {"type": "Point", "coordinates": [88.4935118, 22.5625811]}, "properties": {"height": "10", "highway": "street_lamp", "lamp_mount": "bent_mast", "light:colour": "white", "light:count": "2", "light:direction": "170;350", "light:method": "LED", "light:shape": "directed", "light:tilt": "-90", "support": "pole"}, "geohash": "tunbmerh8"},{"type": "Feature", "geometry": {"type": "Point", "coordinates": [88.4934032, 22.562378]}, "properties": {"height": "10", "highway": "street_lamp", "lamp_mount": "bent_mast", "light:colour": "white", "light:count": "2", "light:direction": "170;350", "light:method": "LED", "light:shape": "directed", "light:tilt": "-90", "support": "pole"}, "geohash": "tunbmeqgm"},{"type": "Feature", "geometry": {"type": "Point", "coordinates": [88.4932584, 22.5620721]}, "properties": {"height": "10", "highway": "street_lamp", "lamp_mount": "bent_mast", "light:colour": "white", "light:count": "2", "light:direction": "170;350", "light:method": "LED", "light:shape": "directed", "light:tilt": "-90", "support": "pole"}, "geohash": "tunbmeqcd"},{"type": "Feature", "geometry": {"type": "Point", "coordinates": [88.4931336, 22.5618121]}, "properties": {"height": "10", "highway": "street_lamp", "lamp_mount": "bent_mast", "light:colour": "white", "light:count": "2", "light:direction": "110;290", "light:method": "LED", "light:shape": "directed", "light:tilt": "-90", "support": "pole"}, "geohash": "tunbmeq8p"},{"type": "Feature", "geometry": {"type": "Point", "coordinates": [88.4929124, 22.561526]}, "properties": {"height": "10", "highway": "street_lamp", "lamp_mount": "bent_mast", "light:colour": "white", "light:count": "2", "light:direction": "170;350", "light:method": "LED", "light:shape": "directed", "light:tilt": "-90", "support": "pole"}, "geohash": "tunbmenw6"},{"type": "Feature", "geometry": {"type": "Point", "coordinates": [88.4927279, 22.5615012]}, "properties": {"height": "10", "highway": "street_lamp", "lamp_mount": "bent_mast", "light:colour": "white", "light:count": "2", "light:direction": "0;180", "light:method": "LED", "light:shape": "directed", "light:tilt": "-90", "support": "pole"}, "geohash": "tunbmenqq"},{"type": "Feature", "geometry": {"type": "Point", "coordinates": [88.4924979, 22.5615068]}, "properties": {"height": "10", "highway": "street_lamp", "lamp_mount": "bent_mast", "light:colour": "white", "light:count": "2", "light:direction": "10;190", "light:method": "LED", "light:shape": "directed", "light:tilt": "-90", "support": "pole"}, "geohash": "tunbmenq2"},{"type": "Feature", "geometry": {"type": "Point", "coordinates": [88.4953196, 22.5638815]}, "properties": {"height": "7", "highway": "street_lamp", "lamp_mount": "bent_mast", "light:colour": "white", "light:count": "1", "light:direction": "25", "light:method": "LED", "light:shape": "directed", "light:tilt": "-90", "support": "pole"}, "geohash": "tunbmg8k4"},{"type": "Feature", "geometry": {"type": "Point", "coordinates": [88.495496, 22.5638196]}, "properties": {"height": "7", "highway": "street_lamp", "lamp_mount": "bent_mast", "light:colour": "white", "light:count": "1", "light:direction": "25", "light:method": "LED", "light:shape": "directed", "light:tilt": "-90", "support": "pole"}, "geohash": "tunbmg87y"},{"type": "Feature", "geometry": {"type": "Point", "coordinates": [88.4958205, 22.5637651]}, "properties": {"height": "7", "highway": "street_lamp", "lamp_mount": "bent_mast", "light:colour": "white", "light:count": "1", "light:direction": "210", "light:method": "LED", "light:shape": "directed", "light:tilt": "-90", "support": "pole"}, "geohash": "tunbmg8eq"},{"type": "Feature", "geometry": {"type": "Point", "coordinates": [88.4958008, 22.5638787]}, "properties": {"height": "6", "highway": "street_lamp", "lamp_mount": "straight_mast", "light:count": "1", "light:shape": "cylindrical", "light:tilt": "90", "support": "pole"}, "geohash": "tunbmg8sj"},{"type": "Feature", "geometry": {"type": "Point", "coordinates": [88.4964649, 22.5639471]}, "properties": {"height": "7", "highway": "street_lamp", "lamp_mount": "bent_mast", "light:colour": "white", "light:count": "1", "light:direction": "300", "light:method": "LED", "light:shape": "directed", "light:tilt": "-90", "support": "pole"}, "geohash": "tunbmg9ht"},{"type": "Feature", "geometry": {"type": "Point", "coordinates": [88.4963174, 22.5636765]}, "properties": {"height": "7", "highway": "street_lamp", "lamp_mount": "bent_mast", "light:colour": "white", "light:count": "1", "light:direction": "300", "light:method": "LED", "light:shape": "directed", "light:tilt": "-90", "support": "pole"}, "geohash": "tunbmg94c"},{"type": "Feature", "geometry": {"type": "Point", "coordinates": [88.4966701, 22.5631644]}, "properties": {"height": "7", "highway": "street_lamp", "lamp_mount": "bent_mast", "light:colour": "white", "light:count": "1", "light:direction": "220", "light:method": "LED", "light:shape": "directed", "light:tilt": "-90", "support": "pole"}, "geohash": "tunbmg3rc"},{"type": "Feature", "geometry": {"type": "Point", "coordinates": [88.4965105, 22.5633292]}, "properties": {"height": "6", "highway": "street_lamp", "lamp_mount": "straight_mast", "light:count": "1", "light:shape": "cylindrical", "light:tilt": "90", "support": "pole"}, "geohash": "tunbmg90y"},{"type": "Feature", "geometry": {"type": "Point", "coordinates": [88.4962893, 22.5635447]}, "properties": {"height": "7", "highway": "street_lamp", "lamp_mount": "bent_mast", "light:colour": "white", "light:count": "1", "light:direction": "220", "light:method": "LED", "light:shape": "directed", "light:tilt": "-90", "support": "pole"}, "geohash": "tunbmg941"},{"type": "Feature", "geometry": {"type": "Point", "coordinates": [88.4961639, 22.5650785]}, "properties": {"height": "6", "highway": "street_lamp", "lamp_mount": "straight_mast", "light:count": "1", "light:shape": "cylindrical", "light:tilt": "90", "support": "pole"}, "geohash": "tunbmgbgn"},{"type": "Feature", "geometry": {"type": "Point", "coordinates": [88.4962349, 22.5650042]}, "properties": {"height": "6", "highway": "street_lamp", "lamp_mount": "straight_mast", "light:count": "1", "light:shape": "cylindrical", "light:tilt": "90", "support": "pole"}, "geohash": "tunbmgbfx"},{"type": "Feature", "geometry": {"type": "Point", "coordinates": [88.4963389, 22.5648927]}, "properties": {"height": "6", "highway": "street_lamp", "lamp_mount": "straight_mast", "light:count": "1", "light:shape": "cylindrical", "light:tilt": "90", "support": "pole"}, "geohash": "tunbmgc44"},{"type": "Feature", "geometry": {"type": "Point", "coordinates": [88.4964341, 22.5647719]}, "properties": {"height": "6", "highway": "street_lamp", "lamp_mount": "straight_mast", "light:count": "1", "light:shape": "cylindrical", "light:tilt": "90", "support": "pole"}, "geohash": "tunbmgc1k"},{"type": "Feature", "geometry": {"type": "Point", "coordinates": [88.4965722, 22.564632]}, "properties": {"height": "6", "highway": "street_lamp", "lamp_mount": "straight_mast", "light:count": "1", "light:shape": "cylindrical", "light:tilt": "90", "support": "pole"}, "geohash": "tunbmgc0x"},{"type": "Feature", "geometry": {"type": "Point", "coordinates": [88.4964126, 22.5646679]}, "properties": {"height": "6", "highway": "street_lamp", "lamp_mount": "straight_mast", "light:count": "1", "light:shape": "cylindrical", "light:tilt": "90", "support": "pole"}, "geohash": "tunbmgc0e"},{"type": "Feature", "geometry": {"type": "Point", "coordinates": [88.4964314, 22.564575]}, "properties": {"height": "6", "highway": "street_lamp", "lamp_mount": "straight_mast", "light:count": "1", "light:shape": "cylindrical", "light:tilt": "90", "support": "pole"}, "geohash": "tunbmgc0h"},{"type": "Feature", "geometry": {"type": "Point", "coordinates": [88.4962249, 22.5642233]}, "properties": {"height": "6", "highway": "street_lamp", "lamp_mount": "straight_mast", "light:count": "1", "light:shape": "cylindrical", "light:tilt": "90", "support": "pole"}, "geohash": "tunbmg8yp"},{"type": "Feature", "geometry": {"type": "Point", "coordinates": [88.4959379, 22.5638357]}, "properties": {"height": "6", "highway": "street_lamp", "lamp_mount": "straight_mast", "light:count": "1", "light:shape": "cylindrical", "light:tilt": "90", "support": "pole"}, "geohash": "tunbmg8gb"},{"type": "Feature", "geometry": {"type": "Point", "coordinates": [88.4955905, 22.5634468]}, "properties": {"height": "6", "highway": "street_lamp", "lamp_mount": "straight_mast", "light:count": "1", "light:shape": "cylindrical", "light:tilt": "90", "support": "pole"}, "geohash": "tunbmg898"},{"type": "Feature", "geometry": {"type": "Point", "coordinates": [88.4954873, 22.5632833]}, "properties": {"height": "6", "highway": "street_lamp", "lamp_mount": "straight_mast", "light:count": "1", "light:shape": "cylindrical", "light:tilt": "90", "support": "pole"}, "geohash": "tunbmg82w"},{"type": "Feature", "geometry": {"type": "Point", "coordinates": [88.4940442, 22.5618727]}, "properties": {"height": "6", "highway": "street_lamp", "lamp_mount": "straight_mast", "light:count": "1", "light:shape": "cylindrical", "light:tilt": "90", "support": "pole"}, "geohash": "tunbmer2k"},{"type": "Feature", "geometry": {"type": "Point", "coordinates": [88.4929271, 22.56176]}, "properties": {"height": "6", "highway": "street_lamp", "lamp_mount": "straight_mast", "light:count": "1", "light:shape": "cylindrical", "light:tilt": "90", "support": "pole"}, "geohash": "tunbmenxf"},{"type": "Feature", "geometry": {"type": "Point", "coordinates": [88.4935561, 22.5629483]}, "properties": {"height": "6", "highway": "street_lamp", "lamp_mount": "straight_mast", "light:count": "1", "light:shape": "cylindrical", "light:tilt": "90", "support": "pole"}, "geohash": "tunbmern9"},{"type": "Feature", "geometry": {"type": "Point", "coordinates": [88.4933958, 22.5630202]}, "properties": {"height": "6", "highway": "street_lamp", "lamp_mount": "straight_mast", "light:count": "1", "light:shape": "cylindrical", "light:tilt": "90", "support": "pole"}, "geohash": "tunbmeqzj"},{"type": "Feature", "geometry": {"type": "Point", "coordinates": [88.4931973, 22.5631081]}, "properties": {"height": "6", "highway": "street_lamp", "lamp_mount": "straight_mast", "light:count": "1", "light:shape": "cylindrical", "light:tilt": "90", "support": "pole"}, "geohash": "tunbmeqz8"},{"type": "Feature", "geometry": {"type": "Point", "coordinates": [88.4954712, 22.5659485]}, "properties": {"height": "6", "highway": "street_lamp", "lamp_mount": "straight_mast", "light:count": "1", "light:shape": "cylindrical", "light:tilt": "90", "support": "pole"}, "geohash": "tunbmu02j"},{"type": "Feature", "geometry": {"type": "Point", "coordinates": [88.4954001, 22.5658791]}, "properties": {"height": "6", "highway": "street_lamp", "lamp_mount": "straight_mast", "light:count": "1", "light:shape": "cylindrical", "light:tilt": "90", "support": "pole"}, "geohash": "tunbmgbru"},{"type": "Feature", "geometry": {"type": "Point", "coordinates": [88.4953116, 22.5656971]}, "properties": {"height": "6", "highway": "street_lamp", "lamp_mount": "straight_mast", "light:count": "1", "light:shape": "cylindrical", "light:tilt": "90", "support": "pole"}, "geohash": "tunbmgbqd"},{"type": "Feature", "geometry": {"type": "Point", "coordinates": [88.4951185, 22.5654556]}, "properties": {"height": "6", "highway": "street_lamp", "lamp_mount": "straight_mast", "light:count": "1", "light:shape": "cylindrical", "light:tilt": "90", "support": "pole"}, "geohash": "tunbmgbjm"},{"type": "Feature", "geometry": {"type": "Point", "coordinates": [88.4950018, 22.5652859]}, "properties": {"height": "6", "highway": "street_lamp", "lamp_mount": "straight_mast", "light:count": "1", "light:shape": "cylindrical", "light:tilt": "90", "support": "pole"}, "geohash": "tunbmgbh7"},{"type": "Feature", "geometry": {"type": "Point", "coordinates": [88.4948342, 22.5650172]}, "properties": {"height": "6", "highway": "street_lamp", "lamp_mount": "straight_mast", "light:count": "1", "light:shape": "cylindrical", "light:tilt": "90", "support": "pole"}, "geohash": "tunbmezfz"},{"type": "Feature", "geometry": {"type": "Point", "coordinates": [88.4947041, 22.5648227]}, "properties": {"height": "6", "highway": "street_lamp", "lamp_mount": "straight_mast", "light:count": "1", "light:shape": "cylindrical", "light:tilt": "90", "support": "pole"}, "geohash": "tunbmezcs"},{"type": "Feature", "geometry": {"type": "Point", "coordinates": [88.4945713, 22.564614]}, "properties": {"height": "6", "highway": "street_lamp", "lamp_mount": "straight_mast", "light:count": "1", "light:shape": "cylindrical", "light:tilt": "90", "support": "pole"}, "geohash": "tunbmezb2"},{"type": "Feature", "geometry": {"type": "Point", "coordinates": [88.49446, 22.5644357]}, "properties": {"height": "6", "highway": "street_lamp", "lamp_mount": "straight_mast", "light:count": "1", "light:shape": "cylindrical", "light:tilt": "90", "support": "pole"}, "geohash": "tunbmexxq"},{"type": "Feature", "geometry": {"type": "Point", "coordinates": [88.4929978, 22.561943]}, "properties": {"height": "6", "highway": "street_lamp", "lamp_mount": "straight_mast", "light:count": "1", "light:shape": "cylindrical", "light:tilt": "90", "support": "pole"}, "geohash": "tunbmeq8u"},{"type": "Feature", "geometry": {"type": "Point", "coordinates": [88.4961572, 22.559955]}, "properties": {"height": "7", "highway": "street_lamp", "lamp_mount": "bent_mast", "light:colour": "white", "light:count": "1", "light:direction": "120", "light:method": "LED", "light:shape": "directed", "light:tilt": "-90", "support": "pole"}, "geohash": "tunbmfbvm"},{"type": "Feature", "geometry": {"type": "Point", "coordinates": [88.4960938, 22.5599395]}, "properties": {"height": "10", "highway": "street_lamp", "lamp_mount": "bent_mast", "light:colour": "white", "light:count": "2", "light:direction": "120;300", "light:method": "LED", "light:shape": "directed", "light:tilt": "-90", "support": "pole"}, "geohash": "tunbmfbvh"},{"type": "Feature", "geometry": {"type": "Point", "coordinates": [88.4960063, 22.5598342]}, "properties": {"height": "10", "highway": "street_lamp", "lamp_mount": "bent_mast", "light:colour": "white", "light:count": "2", "light:direction": "120;300", "light:method": "LED", "light:shape": "directed", "light:tilt": "-90", "support": "pole"}, "geohash": "tunbmfbud"},{"type": "Feature", "geometry": {"type": "Point", "coordinates": [88.4959419, 22.5598961]}, "properties": {"height": "10", "highway": "street_lamp", "lamp_mount": "bent_mast", "light:colour": "white", "light:count": "2", "light:direction": "120;300", "light:method": "LED", "light:shape": "directed", "light:tilt": "-90", "support": "pole"}, "geohash": "tunbmfbub"},{"type": "Feature", "geometry": {"type": "Point", "coordinates": [88.4959231, 22.5597079]}, "properties": {"height": "10", "highway": "street_lamp", "lamp_mount": "bent_mast", "light:colour": "white", "light:count": "2", "light:direction": "120;300", "light:method": "LED", "light:shape": "directed", "light:tilt": "-90", "support": "pole"}, "geohash": "tunbmfbgb"},{"type": "Feature", "geometry": {"type": "Point", "coordinates": [88.4959412, 22.559558]}, "properties": {"height": "10", "highway": "street_lamp", "lamp_mount": "bent_mast", "light:colour": "white", "light:count": "2", "light:direction": "120;300", "light:method": "LED", "light:shape": "directed", "light:tilt": "-90", "support": "pole"}, "geohash": "tunbmfbfb"},{"type": "Feature", "geometry": {"type": "Point", "coordinates": [88.4959956, 22.5594713]}, "properties": {"height": "10", "highway": "street_lamp", "lamp_mount": "bent_mast", "light:colour": "white", "light:count": "2", "light:direction": "120;300", "light:method": "LED", "light:shape": "directed", "light:tilt": "-90", "support": "pole"}, "geohash": "tunbmfbf6"},{"type": "Feature", "geometry": {"type": "Point", "coordinates": [88.4960318, 22.559402]}, "properties": {"height": "10", "highway": "street_lamp", "lamp_mount": "bent_mast", "light:colour": "white", "light:count": "2", "light:direction": "120;300", "light:method": "LED", "light:shape": "directed", "light:tilt": "-90", "support": "pole"}, "geohash": "tunbmfbf5"},{"type": "Feature", "geometry": {"type": "Point", "coordinates": [88.4960318, 22.5594007]}, "properties": {"height": "10", "highway": "street_lamp", "lamp_mount": "bent_mast", "light:colour": "white", "light:count": "2", "light:direction": "120;300", "light:method": "LED", "light:shape": "directed", "light:tilt": "-90", "support": "pole"}, "geohash": "tunbmfbf5"},{"type": "Feature", "geometry": {"type": "Point", "coordinates": [88.4960566, 22.5596435]}, "properties": {"height": "10", "highway": "street_lamp", "lamp_mount": "bent_mast", "light:colour": "white", "light:count": "2", "light:direction": "120;300", "light:method": "LED", "light:shape": "directed", "light:tilt": "-90", "support": "pole"}, "geohash": "tunbmfbg7"},{"type": "Feature", "geometry": {"type": "Point", "coordinates": [88.4961967, 22.5598392]}, "properties": {"height": "10", "highway": "street_lamp", "lamp_mount": "bent_mast", "light:colour": "white", "light:count": "2", "light:direction": "120;300", "light:method": "LED", "light:shape": "directed", "light:tilt": "-90", "support": "pole"}, "geohash": "tunbmfbuw"},{"type": "Feature", "geometry": {"type": "Point", "coordinates": [88.4964629, 22.559314]}, "properties": {"height": "6", "highway": "street_lamp", "lamp_mount": "straight_mast", "light:count": "1", "light:shape": "cylindrical", "light:tilt": "90", "support": "pole"}, "geohash": "tunbmfc1t"},{"type": "Feature", "geometry": {"type": "Point", "coordinates": [88.4966165, 22.559584]}, "properties": {"height": "10", "highway": "street_lamp", "lamp_mount": "bent_mast", "light:colour": "white", "light:count": "2", "light:direction": "90;270", "light:method": "LED", "light:shape": "directed", "light:tilt": "-90", "support": "pole"}, "geohash": "tunbmfc70"},{"type": "Feature", "geometry": {"type": "Point", "coordinates": [88.496597, 22.5597432]}, "properties": {"height": "10", "highway": "street_lamp", "lamp_mount": "bent_mast", "light:colour": "white", "light:count": "2", "light:direction": "75;255", "light:method": "LED", "light:shape": "directed", "light:tilt": "-90", "support": "pole"}, "geohash": "tunbmfck0"},{"type": "Feature", "geometry": {"type": "Point", "coordinates": [88.4965146, 22.5598763]}, "properties": {"height": "10", "highway": "street_lamp", "lamp_mount": "bent_mast", "light:colour": "white", "light:count": "2", "light:direction": "55;235", "light:method": "LED", "light:shape": "directed", "light:tilt": "-90", "support": "pole"}, "geohash": "tunbmfchy"},{"type": "Feature", "geometry": {"type": "Point", "coordinates": [88.4962289, 22.5601191]}, "properties": {"height": "10", "highway": "street_lamp", "lamp_mount": "bent_mast", "light:colour": "white", "light:count": "2", "light:direction": "50;230", "light:method": "LED", "light:shape": "directed", "light:tilt": "-90", "support": "pole"}, "geohash": "tunbmfbyp"},{"type": "Feature", "geometry": {"type": "Point", "coordinates": [88.4960861, 22.5602491]}, "properties": {"height": "10", "highway": "street_lamp", "lamp_mount": "bent_mast", "light:colour": "white", "light:count": "2", "light:direction": "50;230", "light:method": "LED", "light:shape": "directed", "light:tilt": "-90", "support": "pole"}, "geohash": "tunbmfbyu"},{"type": "Feature", "geometry": {"type": "Point", "coordinates": [88.4959325, 22.5604095]}, "properties": {"height": "10", "highway": "street_lamp", "lamp_mount": "bent_mast", "light:colour": "white", "light:count": "2", "light:direction": "50;230", "light:method": "LED", "light:shape": "directed", "light:tilt": "-90", "support": "pole"}, "geohash": "tunbmfbzb"},{"type": "Feature", "geometry": {"type": "Point", "coordinates": [88.4957676, 22.5605618]}, "properties": {"height": "10", "highway": "street_lamp", "lamp_mount": "bent_mast", "light:colour": "white", "light:count": "2", "light:direction": "50;230", "light:method": "LED", "light:shape": "directed", "light:tilt": "-90", "support": "pole"}, "geohash": "tunbmg08u"},{"type": "Feature", "geometry": {"type": "Point", "coordinates": [88.4956107, 22.5607141]}, "properties": {"height": "10", "highway": "street_lamp", "lamp_mount": "bent_mast", "light:colour": "white", "light:count": "2", "light:direction": "50;230", "light:method": "LED", "light:shape": "directed", "light:tilt": "-90", "support": "pole"}, "geohash": "tunbmg099"},{"type": "Feature", "geometry": {"type": "Point", "coordinates": [88.4955014, 22.5608176]}, "properties": {"height": "10", "highway": "street_lamp", "lamp_mount": "bent_mast", "light:colour": "white", "light:count": "2", "light:direction": "50;230", "light:method": "LED", "light:shape": "directed", "light:tilt": "-90", "support": "pole"}, "geohash": "tunbmg06q"},{"type": "Feature", "geometry": {"type": "Point", "coordinates": [88.4952801, 22.5610219]}, "properties": {"height": "10", "highway": "street_lamp", "lamp_mount": "bent_mast", "light:colour": "white", "light:count": "2", "light:direction": "50;230", "light:method": "LED", "light:shape": "directed", "light:tilt": "-90", "support": "pole"}, "geohash": "tunbmg073"},{"type": "Feature", "geometry": {"type": "Point", "coordinates": [88.495386, 22.5609228]}, "properties": {"height": "10", "highway": "street_lamp", "lamp_mount": "bent_mast", "light:colour": "white", "light:count": "2", "light:direction": "50;230", "light:method": "LED", "light:shape": "directed", "light:tilt": "-90", "support": "pole"}, "geohash": "tunbmg06g"},{"type": "Feature", "geometry": {"type": "Point", "coordinates": [88.4951708, 22.5611216]}, "properties": {"height": "10", "highway": "street_lamp", "lamp_mount": "bent_mast", "light:colour": "white", "light:count": "2", "light:direction": "50;230", "light:method": "LED", "light:shape": "directed", "light:tilt": "-90", "support": "pole"}, "geohash": "tunbmg0hn"},{"type": "Feature", "geometry": {"type": "Point", "coordinates": [88.4950078, 22.5612801]}, "properties": {"height": "10", "highway": "street_lamp", "lamp_mount": "bent_mast", "light:colour": "white", "light:count": "2", "light:direction": "50;230", "light:method": "LED", "light:shape": "directed", "light:tilt": "-90", "support": "pole"}, "geohash": "tunbmg0hg"},{"type": "Feature", "geometry": {"type": "Point", "coordinates": [88.4948107, 22.5614715]}, "properties": {"height": "10", "highway": "street_lamp", "lamp_mount": "bent_mast", "light:colour": "white", "light:count": "2", "light:direction": "40;220", "light:method": "LED", "light:shape": "directed", "light:tilt": "-90", "support": "pole"}, "geohash": "tunbmepyn"},{"type": "Feature", "geometry": {"type": "Point", "coordinates": [88.4946021, 22.561656]}, "properties": {"height": "10", "highway": "street_lamp", "lamp_mount": "bent_mast", "light:colour": "white", "light:count": "2", "light:direction": "40;220", "light:method": "LED", "light:shape": "directed", "light:tilt": "-90", "support": "pole"}, "geohash": "tunbmepz1"},{"type": "Feature", "geometry": {"type": "Point", "coordinates": [88.4951976, 22.563941]}, "properties": {"height": "7", "highway": "street_lamp", "lamp_mount": "bent_mast", "light:colour": "white", "light:count": "1", "light:direction": "150", "light:method": "LED", "light:shape": "directed", "light:tilt": "-90", "support": "pole"}, "geohash": "tunbmg8hr"},{"type": "Feature", "geometry": {"type": "Point", "coordinates": [88.4952781, 22.5636239]}, "properties": {"height": "6", "highway": "street_lamp", "lamp_mount": "straight_mast", "light:count": "1", "light:shape": "cylindrical", "light:tilt": "90", "support": "pole"}, "geohash": "tunbmg869"},{"type": "Feature", "geometry": {"type": "Point", "coordinates": [88.4951708, 22.5634493]}, "properties": {"height": "6", "highway": "street_lamp", "lamp_mount": "straight_mast", "light:count": "1", "light:shape": "cylindrical", "light:tilt": "90", "support": "pole"}, "geohash": "tunbmg81w"},{"type": "Feature", "geometry": {"type": "Point", "coordinates": [88.4943514, 22.5638369]}, "properties": {"height": "7", "highway": "street_lamp", "lamp_mount": "bent_mast", "light:colour": "white", "light:count": "1", "light:direction": "260", "light:method": "LED", "light:shape": "directed", "light:tilt": "-90", "support": "pole"}, "geohash": "tunbmexeg"},{"type": "Feature", "geometry": {"type": "Point", "coordinates": [88.4938773, 22.5640444]}, "properties": {"height": "6", "highway": "street_lamp", "lamp_mount": "straight_mast", "light:count": "1", "light:shape": "cylindrical", "light:tilt": "90", "support": "pole"}, "geohash": "tunbmexm0"},{"type": "Feature", "geometry": {"type": "Point", "coordinates": [88.4939618, 22.5640078]}, "properties": {"height": "6", "highway": "street_lamp", "lamp_mount": "straight_mast", "light:count": "1", "light:shape": "cylindrical", "light:tilt": "90", "support": "pole"}, "geohash": "tunbmexkf"},{"type": "Feature", "geometry": {"type": "Point", "coordinates": [88.4940831, 22.5639434]}, "properties": {"height": "6", "highway": "street_lamp", "lamp_mount": "straight_mast", "light:count": "1", "light:shape": "cylindrical", "light:tilt": "90", "support": "pole"}, "geohash": "tunbmexkm"},{"type": "Feature", "geometry": {"type": "Point", "coordinates": [88.4945941, 22.5636264]}, "properties": {"height": "7", "highway": "street_lamp", "lamp_mount": "bent_mast", "light:colour": "white", "light:count": "1", "light:direction": "220", "light:method": "LED", "light:shape": "directed", "light:tilt": "-90", "support": "pole"}, "geohash": "tunbmexf9"},{"type": "Feature", "geometry": {"type": "Point", "coordinates": [88.4953465, 22.5630096]}, "properties": {"height": "7", "highway": "street_lamp", "lamp_mount": "bent_mast", "light:colour": "white", "light:count": "1", "light:direction": "210", "light:method": "LED", "light:shape": "directed", "light:tilt": "-90", "support": "pole"}, "geohash": "tunbmg2r5"},{"type": "Feature", "geometry": {"type": "Point", "coordinates": [88.4951131, 22.5631595]}, "properties": {"height": "7", "highway": "street_lamp", "lamp_mount": "bent_mast", "light:colour": "white", "light:count": "1", "light:direction": "220", "light:method": "LED", "light:shape": "directed", "light:tilt": "-90", "support": "pole"}, "geohash": "tunbmg2pv"},{"type": "Feature", "geometry": {"type": "Point", "coordinates": [88.4948241, 22.5632127]}, "properties": {"height": "6", "highway": "street_lamp", "lamp_mount": "straight_mast", "light:count": "1", "light:shape": "cylindrical", "light:tilt": "90", "support": "pole"}, "geohash": "tunbmexbn"},{"type": "Feature", "geometry": {"type": "Point", "coordinates": [88.4950997, 22.5633787]}, "properties": {"height": "6", "highway": "street_lamp", "lamp_mount": "straight_mast", "light:count": "1", "light:shape": "cylindrical", "light:tilt": "90", "support": "pole"}, "geohash": "tunbmg81j"},{"type": "Feature", "geometry": {"type": "Point", "coordinates": [88.4949669, 22.563606]}, "properties": {"height": "7", "highway": "street_lamp", "lamp_mount": "bent_mast", "light:colour": "white", "light:count": "1", "light:direction": "125", "light:method": "LED", "light:shape": "directed", "light:tilt": "-90", "support": "pole"}, "geohash": "tunbmg84d"},{"type": "Feature", "geometry": {"type": "Point", "coordinates": [88.4948456, 22.5634289]}, "properties": {"height": "7", "highway": "street_lamp", "lamp_mount": "bent_mast", "light:colour": "white", "light:count": "1", "light:direction": "220", "light:method": "LED", "light:shape": "directed", "light:tilt": "-90", "support": "pole"}, "geohash": "tunbmexcx"},{"type": "Feature", "geometry": {"type": "Point", "coordinates": [88.495046, 22.5637434]}, "properties": {"height": "7", "highway": "street_lamp", "lamp_mount": "bent_mast", "light:colour": "white", "light:count": "1", "light:direction": "125", "light:method": "LED", "light:shape": "directed", "light:tilt": "-90", "support": "pole"}, "geohash": "tunbmg85k"},{"type": "Feature", "geometry": {"type": "Point", "coordinates": [88.1880151, 26.2534265]}, "properties": {"highway": "street_lamp"}, "geohash": "tuwtqg293"},{"type": "Feature", "geometry": {"type": "Point", "coordinates": [88.1886685, 26.2533454]}, "properties": {"highway": "street_lamp"}, "geohash": "tuwtqg30b"},{"type": "Feature", "geometry": {"type": "Point", "coordinates": [88.4973662, 22.5610962]}, "properties": {"height": "6", "highway": "street_lamp", "lamp_mount": "straight_mast", "light:count": "1", "light:shape": "cylindrical", "light:tilt": "295", "support": "pole"}, "geohash": "tunbmg1gf"},{"type": "Feature", "geometry": {"type": "Point", "coordinates": [88.4973179, 22.5609922]}, "properties": {"height": "6", "highway": "street_lamp", "lamp_mount": "straight_mast", "light:count": "1", "light:shape": "cylindrical", "light:tilt": "295", "support": "pole"}, "geohash": "tunbmg1g2"},{"type": "Feature", "geometry": {"type": "Point", "coordinates": [88.497275, 22.5609055]}, "properties": {"height": "6", "highway": "street_lamp", "lamp_mount": "straight_mast", "light:count": "1", "light:shape": "cylindrical", "light:tilt": "295", "support": "pole"}, "geohash": "tunbmg1dz"},{"type": "Feature", "geometry": {"type": "Point", "coordinates": [88.497224, 22.5607519]}, "properties": {"height": "6", "highway": "street_lamp", "lamp_mount": "straight_mast", "light:count": "1", "light:shape": "cylindrical", "light:tilt": "295", "support": "pole"}, "geohash": "tunbmg19y"},{"type": "Feature", "geometry": {"type": "Point", "coordinates": [88.4971717, 22.5605822]}, "properties": {"height": "6", "highway": "street_lamp", "lamp_mount": "straight_mast", "light:count": "1", "light:shape": "cylindrical", "light:tilt": "295", "support": "pole"}, "geohash": "tunbmg18v"},{"type": "Feature", "geometry": {"type": "Point", "coordinates": [88.4971006, 22.560581]}, "properties": {"height": "6", "highway": "street_lamp", "lamp_mount": "straight_mast", "light:count": "1", "light:shape": "cylindrical", "light:tilt": "20", "support": "pole"}, "geohash": "tunbmg18g"},{"type": "Feature", "geometry": {"type": "Point", "coordinates": [88.4967989, 22.5606875]}, "properties": {"height": "6", "highway": "street_lamp", "lamp_mount": "straight_mast", "light:count": "1", "light:shape": "cylindrical", "light:tilt": "20", "support": "pole"}, "geohash": "tunbmg13s"},{"type": "Feature", "geometry": {"type": "Point", "coordinates": [88.4976223, 22.5604343]}, "properties": {"height": "6", "highway": "street_lamp", "lamp_mount": "straight_mast", "light:count": "1", "light:shape": "cylindrical", "light:tilt": "90", "support": "pole"}, "geohash": "tunbmg400"},{"type": "Feature", "geometry": {"type": "Point", "coordinates": [88.4976364, 22.5604906]}, "properties": {"height": "6", "highway": "street_lamp", "lamp_mount": "straight_mast", "light:count": "1", "light:shape": "cylindrical", "light:tilt": "90", "support": "pole"}, "geohash": "tunbmg402"},{"type": "Feature", "geometry": {"type": "Point", "coordinates": [88.4976753, 22.5606683]}, "properties": {"height": "7", "highway": "street_lamp", "lamp_mount": "bent_mast", "light:colour": "white", "light:count": "1", "light:direction": "285", "light:method": "LED", "light:shape": "directed", "light:tilt": "-90", "support": "pole"}, "geohash": "tunbmg413"},{"type": "Feature", "geometry": {"type": "Point", "coordinates": [88.4977135, 22.5608386]}, "properties": {"height": "7", "highway": "street_lamp", "lamp_mount": "bent_mast", "light:colour": "white", "light:count": "1", "light:direction": "285", "light:method": "LED", "light:shape": "directed", "light:tilt": "-90", "support": "pole"}, "geohash": "tunbmg446"},{"type": "Feature", "geometry": {"type": "Point", "coordinates": [88.4976129, 22.5609395]}, "properties": {"height": "7", "highway": "street_lamp", "lamp_mount": "bent_mast", "light:colour": "white", "light:count": "1", "light:direction": "115", "light:method": "LED", "light:shape": "directed", "light:tilt": "-90", "support": "pole"}, "geohash": "tunbmg1fz"},{"type": "Feature", "geometry": {"type": "Point", "coordinates": [88.4974889, 22.561155]}, "properties": {"height": "7", "highway": "street_lamp", "lamp_mount": "bent_mast", "light:colour": "white", "light:count": "1", "light:direction": "65", "light:method": "LED", "light:shape": "directed", "light:tilt": "-90", "support": "pole"}, "geohash": "tunbmg1uk"},{"type": "Feature", "geometry": {"type": "Point", "coordinates": [88.4974238, 22.561217]}, "properties": {"height": "7", "highway": "street_lamp", "lamp_mount": "bent_mast", "light:colour": "white", "light:count": "1", "light:direction": "290", "light:method": "LED", "light:shape": "directed", "light:tilt": "-90", "support": "pole"}, "geohash": "tunbmg1ue"},{"type": "Feature", "geometry": {"type": "Point", "coordinates": [88.4974594, 22.5613501]}, "properties": {"height": "7", "highway": "street_lamp", "lamp_mount": "bent_mast", "light:colour": "white", "light:count": "1", "light:direction": "225", "light:method": "LED", "light:shape": "directed", "light:tilt": "-90", "support": "pole"}, "geohash": "tunbmg1vk"},{"type": "Feature", "geometry": {"type": "Point", "coordinates": [88.4973226, 22.5614486]}, "properties": {"height": "7", "highway": "street_lamp", "lamp_mount": "bent_mast", "light:colour": "white", "light:count": "1", "light:direction": "200", "light:method": "LED", "light:shape": "directed", "light:tilt": "-90", "support": "pole"}, "geohash": "tunbmg1vc"},{"type": "Feature", "geometry": {"type": "Point", "coordinates": [88.4971033, 22.5614637]}, "properties": {"height": "7", "highway": "street_lamp", "lamp_mount": "bent_mast", "light:colour": "white", "light:count": "1", "light:direction": "155", "light:method": "LED", "light:shape": "directed", "light:tilt": "-90", "support": "pole"}, "geohash": "tunbmg1w5"},{"type": "Feature", "geometry": {"type": "Point", "coordinates": [88.4970617, 22.5613934]}, "properties": {"height": "6", "highway": "street_lamp", "lamp_mount": "straight_mast", "light:count": "1", "light:shape": "cylindrical", "light:tilt": "90", "support": "pole"}, "geohash": "tunbmg1td"},{"type": "Feature", "geometry": {"type": "Point", "coordinates": [88.496996, 22.5612238]}, "properties": {"height": "6", "highway": "street_lamp", "lamp_mount": "straight_mast", "light:count": "1", "light:shape": "cylindrical", "light:tilt": "90", "support": "pole"}, "geohash": "tunbmg1s9"},{"type": "Feature", "geometry": {"type": "Point", "coordinates": [88.4969424, 22.5610875]}, "properties": {"height": "6", "highway": "street_lamp", "lamp_mount": "straight_mast", "light:count": "1", "light:shape": "cylindrical", "light:tilt": "90", "support": "pole"}, "geohash": "tunbmg1eb"},{"type": "Feature", "geometry": {"type": "Point", "coordinates": [88.4968807, 22.5609365]}, "properties": {"height": "6", "highway": "street_lamp", "lamp_mount": "straight_mast", "light:count": "1", "light:shape": "cylindrical", "light:tilt": "90", "support": "pole"}, "geohash": "tunbmg16y"},{"type": "Feature", "geometry": {"type": "Point", "coordinates": [88.4970785, 22.5607018]}, "properties": {"height": "6", "highway": "street_lamp", "lamp_mount": "straight_mast", "light:count": "1", "light:shape": "cylindrical", "light:tilt": "90", "support": "pole"}, "geohash": "tunbmg19e"},{"type": "Feature", "geometry": {"type": "Point", "coordinates": [88.4968927, 22.5607693]}, "properties": {"height": "6", "highway": "street_lamp", "lamp_mount": "straight_mast", "light:count": "1", "light:shape": "cylindrical", "light:tilt": "90", "support": "pole"}, "geohash": "tunbmg16p"},{"type": "Feature", "geometry": {"type": "Point", "coordinates": [88.4968297, 22.5607977]}, "properties": {"height": "6", "highway": "street_lamp", "lamp_mount": "straight_mast", "light:count": "1", "light:shape": "cylindrical", "light:tilt": "90", "support": "pole"}, "geohash": "tunbmg16j"},{"type": "Feature", "geometry": {"type": "Point", "coordinates": [88.4965843, 22.5604968]}, "properties": {"height": "6", "highway": "street_lamp", "lamp_mount": "straight_mast", "light:count": "1", "light:shape": "cylindrical", "light:tilt": "90", "support": "pole"}, "geohash": "tunbmg10r"},{"type": "Feature", "geometry": {"type": "Point", "coordinates": [88.4965065, 22.5603407]}, "properties": {"height": "6", "highway": "street_lamp", "lamp_mount": "straight_mast", "light:count": "1", "light:shape": "cylindrical", "light:tilt": "90", "support": "pole"}, "geohash": "tunbmfcpw"},{"type": "Feature", "geometry": {"type": "Point", "coordinates": [88.496426, 22.5602095]}, "properties": {"height": "6", "highway": "street_lamp", "lamp_mount": "straight_mast", "light:count": "1", "light:shape": "cylindrical", "light:tilt": "90", "support": "pole"}, "geohash": "tunbmfcns"},{"type": "Feature", "geometry": {"type": "Point", "coordinates": [88.4963013, 22.5602528]}, "properties": {"height": "6", "highway": "street_lamp", "lamp_mount": "straight_mast", "light:count": "1", "light:shape": "cylindrical", "light:tilt": "90", "support": "pole"}, "geohash": "tunbmfcnc"},{"type": "Feature", "geometry": {"type": "Point", "coordinates": [88.4969893, 22.5623297]}, "properties": {"height": "7", "highway": "street_lamp", "lamp_mount": "bent_mast", "light:colour": "white", "light:count": "1", "light:direction": "120", "light:method": "LED", "light:shape": "directed", "light:tilt": "-90", "support": "pole"}, "geohash": "tunbmg3e1"},{"type": "Feature", "geometry": {"type": "Point", "coordinates": [88.4970751, 22.5624833]}, "properties": {"height": "7", "highway": "street_lamp", "lamp_mount": "bent_mast", "light:colour": "white", "light:count": "1", "light:direction": "120", "light:method": "LED", "light:shape": "directed", "light:tilt": "-90", "support": "pole"}, "geohash": "tunbmg3eg"},{"type": "Feature", "geometry": {"type": "Point", "coordinates": [88.4969839, 22.5625279]}, "properties": {"height": "7", "highway": "street_lamp", "lamp_mount": "bent_mast", "light:colour": "white", "light:count": "1", "light:direction": "210", "light:method": "LED", "light:shape": "directed", "light:tilt": "-90", "support": "pole"}, "geohash": "tunbmg3s3"},{"type": "Feature", "geometry": {"type": "Point", "coordinates": [88.4969008, 22.5623694]}, "properties": {"height": "7", "highway": "street_lamp", "lamp_mount": "bent_mast", "light:colour": "white", "light:count": "1", "light:direction": "300", "light:method": "LED", "light:shape": "directed", "light:tilt": "-90", "support": "pole"}, "geohash": "tunbmg37r"},{"type": "Feature", "geometry": {"type": "Point", "coordinates": [88.4967466, 22.5622492]}, "properties": {"height": "7", "highway": "street_lamp", "lamp_mount": "bent_mast", "light:colour": "white", "light:count": "1", "light:direction": "215", "light:method": "LED", "light:shape": "directed", "light:tilt": "-90", "support": "pole"}, "geohash": "tunbmg36e"},{"type": "Feature", "geometry": {"type": "Point", "coordinates": [88.4969048, 22.562113]}, "properties": {"height": "7", "highway": "street_lamp", "lamp_mount": "bent_mast", "light:colour": "white", "light:count": "1", "light:direction": "215", "light:method": "LED", "light:shape": "directed", "light:tilt": "-90", "support": "pole"}, "geohash": "tunbmg33z"},{"type": "Feature", "geometry": {"type": "Point", "coordinates": [88.4970711, 22.5619731]}, "properties": {"height": "7", "highway": "street_lamp", "lamp_mount": "bent_mast", "light:colour": "white", "light:count": "1", "light:direction": "215", "light:method": "LED", "light:shape": "directed", "light:tilt": "-90", "support": "pole"}, "geohash": "tunbmg395"},{"type": "Feature", "geometry": {"type": "Point", "coordinates": [88.4971368, 22.5620944]}, "properties": {"height": "10", "highway": "street_lamp", "lamp_mount": "bent_mast", "light:colour": "white", "light:count": "2", "light:direction": "105;275", "light:method": "LED", "light:shape": "directed", "light:tilt": "-90", "support": "pole"}, "geohash": "tunbmg39s"},{"type": "Feature", "geometry": {"type": "Point", "coordinates": [88.4971167, 22.5618381]}, "properties": {"height": "10", "highway": "street_lamp", "lamp_mount": "bent_mast", "light:colour": "white", "light:count": "2", "light:direction": "100;280", "light:method": "LED", "light:shape": "directed", "light:tilt": "-90", "support": "pole"}, "geohash": "tunbmg38h"},{"type": "Feature", "geometry": {"type": "Point", "coordinates": [88.4970899, 22.5616597]}, "properties": {"height": "10", "highway": "street_lamp", "lamp_mount": "bent_mast", "light:colour": "white", "light:count": "2", "light:direction": "100;280", "light:method": "LED", "light:shape": "directed", "light:tilt": "-90", "support": "pole"}, "geohash": "tunbmg1x5"},{"type": "Feature", "geometry": {"type": "Point", "coordinates": [88.4970067, 22.561578]}, "properties": {"height": "6", "highway": "street_lamp", "lamp_mount": "straight_mast", "light:count": "1", "light:shape": "cylindrical", "light:tilt": "90", "support": "pole"}, "geohash": "tunbmg1w9"},{"type": "Feature", "geometry": {"type": "Point", "coordinates": [88.4969665, 22.5614232]}, "properties": {"height": "6", "highway": "street_lamp", "lamp_mount": "straight_mast", "light:count": "1", "light:shape": "cylindrical", "light:tilt": "90", "support": "pole"}, "geohash": "tunbmg1tb"},{"type": "Feature", "geometry": {"type": "Point", "coordinates": [88.496937, 22.5612832]}, "properties": {"height": "6", "highway": "street_lamp", "lamp_mount": "straight_mast", "light:count": "1", "light:shape": "cylindrical", "light:tilt": "90", "support": "pole"}, "geohash": "tunbmg1t0"},{"type": "Feature", "geometry": {"type": "Point", "coordinates": [88.4968579, 22.5611272]}, "properties": {"height": "6", "highway": "street_lamp", "lamp_mount": "straight_mast", "light:count": "1", "light:shape": "cylindrical", "light:tilt": "90", "support": "pole"}, "geohash": "tunbmg1kn"},{"type": "Feature", "geometry": {"type": "Point", "coordinates": [88.4968002, 22.5609649]}, "properties": {"height": "6", "highway": "street_lamp", "lamp_mount": "straight_mast", "light:count": "1", "light:shape": "cylindrical", "light:tilt": "90", "support": "pole"}, "geohash": "tunbmg17h"},{"type": "Feature", "geometry": {"type": "Point", "coordinates": [88.4969759, 22.5612609]}, "properties": {"height": "10", "highway": "street_lamp", "lamp_mount": "bent_mast", "light:colour": "white", "light:count": "2", "light:direction": "110;290", "light:method": "LED", "light:shape": "directed", "light:tilt": "-90", "support": "pole"}, "geohash": "tunbmg1sc"},{"type": "Feature", "geometry": {"type": "Point", "coordinates": [88.4968921, 22.5610467]}, "properties": {"height": "10", "highway": "street_lamp", "lamp_mount": "bent_mast", "light:colour": "white", "light:count": "2", "light:direction": "110;290", "light:method": "LED", "light:shape": "directed", "light:tilt": "-90", "support": "pole"}, "geohash": "tunbmg17x"},{"type": "Feature", "geometry": {"type": "Point", "coordinates": [88.4967868, 22.5607934]}, "properties": {"height": "10", "highway": "street_lamp", "lamp_mount": "bent_mast", "light:colour": "white", "light:count": "2", "light:direction": "110;290", "light:method": "LED", "light:shape": "directed", "light:tilt": "-90", "support": "pole"}, "geohash": "tunbmg16h"},{"type": "Feature", "geometry": {"type": "Point", "coordinates": [88.497047, 22.5614578]}, "properties": {"height": "10", "highway": "street_lamp", "lamp_mount": "bent_mast", "light:colour": "white", "light:count": "2", "light:direction": "110;290", "light:method": "LED", "light:shape": "directed", "light:tilt": "-90", "support": "pole"}, "geohash": "tunbmg1w4"},{"type": "Feature", "geometry": {"type": "Point", "coordinates": [88.4967278, 22.5608027]}, "properties": {"height": "6", "highway": "street_lamp", "lamp_mount": "straight_mast", "light:count": "1", "light:shape": "cylindrical", "light:tilt": "90", "support": "pole"}, "geohash": "tunbmg165"},{"type": "Feature", "geometry": {"type": "Point", "coordinates": [88.4967057, 22.5607185]}, "properties": {"height": "6", "highway": "street_lamp", "lamp_mount": "straight_mast", "light:count": "1", "light:shape": "cylindrical", "light:tilt": "90", "support": "pole"}, "geohash": "tunbmg13d"},{"type": "Feature", "geometry": {"type": "Point", "coordinates": [88.4965776, 22.5603308]}, "properties": {"height": "10", "highway": "street_lamp", "lamp_mount": "bent_mast", "light:colour": "white", "light:count": "2", "light:direction": "120;300", "light:method": "LED", "light:shape": "directed", "light:tilt": "-90", "support": "pole"}, "geohash": "tunbmfcpr"},{"type": "Feature", "geometry": {"type": "Point", "coordinates": [88.4966701, 22.5605117]}, "properties": {"height": "10", "highway": "street_lamp", "lamp_mount": "bent_mast", "light:colour": "white", "light:count": "2", "light:direction": "120;300", "light:method": "LED", "light:shape": "directed", "light:tilt": "-90", "support": "pole"}, "geohash": "tunbmg129"},{"type": "Feature", "geometry": {"type": "Point", "coordinates": [88.4967519, 22.5606813]}, "properties": {"height": "10", "highway": "street_lamp", "lamp_mount": "bent_mast", "light:colour": "white", "light:count": "2", "light:direction": "120;300", "light:method": "LED", "light:shape": "directed", "light:tilt": "-90", "support": "pole"}, "geohash": "tunbmg137"},{"type": "Feature", "geometry": {"type": "Point", "coordinates": [88.496471, 22.560142]}, "properties": {"height": "10", "highway": "street_lamp", "lamp_mount": "bent_mast", "light:colour": "white", "light:count": "2", "light:direction": "120;300", "light:method": "LED", "light:shape": "directed", "light:tilt": "-90", "support": "pole"}, "geohash": "tunbmfcnm"},{"type": "Feature", "geometry": {"type": "Point", "coordinates": [88.7262622, 26.5247388]}, "properties": {"direction": "0;60;120;180;240;300", "highway": "street_lamp", "lamp_mount": "high_mast", "lamp_type": "led", "man_made": "mast", "tower:construction": "freestanding", "tower:type": "lighting"}, "geohash": "tuxngh8mz"},{"type": "Feature", "geometry": {"type": "Point", "coordinates": [88.1946768, 21.8808811]}, "properties": {"highway": "street_lamp", "lamp_mount": "pole", "lamp_type": "electric", "support": "pole"}, "geohash": "tgysqzm3k"},{"type": "Feature", "geometry": {"type": "Point", "coordinates": [88.7311998, 26.5233538]}, "properties": {"direction": "45", "highway": "street_lamp", "lamp_mount": "angled_mast", "lamp_type": "led", "light:count": "1", "light:lit": "dusk-dawn", "light:tilt": "0", "support": "pole"}, "geohash": "tuxnghkjd"},{"type": "Feature", "geometry": {"type": "Point", "coordinates": [88.7315785, 26.5230719]}, "properties": {"direction": "225", "highway": "street_lamp", "lamp_mount": "angled_mast", "lamp_type": "led", "light:count": "1", "light:lit": "dusk-dawn", "light:tilt": "0", "support": "pole"}, "geohash": "tuxnghkk5"},{"type": "Feature", "geometry": {"type": "Point", "coordinates": [88.73215, 26.522638]}, "properties": {"direction": "45", "highway": "street_lamp", "lamp_mount": "angled_mast", "lamp_type": "led", "light:count": "1", "light:lit": "dusk-dawn", "light:tilt": "0", "support": "pole"}, "geohash": "tuxnghkc8"},{"type": "Feature", "geometry": {"type": "Point", "coordinates": [88.7325538, 26.5223334]}, "properties": {"highway": "street_lamp", "lamp_mount": "angled_mast", "lamp_type": "led", "light:count": "2", "light:lit": "dusk-dawn", "light:tilt": "0", "support": "pole"}, "geohash": "tuxnghjpf"},{"type": "Feature", "geometry": {"type": "Point", "coordinates": [88.7323717, 26.5224679]}, "properties": {"highway": "street_lamp", "lamp_mount": "angled_mast", "lamp_type": "led", "light:count": "2", "light:lit": "dusk-dawn", "light:tilt": "0", "support": "pole"}, "geohash": "tuxnghkbw"},{"type": "Feature", "geometry": {"type": "Point", "coordinates": [88.7319508, 26.5227907]}, "properties": {"highway": "street_lamp", "lamp_mount": "angled_mast", "lamp_type": "led", "light:count": "2", "light:lit": "dusk-dawn", "light:tilt": "0", "support": "pole"}, "geohash": "tuxnghkdk"},{"type": "Feature", "geometry": {"type": "Point", "coordinates": [88.7317658, 26.5229325]}, "properties": {"highway": "street_lamp", "lamp_mount": "angled_mast", "lamp_type": "led", "light:count": "2", "light:lit": "dusk-dawn", "light:tilt": "0", "support": "pole"}, "geohash": "tuxnghke2"},{"type": "Feature", "geometry": {"type": "Point", "coordinates": [88.7310132, 26.5234926]}, "properties": {"highway": "street_lamp", "lamp_mount": "angled_mast", "lamp_type": "led", "light:count": "2", "light:lit": "dusk-dawn", "light:tilt": "0", "support": "pole"}, "geohash": "tuxngh7yw"},{"type": "Feature", "geometry": {"type": "Point", "coordinates": [88.732728, 26.5221977]}, "properties": {"highway": "street_lamp", "lamp_mount": "angled_mast", "lamp_type": "led", "light:count": "2", "light:lit": "dusk-dawn", "light:tilt": "0", "support": "pole"}, "geohash": "tuxnghjny"},{"type": "Feature", "geometry": {"type": "Point", "coordinates": [88.4501576, 22.5845671]}, "properties": {"highway": "street_lamp"}, "geohash": "tunbkxrkw"},{"type": "Feature", "geometry": {"type": "Point", "coordinates": [88.4493033, 22.5846287]}, "properties": {"highway": "street_lamp"}, "geohash": "tunbkxquf"},{"type": "Feature", "geometry": {"type": "Point", "coordinates": [88.4495362, 22.5846094]}, "properties": {"highway": "street_lamp"}, "geohash": "tunbkxquz"},{"type": "Feature", "geometry": {"type": "Point", "coordinates": [88.4498324, 22.5845871]}, "properties": {"highway": "street_lamp"}, "geohash": "tunbkxrhy"},{"type": "Feature", "geometry": {"type": "Point", "coordinates": [88.7299152, 26.5145728]}, "properties": {"direction": "160", "highway": "street_lamp", "lamp_mount": "pole", "lamp_type": "led"}, "geohash": "tuxng4g4s"},{"type": "Feature", "geometry": {"type": "Point", "coordinates": [88.7293988, 26.514445]}, "properties": {"direction": "90", "highway": "street_lamp", "lamp_mount": "pole", "lamp_type": "led", "support": "pole"}, "geohash": "tuxng4fcb"},{"type": "Feature", "geometry": {"type": "Point", "coordinates": [88.7290982, 26.514442]}, "properties": {"direction": "90", "highway": "street_lamp", "lamp_mount": "pole", "lamp_type": "led"}, "geohash": "tuxng4f9c"},{"type": "Feature", "geometry": {"type": "Point", "coordinates": [88.7301455, 26.5132577]}, "properties": {"direction": "350", "highway": "street_lamp", "lamp_mount": "pole", "lamp_type": "led"}, "geohash": "tuxng4e6f"},{"type": "Feature", "geometry": {"type": "Point", "coordinates": [88.7294275, 26.5141151]}, "properties": {"direction": "270", "highway": "street_lamp", "lamp_mount": "pole", "lamp_type": "led"}, "geohash": "tuxng4dzc"},{"type": "Feature", "geometry": {"type": "Point", "coordinates": [88.7311212, 26.5130355]}, "properties": {"direction": "70;250", "highway": "street_lamp", "lamp_mount": "pole", "lamp_type": "led"}, "geohash": "tuxng4s18"},{"type": "Feature", "geometry": {"type": "Point", "coordinates": [88.7319852, 26.5126389]}, "properties": {"direction": "170", "highway": "street_lamp", "lamp_mount": "pole", "lamp_type": "sodium"}, "geohash": "tuxng4kxm"},{"type": "Feature", "geometry": {"type": "Point", "coordinates": [88.7304735, 26.5133194]}, "properties": {"direction": "345", "highway": "street_lamp", "lamp_mount": "pole", "lamp_type": "led"}, "geohash": "tuxng4ee3"},{"type": "Feature", "geometry": {"type": "Point", "coordinates": [88.7296747, 26.5132387]}, "properties": {"direction": "20", "highway": "street_lamp", "lamp_mount": "pole", "lamp_type": "led"}, "geohash": "tuxng4dfz"},{"type": "Feature", "geometry": {"type": "Point", "coordinates": [88.7308193, 26.5134157]}, "properties": {"direction": "340", "highway": "street_lamp", "lamp_mount": "pole", "lamp_type": "led"}, "geohash": "tuxng4egc"},{"type": "Feature", "geometry": {"type": "Point", "coordinates": [88.7297475, 26.5145229]}, "properties": {"direction": "160", "highway": "street_lamp", "lamp_mount": "pole", "lamp_type": "led"}, "geohash": "tuxng4g42"},{"type": "Feature", "geometry": {"type": "Point", "coordinates": [88.7300339, 26.5132406]}, "properties": {"direction": "350", "highway": "street_lamp", "lamp_mount": "pole", "lamp_type": "led"}, "geohash": "tuxng4e4z"},{"type": "Feature", "geometry": {"type": "Point", "coordinates": [88.7297985, 26.5132237]}, "properties": {"direction": "0", "highway": "street_lamp", "lamp_mount": "pole", "lamp_type": "led"}, "geohash": "tuxng4e4d"},{"type": "Feature", "geometry": {"type": "Point", "coordinates": [88.731027, 26.5132355]}, "properties": {"direction": "70;250", "highway": "street_lamp", "lamp_mount": "pole", "lamp_type": "led"}, "geohash": "tuxng4efy"},{"type": "Feature", "geometry": {"type": "Point", "coordinates": [88.7294123, 26.513652]}, "properties": {"direction": "90", "highway": "street_lamp", "lamp_mount": "pole", "lamp_type": "led"}, "geohash": "tuxng4dv1"},{"type": "Feature", "geometry": {"type": "Point", "coordinates": [88.7301971, 26.5146647]}, "properties": {"direction": "160", "highway": "street_lamp", "lamp_mount": "pole", "lamp_type": "led"}, "geohash": "tuxng4g75"},{"type": "Feature", "geometry": {"type": "Point", "coordinates": [88.730348, 26.5132932]}, "properties": {"direction": "350", "highway": "street_lamp", "lamp_mount": "pole", "lamp_type": "led"}, "geohash": "tuxng4e7n"},{"type": "Feature", "geometry": {"type": "Point", "coordinates": [88.7301115, 26.5149021]}, "properties": {"direction": "70", "highway": "street_lamp", "lamp_mount": "pole", "lamp_type": "led", "support": "pole"}, "geohash": "tuxng4gk3"},{"type": "Feature", "geometry": {"type": "Point", "coordinates": [88.7278707, 26.5201216]}, "properties": {"direction": "180", "highway": "street_lamp", "lamp_mount": "pole", "lamp_type": "led", "support": "pole"}, "geohash": "tuxng5cdv"},{"type": "Feature", "geometry": {"type": "Point", "coordinates": [88.4362787, 22.5736106]}, "properties": {"highway": "street_lamp", "lamp_mount": "pole", "lamp_type": "electric"}, "geohash": "tunbkmmkf"},{"type": "Feature", "geometry": {"type": "Point", "coordinates": [88.4349564, 22.5742339]}, "properties": {"highway": "street_lamp", "lamp_mount": "pole", "lamp_type": "electric"}, "geohash": "tunbkms27"},{"type": "Feature", "geometry": {"type": "Point", "coordinates": [88.4378586, 22.5728934]}, "properties": {"highway": "street_lamp", "lamp_mount": "pole", "lamp_type": "electric"}, "geohash": "tunbkmq2x"},{"type": "Feature", "geometry": {"type": "Point", "coordinates": [88.4376702, 22.5729789]}, "properties": {"highway": "street_lamp", "lamp_mount": "pole", "lamp_type": "electric"}, "geohash": "tunbkmq35"},{"type": "Feature", "geometry": {"type": "Point", "coordinates": [88.4355012, 22.5739718]}, "properties": {"highway": "street_lamp", "lamp_mount": "pole", "lamp_type": "electric"}, "geohash": "tunbkmkyb"},{"type": "Feature", "geometry": {"type": "Point", "coordinates": [88.4347091, 22.574334]}, "properties": {"highway": "street_lamp", "lamp_mount": "pole", "lamp_type": "electric"}, "geohash": "tunbkms1n"},{"type": "Feature", "geometry": {"type": "Point", "coordinates": [88.435983, 22.5737505]}, "properties": {"highway": "street_lamp", "lamp_mount": "pole", "lamp_type": "electric"}, "geohash": "tunbkmmje"},{"type": "Feature", "geometry": {"type": "Point", "coordinates": [88.4367106, 22.5734121]}, "properties": {"highway": "street_lamp", "lamp_mount": "pole", "lamp_type": "electric"}, "geohash": "tunbkmmes"},{"type": "Feature", "geometry": {"type": "Point", "coordinates": [88.4379199, 22.5728618]}, "properties": {"direction": "0;60;120;180;240;300", "highway": "street_lamp", "man_made": "mast", "tower:construction": "freestanding", "tower:type": "lighting"}, "geohash": "tunbkmq82"},{"type": "Feature", "geometry": {"type": "Point", "coordinates": [88.4352565, 22.574078]}, "properties": {"highway": "street_lamp", "lamp_mount": "pole", "lamp_type": "electric"}, "geohash": "tunbkmkxd"},{"type": "Feature", "geometry": {"type": "Point", "coordinates": [88.4364842, 22.5735139]}, "properties": {"highway": "street_lamp", "lamp_mount": "pole", "lamp_type": "electric"}, "geohash": "tunbkmmkp"},{"type": "Feature", "geometry": {"type": "Point", "coordinates": [88.4369484, 22.5733262]}, "properties": {"highway": "street_lamp", "lamp_mount": "pole", "lamp_type": "electric"}, "geohash": "tunbkmmg4"},{"type": "Feature", "geometry": {"type": "Point", "coordinates": [88.4357637, 22.573863]}, "properties": {"highway": "street_lamp", "lamp_mount": "pole", "lamp_type": "electric"}, "geohash": "tunbkmkyq"},{"type": "Feature", "geometry": {"type": "Point", "coordinates": [88.4352744, 22.5740818]}, "properties": {"highway": "street_lamp", "lamp_mount": "straight_mast", "lamp_type": "led"}, "geohash": "tunbkmkxe"},{"type": "Feature", "geometry": {"type": "Point", "coordinates": [88.4359838, 22.5737495]}, "properties": {"highway": "street_lamp", "lamp_mount": "straight_mast", "lamp_type": "led"}, "geohash": "tunbkmmje"},{"type": "Feature", "geometry": {"type": "Point", "coordinates": [88.4357318, 22.5738695]}, "properties": {"highway": "street_lamp", "lamp_mount": "straight_mast", "lamp_type": "led"}, "geohash": "tunbkmkym"},{"type": "Feature", "geometry": {"type": "Point", "coordinates": [88.4363373, 22.5735846]}, "properties": {"highway": "street_lamp", "lamp_mount": "straight_mast", "lamp_type": "led"}, "geohash": "tunbkmmks"},{"type": "Feature", "geometry": {"type": "Point", "coordinates": [88.4376802, 22.5729845]}, "properties": {"highway": "street_lamp", "lamp_mount": "straight_mast", "lamp_type": "led"}, "geohash": "tunbkmq35"},{"type": "Feature", "geometry": {"type": "Point", "coordinates": [88.4348379, 22.5742024]}, "properties": {"highway": "street_lamp", "lamp_mount": "pole", "lamp_type": "fluorescent"}, "geohash": "tunbkms23"},{"type": "Feature", "geometry": {"type": "Point", "coordinates": [88.4370887, 22.5732402]}, "properties": {"highway": "street_lamp", "lamp_mount": "straight_mast", "lamp_type": "led"}, "geohash": "tunbkmmft"},{"type": "Feature", "geometry": {"type": "Point", "coordinates": [88.4354535, 22.5740027]}, "properties": {"highway": "street_lamp", "lamp_mount": "straight_mast", "lamp_type": "led"}, "geohash": "tunbkmkxp"},{"type": "Feature", "geometry": {"type": "Point", "coordinates": [88.4347144, 22.5743378]}, "properties": {"highway": "street_lamp", "lamp_mount": "bent_mast", "lamp_type": "led"}, "geohash": "tunbkms1n"},{"type": "Feature", "geometry": {"type": "Point", "coordinates": [88.4349193, 22.5742386]}, "properties": {"highway": "street_lamp", "lamp_mount": "bent_mast", "lamp_type": "led"}, "geohash": "tunbkms26"},{"type": "Feature", "geometry": {"type": "Point", "coordinates": [88.4373698, 22.5731177]}, "properties": {"highway": "street_lamp", "lamp_mount": "straight_mast", "lamp_type": "led"}, "geohash": "tunbkmq1u"},{"type": "Feature", "geometry": {"type": "Point", "coordinates": [88.436459, 22.5735247]}, "properties": {"highway": "street_lamp", "lamp_mount": "straight_mast", "lamp_type": "led"}, "geohash": "tunbkmmkq"},{"type": "Feature", "geometry": {"type": "Point", "coordinates": [88.4367409, 22.5734073]}, "properties": {"highway": "street_lamp", "lamp_mount": "straight_mast", "lamp_type": "led"}, "geohash": "tunbkmmet"},{"type": "Feature", "geometry": {"type": "Point", "coordinates": [88.43438, 22.5744831]}, "properties": {"highway": "street_lamp", "lamp_mount": "bent_mast", "lamp_type": "led"}, "geohash": "tunbkmecy"},{"type": "Feature", "geometry": {"type": "Point", "coordinates": [88.4379907, 22.572838]}, "properties": {"highway": "street_lamp", "lamp_mount": "straight_mast", "lamp_type": "led"}, "geohash": "tunbkmq86"},{"type": "Feature", "geometry": {"type": "Point", "coordinates": [88.4368732, 22.5733418]}, "properties": {"highway": "street_lamp", "lamp_mount": "straight_mast", "lamp_type": "led"}, "geohash": "tunbkmmg0"},{"type": "Feature", "geometry": {"type": "Point", "coordinates": [88.436933, 22.5732241]}, "properties": {"highway": "street_lamp", "lamp_mount": "pole", "lamp_type": "led"}, "geohash": "tunbkmmf9"},{"type": "Feature", "geometry": {"type": "Point", "coordinates": [88.4374419, 22.5730133]}, "properties": {"highway": "street_lamp", "lamp_mount": "pole", "lamp_type": "led"}, "geohash": "tunbkmq1m"},{"type": "Feature", "geometry": {"type": "Point", "coordinates": [88.4367012, 22.5733302]}, "properties": {"highway": "street_lamp", "lamp_mount": "pole", "lamp_type": "led"}, "geohash": "tunbkmmeh"},{"type": "Feature", "geometry": {"type": "Point", "coordinates": [88.4367565, 22.5733089]}, "properties": {"highway": "street_lamp", "lamp_mount": "pole", "lamp_type": "led"}, "geohash": "tunbkmmej"},{"type": "Feature", "geometry": {"type": "Point", "coordinates": [88.4360292, 22.5736229]}, "properties": {"highway": "street_lamp", "lamp_mount": "pole", "lamp_type": "led"}, "geohash": "tunbkmmhu"},{"type": "Feature", "geometry": {"type": "Point", "coordinates": [88.4364506, 22.5734459]}, "properties": {"highway": "street_lamp", "lamp_mount": "pole", "lamp_type": "led"}, "geohash": "tunbkmm7y"},{"type": "Feature", "geometry": {"type": "Point", "coordinates": [88.4371972, 22.573127]}, "properties": {"highway": "street_lamp", "lamp_mount": "pole", "lamp_type": "led"}, "geohash": "tunbkmq1b"},{"type": "Feature", "geometry": {"type": "Point", "coordinates": [88.4351761, 22.5740372]}, "properties": {"highway": "street_lamp", "lamp_mount": "pole", "lamp_type": "led"}, "geohash": "tunbkmkx2"},{"type": "Feature", "geometry": {"type": "Point", "coordinates": [88.4352639, 22.5739958]}, "properties": {"highway": "street_lamp", "lamp_mount": "pole", "lamp_type": "led"}, "geohash": "tunbkmkx5"},{"type": "Feature", "geometry": {"type": "Point", "coordinates": [88.4340985, 22.5745431]}, "properties": {"highway": "street_lamp", "lamp_mount": "pole", "lamp_type": "led"}, "geohash": "tunbkmedp"},{"type": "Feature", "geometry": {"type": "Point", "coordinates": [88.4377338, 22.5728781]}, "properties": {"highway": "street_lamp", "lamp_mount": "pole", "lamp_type": "led"}, "geohash": "tunbkmq2s"},{"type": "Feature", "geometry": {"type": "Point", "coordinates": [88.4350714, 22.5740857]}, "properties": {"highway": "street_lamp", "lamp_mount": "pole", "lamp_type": "led"}, "geohash": "tunbkmkrw"},{"type": "Feature", "geometry": {"type": "Point", "coordinates": [88.4357388, 22.5737614]}, "properties": {"highway": "street_lamp", "lamp_mount": "pole", "lamp_type": "led"}, "geohash": "tunbkmkvw"},{"type": "Feature", "geometry": {"type": "Point", "coordinates": [88.4362118, 22.5735489]}, "properties": {"highway": "street_lamp", "lamp_mount": "pole", "lamp_type": "led"}, "geohash": "tunbkmmk3"},{"type": "Feature", "geometry": {"type": "Point", "coordinates": [88.4353856, 22.5739447]}, "properties": {"highway": "street_lamp", "lamp_mount": "pole", "lamp_type": "led"}, "geohash": "tunbkmkwv"},{"type": "Feature", "geometry": {"type": "Point", "coordinates": [88.4348213, 22.574204]}, "properties": {"highway": "street_lamp", "lamp_mount": "pole", "lamp_type": "led"}, "geohash": "tunbkms22"},{"type": "Feature", "geometry": {"type": "Point", "coordinates": [88.436838, 22.5732745]}, "properties": {"highway": "street_lamp", "lamp_mount": "pole", "lamp_type": "led"}, "geohash": "tunbkmmdz"},{"type": "Feature", "geometry": {"type": "Point", "coordinates": [88.4356552, 22.5737946]}, "properties": {"highway": "street_lamp", "lamp_mount": "pole", "lamp_type": "led"}, "geohash": "tunbkmkvu"},{"type": "Feature", "geometry": {"type": "Point", "coordinates": [88.4375795, 22.5729436]}, "properties": {"highway": "street_lamp", "lamp_mount": "pole", "lamp_type": "led"}, "geohash": "tunbkmq2b"},{"type": "Feature", "geometry": {"type": "Point", "coordinates": [88.4361404, 22.573578]}, "properties": {"highway": "street_lamp", "lamp_mount": "pole", "lamp_type": "led"}, "geohash": "tunbkmmhx"},{"type": "Feature", "geometry": {"type": "Point", "coordinates": [88.4373373, 22.5730651]}, "properties": {"highway": "street_lamp", "lamp_mount": "pole", "lamp_type": "led"}, "geohash": "tunbkmq1e"},{"type": "Feature", "geometry": {"type": "Point", "coordinates": [88.4363607, 22.5734918]}, "properties": {"highway": "street_lamp", "lamp_mount": "pole", "lamp_type": "led"}, "geohash": "tunbkmmkh"},{"type": "Feature", "geometry": {"type": "Point", "coordinates": [88.4373833, 22.5730453]}, "properties": {"highway": "street_lamp", "lamp_mount": "pole", "lamp_type": "led"}, "geohash": "tunbkmq1s"},{"type": "Feature", "geometry": {"type": "Point", "coordinates": [88.4370172, 22.5731852]}, "properties": {"highway": "street_lamp", "lamp_mount": "pole", "lamp_type": "led"}, "geohash": "tunbkmmf7"},{"type": "Feature", "geometry": {"type": "Point", "coordinates": [88.4358786, 22.5736952]}, "properties": {"highway": "street_lamp", "lamp_mount": "pole", "lamp_type": "led"}, "geohash": "tunbkmmj3"},{"type": "Feature", "geometry": {"type": "Point", "coordinates": [88.4379936, 22.5727538]}, "properties": {"highway": "street_lamp", "lamp_mount": "pole", "lamp_type": "led"}, "geohash": "tunbkmnxf"},{"type": "Feature", "geometry": {"type": "Point", "coordinates": [88.7289289, 26.5146812]}, "properties": {"direction": "5", "highway": "street_lamp", "lamp_mount": "pole", "lamp_type": "led"}, "geohash": "tuxng4f7j"},{"type": "Feature", "geometry": {"type": "Point", "coordinates": [88.7268152, 26.5164539]}, "properties": {"direction": "180", "highway": "street_lamp", "lamp_mount": "pole", "lamp_type": "led"}, "geohash": "tuxng50vs"},{"type": "Feature", "geometry": {"type": "Point", "coordinates": [88.725344, 26.5155718]}, "properties": {"direction": "170", "highway": "street_lamp", "lamp_mount": "pole", "lamp_type": "led"}, "geohash": "tuxnfgpb6"},{"type": "Feature", "geometry": {"type": "Point", "coordinates": [88.7263182, 26.5157071]}, "properties": {"direction": "255", "highway": "street_lamp", "lamp_mount": "pole", "lamp_type": "led"}, "geohash": "tuxng5091"},{"type": "Feature", "geometry": {"type": "Point", "coordinates": [88.726365, 26.5156357]}, "properties": {"direction": "80", "highway": "street_lamp", "lamp_mount": "pole", "lamp_type": "led"}, "geohash": "tuxng508f"},{"type": "Feature", "geometry": {"type": "Point", "coordinates": [88.7280283, 26.5152795]}, "properties": {"direction": "80", "highway": "street_lamp", "lamp_mount": "pole", "lamp_type": "led"}, "geohash": "tuxng4cy8"},{"type": "Feature", "geometry": {"type": "Point", "coordinates": [88.725755, 26.5145019]}, "properties": {"direction": "80", "highway": "street_lamp", "lamp_mount": "pole", "lamp_type": "led"}, "geohash": "tuxng4b45"},{"type": "Feature", "geometry": {"type": "Point", "coordinates": [88.7293718, 26.514738]}, "properties": {"direction": "260", "highway": "street_lamp", "lamp_mount": "pole", "lamp_type": "led"}, "geohash": "tuxng4fg8"},{"type": "Feature", "geometry": {"type": "Point", "coordinates": [88.7262869, 26.5157696]}, "properties": {"direction": "255", "highway": "street_lamp", "lamp_mount": "pole", "lamp_type": "led"}, "geohash": "tuxng5098"},{"type": "Feature", "geometry": {"type": "Point", "coordinates": [88.7259344, 26.5139148]}, "properties": {"direction": "80", "highway": "street_lamp", "lamp_mount": "pole", "lamp_type": "sodium"}, "geohash": "tuxng48q8"},{"type": "Feature", "geometry": {"type": "Point", "coordinates": [88.7284823, 26.5147164]}, "properties": {"direction": "260", "highway": "street_lamp", "lamp_mount": "pole", "lamp_type": "led"}, "geohash": "tuxng4f57"},{"type": "Feature", "geometry": {"type": "Point", "coordinates": [88.7257898, 26.5143626]}, "properties": {"direction": "80", "highway": "street_lamp", "lamp_mount": "pole", "lamp_type": "led"}, "geohash": "tuxng4b1k"},{"type": "Feature", "geometry": {"type": "Point", "coordinates": [88.7287677, 26.5146807]}, "properties": {"direction": "170", "highway": "street_lamp", "lamp_mount": "pole", "lamp_type": "led"}, "geohash": "tuxng4f74"},{"type": "Feature", "geometry": {"type": "Point", "coordinates": [88.7252387, 26.5160169]}, "properties": {"direction": "170", "highway": "street_lamp", "lamp_mount": "pole", "lamp_type": "led"}, "geohash": "tuxnfgpdz"},{"type": "Feature", "geometry": {"type": "Point", "coordinates": [88.7280174, 26.5155028]}, "properties": {"direction": "60;330", "highway": "street_lamp", "lamp_mount": "pole", "lamp_type": "led"}, "geohash": "tuxng4czb"},{"type": "Feature", "geometry": {"type": "Point", "coordinates": [88.725401, 26.5153557]}, "properties": {"direction": "77", "highway": "street_lamp", "lamp_mount": "pole", "lamp_type": "led"}, "geohash": "tuxnffzz5"},{"type": "Feature", "geometry": {"type": "Point", "coordinates": [88.7254553, 26.516087]}, "properties": {"direction": "170", "highway": "street_lamp", "lamp_mount": "pole", "lamp_type": "led"}, "geohash": "tuxnfgpgk"},{"type": "Feature", "geometry": {"type": "Point", "coordinates": [88.7263843, 26.5126031]}, "properties": {"direction": "80", "highway": "street_lamp", "lamp_mount": "pole", "lamp_type": "led"}, "geohash": "tuxng42x4"},{"type": "Feature", "geometry": {"type": "Point", "coordinates": [88.7253765, 26.5154596]}, "properties": {"direction": "77", "highway": "street_lamp", "lamp_mount": "pole", "lamp_type": "led"}, "geohash": "tuxnffzze"},{"type": "Feature", "geometry": {"type": "Point", "coordinates": [88.7263549, 26.5156338]}, "properties": {"direction": "255", "highway": "street_lamp", "lamp_mount": "pole", "lamp_type": "led"}, "geohash": "tuxng508c"},{"type": "Feature", "geometry": {"type": "Point", "coordinates": [88.7292369, 26.514845]}, "properties": {"direction": "165", "highway": "street_lamp", "lamp_mount": "pole", "lamp_type": "led"}, "geohash": "tuxng4fsj"},{"type": "Feature", "geometry": {"type": "Point", "coordinates": [88.7277303, 26.5164816]}, "properties": {"direction": "180", "highway": "street_lamp", "lamp_mount": "pole", "lamp_type": "led"}, "geohash": "tuxng51t9"},{"type": "Feature", "geometry": {"type": "Point", "coordinates": [88.7289122, 26.5147999]}, "properties": {"direction": "80", "highway": "street_lamp", "lamp_mount": "pole", "lamp_type": "led"}, "geohash": "tuxng4f7v"},{"type": "Feature", "geometry": {"type": "Point", "coordinates": [88.727507, 26.5158462]}, "properties": {"direction": "85", "highway": "street_lamp", "lamp_mount": "pole", "lamp_type": "led"}, "geohash": "tuxng513u"},{"type": "Feature", "geometry": {"type": "Point", "coordinates": [88.7276796, 26.5156396]}, "properties": {"direction": "350", "highway": "street_lamp", "lamp_mount": "pole", "lamp_type": "led"}, "geohash": "tuxng518b"},{"type": "Feature", "geometry": {"type": "Point", "coordinates": [88.726019, 26.5136313]}, "properties": {"direction": "80", "highway": "street_lamp", "lamp_mount": "pole", "lamp_type": "led"}, "geohash": "tuxng48m4"},{"type": "Feature", "geometry": {"type": "Point", "coordinates": [88.7258875, 26.514026]}, "properties": {"direction": "80", "highway": "street_lamp", "lamp_mount": "pole", "lamp_type": "led"}, "geohash": "tuxng48pr"},{"type": "Feature", "geometry": {"type": "Point", "coordinates": [88.7278932, 26.5157061]}, "properties": {"direction": "265", "highway": "street_lamp", "lamp_mount": "pole", "lamp_type": "led"}, "geohash": "tuxng519j"},{"type": "Feature", "geometry": {"type": "Point", "coordinates": [88.7285865, 26.5164877]}, "properties": {"direction": "180", "highway": "street_lamp", "lamp_mount": "pole", "lamp_type": "led"}, "geohash": "tuxng54jt"},{"type": "Feature", "geometry": {"type": "Point", "coordinates": [88.726612, 26.5120027]}, "properties": {"direction": "0", "highway": "street_lamp", "lamp_mount": "pole", "lamp_type": "led"}, "geohash": "tuxng42ex"},{"type": "Feature", "geometry": {"type": "Point", "coordinates": [88.7270477, 26.5164738]}, "properties": {"direction": "180", "highway": "street_lamp", "lamp_mount": "pole", "lamp_type": "led"}, "geohash": "tuxng51jd"},{"type": "Feature", "geometry": {"type": "Point", "coordinates": [88.7260182, 26.5162742]}, "properties": {"direction": "180", "highway": "street_lamp", "lamp_mount": "pole", "lamp_type": "led"}, "geohash": "tuxng50k6"},{"type": "Feature", "geometry": {"type": "Point", "coordinates": [88.7252705, 26.5159902]}, "properties": {"direction": "350", "highway": "street_lamp", "lamp_mount": "pole", "lamp_type": "led"}, "geohash": "tuxnfgpfb"},{"type": "Feature", "geometry": {"type": "Point", "coordinates": [88.7262938, 26.5128888]}, "properties": {"direction": "80", "highway": "street_lamp", "lamp_mount": "pole", "lamp_type": "led"}, "geohash": "tuxng488b"},{"type": "Feature", "geometry": {"type": "Point", "coordinates": [88.7270593, 26.5157142]}, "properties": {"direction": "350", "highway": "street_lamp", "lamp_mount": "pole", "lamp_type": "led"}, "geohash": "tuxng5114"},{"type": "Feature", "geometry": {"type": "Point", "coordinates": [88.7264866, 26.5164324]}, "properties": {"direction": "180", "highway": "street_lamp", "lamp_mount": "pole", "lamp_type": "led"}, "geohash": "tuxng50tk"},{"type": "Feature", "geometry": {"type": "Point", "coordinates": [88.7284987, 26.5146375]}, "properties": {"direction": "260", "highway": "street_lamp", "lamp_mount": "pole", "lamp_type": "led"}, "geohash": "tuxng4f4g"},{"type": "Feature", "geometry": {"type": "Point", "coordinates": [88.7258515, 26.5141842]}, "properties": {"direction": "80", "highway": "street_lamp", "lamp_mount": "pole", "lamp_type": "led"}, "geohash": "tuxng4b0q"},{"type": "Feature", "geometry": {"type": "Point", "coordinates": [88.7254834, 26.5160569]}, "properties": {"direction": "250", "highway": "street_lamp", "lamp_mount": "pole", "lamp_type": "led"}, "geohash": "tuxnfgpgj"},{"type": "Feature", "geometry": {"type": "Point", "coordinates": [88.7268047, 26.5156633]}, "properties": {"direction": "350", "highway": "street_lamp", "lamp_mount": "pole", "lamp_type": "led"}, "geohash": "tuxng50bu"},{"type": "Feature", "geometry": {"type": "Point", "coordinates": [88.7281358, 26.5150452]}, "properties": {"direction": "350", "highway": "street_lamp", "lamp_mount": "pole", "lamp_type": "led"}, "geohash": "tuxng4cv7"},{"type": "Feature", "geometry": {"type": "Point", "coordinates": [88.7272819, 26.5164707]}, "properties": {"direction": "180", "highway": "street_lamp", "lamp_mount": "pole", "lamp_type": "led"}, "geohash": "tuxng51jx"},{"type": "Feature", "geometry": {"type": "Point", "coordinates": [88.7279087, 26.5158575]}, "properties": {"direction": "260", "highway": "street_lamp", "lamp_mount": "pole", "lamp_type": "led"}, "geohash": "tuxng51dn"},{"type": "Feature", "geometry": {"type": "Point", "coordinates": [88.7299211, 26.5154371]}, "properties": {"direction": "75;255", "highway": "street_lamp", "lamp_mount": "angled_mast", "lamp_type": "led", "light:count": "2", "light:lit": "dusk-dawn", "light:tilt": "0", "support": "pole"}, "geohash": "tuxng4gpt"},{"type": "Feature", "geometry": {"type": "Point", "coordinates": [88.7296302, 26.5160496]}, "properties": {"direction": "75", "highway": "street_lamp", "lamp_mount": "angled_mast", "lamp_type": "led", "light:count": "2", "light:lit": "dusk-dawn", "light:tilt": "0", "support": "pole"}, "geohash": "tuxng54gn"},{"type": "Feature", "geometry": {"type": "Point", "coordinates": [88.7298759, 26.5155284]}, "properties": {"direction": "75;255", "highway": "street_lamp", "lamp_mount": "angled_mast", "lamp_type": "led", "light:count": "2", "light:lit": "dusk-dawn", "light:tilt": "0", "support": "pole"}, "geohash": "tuxng5505"},{"type": "Feature", "geometry": {"type": "Point", "coordinates": [88.7295048, 26.5163122]}, "properties": {"direction": "75;255", "highway": "street_lamp", "lamp_mount": "angled_mast", "lamp_type": "led", "light:count": "2", "light:lit": "dusk-dawn", "light:tilt": "0", "support": "pole"}, "geohash": "tuxng54ue"},{"type": "Feature", "geometry": {"type": "Point", "coordinates": [88.7297356, 26.5158312]}, "properties": {"direction": "75;255", "highway": "street_lamp", "lamp_mount": "angled_mast", "lamp_type": "led", "light:count": "2", "light:lit": "dusk-dawn", "light:tilt": "0", "support": "pole"}, "geohash": "tuxng551b"},{"type": "Feature", "geometry": {"type": "Point", "coordinates": [88.7193726, 26.5106461]}, "properties": {"direction": "5", "highway": "street_lamp", "lamp_mount": "pole", "lamp_type": "led", "light:count": "1"}, "geohash": "tuxnff57x"},{"type": "Feature", "geometry": {"type": "Point", "coordinates": [88.7184869, 26.5103059]}, "properties": {"direction": "185", "highway": "street_lamp", "lamp_mount": "pole", "lamp_type": "led", "light:count": "1"}, "geohash": "tuxnff4cd"},{"type": "Feature", "geometry": {"type": "Point", "coordinates": [88.7251757, 26.5231791]}, "properties": {"direction": "265", "highway": "street_lamp", "lamp_mount": "pole", "lamp_type": "sodium", "light:count": "1"}, "geohash": "tuxnfursw"},{"type": "Feature", "geometry": {"type": "Point", "coordinates": [88.7258175, 26.5225684]}, "properties": {"direction": "345", "highway": "street_lamp", "lamp_mount": "pole", "lamp_type": "led", "light:count": "1"}, "geohash": "tuxngh21j"},{"type": "Feature", "geometry": {"type": "Point", "coordinates": [88.7251583, 26.5234892]}, "properties": {"direction": "265", "highway": "street_lamp", "lamp_mount": "pole", "lamp_type": "led", "light:count": "1"}, "geohash": "tuxnfurww"},{"type": "Feature", "geometry": {"type": "Point", "coordinates": [88.7252624, 26.5217624]}, "properties": {"direction": "265", "highway": "street_lamp", "lamp_mount": "pole", "lamp_type": "led", "light:count": "1"}, "geohash": "tuxnfupu2"},{"type": "Feature", "geometry": {"type": "Point", "coordinates": [88.7252403, 26.521991]}, "properties": {"direction": "85", "highway": "street_lamp", "lamp_mount": "pole", "lamp_type": "led", "light:count": "1"}, "geohash": "tuxnfuptz"},{"type": "Feature", "geometry": {"type": "Point", "coordinates": [88.724179, 26.5233984]}, "properties": {"direction": "350", "highway": "street_lamp", "lamp_mount": "pole", "lamp_type": "led", "light:count": "1"}, "geohash": "tuxnfuqvz"},{"type": "Feature", "geometry": {"type": "Point", "coordinates": [88.7258009, 26.5227265]}, "properties": {"direction": "265", "highway": "street_lamp", "lamp_mount": "pole", "lamp_type": "led", "light:count": "1"}, "geohash": "tuxngh24j"},{"type": "Feature", "geometry": {"type": "Point", "coordinates": [88.7255356, 26.5227062]}, "properties": {"direction": "5", "highway": "street_lamp", "lamp_mount": "pole", "lamp_type": "led", "light:count": "1"}, "geohash": "tuxnfurcy"},{"type": "Feature", "geometry": {"type": "Point", "coordinates": [88.7252739, 26.5218909]}, "properties": {"direction": "265", "highway": "street_lamp", "lamp_mount": "pole", "lamp_type": "led", "light:count": "1"}, "geohash": "tuxnfupv0"},{"type": "Feature", "geometry": {"type": "Point", "coordinates": [88.7252546, 26.5222319]}, "properties": {"direction": "140", "highway": "street_lamp", "lamp_mount": "pole", "lamp_type": "led", "light:count": "1"}, "geohash": "tuxnfupz0"},{"type": "Feature", "geometry": {"type": "Point", "coordinates": [88.7251966, 26.5226846]}, "properties": {"direction": "0", "highway": "street_lamp", "lamp_mount": "pole", "lamp_type": "led", "light:count": "1"}, "geohash": "tuxnfur9y"},{"type": "Feature", "geometry": {"type": "Point", "coordinates": [88.7252644, 26.521551]}, "properties": {"direction": "265", "highway": "street_lamp", "lamp_mount": "pole", "lamp_type": "led", "light:count": "1"}, "geohash": "tuxnfupg0"},{"type": "Feature", "geometry": {"type": "Point", "coordinates": [88.7235205, 26.5233488]}, "properties": {"direction": "180", "highway": "street_lamp", "lamp_mount": "pole", "lamp_type": "led", "light:count": "1"}, "geohash": "tuxnfuqmx"},{"type": "Feature", "geometry": {"type": "Point", "coordinates": [88.7256639, 26.5225011]}, "properties": {"direction": "330", "highway": "street_lamp", "lamp_mount": "pole", "lamp_type": "led", "light:count": "1"}, "geohash": "tuxngh20c"},{"type": "Feature", "geometry": {"type": "Point", "coordinates": [88.7248334, 26.5235163]}, "properties": {"direction": "355", "highway": "street_lamp", "lamp_mount": "pole", "lamp_type": "led", "light:count": "1"}, "geohash": "tuxnfurqw"},{"type": "Feature", "geometry": {"type": "Point", "coordinates": [88.7253064, 26.5221645]}, "properties": {"direction": "320", "highway": "street_lamp", "lamp_mount": "pole", "lamp_type": "led", "light:count": "1"}, "geohash": "tuxnfupyc"},{"type": "Feature", "geometry": {"type": "Point", "coordinates": [88.7248086, 26.5237606]}, "properties": {"direction": "180", "highway": "street_lamp", "lamp_mount": "pole", "lamp_type": "led", "light:count": "1"}, "geohash": "tuxnfux2j"},{"type": "Feature", "geometry": {"type": "Point", "coordinates": [88.7251745, 26.5232363]}, "properties": {"direction": "265", "highway": "street_lamp", "lamp_mount": "pole", "lamp_type": "led", "light:count": "1"}, "geohash": "tuxnfurtn"},{"type": "Feature", "geometry": {"type": "Point", "coordinates": [88.7250015, 26.5231539]}, "properties": {"direction": "10", "highway": "street_lamp", "lamp_mount": "pole", "lamp_type": "led", "light:count": "1"}, "geohash": "tuxnfursd"},{"type": "Feature", "geometry": {"type": "Point", "coordinates": [88.7238698, 26.5234157]}, "properties": {"direction": "180", "highway": "street_lamp", "lamp_mount": "pole", "lamp_type": "led", "light:count": "1"}, "geohash": "tuxnfuqy0"},{"type": "Feature", "geometry": {"type": "Point", "coordinates": [88.7251479, 26.5236449]}, "properties": {"direction": "265", "highway": "street_lamp", "lamp_mount": "pole", "lamp_type": "led", "light:count": "1"}, "geohash": "tuxnfurxm"},{"type": "Feature", "geometry": {"type": "Point", "coordinates": [88.7246044, 26.5235532]}, "properties": {"direction": "180", "highway": "street_lamp", "lamp_mount": "pole", "lamp_type": "led", "light:count": "1"}, "geohash": "tuxnfurqc"},{"type": "Feature", "geometry": {"type": "Point", "coordinates": [88.7259695, 26.5181909]}, "properties": {"direction": "35", "highway": "street_lamp", "lamp_mount": "pole", "lamp_type": "led", "light:count": "1"}, "geohash": "tuxng52r8"},{"type": "Feature", "geometry": {"type": "Point", "coordinates": [88.7249469, 26.5221749]}, "properties": {"direction": "85", "highway": "street_lamp", "lamp_mount": "pole", "lamp_type": "led", "light:count": "1"}, "geohash": "tuxnfupwc"},{"type": "Feature", "geometry": {"type": "Point", "coordinates": [88.721065, 26.5248438]}, "properties": {"direction": "80", "highway": "street_lamp", "lamp_mount": "pole", "lamp_type": "led", "light:count": "1"}, "geohash": "tuxnfuswq"},{"type": "Feature", "geometry": {"type": "Point", "coordinates": [88.7206786, 26.5247009]}, "properties": {"direction": "350", "highway": "street_lamp", "lamp_mount": "pole", "lamp_type": "led", "light:count": "1"}, "geohash": "tuxnfusmt"},{"type": "Feature", "geometry": {"type": "Point", "coordinates": [88.721093, 26.5247643]}, "properties": {"direction": "265", "highway": "street_lamp", "lamp_mount": "pole", "lamp_type": "led", "light:count": "1"}, "geohash": "tuxnfustz"},{"type": "Feature", "geometry": {"type": "Point", "coordinates": [88.7206755, 26.5246994]}, "properties": {"direction": "265", "highway": "street_lamp", "lamp_mount": "pole", "lamp_type": "led", "light:count": "1"}, "geohash": "tuxnfusmt"},{"type": "Feature", "geometry": {"type": "Point", "coordinates": [88.720366, 26.5246581]}, "properties": {"direction": "350", "highway": "street_lamp", "lamp_mount": "pole", "lamp_type": "led", "light:count": "1"}, "geohash": "tuxnfusjq"},{"type": "Feature", "geometry": {"type": "Point", "coordinates": [88.7210327, 26.5249239]}, "properties": {"direction": "250", "highway": "street_lamp", "lamp_mount": "pole", "lamp_type": "led", "light:count": "1"}, "geohash": "tuxnfuswv"},{"type": "Feature", "geometry": {"type": "Point", "coordinates": [88.7211238, 26.5246431]}, "properties": {"direction": "265", "highway": "street_lamp", "lamp_mount": "pole", "lamp_type": "led", "light:count": "1"}, "geohash": "tuxnfusv0"},{"type": "Feature", "geometry": {"type": "Point", "coordinates": [88.7207834, 26.5251725]}, "properties": {"direction": "155", "highway": "street_lamp", "lamp_mount": "pole", "lamp_type": "led", "light:count": "1"}, "geohash": "tuxnfuu82"},{"type": "Feature", "geometry": {"type": "Point", "coordinates": [88.7209242, 26.5247382]}, "properties": {"direction": "350", "highway": "street_lamp", "lamp_mount": "pole", "lamp_type": "led", "light:count": "1"}, "geohash": "tuxnfustg"},{"type": "Feature", "geometry": {"type": "Point", "coordinates": [88.7212999, 26.5249065]}, "properties": {"direction": "260", "highway": "street_lamp", "lamp_mount": "pole", "lamp_type": "led", "light:count": "1"}, "geohash": "tuxnfusyu"},{"type": "Feature", "geometry": {"type": "Point", "coordinates": [88.7206626, 26.524885]}, "properties": {"direction": "265", "highway": "street_lamp", "lamp_mount": "pole", "lamp_type": "led", "light:count": "1"}, "geohash": "tuxnfusqt"},{"type": "Feature", "geometry": {"type": "Point", "coordinates": [88.7209055, 26.5251782]}, "properties": {"direction": "75", "highway": "street_lamp", "lamp_mount": "pole", "lamp_type": "led", "light:count": "1"}, "geohash": "tuxnfuu86"},{"type": "Feature", "geometry": {"type": "Point", "coordinates": [88.7233493, 26.5149796]}, "properties": {"direction": "335", "highway": "street_lamp", "lamp_mount": "pole", "lamp_type": "led"}, "geohash": "tuxnffykg"},{"type": "Feature", "geometry": {"type": "Point", "coordinates": [88.7209132, 26.514822]}, "properties": {"direction": "350", "highway": "street_lamp", "lamp_mount": "pole", "lamp_type": "led"}, "geohash": "tuxnffus5"},{"type": "Feature", "geometry": {"type": "Point", "coordinates": [88.7213807, 26.5148924]}, "properties": {"direction": "25", "highway": "street_lamp", "lamp_mount": "pole", "lamp_type": "led"}, "geohash": "tuxnffuuq"},{"type": "Feature", "geometry": {"type": "Point", "coordinates": [88.7248018, 26.5159004]}, "properties": {"direction": "195", "highway": "street_lamp", "lamp_mount": "pole", "lamp_type": "led"}, "geohash": "tuxnfgp6m"},{"type": "Feature", "geometry": {"type": "Point", "coordinates": [88.7200579, 26.5172015]}, "properties": {"direction": "0", "highway": "street_lamp", "lamp_mount": "pole", "lamp_type": "led"}, "geohash": "tuxnfg7cz"},{"type": "Feature", "geometry": {"type": "Point", "coordinates": [88.7197612, 26.5148097]}, "properties": {"direction": "170", "highway": "street_lamp", "lamp_mount": "pole", "lamp_type": "led"}, "geohash": "tuxnffggb"},{"type": "Feature", "geometry": {"type": "Point", "coordinates": [88.7233252, 26.5160768]}, "properties": {"direction": "250", "highway": "street_lamp", "lamp_mount": "pole", "lamp_type": "led"}, "geohash": "tuxnfgn77"},{"type": "Feature", "geometry": {"type": "Point", "coordinates": [88.7215, 26.5172886]}, "properties": {"direction": "180", "highway": "street_lamp", "lamp_mount": "pole", "lamp_type": "sodium"}, "geohash": "tuxnfgm42"},{"type": "Feature", "geometry": {"type": "Point", "coordinates": [88.7243781, 26.5157915]}, "properties": {"direction": "170", "highway": "street_lamp", "lamp_mount": "pole", "lamp_type": "led"}, "geohash": "tuxnfgp1e"},{"type": "Feature", "geometry": {"type": "Point", "coordinates": [88.7223199, 26.5173995]}, "properties": {"direction": "180", "highway": "street_lamp", "lamp_mount": "pole", "lamp_type": "led"}, "geohash": "tuxnfgme5"},{"type": "Feature", "geometry": {"type": "Point", "coordinates": [88.720202, 26.5147679]}, "properties": {"direction": "350", "highway": "street_lamp", "lamp_mount": "pole", "lamp_type": "led"}, "geohash": "tuxnffu5d"},{"type": "Feature", "geometry": {"type": "Point", "coordinates": [88.7221548, 26.5170522]}, "properties": {"direction": "80", "highway": "street_lamp", "lamp_mount": "pole", "lamp_type": "led"}, "geohash": "tuxnfgm90"},{"type": "Feature", "geometry": {"type": "Point", "coordinates": [88.7193717, 26.5147319]}, "properties": {"direction": "260", "highway": "street_lamp", "lamp_mount": "pole", "lamp_type": "led"}, "geohash": "tuxnffg7x"},{"type": "Feature", "geometry": {"type": "Point", "coordinates": [88.7225825, 26.5149215]}, "properties": {"direction": "350", "highway": "street_lamp", "lamp_mount": "pole", "lamp_type": "led"}, "geohash": "tuxnffvud"},{"type": "Feature", "geometry": {"type": "Point", "coordinates": [88.7212564, 26.5172698]}, "properties": {"direction": "180", "highway": "street_lamp", "lamp_mount": "pole", "lamp_type": "led"}, "geohash": "tuxnfgkf7"},{"type": "Feature", "geometry": {"type": "Point", "coordinates": [88.7228392, 26.5169344]}, "properties": {"direction": "245", "highway": "street_lamp", "lamp_mount": "pole", "lamp_type": "led"}, "geohash": "tuxnfgmbr"},{"type": "Feature", "geometry": {"type": "Point", "coordinates": [88.7198044, 26.5172472]}, "properties": {"direction": "180", "highway": "street_lamp", "lamp_mount": "pole", "lamp_type": "led"}, "geohash": "tuxnfg7f1"},{"type": "Feature", "geometry": {"type": "Point", "coordinates": [88.7221221, 26.5149386]}, "properties": {"direction": "350", "highway": "street_lamp", "lamp_mount": "pole", "lamp_type": "led"}, "geohash": "tuxnffvkx"},{"type": "Feature", "geometry": {"type": "Point", "coordinates": [88.7239298, 26.5156718]}, "properties": {"direction": "170", "highway": "street_lamp", "lamp_mount": "pole", "lamp_type": "led"}, "geohash": "tuxnfgnbc"},{"type": "Feature", "geometry": {"type": "Point", "coordinates": [88.7205186, 26.5148046]}, "properties": {"direction": "350", "highway": "street_lamp", "lamp_mount": "pole", "lamp_type": "led"}, "geohash": "tuxnffu7c"},{"type": "Feature", "geometry": {"type": "Point", "coordinates": [88.7217136, 26.5149146]}, "properties": {"direction": "350", "highway": "street_lamp", "lamp_mount": "pole", "lamp_type": "led"}, "geohash": "tuxnffvht"},{"type": "Feature", "geometry": {"type": "Point", "coordinates": [88.7213746, 26.5148919]}, "properties": {"direction": "285", "highway": "street_lamp", "lamp_mount": "pole", "lamp_type": "led"}, "geohash": "tuxnffuum"},{"type": "Feature", "geometry": {"type": "Point", "coordinates": [88.7212246, 26.5168938]}, "properties": {"direction": "275", "highway": "street_lamp", "lamp_mount": "pole", "lamp_type": "sodium"}, "geohash": "tuxnfgkb4"},{"type": "Feature", "geometry": {"type": "Point", "coordinates": [88.7232043, 26.5162909]}, "properties": {"direction": "250", "highway": "street_lamp", "lamp_mount": "pole", "lamp_type": "led"}, "geohash": "tuxnfgnk8"},{"type": "Feature", "geometry": {"type": "Point", "coordinates": [88.7220998, 26.5173574]}, "properties": {"direction": "180", "highway": "street_lamp", "lamp_mount": "pole", "lamp_type": "led"}, "geohash": "tuxnfgm6y"},{"type": "Feature", "geometry": {"type": "Point", "coordinates": [88.7194821, 26.5172378]}, "properties": {"direction": "180", "highway": "street_lamp", "lamp_mount": "pole", "lamp_type": "led"}, "geohash": "tuxnfg7d1"},{"type": "Feature", "geometry": {"type": "Point", "coordinates": [88.7207855, 26.5172537]}, "properties": {"direction": "180", "highway": "street_lamp", "lamp_mount": "pole", "lamp_type": "led"}, "geohash": "tuxnfgkd0"},{"type": "Feature", "geometry": {"type": "Point", "coordinates": [88.7223789, 26.514952]}, "properties": {"direction": "275", "highway": "street_lamp", "lamp_mount": "pole", "lamp_type": "led"}, "geohash": "tuxnffvsv"},{"type": "Feature", "geometry": {"type": "Point", "coordinates": [88.7225842, 26.5174211]}, "properties": {"direction": "270", "highway": "street_lamp", "lamp_mount": "pole", "lamp_type": "led"}, "geohash": "tuxnfgmg4"},{"type": "Feature", "geometry": {"type": "Point", "coordinates": [88.7193835, 26.5147339]}, "properties": {"direction": "100", "highway": "street_lamp", "lamp_mount": "pole", "lamp_type": "led"}, "geohash": "tuxnffg7x"},{"type": "Feature", "geometry": {"type": "Point", "coordinates": [88.723376, 26.5155023]}, "properties": {"direction": "170", "highway": "street_lamp", "lamp_mount": "pole", "lamp_type": "led"}, "geohash": "tuxnffyru"},{"type": "Feature", "geometry": {"type": "Point", "coordinates": [88.7229756, 26.515017]}, "properties": {"direction": "170", "highway": "street_lamp", "lamp_mount": "pole", "lamp_type": "led"}, "geohash": "tuxnffyj5"},{"type": "Feature", "geometry": {"type": "Point", "coordinates": [88.7227738, 26.5150093]}, "properties": {"direction": "170", "highway": "street_lamp", "lamp_mount": "pole", "lamp_type": "led"}, "geohash": "tuxnffvvn"},{"type": "Feature", "geometry": {"type": "Point", "coordinates": [88.7233534, 26.5152419]}, "properties": {"direction": "280", "highway": "street_lamp", "lamp_mount": "pole", "lamp_type": "led"}, "geohash": "tuxnffyq7"},{"type": "Feature", "geometry": {"type": "Point", "coordinates": [88.721241, 26.5166091]}, "properties": {"direction": "355", "highway": "street_lamp", "lamp_mount": "pole", "lamp_type": "led"}, "geohash": "tuxnfghy6"},{"type": "Feature", "geometry": {"type": "Point", "coordinates": [88.7229847, 26.5166602]}, "properties": {"direction": "250", "highway": "street_lamp", "lamp_mount": "pole", "lamp_type": "led"}, "geohash": "tuxnfgnne"},{"type": "Feature", "geometry": {"type": "Point", "coordinates": [88.7202755, 26.5172596]}, "properties": {"direction": "180", "highway": "street_lamp", "lamp_mount": "pole", "lamp_type": "led"}, "geohash": "tuxnfgk4h"},{"type": "Feature", "geometry": {"type": "Point", "coordinates": [88.7231714, 26.5163614]}, "properties": {"direction": "250", "highway": "street_lamp", "lamp_mount": "pole", "lamp_type": "led"}, "geohash": "tuxnfgnjp"},{"type": "Feature", "geometry": {"type": "Point", "coordinates": [88.7204956, 26.5172537]}, "properties": {"direction": "180", "highway": "street_lamp", "lamp_mount": "pole", "lamp_type": "led"}, "geohash": "tuxnfgk61"},{"type": "Feature", "geometry": {"type": "Point", "coordinates": [88.7241629, 26.5157389]}, "properties": {"direction": "170", "highway": "street_lamp", "lamp_mount": "pole", "lamp_type": "led"}, "geohash": "tuxnfgncq"},{"type": "Feature", "geometry": {"type": "Point", "coordinates": [88.7199592, 26.5172561]}, "properties": {"direction": "180", "highway": "street_lamp", "lamp_mount": "pole", "lamp_type": "led"}, "geohash": "tuxnfg7fh"},{"type": "Feature", "geometry": {"type": "Point", "coordinates": [88.7235596, 26.5155168]}, "properties": {"direction": "350", "highway": "street_lamp", "lamp_mount": "pole", "lamp_type": "led"}, "geohash": "tuxnfgn80"},{"type": "Feature", "geometry": {"type": "Point", "coordinates": [88.7212871, 26.5170396]}, "properties": {"direction": "275", "highway": "street_lamp", "lamp_mount": "pole", "lamp_type": "led"}, "geohash": "tuxnfgkbg"},{"type": "Feature", "geometry": {"type": "Point", "coordinates": [88.7271116, 26.5270054]}, "properties": {"direction": "45", "highway": "street_lamp", "lamp_mount": "pole", "lamp_type": "led", "light:count": "1"}, "geohash": "tuxngj155"},{"type": "Feature", "geometry": {"type": "Point", "coordinates": [88.729392, 26.5254152]}, "properties": {"direction": "245", "highway": "street_lamp", "lamp_mount": "pole", "lamp_type": "led", "light:count": "1"}, "geohash": "tuxnghfc8"},{"type": "Feature", "geometry": {"type": "Point", "coordinates": [88.7289835, 26.525373]}, "properties": {"direction": "50", "highway": "street_lamp", "lamp_mount": "pole", "lamp_type": "led", "light:count": "1"}, "geohash": "tuxnghf3r"},{"type": "Feature", "geometry": {"type": "Point", "coordinates": [88.7289452, 26.5252348]}, "properties": {"direction": "340", "highway": "street_lamp", "lamp_mount": "pole", "lamp_type": "led", "light:count": "1"}, "geohash": "tuxnghf2w"},{"type": "Feature", "geometry": {"type": "Point", "coordinates": [88.7288858, 26.5238607]}, "properties": {"direction": "15", "highway": "street_lamp", "lamp_mount": "pole", "lamp_type": "led", "light:count": "1"}, "geohash": "tuxnghd2s"},{"type": "Feature", "geometry": {"type": "Point", "coordinates": [88.7290494, 26.525317]}, "properties": {"direction": "245", "highway": "street_lamp", "lamp_mount": "pole", "lamp_type": "led", "light:count": "1"}, "geohash": "tuxnghf90"},{"type": "Feature", "geometry": {"type": "Point", "coordinates": [88.7291599, 26.5239892]}, "properties": {"direction": "160", "highway": "street_lamp", "lamp_mount": "pole", "lamp_type": "led", "light:count": "1"}, "geohash": "tuxnghd97"},{"type": "Feature", "geometry": {"type": "Point", "coordinates": [88.7287035, 26.5241209]}, "properties": {"direction": "70", "highway": "street_lamp", "lamp_mount": "pole", "lamp_type": "led", "light:count": "1"}, "geohash": "tuxnghd60"},{"type": "Feature", "geometry": {"type": "Point", "coordinates": [88.7293947, 26.5265712]}, "properties": {"direction": "260", "highway": "street_lamp", "lamp_mount": "pole", "lamp_type": "led", "light:count": "1"}, "geohash": "tuxngj4b2"},{"type": "Feature", "geometry": {"type": "Point", "coordinates": [88.7289973, 26.5243113]}, "properties": {"direction": "70", "highway": "street_lamp", "lamp_mount": "pole", "lamp_type": "led", "light:count": "1"}, "geohash": "tuxnghd7r"},{"type": "Feature", "geometry": {"type": "Point", "coordinates": [88.7293938, 26.5235643]}, "properties": {"direction": "55", "highway": "street_lamp", "lamp_mount": "pole", "lamp_type": "led", "light:count": "1"}, "geohash": "tuxngh6yb"},{"type": "Feature", "geometry": {"type": "Point", "coordinates": [88.7296269, 26.5234085]}, "properties": {"direction": "50", "highway": "street_lamp", "lamp_mount": "pole", "lamp_type": "led", "light:count": "1"}, "geohash": "tuxngh6yn"},{"type": "Feature", "geometry": {"type": "Point", "coordinates": [88.7288496, 26.5246481]}, "properties": {"direction": "70", "highway": "street_lamp", "lamp_mount": "pole", "lamp_type": "led", "light:count": "1"}, "geohash": "tuxnghdmk"},{"type": "Feature", "geometry": {"type": "Point", "coordinates": [88.7285878, 26.5243858]}, "properties": {"direction": "70", "highway": "street_lamp", "lamp_mount": "pole", "lamp_type": "led", "light:count": "1"}, "geohash": "tuxnghd5t"},{"type": "Feature", "geometry": {"type": "Point", "coordinates": [88.7291433, 26.5270572]}, "properties": {"direction": "240", "highway": "street_lamp", "lamp_mount": "pole", "lamp_type": "led", "light:count": "1"}, "geohash": "tuxngj4e6"},{"type": "Feature", "geometry": {"type": "Point", "coordinates": [88.7292938, 26.5248699]}, "properties": {"direction": "340", "highway": "street_lamp", "lamp_mount": "pole", "lamp_type": "led", "light:count": "1"}, "geohash": "tuxnghdww"},{"type": "Feature", "geometry": {"type": "Point", "coordinates": [88.729261, 26.5268573]}, "properties": {"direction": "220", "highway": "street_lamp", "lamp_mount": "pole", "lamp_type": "led", "light:count": "1"}, "geohash": "tuxngj4dj"},{"type": "Feature", "geometry": {"type": "Point", "coordinates": [88.7293799, 26.5265698]}, "properties": {"direction": "270", "highway": "street_lamp", "lamp_mount": "pole", "lamp_type": "led", "light:count": "1"}, "geohash": "tuxngj4b2"},{"type": "Feature", "geometry": {"type": "Point", "coordinates": [88.7284921, 26.5246961]}, "properties": {"direction": "250", "highway": "street_lamp", "lamp_mount": "pole", "lamp_type": "led", "light:count": "1"}, "geohash": "tuxnghdje"},{"type": "Feature", "geometry": {"type": "Point", "coordinates": [88.729521, 26.5251515]}, "properties": {"direction": "280", "highway": "street_lamp", "lamp_mount": "pole", "lamp_type": "sodium", "light:count": "1"}, "geohash": "tuxnghfb5"},{"type": "Feature", "geometry": {"type": "Point", "coordinates": [88.7291863, 26.5250465]}, "properties": {"direction": "250", "highway": "street_lamp", "lamp_mount": "pole", "lamp_type": "led", "light:count": "1"}, "geohash": "tuxnghdxe"},{"type": "Feature", "geometry": {"type": "Point", "coordinates": [88.7292025, 26.5258343]}, "properties": {"direction": "120", "highway": "street_lamp", "lamp_mount": "pole", "lamp_type": "led", "light:count": "1"}, "geohash": "tuxnghfsh"},{"type": "Feature", "geometry": {"type": "Point", "coordinates": [87.8547963, 22.7246105]}, "properties": {"direction": "135", "highway": "street_lamp", "lamp_type": "led", "power": "pole", "utility": "power"}, "geohash": "tun3r0vum"},{"type": "Feature", "geometry": {"type": "Point", "coordinates": [87.8551442, 22.7249537]}, "properties": {"direction": "270", "highway": "street_lamp", "lamp_type": "led", "material": "concrete", "power": "pole", "utility": "power"}, "geohash": "tun3r0ynm"},{"type": "Feature", "geometry": {"type": "Point", "coordinates": [87.8577743, 22.7231381]}, "properties": {"direction": "N;S;E;W", "highway": "street_lamp", "lamp_mount": "high_mast", "support": "mast"}, "geohash": "tun3r285f"},{"type": "Feature", "geometry": {"type": "Point", "coordinates": [87.8556745, 22.719018]}, "properties": {"direction": "315", "highway": "street_lamp", "lamp_mount": "bent_mast", "lamp_type": "electric"}, "geohash": "tun3ppyec"},{"type": "Feature", "geometry": {"type": "Point", "coordinates": [87.8523835, 22.7134938]}, "properties": {"direction": "345;165", "highway": "street_lamp", "lamp_mount": "bent_mast", "lamp_type": "electric", "support": "pole"}, "geohash": "tun3pnu5s"},{"type": "Feature", "geometry": {"type": "Point", "coordinates": [87.6720197, 23.6794833]}, "properties": {"highway": "street_lamp"}, "geohash": "tunqen8yf"},{"type": "Feature", "geometry": {"type": "Point", "coordinates": [88.7295112, 26.5229259]}, "properties": {"direction": "315", "highway": "street_lamp", "lamp_mount": "wall", "lamp_type": "led"}, "geohash": "tuxngh6g5"},{"type": "Feature", "geometry": {"type": "Point", "coordinates": [87.6619318, 23.6759798]}, "properties": {"highway": "street_lamp"}, "geohash": "tunqdy16x"},{"type": "Feature", "geometry": {"type": "Point", "coordinates": [87.8498066, 22.7091651]}, "properties": {"highway": "street_lamp", "lamp_mount": "pole", "support": "wall"}, "geohash": "tun3pn462"},{"type": "Feature", "geometry": {"type": "Point", "coordinates": [87.8497786, 22.7091346]}, "properties": {"highway": "street_lamp", "lamp_mount": "pole", "support": "wall"}, "geohash": "tun3pn462"},{"type": "Feature", "geometry": {"type": "Point", "coordinates": [87.8687921, 23.2435287]}, "properties": {"highway": "street_lamp", "lamp_mount": "pole", "lamp_type": "electric"}, "geohash": "tunkpx257"},{"type": "Feature", "geometry": {"type": "Point", "coordinates": [88.729378, 26.5133442]}, "properties": {"direction": "5", "highway": "street_lamp", "lamp_mount": "pole", "lamp_type": "led"}, "geohash": "tuxng4dg2"},{"type": "Feature", "geometry": {"type": "Point", "coordinates": [88.7290762, 26.5186259]}, "properties": {"direction": "345", "highway": "street_lamp", "lamp_mount": "pole", "lamp_type": "led"}, "geohash": "tuxng5dd1"},{"type": "Feature", "geometry": {"type": "Point", "coordinates": [88.7294017, 26.518649]}, "properties": {"direction": "345", "highway": "street_lamp", "lamp_mount": "pole", "lamp_type": "led"}, "geohash": "tuxng5df2"},{"type": "Feature", "geometry": {"type": "Point", "coordinates": [88.7297608, 26.5186457]}, "properties": {"direction": "260", "highway": "street_lamp", "lamp_mount": "pole", "lamp_type": "led"}, "geohash": "tuxng5e43"},{"type": "Feature", "geometry": {"type": "Point", "coordinates": [88.7301537, 26.5192325]}, "properties": {"direction": "200", "highway": "street_lamp", "lamp_mount": "pole", "lamp_type": "led"}, "geohash": "tuxng5emd"},{"type": "Feature", "geometry": {"type": "Point", "coordinates": [88.7297259, 26.5194191]}, "properties": {"direction": "225", "highway": "street_lamp", "lamp_mount": "pole", "lamp_type": "led"}, "geohash": "tuxng5enb"},{"type": "Feature", "geometry": {"type": "Point", "coordinates": [88.7297636, 26.5177885]}, "properties": {"direction": "80", "highway": "street_lamp", "lamp_mount": "pole", "lamp_type": "led"}, "geohash": "tuxng57j3"},{"type": "Feature", "geometry": {"type": "Point", "coordinates": [88.7281213, 26.514862]}, "properties": {"highway": "street_lamp", "lamp_mount": "pole", "lamp_type": "led"}, "geohash": "tuxng4cu7"},{"type": "Feature", "geometry": {"type": "Point", "coordinates": [88.7280402, 26.5152142]}, "properties": {"direction": "80", "highway": "street_lamp", "lamp_mount": "pole", "lamp_type": "led"}, "geohash": "tuxng4cy3"},{"type": "Feature", "geometry": {"type": "Point", "coordinates": [88.7308846, 26.5164401]}, "properties": {"direction": "180", "highway": "street_lamp", "lamp_mount": "pole", "lamp_type": "led"}, "geohash": "tuxng55v7"},{"type": "Feature", "geometry": {"type": "Point", "coordinates": [88.7316249, 26.5163501]}, "properties": {"direction": "0", "highway": "street_lamp", "lamp_mount": "pole", "lamp_type": "led"}, "geohash": "tuxng5hku"},{"type": "Feature", "geometry": {"type": "Point", "coordinates": [88.7320145, 26.5164137]}, "properties": {"direction": "180", "highway": "street_lamp", "lamp_mount": "pole", "lamp_type": "led"}, "geohash": "tuxng5htm"},{"type": "Feature", "geometry": {"type": "Point", "coordinates": [88.7322579, 26.5163315]}, "properties": {"direction": "0", "highway": "street_lamp", "lamp_mount": "pole", "lamp_type": "led"}, "geohash": "tuxng5hug"},{"type": "Feature", "geometry": {"type": "Point", "coordinates": [88.7326066, 26.5163285]}, "properties": {"direction": "270", "highway": "street_lamp", "lamp_mount": "pole", "lamp_type": "led"}, "geohash": "tuxng5jhg"},{"type": "Feature", "geometry": {"type": "Point", "coordinates": [88.7326495, 26.5166921]}, "properties": {"direction": "270", "highway": "street_lamp", "lamp_mount": "pole", "lamp_type": "led"}, "geohash": "tuxng5jnu"},{"type": "Feature", "geometry": {"type": "Point", "coordinates": [88.7326603, 26.5172495]}, "properties": {"direction": "270", "highway": "street_lamp", "lamp_mount": "pole", "lamp_type": "led"}, "geohash": "tuxng5m4h"},{"type": "Feature", "geometry": {"type": "Point", "coordinates": [88.7326945, 26.5176203]}, "properties": {"direction": "270", "highway": "street_lamp", "lamp_mount": "pole", "lamp_type": "led"}, "geohash": "tuxng5mhm"},{"type": "Feature", "geometry": {"type": "Point", "coordinates": [88.7326562, 26.5179833]}, "properties": {"direction": "225", "highway": "street_lamp", "lamp_mount": "pole", "lamp_type": "led"}, "geohash": "tuxng5mnk"},{"type": "Feature", "geometry": {"type": "Point", "coordinates": [88.7325825, 26.5179629]}, "properties": {"direction": "45", "highway": "street_lamp", "lamp_mount": "pole", "lamp_type": "led"}, "geohash": "tuxng5mn7"},{"type": "Feature", "geometry": {"type": "Point", "coordinates": [88.7318462, 26.5184789]}, "properties": {"direction": "225", "highway": "street_lamp", "lamp_mount": "pole", "lamp_type": "led"}, "geohash": "tuxng5s93"},{"type": "Feature", "geometry": {"type": "Point", "coordinates": [88.7317504, 26.5190709]}, "properties": {"direction": "135", "highway": "street_lamp", "lamp_mount": "pole", "lamp_type": "led"}, "geohash": "tuxng5skz"},{"type": "Feature", "geometry": {"type": "Point", "coordinates": [88.7316556, 26.5189438]}, "properties": {"direction": "135", "highway": "street_lamp", "lamp_mount": "pole", "lamp_type": "led"}, "geohash": "tuxng5skj"},{"type": "Feature", "geometry": {"type": "Point", "coordinates": [88.7315606, 26.5188165]}, "properties": {"direction": "135", "highway": "street_lamp", "lamp_mount": "pole", "lamp_type": "led"}, "geohash": "tuxng5s77"},{"type": "Feature", "geometry": {"type": "Point", "coordinates": [88.7314754, 26.5186961]}, "properties": {"direction": "225", "highway": "street_lamp", "lamp_mount": "pole", "lamp_type": "led"}, "geohash": "tuxng5s69"},{"type": "Feature", "geometry": {"type": "Point", "coordinates": [88.7311056, 26.5174557]}, "properties": {"direction": "45", "highway": "street_lamp", "lamp_mount": "pole", "lamp_type": "led"}, "geohash": "tuxng5k52"},{"type": "Feature", "geometry": {"type": "Point", "coordinates": [88.7313749, 26.5174483]}, "properties": {"direction": "0", "highway": "street_lamp", "lamp_mount": "pole", "lamp_type": "led"}, "geohash": "tuxng5k5q"},{"type": "Feature", "geometry": {"type": "Point", "coordinates": [88.7308363, 26.5174631]}, "properties": {"direction": "10", "highway": "street_lamp", "lamp_mount": "pole", "lamp_type": "led"}, "geohash": "tuxng57g6"},{"type": "Feature", "geometry": {"type": "Point", "coordinates": [88.7303227, 26.5174769]}, "properties": {"direction": "10", "highway": "street_lamp", "lamp_mount": "pole", "lamp_type": "led"}, "geohash": "tuxng577q"},{"type": "Feature", "geometry": {"type": "Point", "coordinates": [88.7298781, 26.5174811]}, "properties": {"direction": "260", "highway": "street_lamp", "lamp_mount": "pole", "lamp_type": "led"}, "geohash": "tuxng575s"},{"type": "Feature", "geometry": {"type": "Point", "coordinates": [88.7298855, 26.5164599]}, "properties": {"direction": "225", "highway": "street_lamp", "lamp_mount": "pole", "lamp_type": "sodium"}, "geohash": "tuxng55js"},{"type": "Feature", "geometry": {"type": "Point", "coordinates": [88.7283865, 26.5149805]}, "properties": {"direction": "80", "highway": "street_lamp", "lamp_mount": "pole", "lamp_type": "led"}, "geohash": "tuxng4fhc"},{"type": "Feature", "geometry": {"type": "Point", "coordinates": [88.7284029, 26.515114]}, "properties": {"direction": "200", "highway": "street_lamp", "lamp_mount": "pole", "lamp_type": "led"}, "geohash": "tuxng4fj9"},{"type": "Feature", "geometry": {"type": "Point", "coordinates": [87.8574007, 22.7222331]}, "properties": {"highway": "street_lamp", "lamp_mount": "bent_mast", "lamp_type": "electric", "support": "pole"}, "geohash": "tun3r0ry9"},{"type": "Feature", "geometry": {"type": "Point", "coordinates": [87.8511022, 22.7260289]}, "properties": {"electricity": "solar", "highway": "street_lamp", "lamp_mount": "bent_mast", "lamp_type": "led", "support": "mast"}, "geohash": "tun3r15hx"},{"type": "Feature", "geometry": {"type": "Point", "coordinates": [87.8474818, 22.7173113]}, "properties": {"direction": "NE;NW;SE;SW", "highway": "street_lamp"}, "geohash": "tun3pp89f"},{"type": "Feature", "geometry": {"type": "Point", "coordinates": [87.8547664, 22.7246278]}, "properties": {"direction": "S", "highway": "street_lamp", "lamp_mount": "bent_mast", "support": "pole"}, "geohash": "tun3r0vus"},{"type": "Feature", "geometry": {"type": "Point", "coordinates": [87.8639369, 23.2412037]}, "properties": {"highway": "street_lamp", "lamp_mount": "bent_mast", "lamp_type": "led", "light:colour": "white", "light:count": "2", "light:shape": "directed", "light:tilt": "-90"}, "geohash": "tunkpqutf"},{"type": "Feature", "geometry": {"type": "Point", "coordinates": [87.8473726, 22.7148946]}, "properties": {"highway": "street_lamp", "lamp_mount": "high_mast", "support": "pole"}, "geohash": "tun3pp0eb"},{"type": "Feature", "geometry": {"type": "Point", "coordinates": [87.8644078, 23.2410188]}, "properties": {"highway": "street_lamp", "lamp_mount": "bent_mast", "lamp_type": "led", "light:colour": "white", "light:count": "2", "light:shape": "directed", "light:tilt": "-90"}, "geohash": "tunkpquut"},{"type": "Feature", "geometry": {"type": "Point", "coordinates": [87.8504273, 22.7261072]}, "properties": {"highway": "street_lamp", "lamp_mount": "high_mast", "lamp_type": "led"}, "geohash": "tun3r14tp"},{"type": "Feature", "geometry": {"type": "Point", "coordinates": [87.8527949, 22.7126372]}, "properties": {"highway": "street_lamp", "lamp_mount": "pole", "lamp_type": "led"}, "geohash": "tun3pnsqw"},{"type": "Feature", "geometry": {"type": "Point", "coordinates": [87.8656758, 22.7295258]}, "properties": {"highway": "street_lamp", "lamp_mount": "high_mast"}, "geohash": "tun3r3vc4"},{"type": "Feature", "geometry": {"type": "Point", "coordinates": [87.8672661, 22.729712]}, "properties": {"highway": "street_lamp"}, "geohash": "tun3r3yfp"},{"type": "Feature", "geometry": {"type": "Point", "coordinates": [87.856777, 22.7203962]}, "properties": {"highway": "street_lamp", "lamp_mount": "bent_mast", "lamp_type": "led"}, "geohash": "tun3r0p7g"},{"type": "Feature", "geometry": {"type": "Point", "coordinates": [87.857206, 22.7218303]}, "properties": {"highway": "street_lamp", "lamp_mount": "bent_mast", "lamp_type": "led"}, "geohash": "tun3r0rsm"},{"type": "Feature", "geometry": {"type": "Point", "coordinates": [87.8568293, 22.720663]}, "properties": {"highway": "street_lamp", "lamp_mount": "bent_mast", "lamp_type": "led"}, "geohash": "tun3r0pmk"},{"type": "Feature", "geometry": {"type": "Point", "coordinates": [87.8559307, 22.7192836]}, "properties": {"highway": "street_lamp", "lamp_mount": "bent_mast", "lamp_type": "led"}, "geohash": "tun3ppytr"},{"type": "Feature", "geometry": {"type": "Point", "coordinates": [87.856191, 22.7195863]}, "properties": {"highway": "street_lamp", "lamp_mount": "bent_mast", "lamp_type": "led"}, "geohash": "tun3ppyzj"},{"type": "Feature", "geometry": {"type": "Point", "coordinates": [87.8570149, 22.721337]}, "properties": {"highway": "street_lamp", "material": "concrete", "power": "pole"}, "geohash": "tun3r0r92"},{"type": "Feature", "geometry": {"type": "Point", "coordinates": [87.8504544, 22.7097529]}, "properties": {"highway": "street_lamp"}, "geohash": "tun3pn4tz"},{"type": "Feature", "geometry": {"type": "Point", "coordinates": [87.8527037, 22.7164116]}, "properties": {"highway": "street_lamp", "lamp_mount": "bent_mast", "lamp_type": "led"}, "geohash": "tun3ppkks"},{"type": "Feature", "geometry": {"type": "Point", "coordinates": [87.8660277, 22.7300969]}, "properties": {"highway": "street_lamp", "lamp_mount": "high_mast"}, "geohash": "tun3r3yh6"},{"type": "Feature", "geometry": {"type": "Point", "coordinates": [86.9494009, 25.2436335]}, "properties": {"highway": "street_lamp", "lamp_type": "led", "support": "pole"}, "geohash": "tumzde6wg"},{"type": "Feature", "geometry": {"type": "Point", "coordinates": [86.9486166, 25.2459065]}, "properties": {"highway": "street_lamp", "lamp_type": "LED"}, "geohash": "tumzdefh1"},{"type": "Feature", "geometry": {"type": "Point", "coordinates": [86.9487382, 25.2465611]}, "properties": {"highway": "street_lamp", "lamp_type": "LED"}, "geohash": "tumzdefpu"},{"type": "Feature", "geometry": {"type": "Point", "coordinates": [86.9490167, 25.2472379]}, "properties": {"highway": "street_lamp", "lamp_type": "LED"}, "geohash": "tumzds47f"},{"type": "Feature", "geometry": {"type": "Point", "coordinates": [86.9484848, 25.2478849]}, "properties": {"highway": "street_lamp", "lamp_type": "LED"}, "geohash": "tumzds1zw"},{"type": "Feature", "geometry": {"type": "Point", "coordinates": [86.9497387, 25.2476985]}, "properties": {"highway": "street_lamp", "lamp_type": "LED"}, "geohash": "tumzds4ye"},{"type": "Feature", "geometry": {"type": "Point", "coordinates": [86.9504294, 25.2476787]}, "properties": {"highway": "street_lamp", "lamp_type": "LED"}, "geohash": "tumzds5q7"},{"type": "Feature", "geometry": {"type": "Point", "coordinates": [86.9516989, 25.2475084]}, "properties": {"highway": "street_lamp", "lamp_type": "LED"}, "geohash": "tumzdshm3"},{"type": "Feature", "geometry": {"type": "Point", "coordinates": [86.9365585, 25.2395134]}, "properties": {"highway": "street_lamp", "lamp_type": "LED"}, "geohash": "tumzd69qb"},{"type": "Feature", "geometry": {"type": "Point", "coordinates": [86.9360136, 25.2395138]}, "properties": {"highway": "street_lamp", "lamp_type": "LED"}, "geohash": "tumzd68yg"},{"type": "Feature", "geometry": {"type": "Point", "coordinates": [86.932849, 25.2396133]}, "properties": {"highway": "street_lamp", "lamp_type": "LED"}, "geohash": "tumzd4wx6"},{"type": "Feature", "geometry": {"type": "Point", "coordinates": [86.9349637, 25.2396191]}, "properties": {"highway": "street_lamp", "lamp_type": "LED"}, "geohash": "tumzd68p7"},{"type": "Feature", "geometry": {"type": "Point", "coordinates": [86.9378854, 25.2381424]}, "properties": {"highway": "street_lamp"}, "geohash": "tumzd66nz"},{"type": "Feature", "geometry": {"type": "Point", "coordinates": [86.9390011, 25.2384982]}, "properties": {"highway": "street_lamp"}, "geohash": "tumzd6e0c"},{"type": "Feature", "geometry": {"type": "Point", "coordinates": [86.939409, 25.2383846]}, "properties": {"highway": "street_lamp"}, "geohash": "tumzd6e25"},{"type": "Feature", "geometry": {"type": "Point", "coordinates": [86.9390308, 25.2396035]}, "properties": {"highway": "street_lamp"}, "geohash": "tumzd6ep6"},{"type": "Feature", "geometry": {"type": "Point", "coordinates": [86.9337335, 25.2396155]}, "properties": {"highway": "street_lamp", "lamp_type": "LED"}, "geohash": "tumzd4xpq"},{"type": "Feature", "geometry": {"type": "Point", "coordinates": [86.933307, 25.2396783]}, "properties": {"highway": "street_lamp", "lamp_type": "LED"}, "geohash": "tumzd4wzu"},{"type": "Feature", "geometry": {"type": "Point", "coordinates": [86.9345072, 25.2395937]}, "properties": {"highway": "street_lamp", "lamp_type": "LED"}, "geohash": "tumzd4xz2"},{"type": "Feature", "geometry": {"type": "Point", "coordinates": [86.9467605, 25.247915]}, "properties": {"highway": "street_lamp", "lamp_type": "LED"}, "geohash": "tumzds0xy"},{"type": "Feature", "geometry": {"type": "Point", "coordinates": [86.9446524, 25.248042]}, "properties": {"highway": "street_lamp", "lamp_type": "LED"}, "geohash": "tumzdkr0t"},{"type": "Feature", "geometry": {"type": "Point", "coordinates": [86.9468627, 25.2460382]}, "properties": {"highway": "street_lamp", "lamp_type": "LED"}, "geohash": "tumzdebub"},{"type": "Feature", "geometry": {"type": "Point", "coordinates": [86.9464678, 25.2468887]}, "properties": {"highway": "street_lamp", "lamp_type": "LED"}, "geohash": "tumzds03z"},{"type": "Feature", "geometry": {"type": "Point", "coordinates": [86.947781, 25.2469041]}, "properties": {"highway": "street_lamp", "lamp_type": "LED"}, "geohash": "tumzds13y"},{"type": "Feature", "geometry": {"type": "Point", "coordinates": [86.9465429, 25.2423675]}, "properties": {"highway": "street_lamp", "lamp_type": "LED"}, "geohash": "tumzde0x3"},{"type": "Feature", "geometry": {"type": "Point", "coordinates": [86.9467148, 25.2433708]}, "properties": {"highway": "street_lamp", "lamp_type": "LED"}, "geohash": "tumzde2tm"},{"type": "Feature", "geometry": {"type": "Point", "coordinates": [86.9342096, 25.2396848]}, "properties": {"highway": "street_lamp", "lamp_type": "LED"}, "geohash": "tumzd4xxc"},{"type": "Feature", "geometry": {"type": "Point", "coordinates": [86.9477835, 25.2451573]}, "properties": {"highway": "street_lamp", "lamp_type": "LED"}, "geohash": "tumzde9rw"},{"type": "Feature", "geometry": {"type": "Point", "coordinates": [86.9420406, 25.2483243]}, "properties": {"highway": "street_lamp", "lamp_type": "LED"}, "geohash": "tumzdkm60"},{"type": "Feature", "geometry": {"type": "Point", "coordinates": [86.9402377, 25.2486007]}, "properties": {"highway": "street_lamp", "lamp_type": "LED"}, "geohash": "tumzdk7gy"},{"type": "Feature", "geometry": {"type": "Point", "coordinates": [86.9355237, 25.2396023]}, "properties": {"highway": "street_lamp", "lamp_type": "LED"}, "geohash": "tumzd68x2"},{"type": "Feature", "geometry": {"type": "Point", "coordinates": [86.9376148, 25.2391832]}, "properties": {"highway": "street_lamp"}, "geohash": "tumzd6dhc"},{"type": "Feature", "geometry": {"type": "Point", "coordinates": [86.9400793, 25.2397433]}, "properties": {"highway": "street_lamp"}, "geohash": "tumzd6gb4"},{"type": "Feature", "geometry": {"type": "Point", "coordinates": [86.9322375, 25.2395498]}, "properties": {"highway": "street_lamp", "lamp_type": "LED"}, "geohash": "tumzd4wp5"},{"type": "Feature", "geometry": {"type": "Point", "coordinates": [86.9384707, 25.2387521]}, "properties": {"highway": "street_lamp"}, "geohash": "tumzd6ddm"},{"type": "Feature", "geometry": {"type": "Point", "coordinates": [86.93959, 25.2397574]}, "properties": {"highway": "street_lamp"}, "geohash": "tumzd6g2p"},{"type": "Feature", "geometry": {"type": "Point", "coordinates": [86.9406095, 25.2398521]}, "properties": {"highway": "street_lamp"}, "geohash": "tumzd6u0z"},{"type": "Feature", "geometry": {"type": "Point", "coordinates": [86.9383999, 25.2396474]}, "properties": {"highway": "street_lamp"}, "geohash": "tumzd6dxe"},{"type": "Feature", "geometry": {"type": "Point", "coordinates": [86.9379811, 25.2390118]}, "properties": {"highway": "street_lamp"}, "geohash": "tumzd6d7c"},{"type": "Feature", "geometry": {"type": "Point", "coordinates": [86.9380712, 25.2384994]}, "properties": {"highway": "street_lamp"}, "geohash": "tumzd6d2g"},{"type": "Feature", "geometry": {"type": "Point", "coordinates": [86.9426189, 25.2398658]}, "properties": {"highway": "street_lamp"}, "geohash": "tumzd6v8v"},{"type": "Feature", "geometry": {"type": "Point", "coordinates": [86.9440884, 25.2398658]}, "properties": {"highway": "street_lamp"}, "geohash": "tumzd6ybb"},{"type": "Feature", "geometry": {"type": "Point", "coordinates": [86.9420517, 25.2398553]}, "properties": {"highway": "street_lamp"}, "geohash": "tumzd6v2b"},{"type": "Feature", "geometry": {"type": "Point", "coordinates": [86.9435554, 25.2397797]}, "properties": {"highway": "street_lamp"}, "geohash": "tumzd6y27"},{"type": "Feature", "geometry": {"type": "Point", "coordinates": [86.9435554, 25.2397797]}, "properties": {"highway": "street_lamp"}, "geohash": "tumzd6y27"},{"type": "Feature", "geometry": {"type": "Point", "coordinates": [86.94449, 25.2398344]}, "properties": {"highway": "street_lamp"}, "geohash": "tumzd6z09"},{"type": "Feature", "geometry": {"type": "Point", "coordinates": [88.7161809, 26.5242094]}, "properties": {"direction": "325", "highway": "street_lamp", "lamp_mount": "pole", "lamp_type": "led", "support": "pole"}, "geohash": "tuxnfu94s"},{"type": "Feature", "geometry": {"type": "Point", "coordinates": [88.7300188, 26.5234957]}, "properties": {"direction": "142", "highway": "street_lamp", "lamp_mount": "pole", "lamp_type": "led", "support": "pole"}, "geohash": "tuxngh7nx"},{"type": "Feature", "geometry": {"type": "Point", "coordinates": [88.7297999, 26.5231829]}, "properties": {"direction": "315", "highway": "street_lamp", "lamp_mount": "pole", "lamp_type": "led", "support": "pole"}, "geohash": "tuxngh7hd"},{"type": "Feature", "geometry": {"type": "Point", "coordinates": [88.7296873, 26.5230827]}, "properties": {"direction": "314", "highway": "street_lamp", "lamp_mount": "pole", "lamp_type": "led", "support": "pole"}, "geohash": "tuxngh6up"},{"type": "Feature", "geometry": {"type": "Point", "coordinates": [88.7293763, 26.5228058]}, "properties": {"direction": "314", "highway": "street_lamp", "lamp_mount": "pole", "lamp_type": "led", "support": "pole"}, "geohash": "tuxngh6f8"},{"type": "Feature", "geometry": {"type": "Point", "coordinates": [88.728953, 26.5224061]}, "properties": {"direction": "312", "highway": "street_lamp", "lamp_mount": "pole", "lamp_type": "led", "support": "pole"}, "geohash": "tuxngh62n"},{"type": "Feature", "geometry": {"type": "Point", "coordinates": [88.7288639, 26.5222796]}, "properties": {"direction": "226", "highway": "street_lamp", "lamp_mount": "pole", "lamp_type": "led", "support": "pole"}, "geohash": "tuxngh4rk"},{"type": "Feature", "geometry": {"type": "Point", "coordinates": [88.7284697, 26.5221691]}, "properties": {"direction": "135", "highway": "street_lamp", "lamp_mount": "angled_mast", "lamp_type": "led", "support": "pole"}, "geohash": "tuxngh4ng"},{"type": "Feature", "geometry": {"type": "Point", "coordinates": [88.7285149, 26.5220316]}, "properties": {"direction": "222", "highway": "street_lamp", "lamp_mount": "angled_mast", "lamp_type": "led", "support": "pole"}, "geohash": "tuxngh4nh"},{"type": "Feature", "geometry": {"type": "Point", "coordinates": [88.7283492, 26.5218768]}, "properties": {"direction": "310", "highway": "street_lamp", "lamp_mount": "angled_mast", "lamp_type": "led", "support": "pole"}, "geohash": "tuxngh4j0"},{"type": "Feature", "geometry": {"type": "Point", "coordinates": [88.7280254, 26.5216367]}, "properties": {"highway": "street_lamp", "lamp_mount": "angled_mast", "lamp_type": "led", "support": "pole"}, "geohash": "tuxngh1g8"},{"type": "Feature", "geometry": {"type": "Point", "coordinates": [88.7279396, 26.5215625]}, "properties": {"highway": "street_lamp", "lamp_mount": "angled_mast", "lamp_type": "led", "support": "pole"}, "geohash": "tuxngh1eq"},{"type": "Feature", "geometry": {"type": "Point", "coordinates": [88.727827, 26.5214652]}, "properties": {"highway": "street_lamp", "lamp_mount": "angled_mast", "lamp_type": "led", "support": "pole"}, "geohash": "tuxngh1ds"},{"type": "Feature", "geometry": {"type": "Point", "coordinates": [88.7274787, 26.5211794]}, "properties": {"highway": "street_lamp", "lamp_mount": "pole", "lamp_type": "led", "support": "pole"}, "geohash": "tuxngh13h"},{"type": "Feature", "geometry": {"type": "Point", "coordinates": [88.7276259, 26.5204514]}, "properties": {"highway": "street_lamp", "lamp_mount": "pole", "lamp_type": "led", "support": "pole"}, "geohash": "tuxng5ckz"},{"type": "Feature", "geometry": {"type": "Point", "coordinates": [88.7277192, 26.5202402]}, "properties": {"highway": "street_lamp", "lamp_mount": "pole", "lamp_type": "led", "support": "pole"}, "geohash": "tuxng5ce9"},{"type": "Feature", "geometry": {"type": "Point", "coordinates": [88.7278837, 26.5198678]}, "properties": {"highway": "street_lamp", "lamp_mount": "pole", "lamp_type": "led", "support": "pole"}, "geohash": "tuxng5c9m"},{"type": "Feature", "geometry": {"type": "Point", "coordinates": [88.7279706, 26.5196711]}, "properties": {"highway": "street_lamp", "lamp_mount": "pole", "lamp_type": "led", "support": "pole"}, "geohash": "tuxng5c8r"},{"type": "Feature", "geometry": {"type": "Point", "coordinates": [88.7280575, 26.5194744]}, "properties": {"highway": "street_lamp", "lamp_mount": "pole", "lamp_type": "led", "support": "pole"}, "geohash": "tuxng59z1"},{"type": "Feature", "geometry": {"type": "Point", "coordinates": [88.7281797, 26.5191977]}, "properties": {"highway": "street_lamp", "lamp_mount": "pole", "lamp_type": "led", "support": "pole"}, "geohash": "tuxng59vs"},{"type": "Feature", "geometry": {"type": "Point", "coordinates": [88.7282343, 26.5189159]}, "properties": {"direction": "158", "highway": "street_lamp", "lamp_mount": "pole", "lamp_type": "led", "support": "pole"}, "geohash": "tuxng59gv"},{"type": "Feature", "geometry": {"type": "Point", "coordinates": [88.7300769, 26.5151228]}, "properties": {"highway": "street_lamp", "lamp_mount": "pole", "lamp_type": "led", "support": "pole"}, "geohash": "tuxng4gmb"},{"type": "Feature", "geometry": {"type": "Point", "coordinates": [88.7299541, 26.5153706]}, "properties": {"highway": "street_lamp", "lamp_mount": "pole", "lamp_type": "led", "support": "pole"}, "geohash": "tuxng4gpj"},{"type": "Feature", "geometry": {"type": "Point", "coordinates": [88.7303318, 26.5146339]}, "properties": {"highway": "street_lamp", "lamp_mount": "pole", "lamp_type": "led", "support": "pole"}, "geohash": "tuxng4g6y"},{"type": "Feature", "geometry": {"type": "Point", "coordinates": [88.7303863, 26.5145268]}, "properties": {"highway": "street_lamp", "lamp_mount": "pole", "lamp_type": "led", "support": "pole"}, "geohash": "tuxng4g6r"},{"type": "Feature", "geometry": {"type": "Point", "coordinates": [88.7303755, 26.5143327]}, "properties": {"direction": "156", "highway": "street_lamp", "lamp_mount": "pole", "lamp_type": "led", "support": "pole"}, "geohash": "tuxng4g3p"},{"type": "Feature", "geometry": {"type": "Point", "coordinates": [88.7299742, 26.5142399]}, "properties": {"direction": "73", "highway": "street_lamp", "lamp_mount": "pole", "lamp_type": "led", "support": "pole"}, "geohash": "tuxng4g0w"},{"type": "Feature", "geometry": {"type": "Point", "coordinates": [88.7304611, 26.5141496]}, "properties": {"highway": "street_lamp", "lamp_mount": "pole", "lamp_type": "led", "support": "pole"}, "geohash": "tuxng4g81"},{"type": "Feature", "geometry": {"type": "Point", "coordinates": [88.7305301, 26.5139863]}, "properties": {"direction": "253", "highway": "street_lamp", "lamp_mount": "pole", "lamp_type": "led", "support": "pole"}, "geohash": "tuxng4ex5"},{"type": "Feature", "geometry": {"type": "Point", "coordinates": [88.7306526, 26.5140066]}, "properties": {"highway": "street_lamp", "lamp_mount": "pole", "lamp_type": "led", "support": "pole"}, "geohash": "tuxng4exq"},{"type": "Feature", "geometry": {"type": "Point", "coordinates": [88.730753, 26.5137939]}, "properties": {"highway": "street_lamp", "lamp_mount": "pole", "lamp_type": "led", "support": "pole"}, "geohash": "tuxng4ey0"},{"type": "Feature", "geometry": {"type": "Point", "coordinates": [88.7303015, 26.5137252]}, "properties": {"direction": "164", "highway": "street_lamp", "lamp_mount": "pole", "lamp_type": "led", "support": "pole"}, "geohash": "tuxng4emt"},{"type": "Feature", "geometry": {"type": "Point", "coordinates": [88.7299375, 26.5136032]}, "properties": {"direction": "345", "highway": "street_lamp", "lamp_mount": "pole", "lamp_type": "led", "support": "pole"}, "geohash": "tuxng4ehv"},{"type": "Feature", "geometry": {"type": "Point", "coordinates": [88.7308772, 26.5135535]}, "properties": {"highway": "street_lamp", "lamp_mount": "pole", "lamp_type": "led", "support": "pole"}, "geohash": "tuxng4eue"},{"type": "Feature", "geometry": {"type": "Point", "coordinates": [88.7314541, 26.5123413]}, "properties": {"highway": "street_lamp", "lamp_mount": "pole", "lamp_type": "led", "support": "pole"}, "geohash": "tuxng4km8"},{"type": "Feature", "geometry": {"type": "Point", "coordinates": [88.7316181, 26.5111087]}, "properties": {"highway": "street_lamp", "lamp_mount": "pole", "lamp_type": "led", "support": "pole"}, "geohash": "tuxng4hqk"},{"type": "Feature", "geometry": {"type": "Point", "coordinates": [88.731679, 26.5107965]}, "properties": {"highway": "street_lamp", "lamp_mount": "pole", "lamp_type": "led", "support": "pole"}, "geohash": "tuxng4hkt"},{"type": "Feature", "geometry": {"type": "Point", "coordinates": [88.7317295, 26.5105324]}, "properties": {"highway": "street_lamp", "lamp_mount": "pole", "lamp_type": "led", "support": "pole"}, "geohash": "tuxng4h7p"},{"type": "Feature", "geometry": {"type": "Point", "coordinates": [88.7308549, 26.5099256]}, "properties": {"direction": "5", "highway": "street_lamp", "lamp_mount": "pole", "lamp_type": "led", "support": "pole"}, "geohash": "tuxng1gzd"},{"type": "Feature", "geometry": {"type": "Point", "coordinates": [88.7307911, 26.5103058]}, "properties": {"direction": "81", "highway": "street_lamp", "lamp_mount": "pole", "lamp_type": "led", "support": "pole"}, "geohash": "tuxng45c9"},{"type": "Feature", "geometry": {"type": "Point", "coordinates": [88.7307488, 26.510606]}, "properties": {"direction": "82", "highway": "street_lamp", "lamp_mount": "pole", "lamp_type": "led", "support": "pole"}, "geohash": "tuxng45g2"},{"type": "Feature", "geometry": {"type": "Point", "coordinates": [88.7306386, 26.5112883]}, "properties": {"direction": "85", "highway": "street_lamp", "lamp_mount": "pole", "lamp_type": "led", "support": "pole"}, "geohash": "tuxng45xm"},{"type": "Feature", "geometry": {"type": "Point", "coordinates": [88.7305955, 26.5117196]}, "properties": {"direction": "173", "highway": "street_lamp", "lamp_mount": "pole", "lamp_type": "led", "support": "pole"}, "geohash": "tuxng479u"},{"type": "Feature", "geometry": {"type": "Point", "coordinates": [88.7310911, 26.5117264]}, "properties": {"direction": "353", "highway": "street_lamp", "lamp_mount": "pole", "lamp_type": "led", "support": "pole"}, "geohash": "tuxng4k40"},{"type": "Feature", "geometry": {"type": "Point", "coordinates": [88.7313365, 26.5117388]}, "properties": {"direction": "356", "highway": "street_lamp", "lamp_mount": "pole", "lamp_type": "led", "support": "pole"}, "geohash": "tuxng4k4j"},{"type": "Feature", "geometry": {"type": "Point", "coordinates": [88.7311641, 26.5100504]}, "properties": {"direction": "341", "highway": "street_lamp", "lamp_mount": "pole", "lamp_type": "led", "support": "pole"}, "geohash": "tuxng4h01"},{"type": "Feature", "geometry": {"type": "Point", "coordinates": [88.7313889, 26.5101391]}, "properties": {"direction": "338", "highway": "street_lamp", "lamp_mount": "pole", "lamp_type": "led", "support": "pole"}, "geohash": "tuxng4h0z"},{"type": "Feature", "geometry": {"type": "Point", "coordinates": [88.7119353, 26.53209]}, "properties": {"direction": "352", "highway": "street_lamp", "lamp_mount": "pole", "lamp_type": "led", "support": "pole"}, "geohash": "tuxnfwn09"},{"type": "Feature", "geometry": {"type": "Point", "coordinates": [88.7300473, 26.5153901]}, "properties": {"direction": "159", "highway": "street_lamp", "lamp_mount": "pole", "lamp_type": "led", "support": "pole"}, "geohash": "tuxng4gpr"},{"type": "Feature", "geometry": {"type": "Point", "coordinates": [88.7293788, 26.5165803]}, "properties": {"highway": "street_lamp", "lamp_mount": "pole", "lamp_type": "led", "support": "pole"}, "geohash": "tuxng54y2"},{"type": "Feature", "geometry": {"type": "Point", "coordinates": [88.7289942, 26.5174336]}, "properties": {"highway": "street_lamp", "lamp_mount": "pole", "lamp_type": "led", "support": "pole"}, "geohash": "tuxng567p"},{"type": "Feature", "geometry": {"type": "Point", "coordinates": [88.7285151, 26.5184812]}, "properties": {"highway": "street_lamp", "lamp_mount": "pole", "lamp_type": "led", "support": "pole"}, "geohash": "tuxng5d1k"},{"type": "Feature", "geometry": {"type": "Point", "coordinates": [88.7209125, 26.5234994]}, "properties": {"direction": "173", "highway": "street_lamp", "lamp_mount": "pole", "lamp_type": "led", "support": "pole"}, "geohash": "tuxnfukwe"},{"type": "Feature", "geometry": {"type": "Point", "coordinates": [88.7208317, 26.523492]}, "properties": {"direction": "173", "highway": "street_lamp", "lamp_mount": "pole", "lamp_type": "led", "support": "pole"}, "geohash": "tuxnfukw9"},{"type": "Feature", "geometry": {"type": "Point", "coordinates": [88.7206132, 26.5234539]}, "properties": {"direction": "17", "highway": "street_lamp", "lamp_mount": "pole", "lamp_type": "led", "support": "pole"}, "geohash": "tuxnfukqk"},{"type": "Feature", "geometry": {"type": "Point", "coordinates": [88.7207143, 26.5234756]}, "properties": {"direction": "175", "highway": "street_lamp", "lamp_mount": "pole", "lamp_type": "led", "support": "pole"}, "geohash": "tuxnfukqq"},{"type": "Feature", "geometry": {"type": "Point", "coordinates": [88.720769, 26.5231882]}, "properties": {"direction": "265", "highway": "street_lamp", "lamp_mount": "pole", "lamp_type": "led", "support": "pole"}, "geohash": "tuxnfukkz"},{"type": "Feature", "geometry": {"type": "Point", "coordinates": [88.7207865, 26.5229863]}, "properties": {"direction": "265", "highway": "street_lamp", "lamp_mount": "pole", "lamp_type": "led", "support": "pole"}, "geohash": "tuxnfuke8"},{"type": "Feature", "geometry": {"type": "Point", "coordinates": [88.7208048, 26.5228432]}, "properties": {"direction": "265", "highway": "street_lamp", "lamp_mount": "pole", "lamp_type": "led", "support": "pole"}, "geohash": "tuxnfukdb"},{"type": "Feature", "geometry": {"type": "Point", "coordinates": [88.7216565, 26.5227969]}, "properties": {"direction": "268", "highway": "street_lamp", "lamp_mount": "pole", "lamp_type": "led", "support": "pole"}, "geohash": "tuxnfum4k"},{"type": "Feature", "geometry": {"type": "Point", "coordinates": [88.7209069, 26.5221782]}, "properties": {"direction": "180", "highway": "street_lamp", "lamp_mount": "pole", "lamp_type": "led", "support": "pole"}, "geohash": "tuxnfuhwf"},{"type": "Feature", "geometry": {"type": "Point", "coordinates": [88.7211414, 26.5221739]}, "properties": {"direction": "345", "highway": "street_lamp", "lamp_mount": "pole", "lamp_type": "led", "support": "pole"}, "geohash": "tuxnfuhyb"},{"type": "Feature", "geometry": {"type": "Point", "coordinates": [88.7214224, 26.5220967]}, "properties": {"direction": "253", "highway": "street_lamp", "lamp_mount": "pole", "lamp_type": "led", "support": "pole"}, "geohash": "tuxnfuhyq"},{"type": "Feature", "geometry": {"type": "Point", "coordinates": [88.7213383, 26.5222777]}, "properties": {"direction": "166", "highway": "street_lamp", "lamp_mount": "pole", "lamp_type": "led", "support": "pole"}, "geohash": "tuxnfuhzm"},{"type": "Feature", "geometry": {"type": "Point", "coordinates": [88.7216885, 26.5223463]}, "properties": {"direction": "270", "highway": "street_lamp", "lamp_mount": "pole", "lamp_type": "led", "support": "pole"}, "geohash": "tuxnfujpv"},{"type": "Feature", "geometry": {"type": "Point", "coordinates": [88.7217109, 26.5225634]}, "properties": {"direction": "352", "highway": "street_lamp", "lamp_mount": "pole", "lamp_type": "led", "support": "pole"}, "geohash": "tuxnfum1j"},{"type": "Feature", "geometry": {"type": "Point", "coordinates": [88.7212925, 26.5225834]}, "properties": {"direction": "175", "highway": "street_lamp", "lamp_mount": "pole", "lamp_type": "led", "support": "pole"}, "geohash": "tuxnfukc5"},{"type": "Feature", "geometry": {"type": "Point", "coordinates": [88.7211297, 26.5225768]}, "properties": {"direction": "176", "highway": "street_lamp", "lamp_mount": "pole", "lamp_type": "led", "support": "pole"}, "geohash": "tuxnfukc0"},{"type": "Feature", "geometry": {"type": "Point", "coordinates": [88.7209317, 26.5225615]}, "properties": {"direction": "176", "highway": "street_lamp", "lamp_mount": "pole", "lamp_type": "led", "support": "pole"}, "geohash": "tuxnfuk95"},{"type": "Feature", "geometry": {"type": "Point", "coordinates": [88.7208401, 26.5225606]}, "properties": {"direction": "175", "highway": "street_lamp", "lamp_mount": "pole", "lamp_type": "led", "support": "pole"}, "geohash": "tuxnfuk91"},{"type": "Feature", "geometry": {"type": "Point", "coordinates": [88.7206357, 26.5225463]}, "properties": {"direction": "176", "highway": "street_lamp", "lamp_mount": "pole", "lamp_type": "led", "support": "pole"}, "geohash": "tuxnfuk3h"},{"type": "Feature", "geometry": {"type": "Point", "coordinates": [88.720541, 26.5225396]}, "properties": {"direction": "177", "highway": "street_lamp", "lamp_mount": "pole", "lamp_type": "led", "support": "pole"}, "geohash": "tuxnfuk2f"},{"type": "Feature", "geometry": {"type": "Point", "coordinates": [88.720388, 26.5227979]}, "properties": {"direction": "267", "highway": "street_lamp", "lamp_mount": "pole", "lamp_type": "led", "support": "pole"}, "geohash": "tuxnfuk4q"},{"type": "Feature", "geometry": {"type": "Point", "coordinates": [88.7203278, 26.5225287]}, "properties": {"direction": "178", "highway": "street_lamp", "lamp_mount": "pole", "lamp_type": "led", "support": "pole"}, "geohash": "tuxnfuk0v"},{"type": "Feature", "geometry": {"type": "Point", "coordinates": [88.720058, 26.5225123]}, "properties": {"direction": "180", "highway": "street_lamp", "lamp_mount": "pole", "lamp_type": "led", "support": "pole"}, "geohash": "tuxnfu7bz"},{"type": "Feature", "geometry": {"type": "Point", "coordinates": [88.719659, 26.5229839]}, "properties": {"direction": "276", "highway": "street_lamp", "lamp_mount": "pole", "lamp_type": "led", "support": "pole"}, "geohash": "tuxnfu7et"},{"type": "Feature", "geometry": {"type": "Point", "coordinates": [88.7196066, 26.5225121]}, "properties": {"direction": "94", "highway": "street_lamp", "lamp_mount": "pole", "lamp_type": "led", "support": "pole"}, "geohash": "tuxnfu78u"},{"type": "Feature", "geometry": {"type": "Point", "coordinates": [88.7197584, 26.5225048]}, "properties": {"direction": "181", "highway": "street_lamp", "lamp_mount": "pole", "lamp_type": "led", "support": "pole"}, "geohash": "tuxnfu7bb"},{"type": "Feature", "geometry": {"type": "Point", "coordinates": [88.7196437, 26.52285]}, "properties": {"direction": "96", "highway": "street_lamp", "lamp_mount": "pole", "lamp_type": "led", "support": "pole"}, "geohash": "tuxnfu7dv"},{"type": "Feature", "geometry": {"type": "Point", "coordinates": [88.7196006, 26.5232159]}, "properties": {"direction": "180", "highway": "street_lamp", "lamp_mount": "pole", "lamp_type": "led", "support": "pole"}, "geohash": "tuxnfu7su"},{"type": "Feature", "geometry": {"type": "Point", "coordinates": [88.7197865, 26.5232869]}, "properties": {"direction": "275", "highway": "street_lamp", "lamp_mount": "pole", "lamp_type": "led", "support": "pole"}, "geohash": "tuxnfu7v2"},{"type": "Feature", "geometry": {"type": "Point", "coordinates": [88.7134101, 26.5338707]}, "properties": {"direction": "344", "highway": "street_lamp", "lamp_mount": "pole", "lamp_type": "led", "support": "pole"}, "geohash": "tuxnfwr5h"},{"type": "Feature", "geometry": {"type": "Point", "coordinates": [88.7197169, 26.52351]}, "properties": {"direction": "94", "highway": "street_lamp", "lamp_mount": "pole", "lamp_type": "led", "support": "pole"}, "geohash": "tuxnfu7wx"},{"type": "Feature", "geometry": {"type": "Point", "coordinates": [88.71982, 26.5237229]}, "properties": {"direction": "271", "highway": "street_lamp", "lamp_mount": "pole", "lamp_type": "led", "support": "pole"}, "geohash": "tuxnfu7zc"},{"type": "Feature", "geometry": {"type": "Point", "coordinates": [88.719753, 26.5242024]}, "properties": {"direction": "5", "highway": "street_lamp", "lamp_mount": "pole", "lamp_type": "led", "support": "pole"}, "geohash": "tuxnfuef8"},{"type": "Feature", "geometry": {"type": "Point", "coordinates": [88.7199214, 26.5243742]}, "properties": {"direction": "269", "highway": "street_lamp", "lamp_mount": "pole", "lamp_type": "led", "support": "pole"}, "geohash": "tuxnfuegs"},{"type": "Feature", "geometry": {"type": "Point", "coordinates": [88.7199275, 26.5246211]}, "properties": {"direction": "268", "highway": "street_lamp", "lamp_mount": "pole", "lamp_type": "led", "support": "pole"}, "geohash": "tuxnfuevh"},{"type": "Feature", "geometry": {"type": "Point", "coordinates": [88.7198976, 26.5252337]}, "properties": {"direction": "261", "highway": "street_lamp", "lamp_mount": "pole", "lamp_type": "led", "support": "pole"}, "geohash": "tuxnfugbe"},{"type": "Feature", "geometry": {"type": "Point", "coordinates": [88.7198438, 26.525542]}, "properties": {"direction": "260", "highway": "street_lamp", "lamp_mount": "pole", "lamp_type": "led", "support": "pole"}, "geohash": "tuxnfugf6"},{"type": "Feature", "geometry": {"type": "Point", "coordinates": [88.7197918, 26.5258417]}, "properties": {"direction": "262", "highway": "street_lamp", "lamp_mount": "pole", "lamp_type": "led", "support": "pole"}, "geohash": "tuxnfugu0"},{"type": "Feature", "geometry": {"type": "Point", "coordinates": [88.7197504, 26.5260286]}, "properties": {"direction": "257", "highway": "street_lamp", "lamp_mount": "pole", "lamp_type": "led", "support": "pole"}, "geohash": "tuxnfugv2"},{"type": "Feature", "geometry": {"type": "Point", "coordinates": [88.7196834, 26.5263842]}, "properties": {"direction": "259", "highway": "street_lamp", "lamp_mount": "pole", "lamp_type": "led", "support": "pole"}, "geohash": "tuxnfugxq"},{"type": "Feature", "geometry": {"type": "Point", "coordinates": [88.7196675, 26.5265009]}, "properties": {"direction": "264", "highway": "street_lamp", "lamp_mount": "pole", "lamp_type": "led", "support": "pole"}, "geohash": "tuxnfv58n"},{"type": "Feature", "geometry": {"type": "Point", "coordinates": [88.7196067, 26.5268234]}, "properties": {"direction": "260", "highway": "street_lamp", "lamp_mount": "pole", "lamp_type": "led", "support": "pole"}, "geohash": "tuxnfv59u"},{"type": "Feature", "geometry": {"type": "Point", "coordinates": [88.7194278, 26.5272507]}, "properties": {"direction": "81", "highway": "street_lamp", "lamp_mount": "pole", "lamp_type": "led", "support": "pole"}, "geohash": "tuxnfv5s2"},{"type": "Feature", "geometry": {"type": "Point", "coordinates": [88.7194648, 26.5276111]}, "properties": {"direction": "261", "highway": "street_lamp", "lamp_mount": "pole", "lamp_type": "led", "support": "pole"}, "geohash": "tuxnfv5w9"},{"type": "Feature", "geometry": {"type": "Point", "coordinates": [88.7194042, 26.5279976]}, "properties": {"direction": "259", "highway": "street_lamp", "lamp_mount": "pole", "lamp_type": "led", "support": "pole"}, "geohash": "tuxnfv72z"},{"type": "Feature", "geometry": {"type": "Point", "coordinates": [88.7193415, 26.5282986]}, "properties": {"direction": "262", "highway": "street_lamp", "lamp_mount": "pole", "lamp_type": "led", "support": "pole"}, "geohash": "tuxnfv76w"},{"type": "Feature", "geometry": {"type": "Point", "coordinates": [88.7193189, 26.5284327]}, "properties": {"direction": "261", "highway": "street_lamp", "lamp_mount": "pole", "lamp_type": "led", "support": "pole"}, "geohash": "tuxnfv77m"},{"type": "Feature", "geometry": {"type": "Point", "coordinates": [88.7192692, 26.5287008]}, "properties": {"direction": "260", "highway": "street_lamp", "lamp_mount": "pole", "lamp_type": "led", "support": "pole"}, "geohash": "tuxnfv7ku"},{"type": "Feature", "geometry": {"type": "Point", "coordinates": [88.7191693, 26.5291808]}, "properties": {"direction": "264", "highway": "street_lamp", "lamp_mount": "pole", "lamp_type": "led", "support": "pole"}, "geohash": "tuxnfv7rd"},{"type": "Feature", "geometry": {"type": "Point", "coordinates": [88.7190586, 26.5298638]}, "properties": {"direction": "251", "highway": "street_lamp", "lamp_mount": "pole", "lamp_type": "led", "support": "pole"}, "geohash": "tuxnfve5x"},{"type": "Feature", "geometry": {"type": "Point", "coordinates": [88.7187572, 26.5302233]}, "properties": {"direction": "66", "highway": "street_lamp", "lamp_mount": "pole", "lamp_type": "led", "support": "pole"}, "geohash": "tuxnfvejb"},{"type": "Feature", "geometry": {"type": "Point", "coordinates": [88.7187334, 26.5304528]}, "properties": {"direction": "240", "highway": "street_lamp", "lamp_mount": "pole", "lamp_type": "led", "support": "pole"}, "geohash": "tuxnfvep0"},{"type": "Feature", "geometry": {"type": "Point", "coordinates": [88.7189612, 26.5300635]}, "properties": {"direction": "243", "highway": "street_lamp", "lamp_mount": "pole", "lamp_type": "led", "support": "pole"}, "geohash": "tuxnfvehv"},{"type": "Feature", "geometry": {"type": "Point", "coordinates": [88.7183862, 26.5309227]}, "properties": {"direction": "234", "highway": "street_lamp", "lamp_mount": "pole", "lamp_type": "led", "support": "pole"}, "geohash": "tuxnfvfcb"},{"type": "Feature", "geometry": {"type": "Point", "coordinates": [88.7182698, 26.5310552]}, "properties": {"direction": "227", "highway": "street_lamp", "lamp_mount": "pole", "lamp_type": "led", "support": "pole"}, "geohash": "tuxnfvfdt"},{"type": "Feature", "geometry": {"type": "Point", "coordinates": [88.7175463, 26.5314904]}, "properties": {"direction": "336", "highway": "street_lamp", "lamp_mount": "pole", "lamp_type": "led", "support": "pole"}, "geohash": "tuxnfvfjh"},{"type": "Feature", "geometry": {"type": "Point", "coordinates": [88.7140771, 26.5340024]}, "properties": {"direction": "346", "highway": "street_lamp", "lamp_mount": "pole", "lamp_type": "led", "support": "pole"}, "geohash": "tuxnfwreg"},{"type": "Feature", "geometry": {"type": "Point", "coordinates": [88.7138041, 26.5339434]}, "properties": {"direction": "347", "highway": "street_lamp", "lamp_mount": "pole", "lamp_type": "led", "support": "pole"}, "geohash": "tuxnfwr7m"},{"type": "Feature", "geometry": {"type": "Point", "coordinates": [88.7136201, 26.5339091]}, "properties": {"direction": "346", "highway": "street_lamp", "lamp_mount": "pole", "lamp_type": "led", "support": "pole"}, "geohash": "tuxnfwr71"},{"type": "Feature", "geometry": {"type": "Point", "coordinates": [88.7169799, 26.5318851]}, "properties": {"direction": "40", "highway": "street_lamp", "lamp_mount": "pole", "lamp_type": "led", "support": "pole"}, "geohash": "tuxnfvcxr"},{"type": "Feature", "geometry": {"type": "Point", "coordinates": [88.7132567, 26.5338309]}, "properties": {"direction": "340", "highway": "street_lamp", "lamp_mount": "pole", "lamp_type": "led", "support": "pole"}, "geohash": "tuxnfwr4b"},{"type": "Feature", "geometry": {"type": "Point", "coordinates": [88.713039, 26.5337637]}, "properties": {"direction": "314", "highway": "street_lamp", "lamp_mount": "pole", "lamp_type": "led", "support": "pole"}, "geohash": "tuxnfwqf7"},{"type": "Feature", "geometry": {"type": "Point", "coordinates": [88.7128136, 26.5336745]}, "properties": {"direction": "347", "highway": "street_lamp", "lamp_mount": "pole", "lamp_type": "led", "support": "pole"}, "geohash": "tuxnfwq9y"},{"type": "Feature", "geometry": {"type": "Point", "coordinates": [88.7126142, 26.5336375]}, "properties": {"direction": "346", "highway": "street_lamp", "lamp_mount": "pole", "lamp_type": "led", "support": "pole"}, "geohash": "tuxnfwq99"},{"type": "Feature", "geometry": {"type": "Point", "coordinates": [88.7124977, 26.5336142]}, "properties": {"direction": "347", "highway": "street_lamp", "lamp_mount": "pole", "lamp_type": "led", "support": "pole"}, "geohash": "tuxnfwq3x"},{"type": "Feature", "geometry": {"type": "Point", "coordinates": [88.7123689, 26.5335908]}, "properties": {"direction": "347", "highway": "street_lamp", "lamp_mount": "pole", "lamp_type": "led", "support": "pole"}, "geohash": "tuxnfwq3k"},{"type": "Feature", "geometry": {"type": "Point", "coordinates": [88.7122983, 26.5335771]}, "properties": {"direction": "347", "highway": "street_lamp", "lamp_mount": "pole", "lamp_type": "led", "support": "pole"}, "geohash": "tuxnfwq36"},{"type": "Feature", "geometry": {"type": "Point", "coordinates": [88.712122, 26.5335428]}, "properties": {"direction": "348", "highway": "street_lamp", "lamp_mount": "pole", "lamp_type": "led", "support": "pole"}, "geohash": "tuxnfwq1n"},{"type": "Feature", "geometry": {"type": "Point", "coordinates": [88.7117869, 26.5335549]}, "properties": {"direction": "169", "highway": "street_lamp", "lamp_mount": "pole", "lamp_type": "led", "support": "pole"}, "geohash": "tuxnfwmcn"},{"type": "Feature", "geometry": {"type": "Point", "coordinates": [88.711642, 26.5335254]}, "properties": {"direction": "171", "highway": "street_lamp", "lamp_mount": "pole", "lamp_type": "led", "support": "pole"}, "geohash": "tuxnfwmbg"},{"type": "Feature", "geometry": {"type": "Point", "coordinates": [88.7114171, 26.5334948]}, "properties": {"direction": "170", "highway": "street_lamp", "lamp_mount": "pole", "lamp_type": "led", "support": "pole"}, "geohash": "tuxnfwm8v"},{"type": "Feature", "geometry": {"type": "Point", "coordinates": [88.7112239, 26.5334641]}, "properties": {"direction": "173", "highway": "street_lamp", "lamp_mount": "pole", "lamp_type": "led", "support": "pole"}, "geohash": "tuxnfwm89"},{"type": "Feature", "geometry": {"type": "Point", "coordinates": [88.710906, 26.5333679]}, "properties": {"direction": "357", "highway": "street_lamp", "lamp_mount": "pole", "lamp_type": "led", "support": "pole"}, "geohash": "tuxnfwm21"},{"type": "Feature", "geometry": {"type": "Point", "coordinates": [88.7107283, 26.533431]}, "properties": {"direction": "183", "highway": "street_lamp", "lamp_mount": "pole", "lamp_type": "led", "support": "pole"}, "geohash": "tuxnfwm0m"},{"type": "Feature", "geometry": {"type": "Point", "coordinates": [88.710498, 26.5334267]}, "properties": {"direction": "93", "highway": "street_lamp", "lamp_mount": "pole", "lamp_type": "led", "support": "pole"}, "geohash": "tuxnfwm02"},{"type": "Feature", "geometry": {"type": "Point", "coordinates": [88.7104489, 26.5332125]}, "properties": {"direction": "100", "highway": "street_lamp", "lamp_mount": "pole", "lamp_type": "led", "support": "pole"}, "geohash": "tuxnfwhzp"},{"type": "Feature", "geometry": {"type": "Point", "coordinates": [88.7104301, 26.5330918]}, "properties": {"direction": "191", "highway": "street_lamp", "lamp_mount": "pole", "lamp_type": "led", "support": "pole"}, "geohash": "tuxnfwhyq"},{"type": "Feature", "geometry": {"type": "Point", "coordinates": [88.7103688, 26.5328029]}, "properties": {"direction": "99", "highway": "street_lamp", "lamp_mount": "pole", "lamp_type": "led", "support": "pole"}, "geohash": "tuxnfwhuv"},{"type": "Feature", "geometry": {"type": "Point", "coordinates": [88.7103346, 26.5325972]}, "properties": {"direction": "98", "highway": "street_lamp", "lamp_mount": "pole", "lamp_type": "led", "support": "pole"}, "geohash": "tuxnfwhgs"},{"type": "Feature", "geometry": {"type": "Point", "coordinates": [88.7103208, 26.5325025]}, "properties": {"direction": "178", "highway": "street_lamp", "lamp_mount": "pole", "lamp_type": "led", "support": "pole"}, "geohash": "tuxnfwhgh"},{"type": "Feature", "geometry": {"type": "Point", "coordinates": [88.710259, 26.5322977]}, "properties": {"direction": "102", "highway": "street_lamp", "lamp_mount": "pole", "lamp_type": "led", "support": "pole"}, "geohash": "tuxnfwhcf"},{"type": "Feature", "geometry": {"type": "Point", "coordinates": [88.7101809, 26.5318733]}, "properties": {"direction": "81", "highway": "street_lamp", "lamp_mount": "pole", "lamp_type": "led", "support": "pole"}, "geohash": "tuxnftuz3"},{"type": "Feature", "geometry": {"type": "Point", "coordinates": [88.710433, 26.5318582]}, "properties": {"direction": "351", "highway": "street_lamp", "lamp_mount": "pole", "lamp_type": "led", "support": "pole"}, "geohash": "tuxnftuzq"},{"type": "Feature", "geometry": {"type": "Point", "coordinates": [88.7105854, 26.5318755]}, "properties": {"direction": "350", "highway": "street_lamp", "lamp_mount": "pole", "lamp_type": "led", "support": "pole"}, "geohash": "tuxnftvp6"},{"type": "Feature", "geometry": {"type": "Point", "coordinates": [88.7108469, 26.5319329]}, "properties": {"direction": "352", "highway": "street_lamp", "lamp_mount": "pole", "lamp_type": "led", "support": "pole"}, "geohash": "tuxnftvr8"},{"type": "Feature", "geometry": {"type": "Point", "coordinates": [88.7112847, 26.5319966]}, "properties": {"direction": "352", "highway": "street_lamp", "lamp_mount": "pole", "lamp_type": "led", "support": "pole"}, "geohash": "tuxnfwj84"},{"type": "Feature", "geometry": {"type": "Point", "coordinates": [88.7115942, 26.5320471]}, "properties": {"direction": "351", "highway": "street_lamp", "lamp_mount": "pole", "lamp_type": "led", "support": "pole"}, "geohash": "tuxnfwjb3"},{"type": "Feature", "geometry": {"type": "Point", "coordinates": [88.7154303, 26.5331259]}, "properties": {"direction": "221", "highway": "street_lamp", "lamp_mount": "pole", "lamp_type": "led", "support": "pole"}, "geohash": "tuxnfy0we"},{"type": "Feature", "geometry": {"type": "Point", "coordinates": [88.7120684, 26.5321087]}, "properties": {"direction": "351", "highway": "street_lamp", "lamp_mount": "pole", "lamp_type": "led", "support": "pole"}, "geohash": "tuxnfwn0t"},{"type": "Feature", "geometry": {"type": "Point", "coordinates": [88.7121465, 26.5321149]}, "properties": {"direction": "349", "highway": "street_lamp", "lamp_mount": "pole", "lamp_type": "led", "support": "pole"}, "geohash": "tuxnfwn0y"},{"type": "Feature", "geometry": {"type": "Point", "coordinates": [88.7122285, 26.5321274]}, "properties": {"direction": "350", "highway": "street_lamp", "lamp_mount": "pole", "lamp_type": "led", "support": "pole"}, "geohash": "tuxnfwn2b"},{"type": "Feature", "geometry": {"type": "Point", "coordinates": [88.7125326, 26.5321738]}, "properties": {"direction": "351", "highway": "street_lamp", "lamp_mount": "pole", "lamp_type": "led", "support": "pole"}, "geohash": "tuxnfwn3p"},{"type": "Feature", "geometry": {"type": "Point", "coordinates": [88.7126857, 26.5322015]}, "properties": {"direction": "350", "highway": "street_lamp", "lamp_mount": "pole", "lamp_type": "led", "support": "pole"}, "geohash": "tuxnfwn97"},{"type": "Feature", "geometry": {"type": "Point", "coordinates": [88.7129387, 26.532234]}, "properties": {"direction": "351", "highway": "street_lamp", "lamp_mount": "pole", "lamp_type": "led", "support": "pole"}, "geohash": "tuxnfwnc3"},{"type": "Feature", "geometry": {"type": "Point", "coordinates": [88.7131538, 26.5322624]}, "properties": {"direction": "351", "highway": "street_lamp", "lamp_mount": "pole", "lamp_type": "led", "support": "pole"}, "geohash": "tuxnfwncw"},{"type": "Feature", "geometry": {"type": "Point", "coordinates": [88.7134276, 26.532315]}, "properties": {"direction": "351", "highway": "street_lamp", "lamp_mount": "pole", "lamp_type": "led", "support": "pole"}, "geohash": "tuxnfwp1u"},{"type": "Feature", "geometry": {"type": "Point", "coordinates": [88.7137703, 26.5323565]}, "properties": {"direction": "351", "highway": "street_lamp", "lamp_mount": "pole", "lamp_type": "led", "support": "pole"}, "geohash": "tuxnfwp6h"},{"type": "Feature", "geometry": {"type": "Point", "coordinates": [88.7141873, 26.5324825]}, "properties": {"direction": "172", "highway": "street_lamp", "lamp_mount": "pole", "lamp_type": "sodium", "support": "pole"}, "geohash": "tuxnfwpdy"},{"type": "Feature", "geometry": {"type": "Point", "coordinates": [88.7144194, 26.5325198]}, "properties": {"direction": "173", "highway": "street_lamp", "lamp_mount": "pole", "lamp_type": "led", "support": "pole"}, "geohash": "tuxnfwpg5"},{"type": "Feature", "geometry": {"type": "Point", "coordinates": [88.7146729, 26.5325526]}, "properties": {"direction": "171", "highway": "street_lamp", "lamp_mount": "pole", "lamp_type": "led", "support": "pole"}, "geohash": "tuxnfy053"},{"type": "Feature", "geometry": {"type": "Point", "coordinates": [88.7149925, 26.5325867]}, "properties": {"direction": "172", "highway": "street_lamp", "lamp_mount": "pole", "lamp_type": "led", "support": "pole"}, "geohash": "tuxnfy079"},{"type": "Feature", "geometry": {"type": "Point", "coordinates": [88.7154701, 26.5326441]}, "properties": {"direction": "170", "highway": "street_lamp", "lamp_mount": "pole", "lamp_type": "led", "support": "pole"}, "geohash": "tuxnfy0eu"},{"type": "Feature", "geometry": {"type": "Point", "coordinates": [88.7157462, 26.5326278]}, "properties": {"direction": "262", "highway": "street_lamp", "lamp_mount": "pole", "lamp_type": "led", "support": "pole"}, "geohash": "tuxnfy0gf"},{"type": "Feature", "geometry": {"type": "Point", "coordinates": [88.7130725, 26.533218]}, "properties": {"direction": "345", "highway": "street_lamp", "lamp_mount": "pole", "lamp_type": "led", "support": "pole"}, "geohash": "tuxnfwnzh"},{"type": "Feature", "geometry": {"type": "Point", "coordinates": [88.7131512, 26.5332364]}, "properties": {"direction": "344", "highway": "street_lamp", "lamp_mount": "pole", "lamp_type": "led", "support": "pole"}, "geohash": "tuxnfwnzq"},{"type": "Feature", "geometry": {"type": "Point", "coordinates": [88.7134484, 26.5332998]}, "properties": {"direction": "345", "highway": "street_lamp", "lamp_mount": "pole", "lamp_type": "led", "support": "pole"}, "geohash": "tuxnfwppt"},{"type": "Feature", "geometry": {"type": "Point", "coordinates": [88.7135555, 26.5333772]}, "properties": {"direction": "165", "highway": "street_lamp", "lamp_mount": "pole", "lamp_type": "led", "support": "pole"}, "geohash": "tuxnfwr0p"},{"type": "Feature", "geometry": {"type": "Point", "coordinates": [88.7137898, 26.5334249]}, "properties": {"direction": "166", "highway": "street_lamp", "lamp_mount": "pole", "lamp_type": "led", "support": "pole"}, "geohash": "tuxnfwr2m"},{"type": "Feature", "geometry": {"type": "Point", "coordinates": [88.7141276, 26.5335018]}, "properties": {"direction": "165", "highway": "street_lamp", "lamp_mount": "pole", "lamp_type": "led", "support": "pole"}, "geohash": "tuxnfwr8v"},{"type": "Feature", "geometry": {"type": "Point", "coordinates": [88.7142293, 26.5335186]}, "properties": {"direction": "165", "highway": "street_lamp", "lamp_mount": "pole", "lamp_type": "led", "support": "pole"}, "geohash": "tuxnfwr8z"},{"type": "Feature", "geometry": {"type": "Point", "coordinates": [88.714363, 26.5335456]}, "properties": {"direction": "165", "highway": "street_lamp", "lamp_mount": "pole", "lamp_type": "led", "support": "pole"}, "geohash": "tuxnfwrc4"},{"type": "Feature", "geometry": {"type": "Point", "coordinates": [88.7145011, 26.5335771]}, "properties": {"direction": "163", "highway": "street_lamp", "lamp_mount": "pole", "lamp_type": "led", "support": "pole"}, "geohash": "tuxnfwrcm"},{"type": "Feature", "geometry": {"type": "Point", "coordinates": [88.7149097, 26.5336323]}, "properties": {"direction": "229", "highway": "street_lamp", "lamp_mount": "pole", "lamp_type": "led", "support": "pole"}, "geohash": "tuxnfy21x"},{"type": "Feature", "geometry": {"type": "Point", "coordinates": [88.7150979, 26.5334384]}, "properties": {"direction": "230", "highway": "street_lamp", "lamp_mount": "pole", "lamp_type": "led", "support": "pole"}, "geohash": "tuxnfy227"},{"type": "Feature", "geometry": {"type": "Point", "coordinates": [88.7152541, 26.5332792]}, "properties": {"direction": "227", "highway": "street_lamp", "lamp_mount": "pole", "lamp_type": "led", "support": "pole"}, "geohash": "tuxnfy0rx"},{"type": "Feature", "geometry": {"type": "Point", "coordinates": [88.7168443, 26.532]}, "properties": {"highway": "street_lamp", "lamp_mount": "pole", "lamp_type": "led", "support": "pole"}, "geohash": "tuxnfy18h"},{"type": "Feature", "geometry": {"type": "Point", "coordinates": [88.7156191, 26.5329846]}, "properties": {"direction": "219", "highway": "street_lamp", "lamp_mount": "pole", "lamp_type": "led", "support": "pole"}, "geohash": "tuxnfy0tz"},{"type": "Feature", "geometry": {"type": "Point", "coordinates": [88.7156906, 26.5329423]}, "properties": {"direction": "218", "highway": "street_lamp", "lamp_mount": "pole", "lamp_type": "led", "support": "pole"}, "geohash": "tuxnfy0v9"},{"type": "Feature", "geometry": {"type": "Point", "coordinates": [88.7162644, 26.5324506]}, "properties": {"direction": "39", "highway": "street_lamp", "lamp_mount": "pole", "lamp_type": "led", "support": "pole"}, "geohash": "tuxnfy14w"},{"type": "Feature", "geometry": {"type": "Point", "coordinates": [88.7165005, 26.5324256]}, "properties": {"direction": "134", "highway": "street_lamp", "lamp_mount": "pole", "lamp_type": "led", "support": "pole"}, "geohash": "tuxnfy16s"},{"type": "Feature", "geometry": {"type": "Point", "coordinates": [88.7164933, 26.5322642]}, "properties": {"direction": "133", "highway": "street_lamp", "lamp_mount": "pole", "lamp_type": "led", "support": "pole"}, "geohash": "tuxnfy13s"},{"type": "Feature", "geometry": {"type": "Point", "coordinates": [88.7166337, 26.5321743]}, "properties": {"direction": "41", "highway": "street_lamp", "lamp_mount": "pole", "lamp_type": "led", "support": "pole"}, "geohash": "tuxnfy13p"},{"type": "Feature", "geometry": {"type": "Point", "coordinates": [88.7272376, 26.514182]}, "properties": {"direction": "110", "highway": "street_lamp", "lamp_mount": "pole", "lamp_type": "led", "support": "pole"}, "geohash": "tuxng4c0q"},{"type": "Feature", "geometry": {"type": "Point", "coordinates": [88.7290913, 26.513493]}, "properties": {"direction": "205", "highway": "street_lamp", "lamp_mount": "pole", "lamp_type": "led", "support": "pole"}, "geohash": "tuxng4ds3"},{"type": "Feature", "geometry": {"type": "Point", "coordinates": [88.7287235, 26.5135984]}, "properties": {"direction": "37", "highway": "street_lamp", "lamp_mount": "pole", "lamp_type": "led", "support": "pole"}, "geohash": "tuxng4dkc"},{"type": "Feature", "geometry": {"type": "Point", "coordinates": [88.7285613, 26.514071]}, "properties": {"direction": "73", "highway": "street_lamp", "lamp_mount": "pole", "lamp_type": "led", "support": "pole"}, "geohash": "tuxng4dpt"},{"type": "Feature", "geometry": {"type": "Point", "coordinates": [88.7282762, 26.5140659]}, "properties": {"direction": "169", "highway": "street_lamp", "lamp_mount": "pole", "lamp_type": "led", "support": "pole"}, "geohash": "tuxng49zw"},{"type": "Feature", "geometry": {"type": "Point", "coordinates": [88.7281301, 26.514017]}, "properties": {"direction": "356", "highway": "street_lamp", "lamp_mount": "pole", "lamp_type": "led", "support": "pole"}, "geohash": "tuxng49z7"},{"type": "Feature", "geometry": {"type": "Point", "coordinates": [88.7279383, 26.5140373]}, "properties": {"direction": "92", "highway": "street_lamp", "lamp_mount": "pole", "lamp_type": "led", "support": "pole"}, "geohash": "tuxng49xq"},{"type": "Feature", "geometry": {"type": "Point", "coordinates": [88.7277608, 26.5137517]}, "properties": {"direction": "357", "highway": "street_lamp", "lamp_mount": "pole", "lamp_type": "led", "support": "pole"}, "geohash": "tuxng49tf"},{"type": "Feature", "geometry": {"type": "Point", "coordinates": [88.7275575, 26.513892]}, "properties": {"direction": "204", "highway": "street_lamp", "lamp_mount": "pole", "lamp_type": "led", "support": "pole"}, "geohash": "tuxng49qt"},{"type": "Feature", "geometry": {"type": "Point", "coordinates": [88.7274416, 26.5139381]}, "properties": {"direction": "205", "highway": "street_lamp", "lamp_mount": "pole", "lamp_type": "led", "support": "pole"}, "geohash": "tuxng49qg"},{"type": "Feature", "geometry": {"type": "Point", "coordinates": [88.7272569, 26.5140037]}, "properties": {"direction": "200", "highway": "street_lamp", "lamp_mount": "pole", "lamp_type": "led", "support": "pole"}, "geohash": "tuxng49pq"},{"type": "Feature", "geometry": {"type": "Point", "coordinates": [88.7291341, 26.5134202]}, "properties": {"direction": "23", "highway": "street_lamp", "lamp_mount": "pole", "lamp_type": "led", "support": "pole"}, "geohash": "tuxng4def"},{"type": "Feature", "geometry": {"type": "Point", "coordinates": [88.7270609, 26.5140032]}, "properties": {"direction": "286", "highway": "street_lamp", "lamp_mount": "pole", "lamp_type": "led", "support": "pole"}, "geohash": "tuxng49p6"},{"type": "Feature", "geometry": {"type": "Point", "coordinates": [88.7273763, 26.5137651]}, "properties": {"direction": "170", "highway": "street_lamp", "lamp_mount": "pole", "lamp_type": "led", "support": "pole"}, "geohash": "tuxng49mc"},{"type": "Feature", "geometry": {"type": "Point", "coordinates": [88.7270628, 26.5137198]}, "properties": {"direction": "33", "highway": "street_lamp", "lamp_mount": "pole", "lamp_type": "led", "support": "pole"}, "geohash": "tuxng49jd"},{"type": "Feature", "geometry": {"type": "Point", "coordinates": [88.7267064, 26.514147]}, "properties": {"direction": "109", "highway": "street_lamp", "lamp_mount": "pole", "lamp_type": "led", "support": "pole"}, "geohash": "tuxng4bb4"},{"type": "Feature", "geometry": {"type": "Point", "coordinates": [88.7267401, 26.5143469]}, "properties": {"direction": "266", "highway": "street_lamp", "lamp_mount": "pole", "lamp_type": "led", "support": "pole"}, "geohash": "tuxng4bc6"},{"type": "Feature", "geometry": {"type": "Point", "coordinates": [88.7269785, 26.5143721]}, "properties": {"direction": "169", "highway": "street_lamp", "lamp_mount": "pole", "lamp_type": "led", "support": "pole"}, "geohash": "tuxng4c12"},{"type": "Feature", "geometry": {"type": "Point", "coordinates": [88.7272869, 26.5144199]}, "properties": {"direction": "162", "highway": "street_lamp", "lamp_mount": "pole", "lamp_type": "led", "support": "pole"}, "geohash": "tuxng4c1x"},{"type": "Feature", "geometry": {"type": "Point", "coordinates": [88.7266806, 26.5148114]}, "properties": {"direction": "250", "highway": "street_lamp", "lamp_mount": "pole", "lamp_type": "led", "support": "pole"}, "geohash": "tuxng4bgc"},{"type": "Feature", "geometry": {"type": "Point", "coordinates": [88.7261811, 26.5149363]}, "properties": {"direction": "163", "highway": "street_lamp", "lamp_mount": "pole", "lamp_type": "led", "support": "pole"}, "geohash": "tuxng4bkt"},{"type": "Feature", "geometry": {"type": "Point", "coordinates": [88.7260959, 26.515117]}, "properties": {"direction": "225", "highway": "street_lamp", "lamp_mount": "pole", "lamp_type": "led", "support": "pole"}, "geohash": "tuxng4bmg"},{"type": "Feature", "geometry": {"type": "Point", "coordinates": [88.7266345, 26.5149881]}, "properties": {"direction": "252", "highway": "street_lamp", "lamp_mount": "pole", "lamp_type": "led", "support": "pole"}, "geohash": "tuxng4bv0"},{"type": "Feature", "geometry": {"type": "Point", "coordinates": [88.7267251, 26.5146148]}, "properties": {"direction": "255", "highway": "street_lamp", "lamp_mount": "pole", "lamp_type": "led", "support": "pole"}, "geohash": "tuxng4bff"},{"type": "Feature", "geometry": {"type": "Point", "coordinates": [88.7268994, 26.5146724]}, "properties": {"direction": "347", "highway": "street_lamp", "lamp_mount": "pole", "lamp_type": "led", "support": "pole"}, "geohash": "tuxng4bgn"},{"type": "Feature", "geometry": {"type": "Point", "coordinates": [88.7271212, 26.5147744]}, "properties": {"direction": "160", "highway": "street_lamp", "lamp_mount": "pole", "lamp_type": "led", "support": "pole"}, "geohash": "tuxng4c5g"},{"type": "Feature", "geometry": {"type": "Point", "coordinates": [88.7272218, 26.514805]}, "properties": {"direction": "160", "highway": "street_lamp", "lamp_mount": "pole", "lamp_type": "led", "support": "pole"}, "geohash": "tuxng4c5y"},{"type": "Feature", "geometry": {"type": "Point", "coordinates": [88.7267411, 26.5144296]}, "properties": {"direction": "264", "highway": "street_lamp", "lamp_mount": "pole", "lamp_type": "led", "support": "pole"}, "geohash": "tuxng4bcd"},{"type": "Feature", "geometry": {"type": "Point", "coordinates": [88.7263821, 26.5143312]}, "properties": {"direction": "153", "highway": "street_lamp", "lamp_mount": "pole", "lamp_type": "led", "support": "pole"}, "geohash": "tuxng4b94"},{"type": "Feature", "geometry": {"type": "Point", "coordinates": [88.7262843, 26.514631]}, "properties": {"direction": "40", "highway": "street_lamp", "lamp_mount": "pole", "lamp_type": "led", "support": "pole"}, "geohash": "tuxng4bdb"},{"type": "Feature", "geometry": {"type": "Point", "coordinates": [88.7259189, 26.5183179]}, "properties": {"direction": "83", "highway": "street_lamp", "lamp_mount": "pole", "lamp_type": "led", "support": "pole"}, "geohash": "tuxng580r"},{"type": "Feature", "geometry": {"type": "Point", "coordinates": [88.7269789, 26.5151008]}, "properties": {"direction": "340", "highway": "street_lamp", "lamp_mount": "pole", "lamp_type": "led", "support": "pole"}, "geohash": "tuxng4cj8"},{"type": "Feature", "geometry": {"type": "Point", "coordinates": [88.7274116, 26.5152624]}, "properties": {"direction": "162", "highway": "street_lamp", "lamp_mount": "pole", "lamp_type": "led", "support": "pole"}, "geohash": "tuxng4cqd"},{"type": "Feature", "geometry": {"type": "Point", "coordinates": [88.7273082, 26.5152309]}, "properties": {"direction": "162", "highway": "street_lamp", "lamp_mount": "pole", "lamp_type": "led", "support": "pole"}, "geohash": "tuxng4cq2"},{"type": "Feature", "geometry": {"type": "Point", "coordinates": [88.7265532, 26.5151719]}, "properties": {"direction": "244", "highway": "street_lamp", "lamp_mount": "pole", "lamp_type": "led", "support": "pole"}, "geohash": "tuxng4bwn"},{"type": "Feature", "geometry": {"type": "Point", "coordinates": [88.7264329, 26.5154246]}, "properties": {"direction": "244", "highway": "street_lamp", "lamp_mount": "pole", "lamp_type": "led", "support": "pole"}, "geohash": "tuxng4bxe"},{"type": "Feature", "geometry": {"type": "Point", "coordinates": [88.7259253, 26.5153885]}, "properties": {"direction": "342", "highway": "street_lamp", "lamp_mount": "pole", "lamp_type": "led", "support": "pole"}, "geohash": "tuxng4bpr"},{"type": "Feature", "geometry": {"type": "Point", "coordinates": [88.7262198, 26.5159038]}, "properties": {"direction": "247", "highway": "street_lamp", "lamp_mount": "pole", "lamp_type": "led", "support": "pole"}, "geohash": "tuxng506q"},{"type": "Feature", "geometry": {"type": "Point", "coordinates": [88.726218, 26.5163367]}, "properties": {"direction": "156", "highway": "street_lamp", "lamp_mount": "pole", "lamp_type": "led", "support": "pole"}, "geohash": "tuxng50ky"},{"type": "Feature", "geometry": {"type": "Point", "coordinates": [88.7276879, 26.5166265]}, "properties": {"direction": "264", "highway": "street_lamp", "lamp_mount": "pole", "lamp_type": "led", "support": "pole"}, "geohash": "tuxng51w8"},{"type": "Feature", "geometry": {"type": "Point", "coordinates": [88.7276667, 26.5168858]}, "properties": {"direction": "265", "highway": "street_lamp", "lamp_mount": "pole", "lamp_type": "led", "support": "pole"}, "geohash": "tuxng5380"},{"type": "Feature", "geometry": {"type": "Point", "coordinates": [88.7275827, 26.5170889]}, "properties": {"direction": "84", "highway": "street_lamp", "lamp_mount": "pole", "lamp_type": "led", "support": "pole"}, "geohash": "tuxng533n"},{"type": "Feature", "geometry": {"type": "Point", "coordinates": [88.7276322, 26.5173186]}, "properties": {"direction": "269", "highway": "street_lamp", "lamp_mount": "pole", "lamp_type": "led", "support": "pole"}, "geohash": "tuxng536x"},{"type": "Feature", "geometry": {"type": "Point", "coordinates": [88.7273741, 26.517349]}, "properties": {"direction": "186", "highway": "street_lamp", "lamp_mount": "pole", "lamp_type": "led", "support": "pole"}, "geohash": "tuxng536c"},{"type": "Feature", "geometry": {"type": "Point", "coordinates": [88.7275921, 26.5174519]}, "properties": {"direction": "98", "highway": "street_lamp", "lamp_mount": "pole", "lamp_type": "led", "support": "pole"}, "geohash": "tuxng537q"},{"type": "Feature", "geometry": {"type": "Point", "coordinates": [88.7276025, 26.517576]}, "properties": {"direction": "92", "highway": "street_lamp", "lamp_mount": "pole", "lamp_type": "led", "support": "pole"}, "geohash": "tuxng53kn"},{"type": "Feature", "geometry": {"type": "Point", "coordinates": [88.7273323, 26.5176599]}, "properties": {"direction": "192", "highway": "street_lamp", "lamp_mount": "pole", "lamp_type": "led", "support": "pole"}, "geohash": "tuxng53k8"},{"type": "Feature", "geometry": {"type": "Point", "coordinates": [88.7271183, 26.5176581]}, "properties": {"direction": "9", "highway": "street_lamp", "lamp_mount": "pole", "lamp_type": "led", "support": "pole"}, "geohash": "tuxng53he"},{"type": "Feature", "geometry": {"type": "Point", "coordinates": [88.7267955, 26.5176921]}, "properties": {"direction": "272", "highway": "street_lamp", "lamp_mount": "pole", "lamp_type": "led", "support": "pole"}, "geohash": "tuxng52uu"},{"type": "Feature", "geometry": {"type": "Point", "coordinates": [88.7264334, 26.5176956]}, "properties": {"direction": "354", "highway": "street_lamp", "lamp_mount": "pole", "lamp_type": "led", "support": "pole"}, "geohash": "tuxng52sg"},{"type": "Feature", "geometry": {"type": "Point", "coordinates": [88.7262848, 26.517677]}, "properties": {"direction": "351", "highway": "street_lamp", "lamp_mount": "pole", "lamp_type": "led", "support": "pole"}, "geohash": "tuxng52s8"},{"type": "Feature", "geometry": {"type": "Point", "coordinates": [88.7261035, 26.517649]}, "properties": {"direction": "349", "highway": "street_lamp", "lamp_mount": "pole", "lamp_type": "led", "support": "pole"}, "geohash": "tuxng52ks"},{"type": "Feature", "geometry": {"type": "Point", "coordinates": [88.725895, 26.5176049]}, "properties": {"highway": "street_lamp", "lamp_mount": "pole", "lamp_type": "led", "support": "pole"}, "geohash": "tuxng52hp"},{"type": "Feature", "geometry": {"type": "Point", "coordinates": [88.7269361, 26.5179226]}, "properties": {"direction": "303", "highway": "street_lamp", "lamp_mount": "pole", "lamp_type": "led", "support": "pole"}, "geohash": "tuxng52yp"},{"type": "Feature", "geometry": {"type": "Point", "coordinates": [88.7270082, 26.5181784]}, "properties": {"direction": "183", "highway": "street_lamp", "lamp_mount": "pole", "lamp_type": "led", "support": "pole"}, "geohash": "tuxng53p9"},{"type": "Feature", "geometry": {"type": "Point", "coordinates": [88.726974, 26.518547]}, "properties": {"direction": "91", "highway": "street_lamp", "lamp_mount": "pole", "lamp_type": "led", "support": "pole"}, "geohash": "tuxng5918"},{"type": "Feature", "geometry": {"type": "Point", "coordinates": [88.7267328, 26.5181335]}, "properties": {"direction": "2", "highway": "street_lamp", "lamp_mount": "pole", "lamp_type": "led", "support": "pole"}, "geohash": "tuxng52z6"},{"type": "Feature", "geometry": {"type": "Point", "coordinates": [88.7265621, 26.5181402]}, "properties": {"direction": "1", "highway": "street_lamp", "lamp_mount": "pole", "lamp_type": "led", "support": "pole"}, "geohash": "tuxng52xq"},{"type": "Feature", "geometry": {"type": "Point", "coordinates": [88.7263401, 26.518145]}, "properties": {"direction": "1", "highway": "street_lamp", "lamp_mount": "pole", "lamp_type": "led", "support": "pole"}, "geohash": "tuxng52x3"},{"type": "Feature", "geometry": {"type": "Point", "coordinates": [88.7261512, 26.5181564]}, "properties": {"direction": "4", "highway": "street_lamp", "lamp_mount": "pole", "lamp_type": "led", "support": "pole"}, "geohash": "tuxng52rm"},{"type": "Feature", "geometry": {"type": "Point", "coordinates": [88.7258745, 26.5185525]}, "properties": {"direction": "158", "highway": "street_lamp", "lamp_mount": "pole", "lamp_type": "led", "support": "pole"}, "geohash": "tuxng581y"},{"type": "Feature", "geometry": {"type": "Point", "coordinates": [88.7257178, 26.5184425]}, "properties": {"direction": "339", "highway": "street_lamp", "lamp_mount": "pole", "lamp_type": "led", "support": "pole"}, "geohash": "tuxng5815"},{"type": "Feature", "geometry": {"type": "Point", "coordinates": [88.7251782, 26.5193939]}, "properties": {"direction": "86", "highway": "street_lamp", "lamp_mount": "pole", "lamp_type": "led", "support": "pole"}, "geohash": "tuxnfgxww"},{"type": "Feature", "geometry": {"type": "Point", "coordinates": [88.7252383, 26.5198076]}, "properties": {"direction": "269", "highway": "street_lamp", "lamp_mount": "pole", "lamp_type": "led", "support": "pole"}, "geohash": "tuxnfgz9p"},{"type": "Feature", "geometry": {"type": "Point", "coordinates": [88.7252462, 26.5199961]}, "properties": {"direction": "270", "highway": "street_lamp", "lamp_mount": "pole", "lamp_type": "led", "support": "pole"}, "geohash": "tuxnfgzf0"},{"type": "Feature", "geometry": {"type": "Point", "coordinates": [88.7252521, 26.5202472]}, "properties": {"direction": "270", "highway": "street_lamp", "lamp_mount": "pole", "lamp_type": "led", "support": "pole"}, "geohash": "tuxnfgzg8"},{"type": "Feature", "geometry": {"type": "Point", "coordinates": [88.7252482, 26.5204656]}, "properties": {"direction": "270", "highway": "street_lamp", "lamp_mount": "pole", "lamp_type": "led", "support": "pole"}, "geohash": "tuxnfgzub"},{"type": "Feature", "geometry": {"type": "Point", "coordinates": [88.7252403, 26.5208426]}, "properties": {"direction": "269", "highway": "street_lamp", "lamp_mount": "pole", "lamp_type": "led", "support": "pole"}, "geohash": "tuxnfgzxp"},{"type": "Feature", "geometry": {"type": "Point", "coordinates": [88.7252354, 26.520988]}, "properties": {"direction": "270", "highway": "street_lamp", "lamp_mount": "pole", "lamp_type": "led", "support": "pole"}, "geohash": "tuxnfgzxz"},{"type": "Feature", "geometry": {"type": "Point", "coordinates": [88.7252344, 26.5212152]}, "properties": {"direction": "270", "highway": "street_lamp", "lamp_mount": "pole", "lamp_type": "led", "support": "pole"}, "geohash": "tuxnfup9r"},{"type": "Feature", "geometry": {"type": "Point", "coordinates": [88.7252393, 26.5213843]}, "properties": {"direction": "269", "highway": "street_lamp", "lamp_mount": "pole", "lamp_type": "led", "support": "pole"}, "geohash": "tuxnfupdr"},{"type": "Feature", "geometry": {"type": "Point", "coordinates": [88.7249877, 26.521792]}, "properties": {"direction": "181", "highway": "street_lamp", "lamp_mount": "pole", "lamp_type": "led", "support": "pole"}, "geohash": "tuxnfupsd"},{"type": "Feature", "geometry": {"type": "Point", "coordinates": [88.7259091, 26.522585]}, "properties": {"direction": "344", "highway": "street_lamp", "lamp_mount": "pole", "lamp_type": "led", "support": "pole"}, "geohash": "tuxngh21r"},{"type": "Feature", "geometry": {"type": "Point", "coordinates": [88.7260851, 26.5226562]}, "properties": {"direction": "339", "highway": "street_lamp", "lamp_mount": "pole", "lamp_type": "led", "support": "pole"}, "geohash": "tuxngh23e"},{"type": "Feature", "geometry": {"type": "Point", "coordinates": [88.7264616, 26.5227816]}, "properties": {"highway": "street_lamp", "lamp_mount": "pole", "lamp_type": "led", "support": "pole"}, "geohash": "tuxngh2dk"},{"type": "Feature", "geometry": {"type": "Point", "coordinates": [88.7268419, 26.5229046]}, "properties": {"direction": "339", "highway": "street_lamp", "lamp_mount": "pole", "lamp_type": "led", "support": "pole"}, "geohash": "tuxngh2gj"},{"type": "Feature", "geometry": {"type": "Point", "coordinates": [88.7270295, 26.5230253]}, "properties": {"direction": "161", "highway": "street_lamp", "lamp_mount": "pole", "lamp_type": "led", "support": "pole"}, "geohash": "tuxngh35c"},{"type": "Feature", "geometry": {"type": "Point", "coordinates": [88.7273399, 26.523113]}, "properties": {"direction": "344", "highway": "street_lamp", "lamp_mount": "pole", "lamp_type": "led", "support": "pole"}, "geohash": "tuxngh3k2"},{"type": "Feature", "geometry": {"type": "Point", "coordinates": [88.7272255, 26.5234333]}, "properties": {"direction": "168", "highway": "street_lamp", "lamp_mount": "pole", "lamp_type": "led", "support": "pole"}, "geohash": "tuxngh3nn"},{"type": "Feature", "geometry": {"type": "Point", "coordinates": [88.7270396, 26.5233692]}, "properties": {"direction": "341", "highway": "street_lamp", "lamp_mount": "pole", "lamp_type": "led", "support": "pole"}, "geohash": "tuxngh3jc"},{"type": "Feature", "geometry": {"type": "Point", "coordinates": [88.7270062, 26.5235357]}, "properties": {"direction": "266", "highway": "street_lamp", "lamp_mount": "pole", "lamp_type": "led", "support": "pole"}, "geohash": "tuxngh3nc"},{"type": "Feature", "geometry": {"type": "Point", "coordinates": [88.7274501, 26.5231177]}, "properties": {"direction": "165", "highway": "street_lamp", "lamp_mount": "pole", "lamp_type": "led", "support": "pole"}, "geohash": "tuxngh3k7"},{"type": "Feature", "geometry": {"type": "Point", "coordinates": [88.7276841, 26.5231655]}, "properties": {"direction": "169", "highway": "street_lamp", "lamp_mount": "pole", "lamp_type": "led", "support": "pole"}, "geohash": "tuxngh3s8"},{"type": "Feature", "geometry": {"type": "Point", "coordinates": [88.7280595, 26.5232784]}, "properties": {"direction": "239", "highway": "street_lamp", "lamp_mount": "pole", "lamp_type": "led", "support": "pole"}, "geohash": "tuxngh3v3"},{"type": "Feature", "geometry": {"type": "Point", "coordinates": [88.728153, 26.523263]}, "properties": {"direction": "172", "highway": "street_lamp", "lamp_mount": "pole", "lamp_type": "led", "support": "pole"}, "geohash": "tuxngh3v5"},{"type": "Feature", "geometry": {"type": "Point", "coordinates": [88.7283525, 26.5232105]}, "properties": {"direction": "353", "highway": "street_lamp", "lamp_mount": "pole", "lamp_type": "led", "support": "pole"}, "geohash": "tuxngh6hb"},{"type": "Feature", "geometry": {"type": "Point", "coordinates": [88.7287564, 26.523175]}, "properties": {"direction": "209", "highway": "street_lamp", "lamp_mount": "pole", "lamp_type": "led", "support": "pole"}, "geohash": "tuxngh6k9"},{"type": "Feature", "geometry": {"type": "Point", "coordinates": [88.7289359, 26.5230606]}, "properties": {"direction": "220", "highway": "street_lamp", "lamp_mount": "pole", "lamp_type": "led", "support": "pole"}, "geohash": "tuxngh6kn"},{"type": "Feature", "geometry": {"type": "Point", "coordinates": [88.7291409, 26.5229073]}, "properties": {"direction": "221", "highway": "street_lamp", "lamp_mount": "pole", "lamp_type": "led", "support": "pole"}, "geohash": "tuxngh6e4"},{"type": "Feature", "geometry": {"type": "Point", "coordinates": [88.7312118, 26.5128198]}, "properties": {"highway": "street_lamp", "lamp_mount": "pole", "lamp_type": "led", "support": "pole"}, "geohash": "tuxng4s07"},{"type": "Feature", "geometry": {"type": "Point", "coordinates": [88.7286412, 26.5216722]}, "properties": {"direction": "64", "highway": "street_lamp", "lamp_mount": "angled_mast", "lamp_type": "led", "support": "pole"}, "geohash": "tuxngh45z"},{"type": "Feature", "geometry": {"type": "Point", "coordinates": [88.7287118, 26.521534]}, "properties": {"direction": "68", "highway": "street_lamp", "lamp_mount": "angled_mast", "lamp_type": "led", "support": "pole"}, "geohash": "tuxngh470"},{"type": "Feature", "geometry": {"type": "Point", "coordinates": [88.7289266, 26.521081]}, "properties": {"direction": "69", "highway": "street_lamp", "lamp_mount": "angled_mast", "lamp_type": "led", "support": "pole"}, "geohash": "tuxngh42m"},{"type": "Feature", "geometry": {"type": "Point", "coordinates": [88.7291435, 26.520716]}, "properties": {"direction": "250", "highway": "street_lamp", "lamp_mount": "angled_mast", "lamp_type": "led", "support": "pole"}, "geohash": "tuxng5fw6"},{"type": "Feature", "geometry": {"type": "Point", "coordinates": [88.7293207, 26.5203424]}, "properties": {"direction": "245", "highway": "street_lamp", "lamp_mount": "angled_mast", "lamp_type": "led", "support": "pole"}, "geohash": "tuxng5fsp"},{"type": "Feature", "geometry": {"type": "Point", "coordinates": [88.7294854, 26.5200481]}, "properties": {"direction": "242", "highway": "street_lamp", "lamp_mount": "angled_mast", "lamp_type": "led", "support": "pole"}, "geohash": "tuxng5ff6"},{"type": "Feature", "geometry": {"type": "Point", "coordinates": [88.7296872, 26.5195813]}, "properties": {"direction": "261", "highway": "street_lamp", "lamp_mount": "pole", "lamp_type": "led", "support": "pole"}, "geohash": "tuxng5dzz"},{"type": "Feature", "geometry": {"type": "Point", "coordinates": [88.7305634, 26.5190912]}, "properties": {"direction": "205", "highway": "street_lamp", "lamp_mount": "pole", "lamp_type": "led", "support": "pole"}, "geohash": "tuxng5esg"},{"type": "Feature", "geometry": {"type": "Point", "coordinates": [88.7307586, 26.5190274]}, "properties": {"direction": "313", "highway": "street_lamp", "lamp_mount": "pole", "lamp_type": "led", "support": "pole"}, "geohash": "tuxng5eu8"},{"type": "Feature", "geometry": {"type": "Point", "coordinates": [88.7309909, 26.5192927]}, "properties": {"direction": "310", "highway": "street_lamp", "lamp_mount": "pole", "lamp_type": "led", "support": "pole"}, "geohash": "tuxng5eyj"},{"type": "Feature", "geometry": {"type": "Point", "coordinates": [88.7311405, 26.5194648]}, "properties": {"direction": "38", "highway": "street_lamp", "lamp_mount": "pole", "lamp_type": "led", "support": "pole"}, "geohash": "tuxng5sp1"},{"type": "Feature", "geometry": {"type": "Point", "coordinates": [88.7315039, 26.5192646]}, "properties": {"direction": "214", "highway": "street_lamp", "lamp_mount": "pole", "lamp_type": "led", "support": "pole"}, "geohash": "tuxng5smc"},{"type": "Feature", "geometry": {"type": "Point", "coordinates": [88.7310123, 26.5189063]}, "properties": {"direction": "205", "highway": "street_lamp", "lamp_mount": "pole", "lamp_type": "led", "support": "pole"}, "geohash": "tuxng5egy"},{"type": "Feature", "geometry": {"type": "Point", "coordinates": [88.7311833, 26.5188311]}, "properties": {"direction": "205", "highway": "street_lamp", "lamp_mount": "pole", "lamp_type": "led", "support": "pole"}, "geohash": "tuxng5s56"},{"type": "Feature", "geometry": {"type": "Point", "coordinates": [88.733729, 26.5174128]}, "properties": {"direction": "208", "highway": "street_lamp", "lamp_mount": "pole", "lamp_type": "led", "support": "pole"}, "geohash": "tuxng5mgj"},{"type": "Feature", "geometry": {"type": "Point", "coordinates": [88.734032, 26.5172596]}, "properties": {"direction": "210", "highway": "street_lamp", "lamp_mount": "pole", "lamp_type": "led", "support": "pole"}, "geohash": "tuxng5q4h"},{"type": "Feature", "geometry": {"type": "Point", "coordinates": [88.734484, 26.5170442]}, "properties": {"direction": "194", "highway": "street_lamp", "lamp_mount": "pole", "lamp_type": "led", "support": "pole"}, "geohash": "tuxng5q2z"},{"type": "Feature", "geometry": {"type": "Point", "coordinates": [88.7347699, 26.5169138]}, "properties": {"direction": "203", "highway": "street_lamp", "lamp_mount": "pole", "lamp_type": "led", "support": "pole"}, "geohash": "tuxng5q8n"},{"type": "Feature", "geometry": {"type": "Point", "coordinates": [88.7349235, 26.5168574]}, "properties": {"direction": "202", "highway": "street_lamp", "lamp_mount": "pole", "lamp_type": "led", "support": "pole"}, "geohash": "tuxng5nzc"},{"type": "Feature", "geometry": {"type": "Point", "coordinates": [88.7343471, 26.5166359]}, "properties": {"direction": "104", "highway": "street_lamp", "lamp_mount": "pole", "lamp_type": "led", "support": "pole"}, "geohash": "tuxng5nqs"},{"type": "Feature", "geometry": {"type": "Point", "coordinates": [88.734447, 26.5160832]}, "properties": {"direction": "259", "highway": "street_lamp", "lamp_mount": "pole", "lamp_type": "led", "support": "pole"}, "geohash": "tuxng5n7q"},{"type": "Feature", "geometry": {"type": "Point", "coordinates": [88.7343699, 26.5157484]}, "properties": {"direction": "284", "highway": "street_lamp", "lamp_mount": "pole", "lamp_type": "led", "support": "pole"}, "geohash": "tuxng5n3k"},{"type": "Feature", "geometry": {"type": "Point", "coordinates": [88.7342323, 26.515294]}, "properties": {"direction": "289", "highway": "street_lamp", "lamp_mount": "pole", "lamp_type": "led", "support": "pole"}, "geohash": "tuxng4yqc"},{"type": "Feature", "geometry": {"type": "Point", "coordinates": [88.7340742, 26.5147982]}, "properties": {"direction": "287", "highway": "street_lamp", "lamp_mount": "pole", "lamp_type": "led", "support": "pole"}, "geohash": "tuxng4y5v"},{"type": "Feature", "geometry": {"type": "Point", "coordinates": [88.7339096, 26.5143277]}, "properties": {"direction": "285", "highway": "street_lamp", "lamp_mount": "pole", "lamp_type": "led", "support": "pole"}, "geohash": "tuxng4y11"},{"type": "Feature", "geometry": {"type": "Point", "coordinates": [88.7337721, 26.5139043]}, "properties": {"direction": "287", "highway": "street_lamp", "lamp_mount": "pole", "lamp_type": "led", "support": "pole"}, "geohash": "tuxng4tyw"},{"type": "Feature", "geometry": {"type": "Point", "coordinates": [88.7336165, 26.5135304]}, "properties": {"direction": "106", "highway": "street_lamp", "lamp_mount": "pole", "lamp_type": "led", "support": "pole"}, "geohash": "tuxng4tue"},{"type": "Feature", "geometry": {"type": "Point", "coordinates": [88.7334391, 26.5129333]}, "properties": {"direction": "17", "highway": "street_lamp", "lamp_mount": "pole", "lamp_type": "led", "support": "pole"}, "geohash": "tuxng4t9n"},{"type": "Feature", "geometry": {"type": "Point", "coordinates": [88.7330121, 26.5127911]}, "properties": {"direction": "346", "highway": "street_lamp", "lamp_mount": "pole", "lamp_type": "led", "support": "pole"}, "geohash": "tuxng4t2j"},{"type": "Feature", "geometry": {"type": "Point", "coordinates": [88.7297398, 26.5180899]}, "properties": {"direction": "84", "highway": "street_lamp", "lamp_mount": "pole", "lamp_type": "led", "support": "pole"}, "geohash": "tuxng57p0"},{"type": "Feature", "geometry": {"type": "Point", "coordinates": [88.7297712, 26.5184431]}, "properties": {"direction": "265", "highway": "street_lamp", "lamp_mount": "pole", "lamp_type": "led", "support": "pole"}, "geohash": "tuxng5e11"},{"type": "Feature", "geometry": {"type": "Point", "coordinates": [88.7292862, 26.5194992]}, "properties": {"direction": "23", "highway": "street_lamp", "lamp_mount": "pole", "lamp_type": "led", "support": "pole"}, "geohash": "tuxng5dxq"},{"type": "Feature", "geometry": {"type": "Point", "coordinates": [88.728969, 26.5196176]}, "properties": {"direction": "23", "highway": "street_lamp", "lamp_mount": "pole", "lamp_type": "led", "support": "pole"}, "geohash": "tuxng5dry"},{"type": "Feature", "geometry": {"type": "Point", "coordinates": [88.7285298, 26.5197689]}, "properties": {"direction": "24", "highway": "street_lamp", "lamp_mount": "pole", "lamp_type": "led", "support": "pole"}, "geohash": "tuxng5f0u"},{"type": "Feature", "geometry": {"type": "Point", "coordinates": [88.7281816, 26.5198927]}, "properties": {"direction": "24", "highway": "street_lamp", "lamp_mount": "pole", "lamp_type": "led", "support": "pole"}, "geohash": "tuxng5ccs"},{"type": "Feature", "geometry": {"type": "Point", "coordinates": [88.7283168, 26.5189008]}, "properties": {"highway": "street_lamp", "lamp_mount": "pole", "lamp_type": "led", "support": "pole"}, "geohash": "tuxng59gz"},{"type": "Feature", "geometry": {"type": "Point", "coordinates": [88.7282762, 26.5188023]}, "properties": {"direction": "237", "highway": "street_lamp", "lamp_mount": "pole", "lamp_type": "led", "support": "pole"}, "geohash": "tuxng59gn"},{"type": "Feature", "geometry": {"type": "Point", "coordinates": [88.7284093, 26.5187167]}, "properties": {"highway": "street_lamp", "lamp_mount": "pole", "lamp_type": "led", "support": "pole"}, "geohash": "tuxng5d49"},{"type": "Feature", "geometry": {"type": "Point", "coordinates": [88.7286543, 26.5181732]}, "properties": {"highway": "street_lamp", "lamp_mount": "pole", "lamp_type": "led", "support": "pole"}, "geohash": "tuxng56px"},{"type": "Feature", "geometry": {"type": "Point", "coordinates": [88.7287801, 26.5178723]}, "properties": {"highway": "street_lamp", "lamp_mount": "pole", "lamp_type": "led", "support": "pole"}, "geohash": "tuxng56mf"},{"type": "Feature", "geometry": {"type": "Point", "coordinates": [88.7292711, 26.5168168]}, "properties": {"highway": "street_lamp", "lamp_mount": "pole", "lamp_type": "led", "support": "pole"}, "geohash": "tuxng54xt"},{"type": "Feature", "geometry": {"type": "Point", "coordinates": [88.7264374, 26.5244979]}, "properties": {"direction": "329", "highway": "street_lamp", "lamp_mount": "pole", "lamp_type": "led", "support": "pole"}, "geohash": "tuxngh8s7"},{"type": "Feature", "geometry": {"type": "Point", "coordinates": [88.7263579, 26.5242505]}, "properties": {"direction": "87", "highway": "street_lamp", "lamp_mount": "pole", "lamp_type": "led", "support": "pole"}, "geohash": "tuxngh8dc"},{"type": "Feature", "geometry": {"type": "Point", "coordinates": [88.7263788, 26.5239834]}, "properties": {"direction": "85", "highway": "street_lamp", "lamp_mount": "pole", "lamp_type": "led", "support": "pole"}, "geohash": "tuxngh896"},{"type": "Feature", "geometry": {"type": "Point", "coordinates": [88.7263962, 26.5238434]}, "properties": {"direction": "86", "highway": "street_lamp", "lamp_mount": "pole", "lamp_type": "led", "support": "pole"}, "geohash": "tuxngh88d"},{"type": "Feature", "geometry": {"type": "Point", "coordinates": [88.7264333, 26.5236115]}, "properties": {"direction": "88", "highway": "street_lamp", "lamp_mount": "pole", "lamp_type": "led", "support": "pole"}, "geohash": "tuxngh2x5"},{"type": "Feature", "geometry": {"type": "Point", "coordinates": [88.726442, 26.5233421]}, "properties": {"direction": "91", "highway": "street_lamp", "lamp_mount": "pole", "lamp_type": "led", "support": "pole"}, "geohash": "tuxngh2te"},{"type": "Feature", "geometry": {"type": "Point", "coordinates": [88.7264435, 26.5231657]}, "properties": {"direction": "90", "highway": "street_lamp", "lamp_mount": "pole", "lamp_type": "led", "support": "pole"}, "geohash": "tuxngh2se"},{"type": "Feature", "geometry": {"type": "Point", "coordinates": [88.7272537, 26.5212475]}, "properties": {"highway": "street_lamp", "lamp_mount": "pole", "lamp_type": "led", "support": "pole"}, "geohash": "tuxngh11q"},{"type": "Feature", "geometry": {"type": "Point", "coordinates": [88.7274262, 26.5208727]}, "properties": {"highway": "street_lamp", "lamp_mount": "pole", "lamp_type": "led", "support": "pole"}, "geohash": "tuxng5cr6"},{"type": "Feature", "geometry": {"type": "Point", "coordinates": [88.7270202, 26.5241226]}, "properties": {"direction": "221", "highway": "street_lamp", "lamp_mount": "pole", "lamp_type": "led", "support": "pole"}, "geohash": "tuxngh941"},{"type": "Feature", "geometry": {"type": "Point", "coordinates": [88.7256696, 26.5192896]}, "properties": {"direction": "260", "highway": "street_lamp", "lamp_mount": "pole", "lamp_type": "led", "support": "pole"}, "geohash": "tuxng58n1"},{"type": "Feature", "geometry": {"type": "Point", "coordinates": [88.7274777, 26.5180928]}, "properties": {"direction": "234", "highway": "street_lamp", "lamp_mount": "pole", "lamp_type": "sodium", "support": "pole"}, "geohash": "tuxng53rh"},{"type": "Feature", "geometry": {"type": "Point", "coordinates": [88.7274856, 26.5178629]}, "properties": {"direction": "49", "highway": "street_lamp", "lamp_mount": "pole", "lamp_type": "led", "support": "pole"}, "geohash": "tuxng53ms"},{"type": "Feature", "geometry": {"type": "Point", "coordinates": [88.7271134, 26.5209292]}, "properties": {"highway": "street_lamp", "lamp_mount": "pole", "lamp_type": "led", "support": "pole"}, "geohash": "tuxng5cpe"},{"type": "Feature", "geometry": {"type": "Point", "coordinates": [88.7269139, 26.52081]}, "properties": {"highway": "street_lamp", "lamp_mount": "pole", "lamp_type": "led", "support": "pole"}, "geohash": "tuxng5byy"},{"type": "Feature", "geometry": {"type": "Point", "coordinates": [88.7267531, 26.5207025]}, "properties": {"highway": "street_lamp", "lamp_mount": "pole", "lamp_type": "led", "support": "pole"}, "geohash": "tuxng5by7"},{"type": "Feature", "geometry": {"type": "Point", "coordinates": [88.7265419, 26.5205605]}, "properties": {"highway": "street_lamp", "lamp_mount": "pole", "lamp_type": "led", "support": "pole"}, "geohash": "tuxng5btq"},{"type": "Feature", "geometry": {"type": "Point", "coordinates": [88.7264315, 26.5205191]}, "properties": {"direction": "52", "highway": "street_lamp", "lamp_mount": "pole", "lamp_type": "led", "support": "pole"}, "geohash": "tuxng5bt5"},{"type": "Feature", "geometry": {"type": "Point", "coordinates": [88.7262341, 26.5202289]}, "properties": {"direction": "81", "highway": "street_lamp", "lamp_mount": "pole", "lamp_type": "led", "support": "pole"}, "geohash": "tuxng5b7x"},{"type": "Feature", "geometry": {"type": "Point", "coordinates": [88.7262031, 26.5203141]}, "properties": {"direction": "130", "highway": "street_lamp", "lamp_mount": "pole", "lamp_type": "led", "support": "pole"}, "geohash": "tuxng5bkn"},{"type": "Feature", "geometry": {"type": "Point", "coordinates": [88.7259546, 26.5200758]}, "properties": {"direction": "132", "highway": "street_lamp", "lamp_mount": "pole", "lamp_type": "led", "support": "pole"}, "geohash": "tuxng5b68"},{"type": "Feature", "geometry": {"type": "Point", "coordinates": [88.7258021, 26.5199294]}, "properties": {"direction": "130", "highway": "street_lamp", "lamp_mount": "pole", "lamp_type": "led", "support": "pole"}, "geohash": "tuxng5b1v"},{"type": "Feature", "geometry": {"type": "Point", "coordinates": [88.7255902, 26.5197207]}, "properties": {"direction": "130", "highway": "street_lamp", "lamp_mount": "pole", "lamp_type": "led", "support": "pole"}, "geohash": "tuxng5b08"},{"type": "Feature", "geometry": {"type": "Point", "coordinates": [88.7294773, 26.5154928]}, "properties": {"direction": "343", "highway": "street_lamp", "lamp_mount": "pole", "lamp_type": "led", "support": "pole"}, "geohash": "tuxng4fzf"},{"type": "Feature", "geometry": {"type": "Point", "coordinates": [88.7256813, 26.5191908]}, "properties": {"direction": "262", "highway": "street_lamp", "lamp_mount": "pole", "lamp_type": "led", "support": "pole"}, "geohash": "tuxng58j6"},{"type": "Feature", "geometry": {"type": "Point", "coordinates": [88.7256882, 26.5192402]}, "properties": {"direction": "84", "highway": "street_lamp", "lamp_mount": "pole", "lamp_type": "led", "support": "pole"}, "geohash": "tuxng58jf"},{"type": "Feature", "geometry": {"type": "Point", "coordinates": [88.7256558, 26.5189451]}, "properties": {"direction": "82", "highway": "street_lamp", "lamp_mount": "pole", "lamp_type": "led", "support": "pole"}, "geohash": "tuxng58h1"},{"type": "Feature", "geometry": {"type": "Point", "coordinates": [88.7258359, 26.5186375]}, "properties": {"direction": "246", "highway": "street_lamp", "lamp_mount": "pole", "lamp_type": "led", "support": "pole"}, "geohash": "tuxng584m"},{"type": "Feature", "geometry": {"type": "Point", "coordinates": [88.7266982, 26.5173532]}, "properties": {"direction": "92", "highway": "street_lamp", "lamp_mount": "pole", "lamp_type": "led", "support": "pole"}, "geohash": "tuxng52fc"},{"type": "Feature", "geometry": {"type": "Point", "coordinates": [88.7267019, 26.517229]}, "properties": {"direction": "178", "highway": "street_lamp", "lamp_mount": "pole", "lamp_type": "led", "support": "pole"}, "geohash": "tuxng52f4"},{"type": "Feature", "geometry": {"type": "Point", "coordinates": [88.7263179, 26.5171551]}, "properties": {"highway": "street_lamp", "lamp_mount": "pole", "lamp_type": "sodium", "support": "pole"}, "geohash": "tuxng5299"},{"type": "Feature", "geometry": {"type": "Point", "coordinates": [88.7261929, 26.5171003]}, "properties": {"direction": "347", "highway": "street_lamp", "lamp_mount": "pole", "lamp_type": "led", "support": "pole"}, "geohash": "tuxng523q"},{"type": "Feature", "geometry": {"type": "Point", "coordinates": [88.7272564, 26.5181523]}, "properties": {"direction": "187", "highway": "street_lamp", "lamp_mount": "pole", "lamp_type": "led", "support": "pole"}, "geohash": "tuxng53pq"},{"type": "Feature", "geometry": {"type": "Point", "coordinates": [88.72674, 26.5165851]}, "properties": {"direction": "82", "highway": "street_lamp", "lamp_mount": "pole", "lamp_type": "led", "support": "pole"}, "geohash": "tuxng50y6"},{"type": "Feature", "geometry": {"type": "Point", "coordinates": [88.7277542, 26.51628]}, "properties": {"direction": "82", "highway": "street_lamp", "lamp_mount": "pole", "lamp_type": "led", "support": "pole"}, "geohash": "tuxng51sd"},{"type": "Feature", "geometry": {"type": "Point", "coordinates": [88.7278034, 26.5160981]}, "properties": {"direction": "79", "highway": "street_lamp", "lamp_mount": "pole", "lamp_type": "led", "support": "pole"}, "geohash": "tuxng51e7"},{"type": "Feature", "geometry": {"type": "Point", "coordinates": [88.7281442, 26.5159221]}, "properties": {"direction": "174", "highway": "street_lamp", "lamp_mount": "pole", "lamp_type": "led", "support": "pole"}, "geohash": "tuxng51f7"},{"type": "Feature", "geometry": {"type": "Point", "coordinates": [88.7284133, 26.5155666]}, "properties": {"direction": "173", "highway": "street_lamp", "lamp_mount": "pole", "lamp_type": "led", "support": "pole"}, "geohash": "tuxng5403"},{"type": "Feature", "geometry": {"type": "Point", "coordinates": [88.7286476, 26.5155539]}, "properties": {"direction": "356", "highway": "street_lamp", "lamp_mount": "pole", "lamp_type": "led", "support": "pole"}, "geohash": "tuxng540r"},{"type": "Feature", "geometry": {"type": "Point", "coordinates": [88.7286183, 26.5157733]}, "properties": {"direction": "88", "highway": "street_lamp", "lamp_mount": "pole", "lamp_type": "led", "support": "pole"}, "geohash": "tuxng541w"},{"type": "Feature", "geometry": {"type": "Point", "coordinates": [88.7291227, 26.5156442]}, "properties": {"direction": "223", "highway": "street_lamp", "lamp_mount": "pole", "lamp_type": "led", "support": "pole"}, "geohash": "tuxng548f"},{"type": "Feature", "geometry": {"type": "Point", "coordinates": [88.7291877, 26.5154433]}, "properties": {"direction": "16", "highway": "street_lamp", "lamp_mount": "pole", "lamp_type": "led", "support": "pole"}, "geohash": "tuxng4fxe"},{"type": "Feature", "geometry": {"type": "Point", "coordinates": [88.7267082, 26.5169313]}, "properties": {"direction": "88", "highway": "street_lamp", "lamp_mount": "pole", "lamp_type": "led", "support": "pole"}, "geohash": "tuxng52b6"},{"type": "Feature", "geometry": {"type": "Point", "coordinates": [88.7270071, 26.5184043]}, "properties": {"direction": "273", "highway": "street_lamp", "lamp_mount": "pole", "lamp_type": "led", "support": "pole"}, "geohash": "tuxng590c"},{"type": "Feature", "geometry": {"type": "Point", "coordinates": [88.7278288, 26.5177835]}, "properties": {"direction": "173", "highway": "street_lamp", "lamp_mount": "pole", "lamp_type": "led", "support": "pole"}, "geohash": "tuxng53tk"},{"type": "Feature", "geometry": {"type": "Point", "coordinates": [88.7280508, 26.5178104]}, "properties": {"direction": "171", "highway": "street_lamp", "lamp_mount": "pole", "lamp_type": "led", "support": "pole"}, "geohash": "tuxng53v3"},{"type": "Feature", "geometry": {"type": "Point", "coordinates": [88.7287297, 26.5178488]}, "properties": {"direction": "159", "highway": "street_lamp", "lamp_mount": "pole", "lamp_type": "led", "support": "pole"}, "geohash": "tuxng56m9"},{"type": "Feature", "geometry": {"type": "Point", "coordinates": [88.7288809, 26.5176785]}, "properties": {"highway": "street_lamp", "lamp_mount": "pole", "lamp_type": "led", "support": "pole"}, "geohash": "tuxng56ks"},{"type": "Feature", "geometry": {"type": "Point", "coordinates": [88.7291239, 26.5171412]}, "properties": {"highway": "street_lamp", "lamp_mount": "pole", "lamp_type": "led", "support": "pole"}, "geohash": "tuxng569d"},{"type": "Feature", "geometry": {"type": "Point", "coordinates": [88.7191352, 26.5288274]}, "properties": {"direction": "118", "highway": "street_lamp", "lamp_mount": "pole", "lamp_type": "led", "support": "pole"}, "geohash": "tuxnfv7m9"},{"type": "Feature", "geometry": {"type": "Point", "coordinates": [88.720082, 26.5280952]}, "properties": {"direction": "353", "highway": "street_lamp", "lamp_mount": "pole", "lamp_type": "led", "support": "pole"}, "geohash": "tuxnfv7cr"},{"type": "Feature", "geometry": {"type": "Point", "coordinates": [88.7196866, 26.5280292]}, "properties": {"direction": "173", "highway": "street_lamp", "lamp_mount": "pole", "lamp_type": "led", "support": "pole"}, "geohash": "tuxnfv78y"},{"type": "Feature", "geometry": {"type": "Point", "coordinates": [88.719462, 26.5279497]}, "properties": {"direction": "351", "highway": "street_lamp", "lamp_mount": "pole", "lamp_type": "led", "support": "pole"}, "geohash": "tuxnfv789"},{"type": "Feature", "geometry": {"type": "Point", "coordinates": [88.7216825, 26.5268738]}, "properties": {"direction": "267", "highway": "street_lamp", "lamp_mount": "pole", "lamp_type": "led", "support": "pole"}, "geohash": "tuxnfvj4j"},{"type": "Feature", "geometry": {"type": "Point", "coordinates": [88.7198283, 26.5273373]}, "properties": {"direction": "349", "highway": "street_lamp", "lamp_mount": "pole", "lamp_type": "led", "support": "pole"}, "geohash": "tuxnfv5uc"},{"type": "Feature", "geometry": {"type": "Point", "coordinates": [88.7202079, 26.527413]}, "properties": {"direction": "349", "highway": "street_lamp", "lamp_mount": "pole", "lamp_type": "led", "support": "pole"}, "geohash": "tuxnfvhj6"},{"type": "Feature", "geometry": {"type": "Point", "coordinates": [88.720181, 26.5276517]}, "properties": {"direction": "266", "highway": "street_lamp", "lamp_mount": "pole", "lamp_type": "led", "support": "pole"}, "geohash": "tuxnfvhnf"},{"type": "Feature", "geometry": {"type": "Point", "coordinates": [88.7201499, 26.5278896]}, "properties": {"direction": "82", "highway": "street_lamp", "lamp_mount": "pole", "lamp_type": "led", "support": "pole"}, "geohash": "tuxnfvk01"},{"type": "Feature", "geometry": {"type": "Point", "coordinates": [88.720442, 26.5274593]}, "properties": {"direction": "351", "highway": "street_lamp", "lamp_mount": "pole", "lamp_type": "led", "support": "pole"}, "geohash": "tuxnfvhm8"},{"type": "Feature", "geometry": {"type": "Point", "coordinates": [88.720647, 26.5274775]}, "properties": {"direction": "352", "highway": "street_lamp", "lamp_mount": "pole", "lamp_type": "led", "support": "pole"}, "geohash": "tuxnfvhmu"},{"type": "Feature", "geometry": {"type": "Point", "coordinates": [88.7208228, 26.5275423]}, "properties": {"direction": "176", "highway": "street_lamp", "lamp_mount": "pole", "lamp_type": "led", "support": "pole"}, "geohash": "tuxnfvhw1"},{"type": "Feature", "geometry": {"type": "Point", "coordinates": [88.72105, 26.5275476]}, "properties": {"direction": "279", "highway": "street_lamp", "lamp_mount": "pole", "lamp_type": "led", "support": "pole"}, "geohash": "tuxnfvhwn"},{"type": "Feature", "geometry": {"type": "Point", "coordinates": [88.7211161, 26.527513]}, "properties": {"direction": "198", "highway": "street_lamp", "lamp_mount": "pole", "lamp_type": "led", "support": "pole"}, "geohash": "tuxnfvhtz"},{"type": "Feature", "geometry": {"type": "Point", "coordinates": [88.7212168, 26.527383]}, "properties": {"direction": "359", "highway": "street_lamp", "lamp_mount": "pole", "lamp_type": "led", "support": "pole"}, "geohash": "tuxnfvhv4"},{"type": "Feature", "geometry": {"type": "Point", "coordinates": [88.7216362, 26.527419]}, "properties": {"direction": "269", "highway": "street_lamp", "lamp_mount": "pole", "lamp_type": "led", "support": "pole"}, "geohash": "tuxnfvjj7"},{"type": "Feature", "geometry": {"type": "Point", "coordinates": [88.7196209, 26.527346]}, "properties": {"direction": "170", "highway": "street_lamp", "lamp_mount": "pole", "lamp_type": "led", "support": "pole"}, "geohash": "tuxnfv5sv"},{"type": "Feature", "geometry": {"type": "Point", "coordinates": [88.7216572, 26.5271314]}, "properties": {"direction": "266", "highway": "street_lamp", "lamp_mount": "pole", "lamp_type": "led", "support": "pole"}, "geohash": "tuxnfvj5s"},{"type": "Feature", "geometry": {"type": "Point", "coordinates": [88.7217098, 26.5266358]}, "properties": {"direction": "263", "highway": "street_lamp", "lamp_mount": "pole", "lamp_type": "led", "support": "pole"}, "geohash": "tuxnfvj0v"},{"type": "Feature", "geometry": {"type": "Point", "coordinates": [88.7217485, 26.5262757]}, "properties": {"direction": "265", "highway": "street_lamp", "lamp_mount": "pole", "lamp_type": "led", "support": "pole"}, "geohash": "tuxnfuvny"},{"type": "Feature", "geometry": {"type": "Point", "coordinates": [88.7217997, 26.5258188]}, "properties": {"direction": "264", "highway": "street_lamp", "lamp_mount": "pole", "lamp_type": "led", "support": "pole"}, "geohash": "tuxnfuvhp"},{"type": "Feature", "geometry": {"type": "Point", "coordinates": [88.7218223, 26.5255793]}, "properties": {"direction": "265", "highway": "street_lamp", "lamp_mount": "pole", "lamp_type": "led", "support": "pole"}, "geohash": "tuxnfuv68"},{"type": "Feature", "geometry": {"type": "Point", "coordinates": [88.7218484, 26.5253552]}, "properties": {"direction": "264", "highway": "street_lamp", "lamp_mount": "pole", "lamp_type": "led", "support": "pole"}, "geohash": "tuxnfuv32"},{"type": "Feature", "geometry": {"type": "Point", "coordinates": [88.7218678, 26.5252042]}, "properties": {"direction": "263", "highway": "street_lamp", "lamp_mount": "pole", "lamp_type": "led", "support": "pole"}, "geohash": "tuxnfuv29"},{"type": "Feature", "geometry": {"type": "Point", "coordinates": [88.7218835, 26.5250357]}, "properties": {"direction": "266", "highway": "street_lamp", "lamp_mount": "pole", "lamp_type": "led", "support": "pole"}, "geohash": "tuxnfutr9"},{"type": "Feature", "geometry": {"type": "Point", "coordinates": [88.7218991, 26.5248686]}, "properties": {"direction": "264", "highway": "street_lamp", "lamp_mount": "pole", "lamp_type": "led", "support": "pole"}, "geohash": "tuxnfutqd"},{"type": "Feature", "geometry": {"type": "Point", "coordinates": [88.7219428, 26.5245915]}, "properties": {"direction": "261", "highway": "street_lamp", "lamp_mount": "pole", "lamp_type": "led", "support": "pole"}, "geohash": "tuxnfutkg"},{"type": "Feature", "geometry": {"type": "Point", "coordinates": [88.7218502, 26.5245165]}, "properties": {"direction": "169", "highway": "street_lamp", "lamp_mount": "pole", "lamp_type": "led", "support": "pole"}, "geohash": "tuxnfutk8"},{"type": "Feature", "geometry": {"type": "Point", "coordinates": [88.7217816, 26.5244988]}, "properties": {"direction": "171", "highway": "street_lamp", "lamp_mount": "pole", "lamp_type": "led", "support": "pole"}, "geohash": "tuxnfuthr"},{"type": "Feature", "geometry": {"type": "Point", "coordinates": [88.7218672, 26.5242508]}, "properties": {"direction": "266", "highway": "street_lamp", "lamp_mount": "pole", "lamp_type": "led", "support": "pole"}, "geohash": "tuxnfut6c"},{"type": "Feature", "geometry": {"type": "Point", "coordinates": [88.7218148, 26.5241103]}, "properties": {"direction": "90", "highway": "street_lamp", "lamp_mount": "pole", "lamp_type": "led", "support": "pole"}, "geohash": "tuxnfut60"},{"type": "Feature", "geometry": {"type": "Point", "coordinates": [88.7217984, 26.5239272]}, "properties": {"direction": "95", "highway": "street_lamp", "lamp_mount": "pole", "lamp_type": "led", "support": "pole"}, "geohash": "tuxnfut1p"},{"type": "Feature", "geometry": {"type": "Point", "coordinates": [88.7217653, 26.5236898]}, "properties": {"direction": "95", "highway": "street_lamp", "lamp_mount": "pole", "lamp_type": "led", "support": "pole"}, "geohash": "tuxnfumpw"},{"type": "Feature", "geometry": {"type": "Point", "coordinates": [88.72176, 26.5235845]}, "properties": {"direction": "97", "highway": "street_lamp", "lamp_mount": "pole", "lamp_type": "led", "support": "pole"}, "geohash": "tuxnfumpn"},{"type": "Feature", "geometry": {"type": "Point", "coordinates": [88.7217547, 26.5233745]}, "properties": {"direction": "269", "highway": "street_lamp", "lamp_mount": "pole", "lamp_type": "led", "support": "pole"}, "geohash": "tuxnfumjy"},{"type": "Feature", "geometry": {"type": "Point", "coordinates": [88.7215974, 26.5229413]}, "properties": {"direction": "92", "highway": "street_lamp", "lamp_mount": "pole", "lamp_type": "led", "support": "pole"}, "geohash": "tuxnfum57"},{"type": "Feature", "geometry": {"type": "Point", "coordinates": [88.7213552, 26.5230191]}, "properties": {"direction": "181", "highway": "street_lamp", "lamp_mount": "pole", "lamp_type": "led", "support": "pole"}, "geohash": "tuxnfukgv"},{"type": "Feature", "geometry": {"type": "Point", "coordinates": [88.7218024, 26.5225729]}, "properties": {"direction": "354", "highway": "street_lamp", "lamp_mount": "pole", "lamp_type": "led", "support": "pole"}, "geohash": "tuxnfum1p"},{"type": "Feature", "geometry": {"type": "Point", "coordinates": [88.7218231, 26.522352]}, "properties": {"direction": "359", "highway": "street_lamp", "lamp_mount": "pole", "lamp_type": "led", "support": "pole"}, "geohash": "tuxnfujrb"},{"type": "Feature", "geometry": {"type": "Point", "coordinates": [88.7219203, 26.522639]}, "properties": {"direction": "178", "highway": "street_lamp", "lamp_mount": "pole", "lamp_type": "led", "support": "pole"}, "geohash": "tuxnfum3d"},{"type": "Feature", "geometry": {"type": "Point", "coordinates": [88.7220843, 26.5225887]}, "properties": {"direction": "358", "highway": "street_lamp", "lamp_mount": "pole", "lamp_type": "led", "support": "pole"}, "geohash": "tuxnfum3q"},{"type": "Feature", "geometry": {"type": "Point", "coordinates": [88.7222845, 26.5225355]}, "properties": {"direction": "358", "highway": "street_lamp", "lamp_mount": "pole", "lamp_type": "led", "support": "pole"}, "geohash": "tuxnfum8g"},{"type": "Feature", "geometry": {"type": "Point", "coordinates": [88.7224927, 26.5225911]}, "properties": {"direction": "178", "highway": "street_lamp", "lamp_mount": "pole", "lamp_type": "led", "support": "pole"}, "geohash": "tuxnfum9r"},{"type": "Feature", "geometry": {"type": "Point", "coordinates": [88.7255691, 26.5196025]}, "properties": {"direction": "216", "highway": "street_lamp", "lamp_mount": "pole", "lamp_type": "led", "support": "pole"}, "geohash": "tuxnfgxzz"},{"type": "Feature", "geometry": {"type": "Point", "coordinates": [88.7228389, 26.5225942]}, "properties": {"direction": "176", "highway": "street_lamp", "lamp_mount": "pole", "lamp_type": "led", "support": "pole"}, "geohash": "tuxnfumcr"},{"type": "Feature", "geometry": {"type": "Point", "coordinates": [88.7231151, 26.5225468]}, "properties": {"direction": "357", "highway": "street_lamp", "lamp_mount": "pole", "lamp_type": "led", "support": "pole"}, "geohash": "tuxnfuq1n"},{"type": "Feature", "geometry": {"type": "Point", "coordinates": [88.7232067, 26.52229]}, "properties": {"direction": "268", "highway": "street_lamp", "lamp_mount": "pole", "lamp_type": "led", "support": "pole"}, "geohash": "tuxnfunr8"},{"type": "Feature", "geometry": {"type": "Point", "coordinates": [88.7231383, 26.5221343]}, "properties": {"direction": "298", "highway": "street_lamp", "lamp_mount": "pole", "lamp_type": "led", "support": "pole"}, "geohash": "tuxnfunnw"},{"type": "Feature", "geometry": {"type": "Point", "coordinates": [88.7230515, 26.5219817]}, "properties": {"direction": "297", "highway": "street_lamp", "lamp_mount": "pole", "lamp_type": "led", "support": "pole"}, "geohash": "tuxnfunjs"},{"type": "Feature", "geometry": {"type": "Point", "coordinates": [88.7229832, 26.5218591]}, "properties": {"direction": "295", "highway": "street_lamp", "lamp_mount": "pole", "lamp_type": "led", "support": "pole"}, "geohash": "tuxnfunj5"},{"type": "Feature", "geometry": {"type": "Point", "coordinates": [88.7229189, 26.5217643]}, "properties": {"direction": "293", "highway": "street_lamp", "lamp_mount": "pole", "lamp_type": "led", "support": "pole"}, "geohash": "tuxnfunh3"},{"type": "Feature", "geometry": {"type": "Point", "coordinates": [88.7227644, 26.5215733]}, "properties": {"direction": "112", "highway": "street_lamp", "lamp_mount": "pole", "lamp_type": "led", "support": "pole"}, "geohash": "tuxnfujgq"},{"type": "Feature", "geometry": {"type": "Point", "coordinates": [88.7227395, 26.5213471]}, "properties": {"direction": "92", "highway": "street_lamp", "lamp_mount": "pole", "lamp_type": "led", "support": "pole"}, "geohash": "tuxnfujfj"},{"type": "Feature", "geometry": {"type": "Point", "coordinates": [88.7227477, 26.5211919]}, "properties": {"direction": "86", "highway": "street_lamp", "lamp_mount": "pole", "lamp_type": "led", "support": "pole"}, "geohash": "tuxnfujcj"},{"type": "Feature", "geometry": {"type": "Point", "coordinates": [88.7227612, 26.5210694]}, "properties": {"highway": "street_lamp", "lamp_mount": "pole", "lamp_type": "led", "support": "pole"}, "geohash": "tuxnfujbq"},{"type": "Feature", "geometry": {"type": "Point", "coordinates": [88.7228909, 26.520952]}, "properties": {"direction": "40", "highway": "street_lamp", "lamp_mount": "pole", "lamp_type": "led", "support": "pole"}, "geohash": "tuxnfgyp9"},{"type": "Feature", "geometry": {"type": "Point", "coordinates": [88.7230668, 26.5207803]}, "properties": {"direction": "139", "highway": "street_lamp", "lamp_mount": "pole", "lamp_type": "led", "support": "pole"}, "geohash": "tuxnfgynt"},{"type": "Feature", "geometry": {"type": "Point", "coordinates": [88.7228924, 26.5207172]}, "properties": {"direction": "162", "highway": "street_lamp", "lamp_mount": "pole", "lamp_type": "led", "support": "pole"}, "geohash": "tuxnfgyn3"},{"type": "Feature", "geometry": {"type": "Point", "coordinates": [88.7226623, 26.5205906]}, "properties": {"direction": "339", "highway": "street_lamp", "lamp_mount": "pole", "lamp_type": "led", "support": "pole"}, "geohash": "tuxnfgvve"},{"type": "Feature", "geometry": {"type": "Point", "coordinates": [88.7222783, 26.5204554]}, "properties": {"direction": "220", "highway": "street_lamp", "lamp_mount": "pole", "lamp_type": "led", "support": "pole"}, "geohash": "tuxnfgvsf"},{"type": "Feature", "geometry": {"type": "Point", "coordinates": [88.722665, 26.5202146]}, "properties": {"direction": "215", "highway": "street_lamp", "lamp_mount": "pole", "lamp_type": "led", "support": "pole"}, "geohash": "tuxnfgvg7"},{"type": "Feature", "geometry": {"type": "Point", "coordinates": [88.7228183, 26.5200271]}, "properties": {"direction": "35", "highway": "street_lamp", "lamp_mount": "pole", "lamp_type": "led", "support": "pole"}, "geohash": "tuxnfgvfr"},{"type": "Feature", "geometry": {"type": "Point", "coordinates": [88.7231119, 26.5198114]}, "properties": {"direction": "38", "highway": "street_lamp", "lamp_mount": "pole", "lamp_type": "led", "support": "pole"}, "geohash": "tuxnfgy1n"},{"type": "Feature", "geometry": {"type": "Point", "coordinates": [88.7231523, 26.5197692]}, "properties": {"direction": "40", "highway": "street_lamp", "lamp_mount": "pole", "lamp_type": "led", "support": "pole"}, "geohash": "tuxnfgy0z"},{"type": "Feature", "geometry": {"type": "Point", "coordinates": [88.7234033, 26.5195885]}, "properties": {"direction": "41", "highway": "street_lamp", "lamp_mount": "pole", "lamp_type": "led", "support": "pole"}, "geohash": "tuxnfgwrv"},{"type": "Feature", "geometry": {"type": "Point", "coordinates": [88.7237197, 26.5193201]}, "properties": {"direction": "39", "highway": "street_lamp", "lamp_mount": "pole", "lamp_type": "led", "support": "pole"}, "geohash": "tuxnfgwwh"},{"type": "Feature", "geometry": {"type": "Point", "coordinates": [88.7240195, 26.5191027]}, "properties": {"direction": "37", "highway": "street_lamp", "lamp_mount": "pole", "lamp_type": "led", "support": "pole"}, "geohash": "tuxnfgwug"},{"type": "Feature", "geometry": {"type": "Point", "coordinates": [88.7240805, 26.5190586]}, "properties": {"direction": "34", "highway": "street_lamp", "lamp_mount": "pole", "lamp_type": "led", "support": "pole"}, "geohash": "tuxnfgwus"},{"type": "Feature", "geometry": {"type": "Point", "coordinates": [88.7242731, 26.5189921]}, "properties": {"direction": "11", "highway": "street_lamp", "lamp_mount": "pole", "lamp_type": "led", "support": "pole"}, "geohash": "tuxnfgxh3"},{"type": "Feature", "geometry": {"type": "Point", "coordinates": [88.7247619, 26.5191227]}, "properties": {"direction": "257", "highway": "street_lamp", "lamp_mount": "pole", "lamp_type": "led", "support": "pole"}, "geohash": "tuxnfgxmh"},{"type": "Feature", "geometry": {"type": "Point", "coordinates": [88.7249343, 26.5190531]}, "properties": {"direction": "337", "highway": "street_lamp", "lamp_mount": "pole", "lamp_type": "led", "support": "pole"}, "geohash": "tuxnfgxs8"},{"type": "Feature", "geometry": {"type": "Point", "coordinates": [88.7251535, 26.5192085]}, "properties": {"direction": "312", "highway": "street_lamp", "lamp_mount": "pole", "lamp_type": "led", "support": "pole"}, "geohash": "tuxnfgxtt"},{"type": "Feature", "geometry": {"type": "Point", "coordinates": [88.7254174, 26.5194581]}, "properties": {"direction": "311", "highway": "street_lamp", "lamp_mount": "pole", "lamp_type": "led", "support": "pole"}, "geohash": "tuxnfgxzh"},{"type": "Feature", "geometry": {"type": "Point", "coordinates": [88.7226587, 26.522592]}, "properties": {"direction": "178", "highway": "street_lamp", "lamp_mount": "pole", "lamp_type": "led", "support": "pole"}, "geohash": "tuxnfumc7"},{"type": "Feature", "geometry": {"type": "Point", "coordinates": [88.720162, 26.5288286]}, "properties": {"highway": "street_lamp", "lamp_mount": "pole", "lamp_type": "led"}, "geohash": "tuxnfvkj9"},{"type": "Feature", "geometry": {"type": "Point", "coordinates": [88.7202434, 26.5288616]}, "properties": {"highway": "street_lamp", "lamp_mount": "pole", "lamp_type": "led"}, "geohash": "tuxnfvkjg"},{"type": "Feature", "geometry": {"type": "Point", "coordinates": [88.7195751, 26.528787]}, "properties": {"highway": "street_lamp", "lamp_mount": "pole", "lamp_type": "led"}, "geohash": "tuxnfv7t7"},{"type": "Feature", "geometry": {"type": "Point", "coordinates": [88.7199923, 26.5288326]}, "properties": {"highway": "street_lamp", "lamp_mount": "pole", "lamp_type": "led"}, "geohash": "tuxnfv7vt"},{"type": "Feature", "geometry": {"type": "Point", "coordinates": [88.7198705, 26.5288157]}, "properties": {"highway": "street_lamp", "lamp_mount": "pole", "lamp_type": "led"}, "geohash": "tuxnfv7vd"},{"type": "Feature", "geometry": {"type": "Point", "coordinates": [88.7201753, 26.5286366]}, "properties": {"highway": "street_lamp", "lamp_mount": "pole", "lamp_type": "led"}, "geohash": "tuxnfvkh9"},{"type": "Feature", "geometry": {"type": "Point", "coordinates": [88.7281061, 26.5164853]}, "properties": {"direction": "179", "highway": "street_lamp", "lamp_mount": "pole", "lamp_type": "led", "support": "pole"}, "geohash": "tuxng51vd"},{"type": "Feature", "geometry": {"type": "Point", "coordinates": [88.7284253, 26.5164972]}, "properties": {"direction": "178", "highway": "street_lamp", "lamp_mount": "pole", "lamp_type": "led", "support": "pole"}, "geohash": "tuxng54jf"},{"type": "Feature", "geometry": {"type": "Point", "coordinates": [88.7283602, 26.5167792]}, "properties": {"direction": "87", "highway": "street_lamp", "lamp_mount": "pole", "lamp_type": "led", "support": "pole"}, "geohash": "tuxng54p2"},{"type": "Feature", "geometry": {"type": "Point", "coordinates": [88.7284015, 26.5168764]}, "properties": {"direction": "267", "highway": "street_lamp", "lamp_mount": "pole", "lamp_type": "led", "support": "pole"}, "geohash": "tuxng5601"},{"type": "Feature", "geometry": {"type": "Point", "coordinates": [88.7289414, 26.5164981]}, "properties": {"direction": "180", "highway": "street_lamp", "lamp_mount": "pole", "lamp_type": "led", "support": "pole"}, "geohash": "tuxng54my"},{"type": "Feature", "geometry": {"type": "Point", "coordinates": [88.729144, 26.5161224]}, "properties": {"direction": "353", "highway": "street_lamp", "lamp_mount": "pole", "lamp_type": "led", "support": "pole"}, "geohash": "tuxng54ed"},{"type": "Feature", "geometry": {"type": "Point", "coordinates": [88.442105, 26.6872156]}, "properties": {"direction": "84", "highway": "street_lamp", "lamp_mount": "pole", "lamp_type": "led", "support": "pole"}, "geohash": "tuwzud386"},{"type": "Feature", "geometry": {"type": "Point", "coordinates": [88.4221566, 26.7157905]}, "properties": {"direction": "152", "highway": "street_lamp", "lamp_mount": "pole", "lamp_type": "led", "support": "pole"}, "geohash": "tuwzup7nc"},{"type": "Feature", "geometry": {"type": "Point", "coordinates": [88.4218768, 26.715658]}, "properties": {"direction": "154", "highway": "street_lamp", "lamp_mount": "pole", "lamp_type": "led", "support": "pole"}, "geohash": "tuwzup6vg"},{"type": "Feature", "geometry": {"type": "Point", "coordinates": [88.4216721, 26.7154911]}, "properties": {"direction": "336", "highway": "street_lamp", "lamp_mount": "pole", "lamp_type": "led", "support": "pole"}, "geohash": "tuwzup6tn"},{"type": "Feature", "geometry": {"type": "Point", "coordinates": [88.4214504, 26.7154652]}, "properties": {"direction": "162", "highway": "street_lamp", "lamp_mount": "pole", "lamp_type": "led", "support": "pole"}, "geohash": "tuwzup6sc"},{"type": "Feature", "geometry": {"type": "Point", "coordinates": [88.4211365, 26.7153599]}, "properties": {"direction": "164", "highway": "street_lamp", "lamp_mount": "pole", "lamp_type": "led", "support": "pole"}, "geohash": "tuwzup6k3"},{"type": "Feature", "geometry": {"type": "Point", "coordinates": [88.4207836, 26.7152755]}, "properties": {"direction": "161", "highway": "street_lamp", "lamp_mount": "pole", "lamp_type": "led", "support": "pole"}, "geohash": "tuwzup65c"},{"type": "Feature", "geometry": {"type": "Point", "coordinates": [88.4205162, 26.715108]}, "properties": {"direction": "340", "highway": "street_lamp", "lamp_mount": "pole", "lamp_type": "led", "support": "pole"}, "geohash": "tuwzup3fg"},{"type": "Feature", "geometry": {"type": "Point", "coordinates": [88.420355, 26.7150413]}, "properties": {"direction": "334", "highway": "street_lamp", "lamp_mount": "pole", "lamp_type": "led", "support": "pole"}, "geohash": "tuwzup3dr"},{"type": "Feature", "geometry": {"type": "Point", "coordinates": [88.4201911, 26.7149675]}, "properties": {"direction": "0", "highway": "street_lamp", "lamp_mount": "pole", "lamp_type": "led", "support": "pole"}, "geohash": "tuwzup39g"},{"type": "Feature", "geometry": {"type": "Point", "coordinates": [88.7289752, 26.5152769]}, "properties": {"direction": "353", "highway": "street_lamp", "lamp_mount": "pole", "lamp_type": "led", "support": "pole"}, "geohash": "tuxng4fqw"},{"type": "Feature", "geometry": {"type": "Point", "coordinates": [88.7291039, 26.5153072]}, "properties": {"direction": "179", "highway": "street_lamp", "lamp_mount": "pole", "lamp_type": "led", "support": "pole"}, "geohash": "tuxng4fwc"},{"type": "Feature", "geometry": {"type": "Point", "coordinates": [88.7291676, 26.5151689]}, "properties": {"direction": "344", "highway": "street_lamp", "lamp_mount": "pole", "lamp_type": "led", "support": "pole"}, "geohash": "tuxng4fw5"},{"type": "Feature", "geometry": {"type": "Point", "coordinates": [88.7294074, 26.5152316]}, "properties": {"direction": "344", "highway": "street_lamp", "lamp_mount": "pole", "lamp_type": "led", "support": "pole"}, "geohash": "tuxng4fy3"},{"type": "Feature", "geometry": {"type": "Point", "coordinates": [88.7294974, 26.5151187]}, "properties": {"direction": "259", "highway": "street_lamp", "lamp_mount": "pole", "lamp_type": "led", "support": "pole"}, "geohash": "tuxng4fvg"},{"type": "Feature", "geometry": {"type": "Point", "coordinates": [88.7294071, 26.5150897]}, "properties": {"direction": "349", "highway": "street_lamp", "lamp_mount": "pole", "lamp_type": "led", "support": "pole"}, "geohash": "tuxng4fv9"},{"type": "Feature", "geometry": {"type": "Point", "coordinates": [88.721632, 26.5277359]}, "properties": {"direction": "267", "highway": "street_lamp", "lamp_mount": "pole", "lamp_type": "led", "support": "pole"}, "geohash": "tuxnfvjp7"},{"type": "Feature", "geometry": {"type": "Point", "coordinates": [88.7210741, 26.5234962]}, "properties": {"direction": "349", "highway": "street_lamp", "lamp_mount": "pole", "lamp_type": "led", "support": "pole"}, "geohash": "tuxnfukww"},{"type": "Feature", "geometry": {"type": "Point", "coordinates": [88.7212354, 26.5236473]}, "properties": {"direction": "344", "highway": "street_lamp", "lamp_mount": "pole", "lamp_type": "led", "support": "pole"}, "geohash": "tuxnfukz6"},{"type": "Feature", "geometry": {"type": "Point", "coordinates": [88.7213708, 26.5237014]}, "properties": {"direction": "174", "highway": "street_lamp", "lamp_mount": "pole", "lamp_type": "led", "support": "pole"}, "geohash": "tuxnfukzv"},{"type": "Feature", "geometry": {"type": "Point", "coordinates": [88.7216273, 26.5237164]}, "properties": {"direction": "176", "highway": "street_lamp", "lamp_mount": "pole", "lamp_type": "led", "support": "pole"}, "geohash": "tuxnfumpg"},{"type": "Feature", "geometry": {"type": "Point", "coordinates": [88.7298889, 26.5152873]}, "properties": {"highway": "street_lamp", "lamp_mount": "pole", "lamp_type": "led", "support": "pole"}, "geohash": "tuxng4gns"},{"type": "Feature", "geometry": {"type": "Point", "coordinates": [88.7261572, 26.5132611]}, "properties": {"direction": "69", "highway": "street_lamp", "lamp_mount": "pole", "lamp_type": "led", "support": "pole"}, "geohash": "tuxng486v"},{"type": "Feature", "geometry": {"type": "Point", "coordinates": [88.7278308, 26.5251743]}, "properties": {"highway": "street_lamp", "lamp_mount": "pole", "lamp_type": "led"}, "geohash": "tuxnghc8k"},{"type": "Feature", "geometry": {"type": "Point", "coordinates": [88.7192745, 26.5184525]}, "properties": {"direction": "92", "highway": "street_lamp", "lamp_mount": "pole", "lamp_type": "led", "support": "pole"}, "geohash": "tuxnfge3h"},{"type": "Feature", "geometry": {"type": "Point", "coordinates": [88.7193187, 26.5176943]}, "properties": {"direction": "2", "highway": "street_lamp", "lamp_mount": "pole", "lamp_type": "led", "support": "pole"}, "geohash": "tuxnfg7kv"},{"type": "Feature", "geometry": {"type": "Point", "coordinates": [88.7193287, 26.5176953]}, "properties": {"direction": "0", "highway": "street_lamp", "lamp_mount": "pole", "lamp_type": "led", "support": "pole"}, "geohash": "tuxnfg7ky"},{"type": "Feature", "geometry": {"type": "Point", "coordinates": [88.7234022, 26.5246559]}, "properties": {"direction": "349", "highway": "street_lamp", "lamp_mount": "angled_mast", "lamp_type": "led", "support": "pole"}, "geohash": "tuxnfuwmm"},{"type": "Feature", "geometry": {"type": "Point", "coordinates": [88.7204031, 26.5243343]}, "properties": {"direction": "174", "highway": "street_lamp", "lamp_mount": "angled_mast", "lamp_type": "led", "support": "pole"}, "geohash": "tuxnfus5r"},{"type": "Feature", "geometry": {"type": "Point", "coordinates": [88.7205239, 26.5243395]}, "properties": {"direction": "173", "highway": "street_lamp", "lamp_mount": "angled_mast", "lamp_type": "led", "support": "pole"}, "geohash": "tuxnfus76"},{"type": "Feature", "geometry": {"type": "Point", "coordinates": [88.7206691, 26.5243575]}, "properties": {"direction": "172", "highway": "street_lamp", "lamp_mount": "angled_mast", "lamp_type": "led", "support": "pole"}, "geohash": "tuxnfus7t"},{"type": "Feature", "geometry": {"type": "Point", "coordinates": [88.7208488, 26.5243009]}, "properties": {"direction": "354", "highway": "street_lamp", "lamp_mount": "angled_mast", "lamp_type": "led", "support": "pole"}, "geohash": "tuxnfuse3"},{"type": "Feature", "geometry": {"type": "Point", "coordinates": [88.7211737, 26.5244102]}, "properties": {"direction": "171", "highway": "street_lamp", "lamp_mount": "angled_mast", "lamp_type": "led", "support": "pole"}, "geohash": "tuxnfusgc"},{"type": "Feature", "geometry": {"type": "Point", "coordinates": [88.7212628, 26.5243485]}, "properties": {"direction": "351", "highway": "street_lamp", "lamp_mount": "angled_mast", "lamp_type": "led", "support": "pole"}, "geohash": "tuxnfusge"},{"type": "Feature", "geometry": {"type": "Point", "coordinates": [88.721385, 26.5244372]}, "properties": {"direction": "171", "highway": "street_lamp", "lamp_mount": "angled_mast", "lamp_type": "led", "support": "pole"}, "geohash": "tuxnfusun"},{"type": "Feature", "geometry": {"type": "Point", "coordinates": [88.7215585, 26.524459]}, "properties": {"direction": "170", "highway": "street_lamp", "lamp_mount": "angled_mast", "lamp_type": "led", "support": "pole"}, "geohash": "tuxnfuth4"},{"type": "Feature", "geometry": {"type": "Point", "coordinates": [88.7220573, 26.5244604]}, "properties": {"direction": "351", "highway": "street_lamp", "lamp_mount": "angled_mast", "lamp_type": "led", "support": "pole"}, "geohash": "tuxnfutkj"},{"type": "Feature", "geometry": {"type": "Point", "coordinates": [88.7222449, 26.5245608]}, "properties": {"direction": "170", "highway": "street_lamp", "lamp_mount": "angled_mast", "lamp_type": "led", "support": "pole"}, "geohash": "tuxnfutsf"},{"type": "Feature", "geometry": {"type": "Point", "coordinates": [88.7225192, 26.5245965]}, "properties": {"direction": "172", "highway": "street_lamp", "lamp_mount": "angled_mast", "lamp_type": "led", "support": "pole"}, "geohash": "tuxnfutub"},{"type": "Feature", "geometry": {"type": "Point", "coordinates": [88.7228853, 26.5246424]}, "properties": {"direction": "173", "highway": "street_lamp", "lamp_mount": "angled_mast", "lamp_type": "led", "support": "pole"}, "geohash": "tuxnfuwj1"},{"type": "Feature", "geometry": {"type": "Point", "coordinates": [88.7229915, 26.5246592]}, "properties": {"direction": "172", "highway": "street_lamp", "lamp_mount": "angled_mast", "lamp_type": "led", "support": "pole"}, "geohash": "tuxnfuwj7"},{"type": "Feature", "geometry": {"type": "Point", "coordinates": [88.7233133, 26.5247132]}, "properties": {"direction": "172", "highway": "street_lamp", "lamp_mount": "angled_mast", "lamp_type": "led", "support": "pole"}, "geohash": "tuxnfuwme"},{"type": "Feature", "geometry": {"type": "Point", "coordinates": [88.7235122, 26.5247395]}, "properties": {"direction": "173", "highway": "street_lamp", "lamp_mount": "angled_mast", "lamp_type": "led", "support": "pole"}, "geohash": "tuxnfuwmz"},{"type": "Feature", "geometry": {"type": "Point", "coordinates": [88.7237322, 26.5247691]}, "properties": {"direction": "169", "highway": "street_lamp", "lamp_mount": "angled_mast", "lamp_type": "led", "support": "pole"}, "geohash": "tuxnfuwtu"},{"type": "Feature", "geometry": {"type": "Point", "coordinates": [88.7238985, 26.5248002]}, "properties": {"direction": "171", "highway": "street_lamp", "lamp_mount": "angled_mast", "lamp_type": "led", "support": "pole"}, "geohash": "tuxnfuwy0"},{"type": "Feature", "geometry": {"type": "Point", "coordinates": [88.7239472, 26.5247426]}, "properties": {"direction": "351", "highway": "street_lamp", "lamp_mount": "angled_mast", "lamp_type": "led", "support": "pole"}, "geohash": "tuxnfuwvc"},{"type": "Feature", "geometry": {"type": "Point", "coordinates": [88.7242043, 26.5248508]}, "properties": {"direction": "170", "highway": "street_lamp", "lamp_mount": "angled_mast", "lamp_type": "led", "support": "pole"}, "geohash": "tuxnfuwyr"},{"type": "Feature", "geometry": {"type": "Point", "coordinates": [88.7242743, 26.5247779]}, "properties": {"direction": "353", "highway": "street_lamp", "lamp_mount": "angled_mast", "lamp_type": "led", "support": "pole"}, "geohash": "tuxnfuxn1"},{"type": "Feature", "geometry": {"type": "Point", "coordinates": [88.724372, 26.5248773]}, "properties": {"direction": "177", "highway": "street_lamp", "lamp_mount": "angled_mast", "lamp_type": "led", "support": "pole"}, "geohash": "tuxnfuxne"},{"type": "Feature", "geometry": {"type": "Point", "coordinates": [88.7245538, 26.5248826]}, "properties": {"direction": "179", "highway": "street_lamp", "lamp_mount": "angled_mast", "lamp_type": "led", "support": "pole"}, "geohash": "tuxnfuxnx"},{"type": "Feature", "geometry": {"type": "Point", "coordinates": [88.724813, 26.5247991]}, "properties": {"direction": "2", "highway": "street_lamp", "lamp_mount": "angled_mast", "lamp_type": "led", "support": "pole"}, "geohash": "tuxnfuxqj"},{"type": "Feature", "geometry": {"type": "Point", "coordinates": [88.7250044, 26.5248453]}, "properties": {"direction": "187", "highway": "street_lamp", "lamp_mount": "angled_mast", "lamp_type": "led", "support": "pole"}, "geohash": "tuxnfuxw6"},{"type": "Feature", "geometry": {"type": "Point", "coordinates": [88.7250998, 26.5247077]}, "properties": {"direction": "358", "highway": "street_lamp", "lamp_mount": "angled_mast", "lamp_type": "led", "support": "pole"}, "geohash": "tuxnfuxts"},{"type": "Feature", "geometry": {"type": "Point", "coordinates": [88.7252184, 26.524768]}, "properties": {"direction": "176", "highway": "street_lamp", "lamp_mount": "angled_mast", "lamp_type": "led", "support": "pole"}, "geohash": "tuxnfuxtz"},{"type": "Feature", "geometry": {"type": "Point", "coordinates": [88.7278133, 26.5217995]}, "properties": {"direction": "261", "highway": "street_lamp", "lamp_mount": "angled_mast", "lamp_type": "led", "support": "pole"}, "geohash": "tuxngh1se"},{"type": "Feature", "geometry": {"type": "Point", "coordinates": [88.725453, 26.5246597]}, "properties": {"direction": "353", "highway": "street_lamp", "lamp_mount": "angled_mast", "lamp_type": "led", "support": "pole"}, "geohash": "tuxnfuxvk"},{"type": "Feature", "geometry": {"type": "Point", "coordinates": [88.7254827, 26.5247304]}, "properties": {"direction": "265", "highway": "street_lamp", "lamp_mount": "angled_mast", "lamp_type": "led", "support": "pole"}, "geohash": "tuxnfuxvv"},{"type": "Feature", "geometry": {"type": "Point", "coordinates": [88.725584, 26.5246941]}, "properties": {"direction": "357", "highway": "street_lamp", "lamp_mount": "angled_mast", "lamp_type": "led", "support": "pole"}, "geohash": "tuxnfuxvx"},{"type": "Feature", "geometry": {"type": "Point", "coordinates": [88.725681, 26.5247448]}, "properties": {"direction": "176", "highway": "street_lamp", "lamp_mount": "angled_mast", "lamp_type": "led", "support": "pole"}, "geohash": "tuxngh8jf"},{"type": "Feature", "geometry": {"type": "Point", "coordinates": [88.7267574, 26.5242592]}, "properties": {"direction": "44", "highway": "street_lamp", "lamp_mount": "angled_mast", "lamp_type": "led", "support": "pole"}, "geohash": "tuxngh8g5"},{"type": "Feature", "geometry": {"type": "Point", "coordinates": [88.7274407, 26.5238176]}, "properties": {"direction": "216", "highway": "street_lamp", "lamp_mount": "angled_mast", "lamp_type": "led", "support": "pole"}, "geohash": "tuxngh927"},{"type": "Feature", "geometry": {"type": "Point", "coordinates": [88.7278074, 26.5235379]}, "properties": {"direction": "219", "highway": "street_lamp", "lamp_mount": "angled_mast", "lamp_type": "led", "support": "pole"}, "geohash": "tuxngh3wg"},{"type": "Feature", "geometry": {"type": "Point", "coordinates": [88.728281, 26.5227953]}, "properties": {"direction": "258", "highway": "street_lamp", "lamp_mount": "angled_mast", "lamp_type": "led", "support": "pole"}, "geohash": "tuxngh3fq"},{"type": "Feature", "geometry": {"type": "Point", "coordinates": [88.7283348, 26.5226132]}, "properties": {"direction": "251", "highway": "street_lamp", "lamp_mount": "angled_mast", "lamp_type": "led", "support": "pole"}, "geohash": "tuxngh612"},{"type": "Feature", "geometry": {"type": "Point", "coordinates": [88.7283996, 26.5223423]}, "properties": {"direction": "259", "highway": "street_lamp", "lamp_mount": "angled_mast", "lamp_type": "led", "support": "pole"}, "geohash": "tuxngh4pc"},{"type": "Feature", "geometry": {"type": "Point", "coordinates": [88.7278492, 26.5222855]}, "properties": {"direction": "171", "highway": "street_lamp", "lamp_mount": "angled_mast", "lamp_type": "led", "support": "pole"}, "geohash": "tuxngh1xs"},{"type": "Feature", "geometry": {"type": "Point", "coordinates": [88.7277202, 26.5222676]}, "properties": {"direction": "172", "highway": "street_lamp", "lamp_mount": "angled_mast", "lamp_type": "led", "support": "pole"}, "geohash": "tuxngh1x3"},{"type": "Feature", "geometry": {"type": "Point", "coordinates": [88.7278007, 26.5218847]}, "properties": {"direction": "261", "highway": "street_lamp", "lamp_mount": "angled_mast", "lamp_type": "led", "support": "pole"}, "geohash": "tuxngh1t5"},{"type": "Feature", "geometry": {"type": "Point", "coordinates": [88.7254145, 26.5247441]}, "properties": {"direction": "89", "highway": "street_lamp", "lamp_mount": "angled_mast", "lamp_type": "led", "support": "pole"}, "geohash": "tuxnfuxvu"},{"type": "Feature", "geometry": {"type": "Point", "coordinates": [88.7172353, 26.5240823]}, "properties": {"highway": "street_lamp", "lamp_mount": "straight_mast", "lamp_type": "led", "support": "pole"}, "geohash": "tuxnfu9cv"},{"type": "Feature", "geometry": {"type": "Point", "coordinates": [88.7178786, 26.5241459]}, "properties": {"highway": "street_lamp", "lamp_mount": "straight_mast", "lamp_type": "led", "support": "pole"}, "geohash": "tuxnfud6k"},{"type": "Feature", "geometry": {"type": "Point", "coordinates": [88.7180153, 26.5241515]}, "properties": {"highway": "street_lamp", "lamp_mount": "straight_mast", "lamp_type": "led", "support": "pole"}, "geohash": "tuxnfud6r"},{"type": "Feature", "geometry": {"type": "Point", "coordinates": [88.7182804, 26.5241699]}, "properties": {"highway": "street_lamp", "lamp_mount": "straight_mast", "lamp_type": "led", "support": "pole"}, "geohash": "tuxnfuddm"},{"type": "Feature", "geometry": {"type": "Point", "coordinates": [88.718631, 26.5241916]}, "properties": {"highway": "street_lamp", "lamp_mount": "straight_mast", "lamp_type": "led", "support": "pole"}, "geohash": "tuxnfudft"},{"type": "Feature", "geometry": {"type": "Point", "coordinates": [88.7188076, 26.524202]}, "properties": {"highway": "street_lamp", "lamp_mount": "straight_mast", "lamp_type": "led", "support": "pole"}, "geohash": "tuxnfue4d"},{"type": "Feature", "geometry": {"type": "Point", "coordinates": [88.7189204, 26.5120446]}, "properties": {"direction": "343", "highway": "street_lamp", "lamp_mount": "angled_mast", "lamp_type": "led", "support": "pole"}, "geohash": "tuxnff75u"},{"type": "Feature", "geometry": {"type": "Point", "coordinates": [88.7188798, 26.5121586]}, "properties": {"direction": "83", "highway": "street_lamp", "lamp_mount": "angled_mast", "lamp_type": "led", "support": "pole"}, "geohash": "tuxnff7he"},{"type": "Feature", "geometry": {"type": "Point", "coordinates": [88.7191956, 26.5121662]}, "properties": {"direction": "355", "highway": "street_lamp", "lamp_mount": "angled_mast", "lamp_type": "led", "support": "pole"}, "geohash": "tuxnff7ke"},{"type": "Feature", "geometry": {"type": "Point", "coordinates": [88.7193926, 26.5121872]}, "properties": {"direction": "357", "highway": "street_lamp", "lamp_mount": "angled_mast", "lamp_type": "led", "support": "pole"}, "geohash": "tuxnff7kx"},{"type": "Feature", "geometry": {"type": "Point", "coordinates": [88.7195491, 26.5122044]}, "properties": {"direction": "0", "highway": "street_lamp", "lamp_mount": "angled_mast", "lamp_type": "led", "support": "pole"}, "geohash": "tuxnff7sg"},{"type": "Feature", "geometry": {"type": "Point", "coordinates": [88.7199822, 26.5122476]}, "properties": {"direction": "356", "highway": "street_lamp", "lamp_mount": "angled_mast", "lamp_type": "led", "support": "pole"}, "geohash": "tuxnff7vj"},{"type": "Feature", "geometry": {"type": "Point", "coordinates": [88.7200184, 26.5119772]}, "properties": {"direction": "356", "highway": "street_lamp", "lamp_mount": "angled_mast", "lamp_type": "led", "support": "pole"}, "geohash": "tuxnff7gq"},{"type": "Feature", "geometry": {"type": "Point", "coordinates": [88.7204338, 26.5122788]}, "properties": {"direction": "352", "highway": "street_lamp", "lamp_mount": "angled_mast", "lamp_type": "led", "support": "pole"}, "geohash": "tuxnffkjp"},{"type": "Feature", "geometry": {"type": "Point", "coordinates": [88.7205575, 26.5123399]}, "properties": {"direction": "176", "highway": "street_lamp", "lamp_mount": "angled_mast", "lamp_type": "led", "support": "pole"}, "geohash": "tuxnffkmd"},{"type": "Feature", "geometry": {"type": "Point", "coordinates": [88.7208256, 26.5123068]}, "properties": {"direction": "353", "highway": "street_lamp", "lamp_mount": "angled_mast", "lamp_type": "led", "support": "pole"}, "geohash": "tuxnffkt3"},{"type": "Feature", "geometry": {"type": "Point", "coordinates": [88.7211236, 26.5123342]}, "properties": {"direction": "355", "highway": "street_lamp", "lamp_mount": "angled_mast", "lamp_type": "led", "support": "pole"}, "geohash": "tuxnffkv8"},{"type": "Feature", "geometry": {"type": "Point", "coordinates": [88.7214172, 26.512404]}, "properties": {"direction": "176", "highway": "street_lamp", "lamp_mount": "angled_mast", "lamp_type": "led", "support": "pole"}, "geohash": "tuxnffkvy"},{"type": "Feature", "geometry": {"type": "Point", "coordinates": [88.7217166, 26.5124295]}, "properties": {"direction": "175", "highway": "street_lamp", "lamp_mount": "angled_mast", "lamp_type": "led", "support": "pole"}, "geohash": "tuxnffmnj"},{"type": "Feature", "geometry": {"type": "Point", "coordinates": [88.7220593, 26.5124585]}, "properties": {"direction": "173", "highway": "street_lamp", "lamp_mount": "angled_mast", "lamp_type": "led", "support": "pole"}, "geohash": "tuxnffmqm"},{"type": "Feature", "geometry": {"type": "Point", "coordinates": [88.7220241, 26.5126764]}, "properties": {"direction": "263", "highway": "street_lamp", "lamp_mount": "angled_mast", "lamp_type": "led", "support": "pole"}, "geohash": "tuxnffmrt"},{"type": "Feature", "geometry": {"type": "Point", "coordinates": [88.7219329, 26.5130556]}, "properties": {"direction": "176", "highway": "street_lamp", "lamp_mount": "angled_mast", "lamp_type": "led", "support": "pole"}, "geohash": "tuxnfft3d"},{"type": "Feature", "geometry": {"type": "Point", "coordinates": [88.7257599, 26.5161278]}, "properties": {"direction": "344", "highway": "street_lamp", "lamp_mount": "angled_mast", "lamp_type": "led", "support": "pole"}, "geohash": "tuxng505s"},{"type": "Feature", "geometry": {"type": "Point", "coordinates": [88.7222107, 26.5130911]}, "properties": {"direction": "174", "highway": "street_lamp", "lamp_mount": "angled_mast", "lamp_type": "led", "support": "pole"}, "geohash": "tuxnfft9c"},{"type": "Feature", "geometry": {"type": "Point", "coordinates": [88.7222672, 26.5130964]}, "properties": {"direction": "176", "highway": "street_lamp", "lamp_mount": "angled_mast", "lamp_type": "led", "support": "pole"}, "geohash": "tuxnfft9f"},{"type": "Feature", "geometry": {"type": "Point", "coordinates": [88.7226075, 26.5131412]}, "properties": {"direction": "171", "highway": "street_lamp", "lamp_mount": "angled_mast", "lamp_type": "led", "support": "pole"}, "geohash": "tuxnfftf4"},{"type": "Feature", "geometry": {"type": "Point", "coordinates": [88.7227843, 26.5131681]}, "properties": {"direction": "171", "highway": "street_lamp", "lamp_mount": "angled_mast", "lamp_type": "led", "support": "pole"}, "geohash": "tuxnfftfq"},{"type": "Feature", "geometry": {"type": "Point", "coordinates": [88.7230291, 26.5131958]}, "properties": {"direction": "171", "highway": "street_lamp", "lamp_mount": "angled_mast", "lamp_type": "led", "support": "pole"}, "geohash": "tuxnffw4s"},{"type": "Feature", "geometry": {"type": "Point", "coordinates": [88.723236, 26.5131705]}, "properties": {"direction": "252", "highway": "street_lamp", "lamp_mount": "angled_mast", "lamp_type": "led", "support": "pole"}, "geohash": "tuxnffw63"},{"type": "Feature", "geometry": {"type": "Point", "coordinates": [88.7233447, 26.5131721]}, "properties": {"direction": "352", "highway": "street_lamp", "lamp_mount": "angled_mast", "lamp_type": "led", "support": "pole"}, "geohash": "tuxnffw67"},{"type": "Feature", "geometry": {"type": "Point", "coordinates": [88.7236682, 26.5131974]}, "properties": {"direction": "353", "highway": "street_lamp", "lamp_mount": "angled_mast", "lamp_type": "led", "support": "pole"}, "geohash": "tuxnffwde"},{"type": "Feature", "geometry": {"type": "Point", "coordinates": [88.7239498, 26.5132092]}, "properties": {"direction": "355", "highway": "street_lamp", "lamp_mount": "angled_mast", "lamp_type": "led", "support": "pole"}, "geohash": "tuxnffwf9"},{"type": "Feature", "geometry": {"type": "Point", "coordinates": [88.7240991, 26.5132146]}, "properties": {"direction": "356", "highway": "street_lamp", "lamp_mount": "angled_mast", "lamp_type": "led", "support": "pole"}, "geohash": "tuxnffwft"},{"type": "Feature", "geometry": {"type": "Point", "coordinates": [88.7243682, 26.5132787]}, "properties": {"direction": "179", "highway": "street_lamp", "lamp_mount": "angled_mast", "lamp_type": "led", "support": "pole"}, "geohash": "tuxnffx55"},{"type": "Feature", "geometry": {"type": "Point", "coordinates": [88.7247197, 26.5132727]}, "properties": {"direction": "181", "highway": "street_lamp", "lamp_mount": "angled_mast", "lamp_type": "led", "support": "pole"}, "geohash": "tuxnffx75"},{"type": "Feature", "geometry": {"type": "Point", "coordinates": [88.7250966, 26.5132487]}, "properties": {"direction": "268", "highway": "street_lamp", "lamp_mount": "angled_mast", "lamp_type": "led", "support": "pole"}, "geohash": "tuxnffxdu"},{"type": "Feature", "geometry": {"type": "Point", "coordinates": [88.7256019, 26.516135]}, "properties": {"direction": "161", "highway": "street_lamp", "lamp_mount": "angled_mast", "lamp_type": "led", "support": "pole"}, "geohash": "tuxng5058"},{"type": "Feature", "geometry": {"type": "Point", "coordinates": [88.7251026, 26.5134524]}, "properties": {"direction": "355", "highway": "street_lamp", "lamp_mount": "angled_mast", "lamp_type": "led", "support": "pole"}, "geohash": "tuxnffxsh"},{"type": "Feature", "geometry": {"type": "Point", "coordinates": [88.7250979, 26.5136579]}, "properties": {"direction": "264", "highway": "street_lamp", "lamp_mount": "angled_mast", "lamp_type": "led", "support": "pole"}, "geohash": "tuxnffxtk"},{"type": "Feature", "geometry": {"type": "Point", "coordinates": [88.7250544, 26.5138454]}, "properties": {"direction": "153", "highway": "street_lamp", "lamp_mount": "angled_mast", "lamp_type": "led", "support": "pole"}, "geohash": "tuxnffxw7"},{"type": "Feature", "geometry": {"type": "Point", "coordinates": [88.7249245, 26.5140958]}, "properties": {"direction": "240", "highway": "street_lamp", "lamp_mount": "angled_mast", "lamp_type": "led", "support": "pole"}, "geohash": "tuxnffxxb"},{"type": "Feature", "geometry": {"type": "Point", "coordinates": [88.7248288, 26.5141281]}, "properties": {"direction": "61", "highway": "street_lamp", "lamp_mount": "angled_mast", "lamp_type": "led", "support": "pole"}, "geohash": "tuxnffxry"},{"type": "Feature", "geometry": {"type": "Point", "coordinates": [88.7247438, 26.5142773]}, "properties": {"direction": "62", "highway": "street_lamp", "lamp_mount": "angled_mast", "lamp_type": "led", "support": "pole"}, "geohash": "tuxnffz2u"},{"type": "Feature", "geometry": {"type": "Point", "coordinates": [88.7246554, 26.5144456]}, "properties": {"direction": "70", "highway": "street_lamp", "lamp_mount": "angled_mast", "lamp_type": "led", "support": "pole"}, "geohash": "tuxnffz3f"},{"type": "Feature", "geometry": {"type": "Point", "coordinates": [88.7246581, 26.5146074]}, "properties": {"direction": "256", "highway": "street_lamp", "lamp_mount": "angled_mast", "lamp_type": "led", "support": "pole"}, "geohash": "tuxnffz6f"},{"type": "Feature", "geometry": {"type": "Point", "coordinates": [88.7245629, 26.5147676]}, "properties": {"direction": "90", "highway": "street_lamp", "lamp_mount": "angled_mast", "lamp_type": "led", "support": "pole"}, "geohash": "tuxnffz78"},{"type": "Feature", "geometry": {"type": "Point", "coordinates": [88.7246446, 26.5151621]}, "properties": {"direction": "101", "highway": "street_lamp", "lamp_mount": "angled_mast", "lamp_type": "led", "support": "pole"}, "geohash": "tuxnffzq4"},{"type": "Feature", "geometry": {"type": "Point", "coordinates": [88.7246674, 26.5152927]}, "properties": {"direction": "98", "highway": "street_lamp", "lamp_mount": "angled_mast", "lamp_type": "led", "support": "pole"}, "geohash": "tuxnffzqf"},{"type": "Feature", "geometry": {"type": "Point", "coordinates": [88.7246627, 26.5153592]}, "properties": {"direction": "213", "highway": "street_lamp", "lamp_mount": "angled_mast", "lamp_type": "led", "support": "pole"}, "geohash": "tuxnffzr4"},{"type": "Feature", "geometry": {"type": "Point", "coordinates": [88.7247638, 26.5155107]}, "properties": {"direction": "277", "highway": "street_lamp", "lamp_mount": "angled_mast", "lamp_type": "led", "support": "pole"}, "geohash": "tuxnfgp2h"},{"type": "Feature", "geometry": {"type": "Point", "coordinates": [88.7320771, 26.5213189]}, "properties": {"highway": "street_lamp", "lamp_mount": "pole", "lamp_type": "led", "support": "pole"}, "geohash": "tuxnghh9z"},{"type": "Feature", "geometry": {"type": "Point", "coordinates": [88.7318091, 26.5215897]}, "properties": {"direction": "49", "highway": "street_lamp", "lamp_mount": "pole", "lamp_type": "led", "support": "pole"}, "geohash": "tuxnghhe3"},{"type": "Feature", "geometry": {"type": "Point", "coordinates": [88.7314259, 26.5219621]}, "properties": {"direction": "50", "highway": "street_lamp", "lamp_mount": "pole", "lamp_type": "led", "support": "pole"}, "geohash": "tuxnghhm8"},{"type": "Feature", "geometry": {"type": "Point", "coordinates": [88.7312707, 26.5221232]}, "properties": {"direction": "46", "highway": "street_lamp", "lamp_mount": "pole", "lamp_type": "led", "support": "pole"}, "geohash": "tuxnghhns"},{"type": "Feature", "geometry": {"type": "Point", "coordinates": [88.731181, 26.5222121]}, "properties": {"direction": "48", "highway": "street_lamp", "lamp_mount": "pole", "lamp_type": "led", "support": "pole"}, "geohash": "tuxnghhp4"},{"type": "Feature", "geometry": {"type": "Point", "coordinates": [88.7310872, 26.5223053]}, "properties": {"direction": "46", "highway": "street_lamp", "lamp_mount": "pole", "lamp_type": "led", "support": "pole"}, "geohash": "tuxnghhp8"},{"type": "Feature", "geometry": {"type": "Point", "coordinates": [88.7310127, 26.5223843]}, "properties": {"direction": "51", "highway": "street_lamp", "lamp_mount": "pole", "lamp_type": "led", "support": "pole"}, "geohash": "tuxngh7bn"},{"type": "Feature", "geometry": {"type": "Point", "coordinates": [88.7309499, 26.5224429]}, "properties": {"direction": "54", "highway": "street_lamp", "lamp_mount": "pole", "lamp_type": "led", "support": "pole"}, "geohash": "tuxngh7bk"},{"type": "Feature", "geometry": {"type": "Point", "coordinates": [88.730892, 26.5224954]}, "properties": {"direction": "45", "highway": "street_lamp", "lamp_mount": "pole", "lamp_type": "led", "support": "pole"}, "geohash": "tuxngh7be"},{"type": "Feature", "geometry": {"type": "Point", "coordinates": [88.7308473, 26.5225468]}, "properties": {"direction": "44", "highway": "street_lamp", "lamp_mount": "pole", "lamp_type": "led", "support": "pole"}, "geohash": "tuxngh7c4"},{"type": "Feature", "geometry": {"type": "Point", "coordinates": [88.730799, 26.5225887]}, "properties": {"direction": "51", "highway": "street_lamp", "lamp_mount": "pole", "lamp_type": "led", "support": "pole"}, "geohash": "tuxngh7c3"},{"type": "Feature", "geometry": {"type": "Point", "coordinates": [88.7307355, 26.5226474]}, "properties": {"direction": "54", "highway": "street_lamp", "lamp_mount": "pole", "lamp_type": "led", "support": "pole"}, "geohash": "tuxngh79x"},{"type": "Feature", "geometry": {"type": "Point", "coordinates": [88.7306707, 26.5227011]}, "properties": {"direction": "49", "highway": "street_lamp", "lamp_mount": "pole", "lamp_type": "led", "support": "pole"}, "geohash": "tuxngh79y"},{"type": "Feature", "geometry": {"type": "Point", "coordinates": [88.730512, 26.5228556]}, "properties": {"direction": "49", "highway": "street_lamp", "lamp_mount": "pole", "lamp_type": "led", "support": "pole"}, "geohash": "tuxngh7df"},{"type": "Feature", "geometry": {"type": "Point", "coordinates": [88.7304595, 26.5229029]}, "properties": {"direction": "46", "highway": "street_lamp", "lamp_mount": "pole", "lamp_type": "led", "support": "pole"}, "geohash": "tuxngh7e1"},{"type": "Feature", "geometry": {"type": "Point", "coordinates": [88.7300431, 26.5233159]}, "properties": {"direction": "50", "highway": "street_lamp", "lamp_mount": "pole", "lamp_type": "led", "support": "pole"}, "geohash": "tuxngh7jx"},{"type": "Feature", "geometry": {"type": "Point", "coordinates": [88.7301219, 26.5232343]}, "properties": {"direction": "49", "highway": "street_lamp", "lamp_mount": "pole", "lamp_type": "led", "support": "pole"}, "geohash": "tuxngh7m1"},{"type": "Feature", "geometry": {"type": "Point", "coordinates": [88.7302183, 26.5231385]}, "properties": {"direction": "51", "highway": "street_lamp", "lamp_mount": "pole", "lamp_type": "led", "support": "pole"}, "geohash": "tuxngh7k7"},{"type": "Feature", "geometry": {"type": "Point", "coordinates": [88.7303204, 26.5230401]}, "properties": {"direction": "49", "highway": "street_lamp", "lamp_mount": "pole", "lamp_type": "led", "support": "pole"}, "geohash": "tuxngh77y"},{"type": "Feature", "geometry": {"type": "Point", "coordinates": [88.724397, 26.5147598]}, "properties": {"direction": "359", "highway": "street_lamp", "lamp_mount": "angled_mast", "lamp_type": "led", "support": "pole"}, "geohash": "tuxnffz5s"},{"type": "Feature", "geometry": {"type": "Point", "coordinates": [88.724048, 26.5147519]}, "properties": {"direction": "358", "highway": "street_lamp", "lamp_mount": "angled_mast", "lamp_type": "led", "support": "pole"}, "geohash": "tuxnffygs"},{"type": "Feature", "geometry": {"type": "Point", "coordinates": [88.7242265, 26.5147581]}, "properties": {"direction": "358", "highway": "street_lamp", "lamp_mount": "angled_mast", "lamp_type": "led", "support": "pole"}, "geohash": "tuxnffz58"},{"type": "Feature", "geometry": {"type": "Point", "coordinates": [88.7239115, 26.5147567]}, "properties": {"direction": "355", "highway": "street_lamp", "lamp_mount": "angled_mast", "lamp_type": "led", "support": "pole"}, "geohash": "tuxnffyg8"},{"type": "Feature", "geometry": {"type": "Point", "coordinates": [88.7238518, 26.5147985]}, "properties": {"direction": "88", "highway": "street_lamp", "lamp_mount": "angled_mast", "lamp_type": "led", "support": "pole"}, "geohash": "tuxnffyez"},{"type": "Feature", "geometry": {"type": "Point", "coordinates": [88.7237552, 26.5147389]}, "properties": {"direction": "260", "highway": "street_lamp", "lamp_mount": "angled_mast", "lamp_type": "led", "support": "pole"}, "geohash": "tuxnffyet"},{"type": "Feature", "geometry": {"type": "Point", "coordinates": [88.7236548, 26.5147814]}, "properties": {"direction": "175", "highway": "street_lamp", "lamp_mount": "angled_mast", "lamp_type": "led", "support": "pole"}, "geohash": "tuxnffyeg"},{"type": "Feature", "geometry": {"type": "Point", "coordinates": [88.7234019, 26.5146298]}, "properties": {"direction": "345", "highway": "street_lamp", "lamp_mount": "angled_mast", "lamp_type": "led", "support": "pole"}, "geohash": "tuxnffy6v"},{"type": "Feature", "geometry": {"type": "Point", "coordinates": [88.7231191, 26.5145777]}, "properties": {"direction": "353", "highway": "street_lamp", "lamp_mount": "angled_mast", "lamp_type": "led", "support": "pole"}, "geohash": "tuxnffy4w"},{"type": "Feature", "geometry": {"type": "Point", "coordinates": [88.7229115, 26.5145517]}, "properties": {"direction": "350", "highway": "street_lamp", "lamp_mount": "angled_mast", "lamp_type": "led", "support": "pole"}, "geohash": "tuxnffy43"},{"type": "Feature", "geometry": {"type": "Point", "coordinates": [88.7225643, 26.5145647]}, "properties": {"direction": "176", "highway": "street_lamp", "lamp_mount": "angled_mast", "lamp_type": "led", "support": "pole"}, "geohash": "tuxnffvf9"},{"type": "Feature", "geometry": {"type": "Point", "coordinates": [88.7172257, 26.5113937]}, "properties": {"direction": "352", "highway": "street_lamp", "lamp_mount": "angled_mast", "lamp_type": "led", "support": "pole"}, "geohash": "tuxnff3bj"},{"type": "Feature", "geometry": {"type": "Point", "coordinates": [88.7174234, 26.5114143]}, "properties": {"direction": "353", "highway": "street_lamp", "lamp_mount": "angled_mast", "lamp_type": "led", "support": "pole"}, "geohash": "tuxnff601"},{"type": "Feature", "geometry": {"type": "Point", "coordinates": [88.717802, 26.5114637]}, "properties": {"direction": "352", "highway": "street_lamp", "lamp_mount": "angled_mast", "lamp_type": "led", "support": "pole"}, "geohash": "tuxnff626"},{"type": "Feature", "geometry": {"type": "Point", "coordinates": [88.7182028, 26.5115199]}, "properties": {"direction": "351", "highway": "street_lamp", "lamp_mount": "angled_mast", "lamp_type": "led", "support": "pole"}, "geohash": "tuxnff68g"},{"type": "Feature", "geometry": {"type": "Point", "coordinates": [88.7185139, 26.5115885]}, "properties": {"direction": "276", "highway": "street_lamp", "lamp_mount": "angled_mast", "lamp_type": "led", "support": "pole"}, "geohash": "tuxnff6c5"},{"type": "Feature", "geometry": {"type": "Point", "coordinates": [88.7185906, 26.5120287]}, "properties": {"direction": "350", "highway": "street_lamp", "lamp_mount": "angled_mast", "lamp_type": "led", "support": "pole"}, "geohash": "tuxnff6gu"},{"type": "Feature", "geometry": {"type": "Point", "coordinates": [88.7185247, 26.5121961]}, "properties": {"direction": "178", "highway": "street_lamp", "lamp_mount": "angled_mast", "lamp_type": "led", "support": "pole"}, "geohash": "tuxnff6ue"},{"type": "Feature", "geometry": {"type": "Point", "coordinates": [88.7185883, 26.5125568]}, "properties": {"direction": "96", "highway": "street_lamp", "lamp_mount": "angled_mast", "lamp_type": "led", "support": "pole"}, "geohash": "tuxnff6yu"},{"type": "Feature", "geometry": {"type": "Point", "coordinates": [88.7186381, 26.5128379]}, "properties": {"direction": "96", "highway": "street_lamp", "lamp_mount": "angled_mast", "lamp_type": "led", "support": "pole"}, "geohash": "tuxnffdbq"},{"type": "Feature", "geometry": {"type": "Point", "coordinates": [88.7188926, 26.5139234]}, "properties": {"direction": "277", "highway": "street_lamp", "lamp_mount": "angled_mast", "lamp_type": "led", "support": "pole"}, "geohash": "tuxnffenu"},{"type": "Feature", "geometry": {"type": "Point", "coordinates": [88.7189152, 26.5139648]}, "properties": {"direction": "269", "highway": "street_lamp", "lamp_mount": "angled_mast", "lamp_type": "led", "support": "pole"}, "geohash": "tuxnffeph"},{"type": "Feature", "geometry": {"type": "Point", "coordinates": [88.7189648, 26.5142163]}, "properties": {"direction": "271", "highway": "street_lamp", "lamp_mount": "angled_mast", "lamp_type": "led", "support": "pole"}, "geohash": "tuxnffg0t"},{"type": "Feature", "geometry": {"type": "Point", "coordinates": [88.7189874, 26.5143877]}, "properties": {"direction": "278", "highway": "street_lamp", "lamp_mount": "angled_mast", "lamp_type": "led", "support": "pole"}, "geohash": "tuxnffg1w"},{"type": "Feature", "geometry": {"type": "Point", "coordinates": [88.7189411, 26.5146911]}, "properties": {"direction": "91", "highway": "street_lamp", "lamp_mount": "angled_mast", "lamp_type": "led", "support": "pole"}, "geohash": "tuxnffg5m"},{"type": "Feature", "geometry": {"type": "Point", "coordinates": [88.7296054, 26.5198116]}, "properties": {"direction": "252", "highway": "street_lamp", "lamp_mount": "angled_mast", "lamp_type": "led", "support": "pole"}, "geohash": "tuxng5fcj"},{"type": "Feature", "geometry": {"type": "Point", "coordinates": [88.7288801, 26.5208191]}, "properties": {"direction": "86", "highway": "street_lamp", "lamp_mount": "angled_mast", "lamp_type": "led", "support": "wall"}, "geohash": "tuxng5fqu"},{"type": "Feature", "geometry": {"type": "Point", "coordinates": [88.7282384, 26.5217627]}, "properties": {"direction": "318", "highway": "street_lamp", "lamp_mount": "angled_mast", "lamp_type": "led", "support": "pole"}, "geohash": "tuxngh1um"},{"type": "Feature", "geometry": {"type": "Point", "coordinates": [87.1721517, 22.70765]}, "properties": {"highway": "street_lamp"}, "geohash": "tujcptucd"},{"type": "Feature", "geometry": {"type": "Point", "coordinates": [88.4463261, 26.6830308]}, "properties": {"highway": "street_lamp", "lamp_mount": "angled_mast", "lamp_type": "led", "support": "pole"}, "geohash": "tuwzu9kxu"},{"type": "Feature", "geometry": {"type": "Point", "coordinates": [88.4460437, 26.6829963]}, "properties": {"highway": "street_lamp", "lamp_mount": "angled_mast", "lamp_type": "led", "support": "pole"}, "geohash": "tuwzu9krw"},{"type": "Feature", "geometry": {"type": "Point", "coordinates": [88.4466217, 26.6830587]}, "properties": {"highway": "street_lamp", "lamp_mount": "angled_mast", "lamp_type": "led", "support": "pole"}, "geohash": "tuwzu9sb5"},{"type": "Feature", "geometry": {"type": "Point", "coordinates": [88.4439524, 26.6827677]}, "properties": {"highway": "street_lamp", "lamp_mount": "ceiling", "lamp_type": "led", "support": "ceiling"}, "geohash": "tuwzu96ym"},{"type": "Feature", "geometry": {"type": "Point", "coordinates": [88.4438072, 26.6828215]}, "properties": {"direction": "83", "highway": "street_lamp", "lamp_mount": "angled_mast", "lamp_type": "led", "support": "pole"}, "geohash": "tuwzu96yd"},{"type": "Feature", "geometry": {"type": "Point", "coordinates": [88.7152357, 26.5234684]}, "properties": {"direction": "250", "highway": "street_lamp", "lamp_mount": "angled_mast", "lamp_type": "led", "support": "pole"}, "geohash": "tuxnfu2qq"},{"type": "Feature", "geometry": {"type": "Point", "coordinates": [88.7151586, 26.5235305]}, "properties": {"direction": "57", "highway": "street_lamp", "lamp_mount": "angled_mast", "lamp_type": "led", "support": "pole"}, "geohash": "tuxnfu2qv"},{"type": "Feature", "geometry": {"type": "Point", "coordinates": [88.7152165, 26.5235403]}, "properties": {"direction": "243", "highway": "street_lamp", "lamp_mount": "angled_mast", "lamp_type": "led", "support": "pole"}, "geohash": "tuxnfu2qy"},{"type": "Feature", "geometry": {"type": "Point", "coordinates": [88.7163896, 26.5225829]}, "properties": {"direction": "13", "highway": "street_lamp", "lamp_mount": "angled_mast", "lamp_type": "led", "support": "pole"}, "geohash": "tuxnfu331"},{"type": "Feature", "geometry": {"type": "Point", "coordinates": [88.7152905, 26.523278]}, "properties": {"direction": "255", "highway": "street_lamp", "lamp_mount": "angled_mast", "lamp_type": "led", "support": "pole"}, "geohash": "tuxnfu2t2"},{"type": "Feature", "geometry": {"type": "Point", "coordinates": [88.7153449, 26.5230754]}, "properties": {"direction": "256", "highway": "street_lamp", "lamp_mount": "angled_mast", "lamp_type": "led", "support": "pole"}, "geohash": "tuxnfu2s1"},{"type": "Feature", "geometry": {"type": "Point", "coordinates": [88.7156405, 26.5227361]}, "properties": {"direction": "2", "highway": "street_lamp", "lamp_mount": "angled_mast", "lamp_type": "led", "support": "pole"}, "geohash": "tuxnfu2f0"},{"type": "Feature", "geometry": {"type": "Point", "coordinates": [88.7157661, 26.5227664]}, "properties": {"direction": "185", "highway": "street_lamp", "lamp_mount": "angled_mast", "lamp_type": "led", "support": "pole"}, "geohash": "tuxnfu2f7"},{"type": "Feature", "geometry": {"type": "Point", "coordinates": [88.7171438, 26.5226942]}, "properties": {"direction": "330", "highway": "street_lamp", "lamp_mount": "angled_mast", "lamp_type": "led", "support": "pole"}, "geohash": "tuxnfu3cg"},{"type": "Feature", "geometry": {"type": "Point", "coordinates": [88.7167619, 26.5225576]}, "properties": {"direction": "81", "highway": "street_lamp", "lamp_mount": "angled_mast", "lamp_type": "led", "support": "pole"}, "geohash": "tuxnfu394"},{"type": "Feature", "geometry": {"type": "Point", "coordinates": [88.7166569, 26.5225128]}, "properties": {"direction": "9", "highway": "street_lamp", "lamp_mount": "angled_mast", "lamp_type": "led", "support": "pole"}, "geohash": "tuxnfu32z"},{"type": "Feature", "geometry": {"type": "Point", "coordinates": [88.7196515, 26.523223]}, "properties": {"direction": "178", "highway": "street_lamp", "lamp_mount": "angled_mast", "lamp_type": "led", "support": "pole"}, "geohash": "tuxnfu7sv"},{"type": "Feature", "geometry": {"type": "Point", "coordinates": [88.7160965, 26.5227144]}, "properties": {"direction": "194", "highway": "street_lamp", "lamp_mount": "angled_mast", "lamp_type": "led", "support": "pole"}, "geohash": "tuxnfu344"},{"type": "Feature", "geometry": {"type": "Point", "coordinates": [88.7193422, 26.5232147]}, "properties": {"direction": "88", "highway": "street_lamp", "lamp_mount": "angled_mast", "lamp_type": "led", "support": "pole"}, "geohash": "tuxnfu7ky"},{"type": "Feature", "geometry": {"type": "Point", "coordinates": [88.7191556, 26.5231607]}, "properties": {"direction": "356", "highway": "street_lamp", "lamp_mount": "angled_mast", "lamp_type": "led", "support": "pole"}, "geohash": "tuxnfu7kd"},{"type": "Feature", "geometry": {"type": "Point", "coordinates": [88.7189081, 26.5232032]}, "properties": {"direction": "176", "highway": "street_lamp", "lamp_mount": "angled_mast", "lamp_type": "led", "support": "pole"}, "geohash": "tuxnfu7hu"},{"type": "Feature", "geometry": {"type": "Point", "coordinates": [88.7187244, 26.5231955]}, "properties": {"direction": "174", "highway": "street_lamp", "lamp_mount": "angled_mast", "lamp_type": "led", "support": "pole"}, "geohash": "tuxnfu7hb"},{"type": "Feature", "geometry": {"type": "Point", "coordinates": [88.7184206, 26.5231794]}, "properties": {"direction": "174", "highway": "street_lamp", "lamp_mount": "angled_mast", "lamp_type": "led", "support": "pole"}, "geohash": "tuxnfu6u9"},{"type": "Feature", "geometry": {"type": "Point", "coordinates": [88.7180947, 26.5231434]}, "properties": {"direction": "169", "highway": "street_lamp", "lamp_mount": "angled_mast", "lamp_type": "led", "support": "pole"}, "geohash": "tuxnfu6s9"},{"type": "Feature", "geometry": {"type": "Point", "coordinates": [88.7178102, 26.523093]}, "properties": {"direction": "169", "highway": "street_lamp", "lamp_mount": "angled_mast", "lamp_type": "led", "support": "pole"}, "geohash": "tuxnfu6k4"},{"type": "Feature", "geometry": {"type": "Point", "coordinates": [88.7173863, 26.5229037]}, "properties": {"highway": "street_lamp", "lamp_mount": "angled_mast", "lamp_type": "led", "support": "pole"}, "geohash": "tuxnfu650"},{"type": "Feature", "geometry": {"type": "Point", "coordinates": [88.6790412, 26.5329399]}, "properties": {"direction": "331", "highway": "street_lamp", "lamp_mount": "angled_mast", "lamp_type": "led", "support": "pole"}, "geohash": "tuxncynje"},{"type": "Feature", "geometry": {"type": "Point", "coordinates": [88.6786883, 26.5327675]}, "properties": {"direction": "333", "highway": "street_lamp", "lamp_mount": "angled_mast", "lamp_type": "led", "support": "pole"}, "geohash": "tuxncyjue"},{"type": "Feature", "geometry": {"type": "Point", "coordinates": [88.6793977, 26.5331069]}, "properties": {"direction": "330", "highway": "street_lamp", "lamp_mount": "angled_mast", "lamp_type": "led", "support": "pole"}, "geohash": "tuxncynqe"},{"type": "Feature", "geometry": {"type": "Point", "coordinates": [88.6797619, 26.5334107]}, "properties": {"direction": "152", "highway": "street_lamp", "lamp_mount": "angled_mast", "lamp_type": "led", "support": "pole"}, "geohash": "tuxncyq8k"},{"type": "Feature", "geometry": {"type": "Point", "coordinates": [88.680105, 26.5335809]}, "properties": {"direction": "155", "highway": "street_lamp", "lamp_mount": "angled_mast", "lamp_type": "led", "support": "pole"}, "geohash": "tuxncyqck"},{"type": "Feature", "geometry": {"type": "Point", "coordinates": [88.6804959, 26.5337138]}, "properties": {"direction": "161", "highway": "street_lamp", "lamp_mount": "angled_mast", "lamp_type": "led", "support": "pole"}, "geohash": "tuxncyr4j"},{"type": "Feature", "geometry": {"type": "Point", "coordinates": [88.6808735, 26.533827]}, "properties": {"direction": "161", "highway": "street_lamp", "lamp_mount": "angled_mast", "lamp_type": "led", "support": "pole"}, "geohash": "tuxncyr6w"},{"type": "Feature", "geometry": {"type": "Point", "coordinates": [88.6813448, 26.5339624]}, "properties": {"direction": "163", "highway": "street_lamp", "lamp_mount": "angled_mast", "lamp_type": "led", "support": "pole"}, "geohash": "tuxncyrg9"},{"type": "Feature", "geometry": {"type": "Point", "coordinates": [88.6817951, 26.5339655]}, "properties": {"direction": "348", "highway": "street_lamp", "lamp_mount": "angled_mast", "lamp_type": "led", "support": "pole"}, "geohash": "tuxnfn25e"},{"type": "Feature", "geometry": {"type": "Point", "coordinates": [88.6822591, 26.5340618]}, "properties": {"direction": "346", "highway": "street_lamp", "lamp_mount": "angled_mast", "lamp_type": "led", "support": "pole"}, "geohash": "tuxnfn2kn"},{"type": "Feature", "geometry": {"type": "Point", "coordinates": [88.6826367, 26.5341378]}, "properties": {"direction": "348", "highway": "street_lamp", "lamp_mount": "angled_mast", "lamp_type": "led", "support": "pole"}, "geohash": "tuxnfn2sx"},{"type": "Feature", "geometry": {"type": "Point", "coordinates": [88.6830476, 26.534218]}, "properties": {"direction": "348", "highway": "street_lamp", "lamp_mount": "angled_mast", "lamp_type": "led", "support": "pole"}, "geohash": "tuxnfn3j0"},{"type": "Feature", "geometry": {"type": "Point", "coordinates": [88.6834549, 26.5343045]}, "properties": {"direction": "346", "highway": "street_lamp", "lamp_mount": "angled_mast", "lamp_type": "led", "support": "pole"}, "geohash": "tuxnfn3md"},{"type": "Feature", "geometry": {"type": "Point", "coordinates": [88.6838493, 26.5343878]}, "properties": {"direction": "350", "highway": "street_lamp", "lamp_mount": "angled_mast", "lamp_type": "led", "support": "pole"}, "geohash": "tuxnfn3w5"},{"type": "Feature", "geometry": {"type": "Point", "coordinates": [88.6842503, 26.534471]}, "properties": {"direction": "345", "highway": "street_lamp", "lamp_mount": "angled_mast", "lamp_type": "led", "support": "pole"}, "geohash": "tuxnfn3yk"},{"type": "Feature", "geometry": {"type": "Point", "coordinates": [88.6850401, 26.5346233]}, "properties": {"direction": "346", "highway": "street_lamp", "lamp_mount": "angled_mast", "lamp_type": "led", "support": "pole"}, "geohash": "tuxnfn6rr"},{"type": "Feature", "geometry": {"type": "Point", "coordinates": [88.6980572, 26.5310498]}, "properties": {"direction": "79", "highway": "street_lamp", "lamp_mount": "angled_mast", "lamp_type": "led", "support": "pole"}, "geohash": "tuxnfmgfw"},{"type": "Feature", "geometry": {"type": "Point", "coordinates": [88.7213276, 26.5329623]}, "properties": {"highway": "street_lamp", "lamp_mount": "angled_mast", "lamp_type": "led", "support": "pole"}, "geohash": "tuxnfyhvs"},{"type": "Feature", "geometry": {"type": "Point", "coordinates": [88.7212618, 26.533168]}, "properties": {"highway": "street_lamp", "lamp_mount": "angled_mast", "lamp_type": "led", "support": "pole"}, "geohash": "tuxnfyhyg"},{"type": "Feature", "geometry": {"type": "Point", "coordinates": [88.7213324, 26.5331172]}, "properties": {"direction": "163", "highway": "street_lamp", "lamp_mount": "angled_mast", "lamp_type": "led", "support": "pole"}, "geohash": "tuxnfyhys"},{"type": "Feature", "geometry": {"type": "Point", "coordinates": [88.7159921, 26.5336643]}, "properties": {"direction": "158", "highway": "street_lamp", "lamp_mount": "angled_mast", "lamp_type": "led", "support": "pole"}, "geohash": "tuxnfy31b"},{"type": "Feature", "geometry": {"type": "Point", "coordinates": [88.7162812, 26.5337053]}, "properties": {"direction": "337", "highway": "street_lamp", "lamp_mount": "angled_mast", "lamp_type": "led", "support": "pole"}, "geohash": "tuxnfy34p"},{"type": "Feature", "geometry": {"type": "Point", "coordinates": [88.7166483, 26.5338456]}, "properties": {"direction": "333", "highway": "street_lamp", "lamp_mount": "angled_mast", "lamp_type": "led", "support": "pole"}, "geohash": "tuxnfy36z"},{"type": "Feature", "geometry": {"type": "Point", "coordinates": [88.716794, 26.5339864]}, "properties": {"direction": "156", "highway": "street_lamp", "lamp_mount": "angled_mast", "lamp_type": "led", "support": "pole"}, "geohash": "tuxnfy3ee"},{"type": "Feature", "geometry": {"type": "Point", "coordinates": [88.7170017, 26.5339837]}, "properties": {"direction": "337", "highway": "street_lamp", "lamp_mount": "angled_mast", "lamp_type": "led", "support": "pole"}, "geohash": "tuxnfy3ex"},{"type": "Feature", "geometry": {"type": "Point", "coordinates": [88.7177927, 26.5343837]}, "properties": {"direction": "156", "highway": "street_lamp", "lamp_mount": "angled_mast", "lamp_type": "led", "support": "pole"}, "geohash": "tuxnfy6mf"},{"type": "Feature", "geometry": {"type": "Point", "coordinates": [88.7184317, 26.5346437]}, "properties": {"direction": "160", "highway": "street_lamp", "lamp_mount": "angled_mast", "lamp_type": "led", "support": "pole"}, "geohash": "tuxnfy6z9"},{"type": "Feature", "geometry": {"type": "Point", "coordinates": [88.7189029, 26.5347607]}, "properties": {"direction": "177", "highway": "street_lamp", "lamp_mount": "angled_mast", "lamp_type": "led", "support": "pole"}, "geohash": "tuxnfye0h"},{"type": "Feature", "geometry": {"type": "Point", "coordinates": [88.7192365, 26.5347831]}, "properties": {"direction": "173", "highway": "street_lamp", "lamp_mount": "angled_mast", "lamp_type": "led", "support": "pole"}, "geohash": "tuxnfye2k"},{"type": "Feature", "geometry": {"type": "Point", "coordinates": [88.7195577, 26.5344105]}, "properties": {"direction": "352", "highway": "street_lamp", "lamp_mount": "angled_mast", "lamp_type": "led", "support": "pole"}, "geohash": "tuxnfy7w5"},{"type": "Feature", "geometry": {"type": "Point", "coordinates": [88.7198645, 26.5344983]}, "properties": {"direction": "171", "highway": "street_lamp", "lamp_mount": "angled_mast", "lamp_type": "led", "support": "pole"}, "geohash": "tuxnfy7yd"},{"type": "Feature", "geometry": {"type": "Point", "coordinates": [88.7202664, 26.5345095]}, "properties": {"direction": "350", "highway": "street_lamp", "lamp_mount": "angled_mast", "lamp_type": "led", "support": "pole"}, "geohash": "tuxnfykns"},{"type": "Feature", "geometry": {"type": "Point", "coordinates": [88.7205953, 26.5346136]}, "properties": {"direction": "172", "highway": "street_lamp", "lamp_mount": "angled_mast", "lamp_type": "led", "support": "pole"}, "geohash": "tuxnfykr7"},{"type": "Feature", "geometry": {"type": "Point", "coordinates": [88.7178297, 26.5343104]}, "properties": {"direction": "336", "highway": "street_lamp", "lamp_mount": "angled_mast", "lamp_type": "led", "support": "pole"}, "geohash": "tuxnfy6me"},{"type": "Feature", "geometry": {"type": "Point", "coordinates": [88.7179366, 26.5344513]}, "properties": {"direction": "155", "highway": "street_lamp", "lamp_mount": "angled_mast", "lamp_type": "led", "support": "pole"}, "geohash": "tuxnfy6qm"},{"type": "Feature", "geometry": {"type": "Point", "coordinates": [88.7179775, 26.5343699]}, "properties": {"direction": "338", "highway": "street_lamp", "lamp_mount": "angled_mast", "lamp_type": "led", "support": "pole"}, "geohash": "tuxnfy6my"},{"type": "Feature", "geometry": {"type": "Point", "coordinates": [88.7181018, 26.5345175]}, "properties": {"direction": "157", "highway": "street_lamp", "lamp_mount": "angled_mast", "lamp_type": "led", "support": "pole"}, "geohash": "tuxnfy6wc"},{"type": "Feature", "geometry": {"type": "Point", "coordinates": [88.718138, 26.5344337]}, "properties": {"direction": "336", "highway": "street_lamp", "lamp_mount": "angled_mast", "lamp_type": "led", "support": "pole"}, "geohash": "tuxnfy6w6"},{"type": "Feature", "geometry": {"type": "Point", "coordinates": [88.7182507, 26.5345792]}, "properties": {"direction": "156", "highway": "street_lamp", "lamp_mount": "angled_mast", "lamp_type": "led", "support": "pole"}, "geohash": "tuxnfy6xj"},{"type": "Feature", "geometry": {"type": "Point", "coordinates": [88.7182918, 26.5344956]}, "properties": {"direction": "335", "highway": "street_lamp", "lamp_mount": "angled_mast", "lamp_type": "led", "support": "pole"}, "geohash": "tuxnfy6ww"},{"type": "Feature", "geometry": {"type": "Point", "coordinates": [88.7228239, 26.5347203]}, "properties": {"direction": "171", "highway": "street_lamp", "lamp_mount": "angled_mast", "lamp_type": "led", "support": "pole"}, "geohash": "tuxnfymzz"},{"type": "Feature", "geometry": {"type": "Point", "coordinates": [88.7229555, 26.5347415]}, "properties": {"direction": "170", "highway": "street_lamp", "lamp_mount": "angled_mast", "lamp_type": "led", "support": "pole"}, "geohash": "tuxnfyw04"},{"type": "Feature", "geometry": {"type": "Point", "coordinates": [88.7225129, 26.5346631]}, "properties": {"direction": "169", "highway": "street_lamp", "lamp_mount": "angled_mast", "lamp_type": "led", "support": "pole"}, "geohash": "tuxnfymz8"},{"type": "Feature", "geometry": {"type": "Point", "coordinates": [88.7222281, 26.5346078]}, "properties": {"direction": "171", "highway": "street_lamp", "lamp_mount": "angled_mast", "lamp_type": "led", "support": "pole"}, "geohash": "tuxnfymx3"},{"type": "Feature", "geometry": {"type": "Point", "coordinates": [88.7217159, 26.5344935]}, "properties": {"direction": "165", "highway": "street_lamp", "lamp_mount": "angled_mast", "lamp_type": "led", "support": "pole"}, "geohash": "tuxnfymnt"},{"type": "Feature", "geometry": {"type": "Point", "coordinates": [88.7210701, 26.5342179]}, "properties": {"highway": "street_lamp", "lamp_mount": "angled_mast", "lamp_type": "led", "support": "pole"}, "geohash": "tuxnfyktn"},{"type": "Feature", "geometry": {"type": "Point", "coordinates": [88.7210645, 26.5341222]}, "properties": {"highway": "street_lamp", "lamp_mount": "angled_mast", "lamp_type": "led", "support": "pole"}, "geohash": "tuxnfyksq"},{"type": "Feature", "geometry": {"type": "Point", "coordinates": [88.7210028, 26.5341316]}, "properties": {"direction": "179", "highway": "street_lamp", "lamp_mount": "angled_mast", "lamp_type": "led", "support": "pole"}, "geohash": "tuxnfykst"},{"type": "Feature", "geometry": {"type": "Point", "coordinates": [88.7211076, 26.533668]}, "properties": {"highway": "street_lamp", "lamp_mount": "angled_mast", "lamp_type": "led", "support": "pole"}, "geohash": "tuxnfyk9z"},{"type": "Feature", "geometry": {"type": "Point", "coordinates": [88.7211592, 26.5335151]}, "properties": {"highway": "street_lamp", "lamp_mount": "angled_mast", "lamp_type": "led", "support": "pole"}, "geohash": "tuxnfykbb"},{"type": "Feature", "geometry": {"type": "Point", "coordinates": [88.7212337, 26.5334434]}, "properties": {"direction": "163", "highway": "street_lamp", "lamp_mount": "angled_mast", "lamp_type": "led", "support": "pole"}, "geohash": "tuxnfykbd"},{"type": "Feature", "geometry": {"type": "Point", "coordinates": [88.7211961, 26.5333635]}, "properties": {"highway": "street_lamp", "lamp_mount": "angled_mast", "lamp_type": "led", "support": "pole"}, "geohash": "tuxnfykb1"},{"type": "Feature", "geometry": {"type": "Point", "coordinates": [88.7219917, 26.5345569]}, "properties": {"direction": "170", "highway": "street_lamp", "lamp_mount": "angled_mast", "lamp_type": "led", "support": "pole"}, "geohash": "tuxnfymqu"},{"type": "Feature", "geometry": {"type": "Point", "coordinates": [88.7195882, 26.5221699]}, "properties": {"direction": "92", "highway": "street_lamp", "lamp_mount": "angled_mast", "lamp_type": "led", "support": "pole"}, "geohash": "tuxnfu5wu"},{"type": "Feature", "geometry": {"type": "Point", "coordinates": [88.7195882, 26.5221868]}, "properties": {"direction": "269", "highway": "street_lamp", "lamp_mount": "angled_mast", "lamp_type": "led", "support": "pole"}, "geohash": "tuxnfu5wu"},{"type": "Feature", "geometry": {"type": "Point", "coordinates": [88.7214729, 26.5204935]}, "properties": {"direction": "35", "highway": "street_lamp", "lamp_mount": "angled_mast", "lamp_type": "led", "support": "pole"}, "geohash": "tuxnfgvj0"},{"type": "Feature", "geometry": {"type": "Point", "coordinates": [88.7250904, 26.5162316]}, "properties": {"highway": "street_lamp", "lamp_mount": "angled_mast", "lamp_type": "led", "support": "pole"}, "geohash": "tuxnfgpsh"},{"type": "Feature", "geometry": {"type": "Point", "coordinates": [88.725045, 26.5163821]}, "properties": {"highway": "street_lamp", "lamp_mount": "angled_mast", "lamp_type": "led", "support": "pole"}, "geohash": "tuxnfgpt5"},{"type": "Feature", "geometry": {"type": "Point", "coordinates": [88.724941, 26.5164069]}, "properties": {"direction": "344", "highway": "street_lamp", "lamp_mount": "angled_mast", "lamp_type": "led", "support": "pole"}, "geohash": "tuxnfgpt2"},{"type": "Feature", "geometry": {"type": "Point", "coordinates": [88.7249893, 26.5167985]}, "properties": {"highway": "street_lamp", "lamp_mount": "angled_mast", "lamp_type": "led", "support": "pole"}, "geohash": "tuxnfgpxd"},{"type": "Feature", "geometry": {"type": "Point", "coordinates": [88.7206323, 26.5209449]}, "properties": {"highway": "street_lamp", "lamp_mount": "angled_mast", "lamp_type": "led", "support": "pole"}, "geohash": "tuxnfgurs"},{"type": "Feature", "geometry": {"type": "Point", "coordinates": [88.7211594, 26.5206762]}, "properties": {"direction": "35", "highway": "street_lamp", "lamp_mount": "angled_mast", "lamp_type": "led", "support": "pole"}, "geohash": "tuxnfguy0"},{"type": "Feature", "geometry": {"type": "Point", "coordinates": [88.7248576, 26.5167813]}, "properties": {"direction": "61", "highway": "street_lamp", "lamp_mount": "angled_mast", "lamp_type": "led", "support": "pole"}, "geohash": "tuxnfgprr"},{"type": "Feature", "geometry": {"type": "Point", "coordinates": [88.7217616, 26.5203099]}, "properties": {"direction": "31", "highway": "street_lamp", "lamp_mount": "angled_mast", "lamp_type": "led", "support": "pole"}, "geohash": "tuxnfgvhn"},{"type": "Feature", "geometry": {"type": "Point", "coordinates": [88.7220882, 26.5201055]}, "properties": {"direction": "25", "highway": "street_lamp", "lamp_mount": "angled_mast", "lamp_type": "led", "support": "pole"}, "geohash": "tuxnfgv6y"},{"type": "Feature", "geometry": {"type": "Point", "coordinates": [88.7221855, 26.5200402]}, "properties": {"direction": "38", "highway": "street_lamp", "lamp_mount": "angled_mast", "lamp_type": "led", "support": "pole"}, "geohash": "tuxnfgvd2"},{"type": "Feature", "geometry": {"type": "Point", "coordinates": [88.7226249, 26.5198289]}, "properties": {"highway": "street_lamp", "lamp_mount": "angled_mast", "lamp_type": "led", "support": "pole"}, "geohash": "tuxnfgvc5"},{"type": "Feature", "geometry": {"type": "Point", "coordinates": [88.7226515, 26.5195713]}, "properties": {"direction": "333", "highway": "street_lamp", "lamp_mount": "angled_mast", "lamp_type": "led", "support": "pole"}, "geohash": "tuxnfgtze"},{"type": "Feature", "geometry": {"type": "Point", "coordinates": [88.7229452, 26.5193376]}, "properties": {"direction": "49", "highway": "street_lamp", "lamp_mount": "angled_mast", "lamp_type": "led", "support": "pole"}, "geohash": "tuxnfgwn6"},{"type": "Feature", "geometry": {"type": "Point", "coordinates": [88.7231152, 26.519158]}, "properties": {"direction": "50", "highway": "street_lamp", "lamp_mount": "angled_mast", "lamp_type": "led", "support": "pole"}, "geohash": "tuxnfgwjq"},{"type": "Feature", "geometry": {"type": "Point", "coordinates": [88.7234621, 26.5187957]}, "properties": {"direction": "53", "highway": "street_lamp", "lamp_mount": "angled_mast", "lamp_type": "led", "support": "pole"}, "geohash": "tuxnfgw7n"},{"type": "Feature", "geometry": {"type": "Point", "coordinates": [88.7236439, 26.5186073]}, "properties": {"direction": "50", "highway": "street_lamp", "lamp_mount": "angled_mast", "lamp_type": "led", "support": "pole"}, "geohash": "tuxnfgwd4"},{"type": "Feature", "geometry": {"type": "Point", "coordinates": [88.7238125, 26.5183933]}, "properties": {"direction": "57", "highway": "street_lamp", "lamp_mount": "angled_mast", "lamp_type": "led", "support": "pole"}, "geohash": "tuxnfgw8y"},{"type": "Feature", "geometry": {"type": "Point", "coordinates": [88.723981, 26.518173]}, "properties": {"direction": "55", "highway": "street_lamp", "lamp_mount": "angled_mast", "lamp_type": "led", "support": "pole"}, "geohash": "tuxnfgqzd"},{"type": "Feature", "geometry": {"type": "Point", "coordinates": [88.7251243, 26.5161254]}, "properties": {"highway": "street_lamp", "lamp_mount": "angled_mast", "lamp_type": "led", "support": "pole"}, "geohash": "tuxnfgpet"},{"type": "Feature", "geometry": {"type": "Point", "coordinates": [88.7241664, 26.5179054]}, "properties": {"direction": "60", "highway": "street_lamp", "lamp_mount": "angled_mast", "lamp_type": "led", "support": "pole"}, "geohash": "tuxnfgqvy"},{"type": "Feature", "geometry": {"type": "Point", "coordinates": [88.724279, 26.5177252]}, "properties": {"direction": "59", "highway": "street_lamp", "lamp_mount": "angled_mast", "lamp_type": "led", "support": "pole"}, "geohash": "tuxnfgrhc"},{"type": "Feature", "geometry": {"type": "Point", "coordinates": [88.724386, 26.5175697]}, "properties": {"direction": "60", "highway": "street_lamp", "lamp_mount": "angled_mast", "lamp_type": "led", "support": "pole"}, "geohash": "tuxnfgrhh"},{"type": "Feature", "geometry": {"type": "Point", "coordinates": [88.7244748, 26.5174251]}, "properties": {"direction": "59", "highway": "street_lamp", "lamp_mount": "angled_mast", "lamp_type": "led", "support": "pole"}, "geohash": "tuxnfgr5n"},{"type": "Feature", "geometry": {"type": "Point", "coordinates": [88.7246608, 26.5171178]}, "properties": {"direction": "64", "highway": "street_lamp", "lamp_mount": "angled_mast", "lamp_type": "led", "support": "pole"}, "geohash": "tuxnfgr36"},{"type": "Feature", "geometry": {"type": "Point", "coordinates": [88.7247927, 26.5171748]}, "properties": {"highway": "street_lamp", "lamp_mount": "angled_mast", "lamp_type": "led", "support": "pole"}, "geohash": "tuxnfgr3t"},{"type": "Feature", "geometry": {"type": "Point", "coordinates": [88.724745, 26.5169679]}, "properties": {"direction": "63", "highway": "street_lamp", "lamp_mount": "angled_mast", "lamp_type": "led", "support": "pole"}, "geohash": "tuxnfgr2s"},{"type": "Feature", "geometry": {"type": "Point", "coordinates": [88.7240524, 26.5180772]}, "properties": {"direction": "58", "highway": "street_lamp", "lamp_mount": "angled_mast", "lamp_type": "led", "support": "pole"}, "geohash": "tuxnfgqyu"},{"type": "Feature", "geometry": {"type": "Point", "coordinates": [88.7107659, 26.5323025]}, "properties": {"direction": "91", "highway": "street_lamp", "lamp_mount": "angled_mast", "lamp_type": "led", "support": "pole"}, "geohash": "tuxnfwj1y"},{"type": "Feature", "geometry": {"type": "Point", "coordinates": [88.7107791, 26.5326468]}, "properties": {"direction": "87", "highway": "street_lamp", "lamp_mount": "angled_mast", "lamp_type": "led", "support": "pole"}, "geohash": "tuxnfwj5y"},{"type": "Feature", "geometry": {"type": "Point", "coordinates": [88.710608, 26.5327025]}, "properties": {"direction": "172", "highway": "street_lamp", "lamp_mount": "angled_mast", "lamp_type": "led", "support": "pole"}, "geohash": "tuxnfwjh4"},{"type": "Feature", "geometry": {"type": "Point", "coordinates": [88.710862, 26.532763]}, "properties": {"direction": "169", "highway": "street_lamp", "lamp_mount": "angled_mast", "lamp_type": "led", "support": "pole"}, "geohash": "tuxnfwjk8"},{"type": "Feature", "geometry": {"type": "Point", "coordinates": [88.71122, 26.5328457]}, "properties": {"direction": "173", "highway": "street_lamp", "lamp_mount": "angled_mast", "lamp_type": "led", "support": "pole"}, "geohash": "tuxnfwjt1"},{"type": "Feature", "geometry": {"type": "Point", "coordinates": [88.7153472, 26.5333345]}, "properties": {"direction": "338", "highway": "street_lamp", "lamp_mount": "angled_mast", "lamp_type": "led", "support": "pole"}, "geohash": "tuxnfy0xc"},{"type": "Feature", "geometry": {"type": "Point", "coordinates": [88.7112061, 26.5326095]}, "properties": {"direction": "84", "highway": "street_lamp", "lamp_mount": "angled_mast", "lamp_type": "led", "support": "pole"}, "geohash": "tuxnfwje8"},{"type": "Feature", "geometry": {"type": "Point", "coordinates": [88.7171476, 26.5314136]}, "properties": {"direction": "347", "highway": "street_lamp", "lamp_mount": "angled_mast", "lamp_type": "led", "support": "pole"}, "geohash": "tuxnfvcue"},{"type": "Feature", "geometry": {"type": "Point", "coordinates": [88.716901, 26.5313824]}, "properties": {"direction": "351", "highway": "street_lamp", "lamp_type": "led", "support": "pole"}, "geohash": "tuxnfvcst"},{"type": "Feature", "geometry": {"type": "Point", "coordinates": [88.7164949, 26.5313783]}, "properties": {"direction": "171", "highway": "street_lamp", "lamp_mount": "angled_mast", "lamp_type": "led", "support": "pole"}, "geohash": "tuxnfvckk"},{"type": "Feature", "geometry": {"type": "Point", "coordinates": [88.7161292, 26.5312848]}, "properties": {"direction": "354", "highway": "street_lamp", "lamp_mount": "angled_mast", "lamp_type": "led", "support": "pole"}, "geohash": "tuxnfvc5g"},{"type": "Feature", "geometry": {"type": "Point", "coordinates": [88.715731, 26.5312899]}, "properties": {"direction": "173", "highway": "street_lamp", "lamp_mount": "angled_mast", "lamp_type": "led", "support": "pole"}, "geohash": "tuxnfvbgf"},{"type": "Feature", "geometry": {"type": "Point", "coordinates": [88.7155949, 26.5312724]}, "properties": {"direction": "174", "highway": "street_lamp", "lamp_mount": "angled_mast", "lamp_type": "led", "support": "pole"}, "geohash": "tuxnfvbez"},{"type": "Feature", "geometry": {"type": "Point", "coordinates": [88.7153875, 26.5312455]}, "properties": {"direction": "172", "highway": "street_lamp", "lamp_mount": "angled_mast", "lamp_type": "led", "support": "pole"}, "geohash": "tuxnfvbed"},{"type": "Feature", "geometry": {"type": "Point", "coordinates": [88.7152075, 26.5312235]}, "properties": {"direction": "172", "highway": "street_lamp", "lamp_mount": "angled_mast", "lamp_type": "led", "support": "pole"}, "geohash": "tuxnfvb7w"},{"type": "Feature", "geometry": {"type": "Point", "coordinates": [88.715103, 26.5307926]}, "properties": {"direction": "178", "highway": "street_lamp", "lamp_mount": "angled_mast", "lamp_type": "led", "support": "pole"}, "geohash": "tuxnfvb35"},{"type": "Feature", "geometry": {"type": "Point", "coordinates": [88.7148933, 26.5307729]}, "properties": {"direction": "174", "highway": "street_lamp", "lamp_mount": "angled_mast", "lamp_type": "led", "support": "pole"}, "geohash": "tuxnfvb0y"},{"type": "Feature", "geometry": {"type": "Point", "coordinates": [88.7147268, 26.5307145]}, "properties": {"direction": "350", "highway": "street_lamp", "lamp_mount": "angled_mast", "lamp_type": "led", "support": "pole"}, "geohash": "tuxnfvb0d"},{"type": "Feature", "geometry": {"type": "Point", "coordinates": [88.7145275, 26.5306816]}, "properties": {"direction": "349", "highway": "street_lamp", "lamp_mount": "angled_mast", "lamp_type": "led", "support": "pole"}, "geohash": "tuxnftzbq"},{"type": "Feature", "geometry": {"type": "Point", "coordinates": [88.7140967, 26.5305922]}, "properties": {"direction": "350", "highway": "street_lamp", "lamp_mount": "angled_mast", "lamp_type": "led", "support": "pole"}, "geohash": "tuxnftxxu"},{"type": "Feature", "geometry": {"type": "Point", "coordinates": [88.7139032, 26.5305399]}, "properties": {"direction": "260", "highway": "street_lamp", "lamp_mount": "angled_mast", "lamp_type": "led", "support": "pole"}, "geohash": "tuxnftxrx"},{"type": "Feature", "geometry": {"type": "Point", "coordinates": [88.7137521, 26.5305926]}, "properties": {"direction": "172", "highway": "street_lamp", "lamp_mount": "angled_mast", "lamp_type": "led", "support": "pole"}, "geohash": "tuxnftxru"},{"type": "Feature", "geometry": {"type": "Point", "coordinates": [88.7134992, 26.5305449]}, "properties": {"direction": "169", "highway": "street_lamp", "lamp_mount": "angled_mast", "lamp_type": "led", "support": "pole"}, "geohash": "tuxnftxpw"},{"type": "Feature", "geometry": {"type": "Point", "coordinates": [88.7133533, 26.5305039]}, "properties": {"direction": "171", "highway": "street_lamp", "lamp_mount": "angled_mast", "lamp_type": "led", "support": "pole"}, "geohash": "tuxnftxp6"},{"type": "Feature", "geometry": {"type": "Point", "coordinates": [88.7106898, 26.5342472]}, "properties": {"direction": "96", "highway": "street_lamp", "lamp_mount": "angled_mast", "lamp_type": "led", "support": "pole"}, "geohash": "tuxnfwmjh"},{"type": "Feature", "geometry": {"type": "Point", "coordinates": [88.7107575, 26.5345434]}, "properties": {"direction": "98", "highway": "street_lamp", "lamp_mount": "angled_mast", "lamp_type": "led", "support": "pole"}, "geohash": "tuxnfwmny"},{"type": "Feature", "geometry": {"type": "Point", "coordinates": [88.7107959, 26.5347381]}, "properties": {"direction": "99", "highway": "street_lamp", "lamp_mount": "angled_mast", "lamp_type": "led", "support": "pole"}, "geohash": "tuxnfwt0p"},{"type": "Feature", "geometry": {"type": "Point", "coordinates": [88.7111077, 26.5361336]}, "properties": {"direction": "192", "highway": "street_lamp", "lamp_mount": "angled_mast", "lamp_type": "led", "support": "pole"}, "geohash": "tuxnfwv2n"},{"type": "Feature", "geometry": {"type": "Point", "coordinates": [88.710986, 26.5356539]}, "properties": {"direction": "103", "highway": "street_lamp", "lamp_mount": "angled_mast", "lamp_type": "led", "support": "pole"}, "geohash": "tuxnfwtm7"},{"type": "Feature", "geometry": {"type": "Point", "coordinates": [88.7109368, 26.5354043]}, "properties": {"direction": "99", "highway": "street_lamp", "lamp_mount": "angled_mast", "lamp_type": "led", "support": "pole"}, "geohash": "tuxnfwt7f"},{"type": "Feature", "geometry": {"type": "Point", "coordinates": [88.7108756, 26.5351216]}, "properties": {"direction": "101", "highway": "street_lamp", "lamp_mount": "angled_mast", "lamp_type": "led", "support": "pole"}, "geohash": "tuxnfwt63"},{"type": "Feature", "geometry": {"type": "Point", "coordinates": [88.7108338, 26.5349098]}, "properties": {"direction": "98", "highway": "street_lamp", "lamp_mount": "angled_mast", "lamp_type": "led", "support": "pole"}, "geohash": "tuxnfwt30"},{"type": "Feature", "geometry": {"type": "Point", "coordinates": [88.7131271, 26.5304579]}, "properties": {"direction": "169", "highway": "street_lamp", "lamp_mount": "angled_mast", "lamp_type": "led", "support": "pole"}, "geohash": "tuxnftwzj"},{"type": "Feature", "geometry": {"type": "Point", "coordinates": [88.7105998, 26.5338599]}, "properties": {"direction": "99", "highway": "street_lamp", "lamp_mount": "angled_mast", "lamp_type": "led", "support": "pole"}, "geohash": "tuxnfwm4f"},{"type": "Feature", "geometry": {"type": "Point", "coordinates": [88.7105516, 26.5336193]}, "properties": {"direction": "101", "highway": "street_lamp", "lamp_mount": "angled_mast", "lamp_type": "led", "support": "pole"}, "geohash": "tuxnfwm19"},{"type": "Feature", "geometry": {"type": "Point", "coordinates": [88.7114274, 26.5328915]}, "properties": {"direction": "166", "highway": "street_lamp", "lamp_mount": "angled_mast", "lamp_type": "led", "support": "pole"}, "geohash": "tuxnfwjtq"},{"type": "Feature", "geometry": {"type": "Point", "coordinates": [88.7117065, 26.5328925]}, "properties": {"direction": "345", "highway": "street_lamp", "lamp_mount": "angled_mast", "lamp_type": "led", "support": "pole"}, "geohash": "tuxnfwjvk"},{"type": "Feature", "geometry": {"type": "Point", "coordinates": [88.7118997, 26.5329322]}, "properties": {"direction": "347", "highway": "street_lamp", "lamp_mount": "angled_mast", "lamp_type": "led", "support": "pole"}, "geohash": "tuxnfwnj9"},{"type": "Feature", "geometry": {"type": "Point", "coordinates": [88.7120906, 26.5329738]}, "properties": {"direction": "345", "highway": "street_lamp", "lamp_mount": "angled_mast", "lamp_type": "led", "support": "pole"}, "geohash": "tuxnfwnjv"},{"type": "Feature", "geometry": {"type": "Point", "coordinates": [88.7122897, 26.5330223]}, "properties": {"direction": "347", "highway": "street_lamp", "lamp_mount": "angled_mast", "lamp_type": "led", "support": "pole"}, "geohash": "tuxnfwnq4"},{"type": "Feature", "geometry": {"type": "Point", "coordinates": [88.7125466, 26.533094]}, "properties": {"direction": "345", "highway": "street_lamp", "lamp_mount": "angled_mast", "lamp_type": "led", "support": "pole"}, "geohash": "tuxnfwnw2"},{"type": "Feature", "geometry": {"type": "Point", "coordinates": [88.7126164, 26.533108]}, "properties": {"direction": "347", "highway": "street_lamp", "lamp_mount": "angled_mast", "lamp_type": "led", "support": "pole"}, "geohash": "tuxnfwnw9"},{"type": "Feature", "geometry": {"type": "Point", "coordinates": [88.7128662, 26.5331673]}, "properties": {"direction": "344", "highway": "street_lamp", "lamp_mount": "angled_mast", "lamp_type": "led", "support": "pole"}, "geohash": "tuxnfwnwz"},{"type": "Feature", "geometry": {"type": "Point", "coordinates": [88.7114728, 26.5301201]}, "properties": {"direction": "355", "highway": "street_lamp", "lamp_mount": "angled_mast", "lamp_type": "led", "support": "pole"}, "geohash": "tuxnftttp"},{"type": "Feature", "geometry": {"type": "Point", "coordinates": [88.7112271, 26.5324091]}, "properties": {"direction": "83", "highway": "street_lamp", "lamp_mount": "angled_mast", "lamp_type": "led", "support": "pole"}, "geohash": "tuxnfwjd3"},{"type": "Feature", "geometry": {"type": "Point", "coordinates": [88.711247, 26.5322608]}, "properties": {"direction": "83", "highway": "street_lamp", "lamp_mount": "angled_mast", "lamp_type": "led", "support": "pole"}, "geohash": "tuxnfwj99"},{"type": "Feature", "geometry": {"type": "Point", "coordinates": [88.7112387, 26.531711]}, "properties": {"direction": "84", "highway": "street_lamp", "lamp_mount": "angled_mast", "lamp_type": "led", "support": "pole"}, "geohash": "tuxnftvw3"},{"type": "Feature", "geometry": {"type": "Point", "coordinates": [88.7112658, 26.5314577]}, "properties": {"direction": "83", "highway": "street_lamp", "lamp_mount": "angled_mast", "lamp_type": "led", "support": "pole"}, "geohash": "tuxnftvsf"},{"type": "Feature", "geometry": {"type": "Point", "coordinates": [88.7112814, 26.5313033]}, "properties": {"direction": "85", "highway": "street_lamp", "lamp_mount": "angled_mast", "lamp_type": "led", "support": "pole"}, "geohash": "tuxnftvs4"},{"type": "Feature", "geometry": {"type": "Point", "coordinates": [88.7112998, 26.5311367]}, "properties": {"direction": "86", "highway": "street_lamp", "lamp_mount": "angled_mast", "lamp_type": "led", "support": "pole"}, "geohash": "tuxnftve5"},{"type": "Feature", "geometry": {"type": "Point", "coordinates": [88.7113709, 26.5309954]}, "properties": {"direction": "264", "highway": "street_lamp", "lamp_mount": "angled_mast", "lamp_type": "led", "support": "pole"}, "geohash": "tuxnftvdk"},{"type": "Feature", "geometry": {"type": "Point", "coordinates": [88.7113415, 26.5308078]}, "properties": {"direction": "83", "highway": "street_lamp", "lamp_mount": "angled_mast", "lamp_type": "led", "support": "pole"}, "geohash": "tuxnftv9h"},{"type": "Feature", "geometry": {"type": "Point", "coordinates": [88.711347, 26.5307376]}, "properties": {"direction": "86", "highway": "street_lamp", "lamp_mount": "angled_mast", "lamp_type": "led", "support": "pole"}, "geohash": "tuxnftv8s"},{"type": "Feature", "geometry": {"type": "Point", "coordinates": [88.7113622, 26.5305818]}, "properties": {"direction": "84", "highway": "street_lamp", "lamp_mount": "angled_mast", "lamp_type": "led", "support": "pole"}, "geohash": "tuxnfttxu"},{"type": "Feature", "geometry": {"type": "Point", "coordinates": [88.7113902, 26.5303578]}, "properties": {"direction": "82", "highway": "street_lamp", "lamp_mount": "angled_mast", "lamp_type": "led", "support": "pole"}, "geohash": "tuxnfttwt"},{"type": "Feature", "geometry": {"type": "Point", "coordinates": [88.7116155, 26.5301456]}, "properties": {"direction": "351", "highway": "street_lamp", "lamp_mount": "angled_mast", "lamp_type": "led", "support": "pole"}, "geohash": "tuxnfttv6"},{"type": "Feature", "geometry": {"type": "Point", "coordinates": [88.7117591, 26.5301669]}, "properties": {"direction": "350", "highway": "street_lamp", "lamp_mount": "angled_mast", "lamp_type": "led", "support": "pole"}, "geohash": "tuxnfttvm"},{"type": "Feature", "geometry": {"type": "Point", "coordinates": [88.7120426, 26.530288]}, "properties": {"direction": "170", "highway": "street_lamp", "lamp_mount": "angled_mast", "lamp_type": "led", "support": "pole"}, "geohash": "tuxnftwnh"},{"type": "Feature", "geometry": {"type": "Point", "coordinates": [88.7123309, 26.530263]}, "properties": {"direction": "352", "highway": "street_lamp", "lamp_mount": "angled_mast", "lamp_type": "led", "support": "pole"}, "geohash": "tuxnftwmg"},{"type": "Feature", "geometry": {"type": "Point", "coordinates": [88.7124671, 26.5302961]}, "properties": {"direction": "350", "highway": "street_lamp", "lamp_mount": "angled_mast", "lamp_type": "led", "support": "pole"}, "geohash": "tuxnftwqn"},{"type": "Feature", "geometry": {"type": "Point", "coordinates": [88.7126486, 26.5303357]}, "properties": {"direction": "347", "highway": "street_lamp", "lamp_mount": "angled_mast", "lamp_type": "led", "support": "pole"}, "geohash": "tuxnftww6"},{"type": "Feature", "geometry": {"type": "Point", "coordinates": [88.7129076, 26.530377]}, "properties": {"direction": "349", "highway": "street_lamp", "lamp_mount": "angled_mast", "lamp_type": "led", "support": "pole"}, "geohash": "tuxnftwy8"},{"type": "Feature", "geometry": {"type": "Point", "coordinates": [88.7142573, 26.5306674]}, "properties": {"direction": "164", "highway": "street_lamp", "lamp_mount": "angled_mast", "lamp_type": "led", "support": "pole"}, "geohash": "tuxnftzb2"},{"type": "Feature", "geometry": {"type": "Point", "coordinates": [88.7243607, 26.5267816]}, "properties": {"direction": "73", "highway": "street_lamp", "lamp_mount": "angled_mast", "lamp_type": "led", "support": "pole"}, "geohash": "tuxnfvp1e"},{"type": "Feature", "geometry": {"type": "Point", "coordinates": [88.7203345, 26.5295758]}, "properties": {"direction": "37", "highway": "street_lamp", "lamp_mount": "angled_mast", "lamp_type": "led", "support": "pole"}, "geohash": "tuxnfvs1v"},{"type": "Feature", "geometry": {"type": "Point", "coordinates": [88.7241883, 26.5272845]}, "properties": {"direction": "72", "highway": "street_lamp", "lamp_mount": "angled_mast", "lamp_type": "led", "support": "pole"}, "geohash": "tuxnfvnux"},{"type": "Feature", "geometry": {"type": "Point", "coordinates": [88.7258261, 26.5254468]}, "properties": {"direction": "234", "highway": "street_lamp", "lamp_mount": "angled_mast", "lamp_type": "led", "support": "pole"}, "geohash": "tuxnghb1v"},{"type": "Feature", "geometry": {"type": "Point", "coordinates": [88.7255677, 26.5257397]}, "properties": {"direction": "231", "highway": "street_lamp", "lamp_mount": "angled_mast", "lamp_type": "led", "support": "pole"}, "geohash": "tuxnfuzgx"},{"type": "Feature", "geometry": {"type": "Point", "coordinates": [88.7254415, 26.525876]}, "properties": {"direction": "225", "highway": "street_lamp", "lamp_mount": "angled_mast", "lamp_type": "led", "support": "pole"}, "geohash": "tuxnfuzuk"},{"type": "Feature", "geometry": {"type": "Point", "coordinates": [88.7251849, 26.525972]}, "properties": {"direction": "41", "highway": "street_lamp", "lamp_mount": "angled_mast", "lamp_type": "led", "support": "pole"}, "geohash": "tuxnfuzsy"},{"type": "Feature", "geometry": {"type": "Point", "coordinates": [88.7246542, 26.5261805]}, "properties": {"direction": "340", "highway": "street_lamp", "lamp_mount": "angled_mast", "lamp_type": "led", "support": "pole"}, "geohash": "tuxnfuzq4"},{"type": "Feature", "geometry": {"type": "Point", "coordinates": [88.7245566, 26.5264167]}, "properties": {"direction": "51", "highway": "street_lamp", "lamp_mount": "angled_mast", "lamp_type": "led", "support": "pole"}, "geohash": "tuxnfuzr8"},{"type": "Feature", "geometry": {"type": "Point", "coordinates": [88.7244569, 26.5265919]}, "properties": {"direction": "66", "highway": "street_lamp", "lamp_mount": "angled_mast", "lamp_type": "led", "support": "pole"}, "geohash": "tuxnfvp0t"},{"type": "Feature", "geometry": {"type": "Point", "coordinates": [88.7242783, 26.527022]}, "properties": {"direction": "74", "highway": "street_lamp", "lamp_mount": "angled_mast", "lamp_type": "led", "support": "pole"}, "geohash": "tuxnfvp51"},{"type": "Feature", "geometry": {"type": "Point", "coordinates": [88.7259931, 26.5252198]}, "properties": {"direction": "238", "highway": "street_lamp", "lamp_mount": "angled_mast", "lamp_type": "led", "support": "pole"}, "geohash": "tuxnghb29"},{"type": "Feature", "geometry": {"type": "Point", "coordinates": [88.7241341, 26.5274412]}, "properties": {"direction": "70", "highway": "street_lamp", "lamp_mount": "angled_mast", "lamp_type": "led", "support": "pole"}, "geohash": "tuxnfvnvw"},{"type": "Feature", "geometry": {"type": "Point", "coordinates": [88.7240603, 26.5276313]}, "properties": {"direction": "67", "highway": "street_lamp", "lamp_mount": "angled_mast", "lamp_type": "led", "support": "pole"}, "geohash": "tuxnfvnys"},{"type": "Feature", "geometry": {"type": "Point", "coordinates": [88.7236725, 26.5281074]}, "properties": {"direction": "40", "highway": "street_lamp", "lamp_mount": "angled_mast", "lamp_type": "led", "support": "pole"}, "geohash": "tuxnfvq97"},{"type": "Feature", "geometry": {"type": "Point", "coordinates": [88.7235201, 26.5283276]}, "properties": {"direction": "221", "highway": "street_lamp", "lamp_mount": "angled_mast", "lamp_type": "led", "support": "pole"}, "geohash": "tuxnfvq6x"},{"type": "Feature", "geometry": {"type": "Point", "coordinates": [88.7233083, 26.5283907]}, "properties": {"direction": "348", "highway": "street_lamp", "lamp_mount": "angled_mast", "lamp_type": "led", "support": "pole"}, "geohash": "tuxnfvq74"},{"type": "Feature", "geometry": {"type": "Point", "coordinates": [88.7232819, 26.5285274]}, "properties": {"direction": "233", "highway": "street_lamp", "lamp_mount": "angled_mast", "lamp_type": "led", "support": "pole"}, "geohash": "tuxnfvq7f"},{"type": "Feature", "geometry": {"type": "Point", "coordinates": [88.7223359, 26.5291739]}, "properties": {"direction": "210", "highway": "street_lamp", "lamp_mount": "angled_mast", "lamp_type": "led", "support": "pole"}, "geohash": "tuxnfvmxs"},{"type": "Feature", "geometry": {"type": "Point", "coordinates": [88.7221052, 26.5292771]}, "properties": {"direction": "204", "highway": "street_lamp", "lamp_mount": "angled_mast", "lamp_type": "led", "support": "pole"}, "geohash": "tuxnfvt2n"},{"type": "Feature", "geometry": {"type": "Point", "coordinates": [88.7218539, 26.5292582]}, "properties": {"direction": "11", "highway": "street_lamp", "lamp_mount": "angled_mast", "lamp_type": "led", "support": "pole"}, "geohash": "tuxnfvt21"},{"type": "Feature", "geometry": {"type": "Point", "coordinates": [88.7214939, 26.5292817]}, "properties": {"direction": "0", "highway": "street_lamp", "lamp_mount": "angled_mast", "lamp_type": "led", "support": "pole"}, "geohash": "tuxnfvt02"},{"type": "Feature", "geometry": {"type": "Point", "coordinates": [88.7212636, 26.5292983]}, "properties": {"direction": "0", "highway": "street_lamp", "lamp_mount": "angled_mast", "lamp_type": "led", "support": "pole"}, "geohash": "tuxnfvsb7"},{"type": "Feature", "geometry": {"type": "Point", "coordinates": [88.7272095, 26.521124]}, "properties": {"direction": "69", "highway": "street_lamp", "lamp_mount": "angled_mast", "lamp_type": "led", "support": "pole"}, "geohash": "tuxngh10t"},{"type": "Feature", "geometry": {"type": "Point", "coordinates": [88.7207657, 26.52934]}, "properties": {"direction": "25", "highway": "street_lamp", "lamp_mount": "angled_mast", "lamp_type": "led", "support": "pole"}, "geohash": "tuxnfvs2x"},{"type": "Feature", "geometry": {"type": "Point", "coordinates": [88.7204523, 26.5294997]}, "properties": {"direction": "35", "highway": "street_lamp", "lamp_mount": "angled_mast", "lamp_type": "led", "support": "pole"}, "geohash": "tuxnfvs38"},{"type": "Feature", "geometry": {"type": "Point", "coordinates": [88.7201123, 26.529736]}, "properties": {"direction": "187", "highway": "street_lamp", "lamp_mount": "angled_mast", "lamp_type": "led", "support": "pole"}, "geohash": "tuxnfvs4b"},{"type": "Feature", "geometry": {"type": "Point", "coordinates": [88.7195421, 26.5297324]}, "properties": {"direction": "175", "highway": "street_lamp", "lamp_mount": "angled_mast", "lamp_type": "led", "support": "pole"}, "geohash": "tuxnfvedg"},{"type": "Feature", "geometry": {"type": "Point", "coordinates": [88.7193079, 26.5297063]}, "properties": {"direction": "172", "highway": "street_lamp", "lamp_mount": "angled_mast", "lamp_type": "led", "support": "pole"}, "geohash": "tuxnfve6t"},{"type": "Feature", "geometry": {"type": "Point", "coordinates": [88.7210687, 26.5292966]}, "properties": {"direction": "357", "highway": "street_lamp", "lamp_mount": "angled_mast", "lamp_type": "led", "support": "pole"}, "geohash": "tuxnfvs8q"},{"type": "Feature", "geometry": {"type": "Point", "coordinates": [88.7121653, 26.521783]}, "properties": {"direction": "331", "highway": "street_lamp", "lamp_mount": "angled_mast", "lamp_type": "led", "support": "pole"}, "geohash": "tuxnfsnhx"},{"type": "Feature", "geometry": {"type": "Point", "coordinates": [88.7079499, 26.5327501]}, "properties": {"direction": "250", "highway": "street_lamp", "lamp_mount": "angled_mast", "lamp_type": "led", "support": "pole"}, "geohash": "tuxnfw5hm"},{"type": "Feature", "geometry": {"type": "Point", "coordinates": [88.7076982, 26.533099]}, "properties": {"direction": "87", "highway": "street_lamp", "lamp_mount": "angled_mast", "lamp_type": "led", "support": "pole"}, "geohash": "tuxnfw4yx"},{"type": "Feature", "geometry": {"type": "Point", "coordinates": [88.7077247, 26.5334217]}, "properties": {"direction": "263", "highway": "street_lamp", "lamp_mount": "angled_mast", "lamp_type": "sodium", "support": "pole"}, "geohash": "tuxnfw6br"},{"type": "Feature", "geometry": {"type": "Point", "coordinates": [88.7077025, 26.5336805]}, "properties": {"direction": "264", "highway": "street_lamp", "lamp_mount": "angled_mast", "lamp_type": "led", "support": "pole"}, "geohash": "tuxnfw6cz"},{"type": "Feature", "geometry": {"type": "Point", "coordinates": [88.7076711, 26.5340036]}, "properties": {"direction": "265", "highway": "street_lamp", "lamp_mount": "angled_mast", "lamp_type": "led", "support": "pole"}, "geohash": "tuxnfw6gy"},{"type": "Feature", "geometry": {"type": "Point", "coordinates": [88.7076502, 26.5342514]}, "properties": {"direction": "267", "highway": "street_lamp", "lamp_mount": "angled_mast", "lamp_type": "led", "support": "pole"}, "geohash": "tuxnfw6vn"},{"type": "Feature", "geometry": {"type": "Point", "coordinates": [88.7202602, 26.5389277]}, "properties": {"highway": "street_lamp", "lamp_mount": "angled_mast", "lamp_type": "led", "support": "pole"}, "geohash": "tuxnfzk07"},{"type": "Feature", "geometry": {"type": "Point", "coordinates": [88.720233, 26.5390204]}, "properties": {"highway": "street_lamp", "lamp_mount": "angled_mast", "lamp_type": "led", "support": "pole"}, "geohash": "tuxnfzk0g"},{"type": "Feature", "geometry": {"type": "Point", "coordinates": [88.7203037, 26.5387032]}, "properties": {"highway": "street_lamp", "lamp_mount": "angled_mast", "lamp_type": "led", "support": "pole"}, "geohash": "tuxnfzhph"},{"type": "Feature", "geometry": {"type": "Point", "coordinates": [88.7203111, 26.5386279]}, "properties": {"highway": "street_lamp", "lamp_mount": "angled_mast", "lamp_type": "led", "support": "pole"}, "geohash": "tuxnfzhnt"},{"type": "Feature", "geometry": {"type": "Point", "coordinates": [88.7203636, 26.5378747]}, "properties": {"highway": "street_lamp", "lamp_mount": "angled_mast", "lamp_type": "led", "support": "pole"}, "geohash": "tuxnfzh4q"},{"type": "Feature", "geometry": {"type": "Point", "coordinates": [88.7203934, 26.5374056]}, "properties": {"direction": "76", "highway": "street_lamp", "lamp_mount": "angled_mast", "lamp_type": "led", "support": "pole"}, "geohash": "tuxnfyupx"},{"type": "Feature", "geometry": {"type": "Point", "coordinates": [88.7205806, 26.5370615]}, "properties": {"highway": "street_lamp", "lamp_mount": "angled_mast", "lamp_type": "led", "support": "pole"}, "geohash": "tuxnfyume"},{"type": "Feature", "geometry": {"type": "Point", "coordinates": [88.7206204, 26.5369301]}, "properties": {"highway": "street_lamp", "lamp_mount": "angled_mast", "lamp_type": "led", "support": "pole"}, "geohash": "tuxnfyuku"},{"type": "Feature", "geometry": {"type": "Point", "coordinates": [88.7207107, 26.5366261]}, "properties": {"highway": "street_lamp", "lamp_mount": "angled_mast", "lamp_type": "led", "support": "pole"}, "geohash": "tuxnfyu7n"},{"type": "Feature", "geometry": {"type": "Point", "coordinates": [88.7207882, 26.5362624]}, "properties": {"highway": "street_lamp", "lamp_mount": "angled_mast", "lamp_type": "led", "support": "pole"}, "geohash": "tuxnfyu8b"},{"type": "Feature", "geometry": {"type": "Point", "coordinates": [88.7208167, 26.5361042]}, "properties": {"highway": "street_lamp", "lamp_mount": "angled_mast", "lamp_type": "led", "support": "pole"}, "geohash": "tuxnfyu80"},{"type": "Feature", "geometry": {"type": "Point", "coordinates": [88.7208558, 26.5358499]}, "properties": {"highway": "street_lamp", "lamp_mount": "angled_mast", "lamp_type": "led", "support": "pole"}, "geohash": "tuxnfysw9"},{"type": "Feature", "geometry": {"type": "Point", "coordinates": [88.7209024, 26.5355934]}, "properties": {"highway": "street_lamp", "lamp_mount": "angled_mast", "lamp_type": "led", "support": "pole"}, "geohash": "tuxnfyst4"},{"type": "Feature", "geometry": {"type": "Point", "coordinates": [88.7072513, 26.5241719]}, "properties": {"direction": "270", "highway": "street_lamp", "lamp_mount": "angled_mast", "lamp_type": "led", "support": "pole"}, "geohash": "tuxnfsdds"},{"type": "Feature", "geometry": {"type": "Point", "coordinates": [88.7071689, 26.523405]}, "properties": {"direction": "91", "highway": "street_lamp", "lamp_mount": "angled_mast", "lamp_type": "led", "support": "pole"}, "geohash": "tuxnfs6w4"},{"type": "Feature", "geometry": {"type": "Point", "coordinates": [88.7073266, 26.5225956]}, "properties": {"direction": "267", "highway": "street_lamp", "lamp_mount": "angled_mast", "lamp_type": "led", "support": "pole"}, "geohash": "tuxnfs69q"},{"type": "Feature", "geometry": {"type": "Point", "coordinates": [88.7072934, 26.5223162]}, "properties": {"direction": "87", "highway": "street_lamp", "lamp_mount": "angled_mast", "lamp_type": "led", "support": "pole"}, "geohash": "tuxnfs4xt"},{"type": "Feature", "geometry": {"type": "Point", "coordinates": [88.7073788, 26.521905]}, "properties": {"direction": "267", "highway": "street_lamp", "lamp_mount": "angled_mast", "lamp_type": "led", "support": "pole"}, "geohash": "tuxnfs4tr"},{"type": "Feature", "geometry": {"type": "Point", "coordinates": [88.7073903, 26.5215084]}, "properties": {"direction": "267", "highway": "street_lamp", "lamp_mount": "angled_mast", "lamp_type": "led", "support": "pole"}, "geohash": "tuxnfs4fb"},{"type": "Feature", "geometry": {"type": "Point", "coordinates": [88.7073903, 26.5212846]}, "properties": {"direction": "269", "highway": "street_lamp", "lamp_mount": "angled_mast", "lamp_type": "led", "support": "pole"}, "geohash": "tuxnfs4c8"},{"type": "Feature", "geometry": {"type": "Point", "coordinates": [88.707771, 26.5213147]}, "properties": {"direction": "175", "highway": "street_lamp", "lamp_mount": "angled_mast", "lamp_type": "led", "support": "pole"}, "geohash": "tuxnfs51b"},{"type": "Feature", "geometry": {"type": "Point", "coordinates": [88.7072624, 26.5238455]}, "properties": {"direction": "271", "highway": "street_lamp", "lamp_mount": "angled_mast", "lamp_type": "led", "support": "pole"}, "geohash": "tuxnfsd8t"},{"type": "Feature", "geometry": {"type": "Point", "coordinates": [88.7208888, 26.5351068]}, "properties": {"direction": "77", "highway": "street_lamp", "lamp_mount": "angled_mast", "lamp_type": "led", "support": "pole"}, "geohash": "tuxnfysd4"},{"type": "Feature", "geometry": {"type": "Point", "coordinates": [88.7209439, 26.5350528]}, "properties": {"highway": "street_lamp", "lamp_type": "led", "support": "pole"}, "geohash": "tuxnfys9g"},{"type": "Feature", "geometry": {"type": "Point", "coordinates": [88.7209408, 26.535362]}, "properties": {"highway": "street_lamp", "lamp_mount": "angled_mast", "lamp_type": "led", "support": "pole"}, "geohash": "tuxnfysee"},{"type": "Feature", "geometry": {"type": "Point", "coordinates": [88.7079325, 26.5213163]}, "properties": {"direction": "176", "highway": "street_lamp", "lamp_mount": "angled_mast", "lamp_type": "led", "support": "pole"}, "geohash": "tuxnfs51u"},{"type": "Feature", "geometry": {"type": "Point", "coordinates": [88.7083631, 26.5213073]}, "properties": {"direction": "355", "highway": "street_lamp", "lamp_mount": "angled_mast", "lamp_type": "led", "support": "pole"}, "geohash": "tuxnfs53y"},{"type": "Feature", "geometry": {"type": "Point", "coordinates": [88.7091347, 26.5213965]}, "properties": {"direction": "175", "highway": "street_lamp", "lamp_mount": "angled_mast", "lamp_type": "led", "support": "pole"}, "geohash": "tuxnfsh42"},{"type": "Feature", "geometry": {"type": "Point", "coordinates": [88.7093679, 26.5213772]}, "properties": {"direction": "357", "highway": "street_lamp", "lamp_mount": "angled_mast", "lamp_type": "led", "support": "pole"}, "geohash": "tuxnfsh4n"},{"type": "Feature", "geometry": {"type": "Point", "coordinates": [88.7096415, 26.5214369]}, "properties": {"direction": "174", "highway": "street_lamp", "lamp_mount": "angled_mast", "lamp_type": "led", "support": "pole"}, "geohash": "tuxnfsh6s"},{"type": "Feature", "geometry": {"type": "Point", "coordinates": [88.7098774, 26.521449]}, "properties": {"direction": "177", "highway": "street_lamp", "lamp_mount": "angled_mast", "lamp_type": "led", "support": "pole"}, "geohash": "tuxnfshd9"},{"type": "Feature", "geometry": {"type": "Point", "coordinates": [88.7099124, 26.5213254]}, "properties": {"direction": "89", "highway": "street_lamp", "lamp_mount": "angled_mast", "lamp_type": "led", "support": "pole"}, "geohash": "tuxnfsh9f"},{"type": "Feature", "geometry": {"type": "Point", "coordinates": [88.7099131, 26.5212223]}, "properties": {"direction": "91", "highway": "street_lamp", "lamp_mount": "angled_mast", "lamp_type": "led", "support": "pole"}, "geohash": "tuxnfsh96"},{"type": "Feature", "geometry": {"type": "Point", "coordinates": [88.7104893, 26.5211204]}, "properties": {"direction": "159", "highway": "street_lamp", "lamp_mount": "angled_mast", "lamp_type": "led", "support": "pole"}, "geohash": "tuxnfsj08"},{"type": "Feature", "geometry": {"type": "Point", "coordinates": [88.710965, 26.5212006]}, "properties": {"direction": "340", "highway": "street_lamp", "lamp_mount": "angled_mast", "lamp_type": "led", "support": "pole"}, "geohash": "tuxnfsj35"},{"type": "Feature", "geometry": {"type": "Point", "coordinates": [88.711174, 26.5212826]}, "properties": {"direction": "66", "highway": "street_lamp", "lamp_mount": "angled_mast", "lamp_type": "led", "support": "pole"}, "geohash": "tuxnfsj98"},{"type": "Feature", "geometry": {"type": "Point", "coordinates": [88.7112636, 26.521411]}, "properties": {"direction": "76", "highway": "street_lamp", "lamp_mount": "angled_mast", "lamp_type": "led", "support": "pole"}, "geohash": "tuxnfsjd6"},{"type": "Feature", "geometry": {"type": "Point", "coordinates": [88.7115446, 26.5215412]}, "properties": {"direction": "157", "highway": "street_lamp", "lamp_mount": "angled_mast", "lamp_type": "led", "support": "pole"}, "geohash": "tuxnfsjg0"},{"type": "Feature", "geometry": {"type": "Point", "coordinates": [88.7118094, 26.5216805]}, "properties": {"direction": "154", "highway": "street_lamp", "lamp_mount": "angled_mast", "lamp_type": "led", "support": "pole"}, "geohash": "tuxnfsjgy"},{"type": "Feature", "geometry": {"type": "Point", "coordinates": [88.7076273, 26.534466]}, "properties": {"direction": "267", "highway": "street_lamp", "lamp_mount": "angled_mast", "lamp_type": "led", "support": "pole"}, "geohash": "tuxnfw6ym"},{"type": "Feature", "geometry": {"type": "Point", "coordinates": [88.7123095, 26.5218759]}, "properties": {"direction": "329", "highway": "street_lamp", "lamp_mount": "angled_mast", "lamp_type": "led", "support": "pole"}, "geohash": "tuxnfsnm4"},{"type": "Feature", "geometry": {"type": "Point", "coordinates": [88.7124732, 26.5220604]}, "properties": {"direction": "154", "highway": "street_lamp", "lamp_mount": "angled_mast", "lamp_type": "led", "support": "pole"}, "geohash": "tuxnfsnqn"},{"type": "Feature", "geometry": {"type": "Point", "coordinates": [88.7127974, 26.522257]}, "properties": {"direction": "149", "highway": "street_lamp", "lamp_mount": "angled_mast", "lamp_type": "led", "support": "pole"}, "geohash": "tuxnfsnxq"},{"type": "Feature", "geometry": {"type": "Point", "coordinates": [88.7129759, 26.5223679]}, "properties": {"direction": "149", "highway": "street_lamp", "lamp_mount": "angled_mast", "lamp_type": "led", "support": "pole"}, "geohash": "tuxnfsnzf"},{"type": "Feature", "geometry": {"type": "Point", "coordinates": [88.7132994, 26.5225585]}, "properties": {"direction": "151", "highway": "street_lamp", "lamp_mount": "angled_mast", "lamp_type": "led", "support": "pole"}, "geohash": "tuxnfsr11"},{"type": "Feature", "geometry": {"type": "Point", "coordinates": [88.7139996, 26.5229576]}, "properties": {"direction": "148", "highway": "street_lamp", "lamp_mount": "angled_mast", "lamp_type": "led", "support": "pole"}, "geohash": "tuxnfsre6"},{"type": "Feature", "geometry": {"type": "Point", "coordinates": [88.7143163, 26.523042]}, "properties": {"direction": "331", "highway": "street_lamp", "lamp_mount": "angled_mast", "lamp_type": "led", "support": "pole"}, "geohash": "tuxnfsrgc"},{"type": "Feature", "geometry": {"type": "Point", "coordinates": [88.7145751, 26.5231958]}, "properties": {"direction": "330", "highway": "street_lamp", "lamp_mount": "angled_mast", "lamp_type": "led", "support": "pole"}, "geohash": "tuxnfsruz"},{"type": "Feature", "geometry": {"type": "Point", "coordinates": [88.7146425, 26.5232332]}, "properties": {"direction": "330", "highway": "street_lamp", "lamp_mount": "angled_mast", "lamp_type": "led", "support": "pole"}, "geohash": "tuxnfu2j0"},{"type": "Feature", "geometry": {"type": "Point", "coordinates": [88.714817, 26.5233375]}, "properties": {"direction": "330", "highway": "street_lamp", "lamp_mount": "angled_mast", "lamp_type": "led", "support": "pole"}, "geohash": "tuxnfu2jt"},{"type": "Feature", "geometry": {"type": "Point", "coordinates": [88.7149949, 26.5234406]}, "properties": {"direction": "330", "highway": "street_lamp", "lamp_mount": "angled_mast", "lamp_type": "led", "support": "pole"}, "geohash": "tuxnfu2q1"},{"type": "Feature", "geometry": {"type": "Point", "coordinates": [88.7153406, 26.52373]}, "properties": {"direction": "157", "highway": "street_lamp", "lamp_mount": "angled_mast", "lamp_type": "led", "support": "pole"}, "geohash": "tuxnfu2xc"},{"type": "Feature", "geometry": {"type": "Point", "coordinates": [88.7158919, 26.5240297]}, "properties": {"direction": "330", "highway": "street_lamp", "lamp_mount": "angled_mast", "lamp_type": "led", "support": "pole"}, "geohash": "tuxnfu8cw"},{"type": "Feature", "geometry": {"type": "Point", "coordinates": [88.7164142, 26.5243583]}, "properties": {"direction": "337", "highway": "street_lamp", "lamp_mount": "angled_mast", "lamp_type": "led", "support": "pole"}, "geohash": "tuxnfu97d"},{"type": "Feature", "geometry": {"type": "Point", "coordinates": [88.7162309, 26.5248118]}, "properties": {"direction": "81", "highway": "street_lamp", "lamp_mount": "angled_mast", "lamp_type": "led", "support": "pole"}, "geohash": "tuxnfu9nn"},{"type": "Feature", "geometry": {"type": "Point", "coordinates": [88.7162167, 26.5248799]}, "properties": {"direction": "78", "highway": "street_lamp", "lamp_mount": "angled_mast", "lamp_type": "led", "support": "pole"}, "geohash": "tuxnfu9nt"},{"type": "Feature", "geometry": {"type": "Point", "coordinates": [88.7161796, 26.5250457]}, "properties": {"direction": "77", "highway": "street_lamp", "lamp_mount": "angled_mast", "lamp_type": "led", "support": "pole"}, "geohash": "tuxnfu9ps"},{"type": "Feature", "geometry": {"type": "Point", "coordinates": [88.7161985, 26.5251633]}, "properties": {"direction": "264", "highway": "street_lamp", "lamp_mount": "angled_mast", "lamp_type": "led", "support": "pole"}, "geohash": "tuxnfuc0m"},{"type": "Feature", "geometry": {"type": "Point", "coordinates": [88.7160813, 26.5253586]}, "properties": {"direction": "82", "highway": "street_lamp", "lamp_mount": "angled_mast", "lamp_type": "led", "support": "pole"}, "geohash": "tuxnfuc16"},{"type": "Feature", "geometry": {"type": "Point", "coordinates": [88.7159943, 26.5255817]}, "properties": {"direction": "71", "highway": "street_lamp", "lamp_mount": "angled_mast", "lamp_type": "led", "support": "pole"}, "geohash": "tuxnfuc48"},{"type": "Feature", "geometry": {"type": "Point", "coordinates": [88.7159707, 26.5256541]}, "properties": {"direction": "74", "highway": "street_lamp", "lamp_mount": "angled_mast", "lamp_type": "led", "support": "pole"}, "geohash": "tuxnfubgp"},{"type": "Feature", "geometry": {"type": "Point", "coordinates": [88.7159218, 26.5258114]}, "properties": {"direction": "80", "highway": "street_lamp", "lamp_mount": "angled_mast", "lamp_type": "led", "support": "pole"}, "geohash": "tuxnfubun"},{"type": "Feature", "geometry": {"type": "Point", "coordinates": [88.7158398, 26.5261168]}, "properties": {"direction": "79", "highway": "street_lamp", "lamp_mount": "angled_mast", "lamp_type": "led", "support": "pole"}, "geohash": "tuxnfubvu"},{"type": "Feature", "geometry": {"type": "Point", "coordinates": [88.7158035, 26.5264842]}, "properties": {"direction": "259", "highway": "street_lamp", "lamp_mount": "angled_mast", "lamp_type": "led", "support": "pole"}, "geohash": "tuxnfubzu"},{"type": "Feature", "geometry": {"type": "Point", "coordinates": [88.7157159, 26.5267175]}, "properties": {"direction": "249", "highway": "street_lamp", "lamp_mount": "angled_mast", "lamp_type": "led", "support": "pole"}, "geohash": "tuxnfv0c6"},{"type": "Feature", "geometry": {"type": "Point", "coordinates": [88.7156666, 26.52684]}, "properties": {"direction": "248", "highway": "street_lamp", "lamp_mount": "angled_mast", "lamp_type": "led", "support": "pole"}, "geohash": "tuxnfv0f0"},{"type": "Feature", "geometry": {"type": "Point", "coordinates": [88.7156251, 26.526952]}, "properties": {"direction": "252", "highway": "street_lamp", "lamp_mount": "angled_mast", "lamp_type": "led", "support": "pole"}, "geohash": "tuxnfv0dx"},{"type": "Feature", "geometry": {"type": "Point", "coordinates": [88.7153662, 26.5274541]}, "properties": {"direction": "82", "highway": "street_lamp", "lamp_mount": "angled_mast", "lamp_type": "led", "support": "pole"}, "geohash": "tuxnfv0t9"},{"type": "Feature", "geometry": {"type": "Point", "coordinates": [88.7152722, 26.5278522]}, "properties": {"direction": "83", "highway": "street_lamp", "lamp_mount": "angled_mast", "lamp_type": "led", "support": "pole"}, "geohash": "tuxnfv0rz"},{"type": "Feature", "geometry": {"type": "Point", "coordinates": [88.715219, 26.5280699]}, "properties": {"direction": "74", "highway": "street_lamp", "lamp_mount": "angled_mast", "lamp_type": "led", "support": "pole"}, "geohash": "tuxnfv23n"},{"type": "Feature", "geometry": {"type": "Point", "coordinates": [88.715171, 26.5282342]}, "properties": {"direction": "81", "highway": "street_lamp", "lamp_mount": "angled_mast", "lamp_type": "led", "support": "pole"}, "geohash": "tuxnfv26j"},{"type": "Feature", "geometry": {"type": "Point", "coordinates": [88.7151716, 26.5284478]}, "properties": {"direction": "259", "highway": "street_lamp", "lamp_mount": "angled_mast", "lamp_type": "led", "support": "pole"}, "geohash": "tuxnfv27m"},{"type": "Feature", "geometry": {"type": "Point", "coordinates": [88.7149854, 26.5287525]}, "properties": {"direction": "76", "highway": "street_lamp", "lamp_mount": "angled_mast", "lamp_type": "led", "support": "pole"}, "geohash": "tuxnfv2m0"},{"type": "Feature", "geometry": {"type": "Point", "coordinates": [88.7148155, 26.5287745]}, "properties": {"direction": "174", "highway": "street_lamp", "lamp_mount": "angled_mast", "lamp_type": "led", "support": "pole"}, "geohash": "tuxnfv2jm"},{"type": "Feature", "geometry": {"type": "Point", "coordinates": [88.7146131, 26.5287496]}, "properties": {"direction": "172", "highway": "street_lamp", "lamp_mount": "angled_mast", "lamp_type": "led", "support": "pole"}, "geohash": "tuxnfv2j0"},{"type": "Feature", "geometry": {"type": "Point", "coordinates": [88.7140967, 26.5286364]}, "properties": {"direction": "354", "highway": "street_lamp", "lamp_mount": "angled_mast", "lamp_type": "led", "support": "pole"}, "geohash": "tuxnftrss"},{"type": "Feature", "geometry": {"type": "Point", "coordinates": [88.7136685, 26.5286515]}, "properties": {"direction": "175", "highway": "street_lamp", "lamp_mount": "angled_mast", "lamp_type": "led", "support": "pole"}, "geohash": "tuxnftrkd"},{"type": "Feature", "geometry": {"type": "Point", "coordinates": [88.7133552, 26.5286352]}, "properties": {"direction": "177", "highway": "street_lamp", "lamp_mount": "angled_mast", "lamp_type": "led", "support": "pole"}, "geohash": "tuxnftrhe"},{"type": "Feature", "geometry": {"type": "Point", "coordinates": [88.7131411, 26.5286248]}, "properties": {"direction": "179", "highway": "street_lamp", "lamp_mount": "angled_mast", "lamp_type": "led", "support": "pole"}, "geohash": "tuxnftquq"},{"type": "Feature", "geometry": {"type": "Point", "coordinates": [88.7129238, 26.5286161]}, "properties": {"direction": "176", "highway": "street_lamp", "lamp_mount": "angled_mast", "lamp_type": "led", "support": "pole"}, "geohash": "tuxnftqu2"},{"type": "Feature", "geometry": {"type": "Point", "coordinates": [88.7127207, 26.5286091]}, "properties": {"direction": "179", "highway": "street_lamp", "lamp_mount": "angled_mast", "lamp_type": "led", "support": "pole"}, "geohash": "tuxnftqsk"},{"type": "Feature", "geometry": {"type": "Point", "coordinates": [88.7125209, 26.5285987]}, "properties": {"direction": "181", "highway": "street_lamp", "lamp_mount": "angled_mast", "lamp_type": "led", "support": "pole"}, "geohash": "tuxnftqkr"},{"type": "Feature", "geometry": {"type": "Point", "coordinates": [88.7124606, 26.5285975]}, "properties": {"direction": "359", "highway": "street_lamp", "lamp_mount": "angled_mast", "lamp_type": "led", "support": "pole"}, "geohash": "tuxnftqkq"},{"type": "Feature", "geometry": {"type": "Point", "coordinates": [88.7123211, 26.52859]}, "properties": {"direction": "359", "highway": "street_lamp", "lamp_mount": "angled_mast", "lamp_type": "led", "support": "pole"}, "geohash": "tuxnftqk4"},{"type": "Feature", "geometry": {"type": "Point", "coordinates": [88.7121758, 26.5285836]}, "properties": {"direction": "181", "highway": "street_lamp", "lamp_mount": "angled_mast", "lamp_type": "led", "support": "pole"}, "geohash": "tuxnftqhp"},{"type": "Feature", "geometry": {"type": "Point", "coordinates": [88.7117399, 26.5284994]}, "properties": {"direction": "164", "highway": "street_lamp", "lamp_mount": "angled_mast", "lamp_type": "led", "support": "pole"}, "geohash": "tuxnftmgt"},{"type": "Feature", "geometry": {"type": "Point", "coordinates": [88.7115783, 26.5284489]}, "properties": {"direction": "166", "highway": "street_lamp", "lamp_mount": "angled_mast", "lamp_type": "led", "support": "pole"}, "geohash": "tuxnftmg3"},{"type": "Feature", "geometry": {"type": "Point", "coordinates": [88.7114525, 26.5284042]}, "properties": {"direction": "161", "highway": "street_lamp", "lamp_mount": "angled_mast", "lamp_type": "led", "support": "pole"}, "geohash": "tuxnftmen"},{"type": "Feature", "geometry": {"type": "Point", "coordinates": [88.7112566, 26.5283177]}, "properties": {"direction": "157", "highway": "street_lamp", "lamp_mount": "angled_mast", "lamp_type": "led", "support": "pole"}, "geohash": "tuxnftmdd"},{"type": "Feature", "geometry": {"type": "Point", "coordinates": [88.7110697, 26.528233]}, "properties": {"direction": "159", "highway": "street_lamp", "lamp_mount": "angled_mast", "lamp_type": "led", "support": "pole"}, "geohash": "tuxnftm6j"},{"type": "Feature", "geometry": {"type": "Point", "coordinates": [88.71065, 26.5280438]}, "properties": {"direction": "177", "highway": "street_lamp", "lamp_mount": "angled_mast", "lamp_type": "led", "support": "pole"}, "geohash": "tuxnftm15"},{"type": "Feature", "geometry": {"type": "Point", "coordinates": [88.710613, 26.5285103]}, "properties": {"direction": "86", "highway": "street_lamp", "lamp_mount": "angled_mast", "lamp_type": "led", "support": "pole"}, "geohash": "tuxnftm5g"},{"type": "Feature", "geometry": {"type": "Point", "coordinates": [88.7105898, 26.5286962]}, "properties": {"direction": "87", "highway": "street_lamp", "lamp_mount": "angled_mast", "lamp_type": "led", "support": "pole"}, "geohash": "tuxnftmhf"},{"type": "Feature", "geometry": {"type": "Point", "coordinates": [88.7105769, 26.5288653]}, "properties": {"direction": "86", "highway": "street_lamp", "lamp_mount": "angled_mast", "lamp_type": "led", "support": "pole"}, "geohash": "tuxnftmjf"},{"type": "Feature", "geometry": {"type": "Point", "coordinates": [88.7105743, 26.5290016]}, "properties": {"direction": "82", "highway": "street_lamp", "lamp_mount": "angled_mast", "lamp_type": "led", "support": "pole"}, "geohash": "tuxnftmnd"},{"type": "Feature", "geometry": {"type": "Point", "coordinates": [88.7105317, 26.5292914]}, "properties": {"direction": "85", "highway": "street_lamp", "lamp_mount": "angled_mast", "lamp_type": "led", "support": "pole"}, "geohash": "tuxnftt03"},{"type": "Feature", "geometry": {"type": "Point", "coordinates": [88.710502, 26.5295282]}, "properties": {"direction": "83", "highway": "street_lamp", "lamp_mount": "angled_mast", "lamp_type": "led", "support": "pole"}, "geohash": "tuxnftt18"},{"type": "Feature", "geometry": {"type": "Point", "coordinates": [88.7104756, 26.5297666]}, "properties": {"direction": "85", "highway": "street_lamp", "lamp_mount": "angled_mast", "lamp_type": "led", "support": "pole"}, "geohash": "tuxnftsgp"},{"type": "Feature", "geometry": {"type": "Point", "coordinates": [88.7104588, 26.5300599]}, "properties": {"direction": "173", "highway": "street_lamp", "lamp_mount": "angled_mast", "lamp_type": "led", "support": "pole"}, "geohash": "tuxnftsuz"},{"type": "Feature", "geometry": {"type": "Point", "coordinates": [88.7101077, 26.5299825]}, "properties": {"direction": "357", "highway": "street_lamp", "lamp_mount": "angled_mast", "lamp_type": "led", "support": "pole"}, "geohash": "tuxnftssr"},{"type": "Feature", "geometry": {"type": "Point", "coordinates": [88.7075972, 26.5348019]}, "properties": {"direction": "267", "highway": "street_lamp", "lamp_mount": "angled_mast", "lamp_type": "led", "support": "pole"}, "geohash": "tuxnfwdbk"},{"type": "Feature", "geometry": {"type": "Point", "coordinates": [88.7098257, 26.5302701]}, "properties": {"direction": "102", "highway": "street_lamp", "lamp_mount": "angled_mast", "lamp_type": "led", "support": "pole"}, "geohash": "tuxnftsw0"},{"type": "Feature", "geometry": {"type": "Point", "coordinates": [88.7099064, 26.5306465]}, "properties": {"direction": "100", "highway": "street_lamp", "lamp_mount": "angled_mast", "lamp_type": "led", "support": "pole"}, "geohash": "tuxnftu84"},{"type": "Feature", "geometry": {"type": "Point", "coordinates": [88.7099677, 26.5308965]}, "properties": {"direction": "96", "highway": "street_lamp", "lamp_mount": "angled_mast", "lamp_type": "led", "support": "pole"}, "geohash": "tuxnftu9s"},{"type": "Feature", "geometry": {"type": "Point", "coordinates": [88.7100006, 26.5310622]}, "properties": {"direction": "95", "highway": "street_lamp", "lamp_mount": "angled_mast", "lamp_type": "led", "support": "pole"}, "geohash": "tuxnftuds"},{"type": "Feature", "geometry": {"type": "Point", "coordinates": [88.7100406, 26.5312348]}, "properties": {"direction": "97", "highway": "street_lamp", "lamp_mount": "angled_mast", "lamp_type": "led", "support": "pole"}, "geohash": "tuxnftuet"},{"type": "Feature", "geometry": {"type": "Point", "coordinates": [88.7100722, 26.5313896]}, "properties": {"direction": "99", "highway": "street_lamp", "lamp_mount": "angled_mast", "lamp_type": "led", "support": "pole"}, "geohash": "tuxnftusw"},{"type": "Feature", "geometry": {"type": "Point", "coordinates": [88.7101071, 26.531542]}, "properties": {"direction": "102", "highway": "street_lamp", "lamp_mount": "angled_mast", "lamp_type": "led", "support": "pole"}, "geohash": "tuxnftutr"},{"type": "Feature", "geometry": {"type": "Point", "coordinates": [88.7101658, 26.5318116]}, "properties": {"direction": "272", "highway": "street_lamp", "lamp_mount": "angled_mast", "lamp_type": "led", "support": "pole"}, "geohash": "tuxnftuz0"},{"type": "Feature", "geometry": {"type": "Point", "coordinates": [88.7101936, 26.5330622]}, "properties": {"direction": "176", "highway": "street_lamp", "lamp_mount": "angled_mast", "lamp_type": "led", "support": "pole"}, "geohash": "tuxnfwhy3"},{"type": "Feature", "geometry": {"type": "Point", "coordinates": [88.7097631, 26.5330189]}, "properties": {"direction": "176", "highway": "street_lamp", "lamp_mount": "angled_mast", "lamp_type": "led", "support": "pole"}, "geohash": "tuxnfwhqp"},{"type": "Feature", "geometry": {"type": "Point", "coordinates": [88.7094282, 26.5329911]}, "properties": {"direction": "174", "highway": "street_lamp", "lamp_mount": "angled_mast", "lamp_type": "led", "support": "pole"}, "geohash": "tuxnfwhjz"},{"type": "Feature", "geometry": {"type": "Point", "coordinates": [88.7092988, 26.5330079]}, "properties": {"direction": "263", "highway": "street_lamp", "lamp_mount": "angled_mast", "lamp_type": "led", "support": "pole"}, "geohash": "tuxnfwhju"},{"type": "Feature", "geometry": {"type": "Point", "coordinates": [88.709021, 26.5329014]}, "properties": {"direction": "354", "highway": "street_lamp", "lamp_mount": "angled_mast", "lamp_type": "led", "support": "pole"}, "geohash": "tuxnfw5vq"},{"type": "Feature", "geometry": {"type": "Point", "coordinates": [88.7088842, 26.5328907]}, "properties": {"direction": "353", "highway": "street_lamp", "lamp_mount": "angled_mast", "lamp_type": "led", "support": "pole"}, "geohash": "tuxnfw5v6"},{"type": "Feature", "geometry": {"type": "Point", "coordinates": [88.7086177, 26.5328713]}, "properties": {"direction": "353", "highway": "street_lamp", "lamp_mount": "angled_mast", "lamp_type": "led", "support": "pole"}, "geohash": "tuxnfw5th"},{"type": "Feature", "geometry": {"type": "Point", "coordinates": [88.7083047, 26.5328433]}, "properties": {"direction": "355", "highway": "street_lamp", "lamp_mount": "angled_mast", "lamp_type": "led", "support": "pole"}, "geohash": "tuxnfw5mj"},{"type": "Feature", "geometry": {"type": "Point", "coordinates": [88.7081145, 26.5328326]}, "properties": {"direction": "355", "highway": "street_lamp", "lamp_mount": "angled_mast", "lamp_type": "led", "support": "pole"}, "geohash": "tuxnfw5kb"},{"type": "Feature", "geometry": {"type": "Point", "coordinates": [88.707848, 26.5328181]}, "properties": {"direction": "356", "highway": "street_lamp", "lamp_mount": "angled_mast", "lamp_type": "led", "support": "pole"}, "geohash": "tuxnfw5hf"},{"type": "Feature", "geometry": {"type": "Point", "coordinates": [88.7076011, 26.5328211]}, "properties": {"direction": "0", "highway": "street_lamp", "lamp_mount": "angled_mast", "lamp_type": "led", "support": "pole"}, "geohash": "tuxnfw4uu"},{"type": "Feature", "geometry": {"type": "Point", "coordinates": [88.70741, 26.5328121]}, "properties": {"direction": "352", "highway": "street_lamp", "lamp_mount": "angled_mast", "lamp_type": "led", "support": "pole"}, "geohash": "tuxnfw4ub"},{"type": "Feature", "geometry": {"type": "Point", "coordinates": [88.7071452, 26.5327786]}, "properties": {"direction": "352", "highway": "street_lamp", "lamp_mount": "angled_mast", "lamp_type": "led", "support": "pole"}, "geohash": "tuxnfw4sd"},{"type": "Feature", "geometry": {"type": "Point", "coordinates": [88.706972, 26.5327561]}, "properties": {"direction": "353", "highway": "street_lamp", "lamp_mount": "angled_mast", "lamp_type": "led", "support": "pole"}, "geohash": "tuxnfw4kw"},{"type": "Feature", "geometry": {"type": "Point", "coordinates": [88.7067614, 26.5327436]}, "properties": {"direction": "353", "highway": "street_lamp", "lamp_mount": "angled_mast", "lamp_type": "led", "support": "pole"}, "geohash": "tuxnfw4k3"},{"type": "Feature", "geometry": {"type": "Point", "coordinates": [88.7065447, 26.5327166]}, "properties": {"direction": "85", "highway": "street_lamp", "lamp_mount": "angled_mast", "lamp_type": "led", "support": "pole"}, "geohash": "tuxnfw4hk"},{"type": "Feature", "geometry": {"type": "Point", "coordinates": [88.7065117, 26.533056]}, "properties": {"direction": "85", "highway": "street_lamp", "lamp_mount": "angled_mast", "lamp_type": "led", "support": "pole"}, "geohash": "tuxnfw4n7"},{"type": "Feature", "geometry": {"type": "Point", "coordinates": [88.7064799, 26.5333474]}, "properties": {"direction": "85", "highway": "street_lamp", "lamp_mount": "angled_mast", "lamp_type": "led", "support": "pole"}, "geohash": "tuxnfw4pf"},{"type": "Feature", "geometry": {"type": "Point", "coordinates": [88.7064419, 26.5336478]}, "properties": {"direction": "83", "highway": "street_lamp", "lamp_mount": "angled_mast", "lamp_type": "led", "support": "pole"}, "geohash": "tuxnfw619"},{"type": "Feature", "geometry": {"type": "Point", "coordinates": [88.7064257, 26.5338027]}, "properties": {"direction": "82", "highway": "street_lamp", "lamp_mount": "angled_mast", "lamp_type": "led", "support": "pole"}, "geohash": "tuxnfw649"},{"type": "Feature", "geometry": {"type": "Point", "coordinates": [88.7064095, 26.5339486]}, "properties": {"direction": "81", "highway": "street_lamp", "lamp_mount": "angled_mast", "lamp_type": "led", "support": "pole"}, "geohash": "tuxnfw653"},{"type": "Feature", "geometry": {"type": "Point", "coordinates": [88.7063659, 26.534235]}, "properties": {"direction": "85", "highway": "street_lamp", "lamp_mount": "angled_mast", "lamp_type": "led", "support": "pole"}, "geohash": "tuxnfw6j0"},{"type": "Feature", "geometry": {"type": "Point", "coordinates": [88.7063369, 26.5344654]}, "properties": {"direction": "84", "highway": "street_lamp", "lamp_mount": "angled_mast", "lamp_type": "led", "support": "pole"}, "geohash": "tuxnfw3yr"},{"type": "Feature", "geometry": {"type": "Point", "coordinates": [88.7063062, 26.5346876]}, "properties": {"direction": "82", "highway": "street_lamp", "lamp_mount": "angled_mast", "lamp_type": "led", "support": "pole"}, "geohash": "tuxnfw3zy"},{"type": "Feature", "geometry": {"type": "Point", "coordinates": [88.7062562, 26.5350784]}, "properties": {"direction": "173", "highway": "street_lamp", "lamp_mount": "angled_mast", "lamp_type": "led", "support": "pole"}, "geohash": "tuxnfw9fj"},{"type": "Feature", "geometry": {"type": "Point", "coordinates": [88.7058872, 26.5349855]}, "properties": {"direction": "352", "highway": "street_lamp", "lamp_mount": "angled_mast", "lamp_type": "led", "support": "pole"}, "geohash": "tuxnfw99k"},{"type": "Feature", "geometry": {"type": "Point", "coordinates": [88.7055724, 26.5349517]}, "properties": {"direction": "353", "highway": "street_lamp", "lamp_mount": "angled_mast", "lamp_type": "led", "support": "pole"}, "geohash": "tuxnfw93m"},{"type": "Feature", "geometry": {"type": "Point", "coordinates": [88.7053878, 26.5349285]}, "properties": {"direction": "354", "highway": "street_lamp", "lamp_mount": "angled_mast", "lamp_type": "led", "support": "pole"}, "geohash": "tuxnfw931"},{"type": "Feature", "geometry": {"type": "Point", "coordinates": [88.7050612, 26.5348986]}, "properties": {"direction": "354", "highway": "street_lamp", "lamp_mount": "angled_mast", "lamp_type": "led", "support": "pole"}, "geohash": "tuxnfw90c"},{"type": "Feature", "geometry": {"type": "Point", "coordinates": [88.7049237, 26.5348893]}, "properties": {"direction": "353", "highway": "street_lamp", "lamp_mount": "angled_mast", "lamp_type": "led", "support": "pole"}, "geohash": "tuxnfw8by"},{"type": "Feature", "geometry": {"type": "Point", "coordinates": [88.7046185, 26.534858]}, "properties": {"direction": "353", "highway": "street_lamp", "lamp_mount": "angled_mast", "lamp_type": "led", "support": "pole"}, "geohash": "tuxnfw88z"},{"type": "Feature", "geometry": {"type": "Point", "coordinates": [88.7044423, 26.5348377]}, "properties": {"direction": "352", "highway": "street_lamp", "lamp_mount": "angled_mast", "lamp_type": "led", "support": "pole"}, "geohash": "tuxnfw88e"},{"type": "Feature", "geometry": {"type": "Point", "coordinates": [88.7039438, 26.5347893]}, "properties": {"direction": "58", "highway": "street_lamp", "lamp_mount": "angled_mast", "lamp_type": "led", "support": "pole"}, "geohash": "tuxnfw80r"},{"type": "Feature", "geometry": {"type": "Point", "coordinates": [88.7037301, 26.5347679]}, "properties": {"direction": "353", "highway": "street_lamp", "lamp_mount": "angled_mast", "lamp_type": "led", "support": "pole"}, "geohash": "tuxnfw804"},{"type": "Feature", "geometry": {"type": "Point", "coordinates": [88.7035379, 26.5347481]}, "properties": {"direction": "353", "highway": "street_lamp", "lamp_mount": "angled_mast", "lamp_type": "led", "support": "pole"}, "geohash": "tuxnfqxbn"},{"type": "Feature", "geometry": {"type": "Point", "coordinates": [88.7032672, 26.5347245]}, "properties": {"direction": "4", "highway": "street_lamp", "lamp_mount": "angled_mast", "lamp_type": "led", "support": "pole"}, "geohash": "tuxnfqrxz"},{"type": "Feature", "geometry": {"type": "Point", "coordinates": [88.7064691, 26.5350932]}, "properties": {"direction": "175", "highway": "street_lamp", "lamp_mount": "angled_mast", "lamp_type": "led", "support": "pole"}, "geohash": "tuxnfwd44"},{"type": "Feature", "geometry": {"type": "Point", "coordinates": [88.7067378, 26.5351605]}, "properties": {"direction": "83", "highway": "street_lamp", "lamp_mount": "angled_mast", "lamp_type": "led", "support": "pole"}, "geohash": "tuxnfwd68"},{"type": "Feature", "geometry": {"type": "Point", "coordinates": [88.7069528, 26.5350862]}, "properties": {"direction": "354", "highway": "street_lamp", "lamp_mount": "angled_mast", "lamp_type": "led", "support": "pole"}, "geohash": "tuxnfwd6j"},{"type": "Feature", "geometry": {"type": "Point", "coordinates": [88.7072717, 26.5351625]}, "properties": {"direction": "173", "highway": "street_lamp", "lamp_mount": "angled_mast", "lamp_type": "led", "support": "pole"}, "geohash": "tuxnfwddt"},{"type": "Feature", "geometry": {"type": "Point", "coordinates": [88.7075701, 26.5350972]}, "properties": {"direction": "262", "highway": "street_lamp", "lamp_mount": "angled_mast", "lamp_type": "led", "support": "pole"}, "geohash": "tuxnfwdfh"},{"type": "Feature", "geometry": {"type": "Point", "coordinates": [88.7099955, 26.530038]}, "properties": {"direction": "182", "highway": "street_lamp", "lamp_mount": "angled_mast", "lamp_type": "led", "support": "pole"}, "geohash": "tuxnftsss"},{"type": "Feature", "geometry": {"type": "Point", "coordinates": [88.7257427, 26.5233838]}, "properties": {"direction": "267", "highway": "street_lamp", "lamp_mount": "angled_mast", "lamp_type": "led", "support": "pole"}, "geohash": "tuxngh2jg"},{"type": "Feature", "geometry": {"type": "Point", "coordinates": [88.7257379, 26.5234311]}, "properties": {"direction": "353", "highway": "street_lamp", "lamp_mount": "angled_mast", "lamp_type": "led", "support": "pole"}, "geohash": "tuxngh2n5"},{"type": "Feature", "geometry": {"type": "Point", "coordinates": [88.7257165, 26.5236697]}, "properties": {"direction": "264", "highway": "street_lamp", "lamp_mount": "angled_mast", "lamp_type": "led", "support": "pole"}, "geohash": "tuxngh2pe"},{"type": "Feature", "geometry": {"type": "Point", "coordinates": [88.7257059, 26.5238117]}, "properties": {"direction": "266", "highway": "street_lamp", "lamp_mount": "angled_mast", "lamp_type": "led", "support": "pole"}, "geohash": "tuxngh806"},{"type": "Feature", "geometry": {"type": "Point", "coordinates": [88.7253424, 26.5257557]}, "properties": {"direction": "262", "highway": "street_lamp", "lamp_mount": "angled_mast", "lamp_type": "led", "support": "pole"}, "geohash": "tuxnfuzgd"},{"type": "Feature", "geometry": {"type": "Point", "coordinates": [88.7257823, 26.5229392]}, "properties": {"direction": "264", "highway": "street_lamp", "lamp_mount": "angled_mast", "lamp_type": "led", "support": "pole"}, "geohash": "tuxngh25k"},{"type": "Feature", "geometry": {"type": "Point", "coordinates": [88.7252591, 26.5254913]}, "properties": {"direction": "177", "highway": "street_lamp", "lamp_mount": "angled_mast", "lamp_type": "led", "support": "pole"}, "geohash": "tuxnfuzf0"},{"type": "Feature", "geometry": {"type": "Point", "coordinates": [88.725424, 26.5252017]}, "properties": {"direction": "263", "highway": "street_lamp", "lamp_mount": "angled_mast", "lamp_type": "led", "support": "pole"}, "geohash": "tuxnfuzbk"},{"type": "Feature", "geometry": {"type": "Point", "coordinates": [88.7254425, 26.5250582]}, "properties": {"direction": "264", "highway": "street_lamp", "lamp_mount": "angled_mast", "lamp_type": "led", "support": "pole"}, "geohash": "tuxnfuxzs"},{"type": "Feature", "geometry": {"type": "Point", "coordinates": [88.7254619, 26.5249199]}, "properties": {"direction": "265", "highway": "street_lamp", "lamp_mount": "angled_mast", "lamp_type": "led", "support": "pole"}, "geohash": "tuxnfuxyv"},{"type": "Feature", "geometry": {"type": "Point", "coordinates": [88.7256369, 26.5243505]}, "properties": {"direction": "257", "highway": "street_lamp", "lamp_mount": "angled_mast", "lamp_type": "led", "support": "pole"}, "geohash": "tuxngh859"},{"type": "Feature", "geometry": {"type": "Point", "coordinates": [88.7256797, 26.524123]}, "properties": {"direction": "267", "highway": "street_lamp", "lamp_mount": "angled_mast", "lamp_type": "led", "support": "pole"}, "geohash": "tuxngh844"},{"type": "Feature", "geometry": {"type": "Point", "coordinates": [88.7256952, 26.523958]}, "properties": {"direction": "267", "highway": "street_lamp", "lamp_mount": "angled_mast", "lamp_type": "led", "support": "pole"}, "geohash": "tuxngh816"},{"type": "Feature", "geometry": {"type": "Point", "coordinates": [88.7253708, 26.5255533]}, "properties": {"direction": "261", "highway": "street_lamp", "lamp_mount": "angled_mast", "lamp_type": "led", "support": "pole"}, "geohash": "tuxnfuzfd"},{"type": "Feature", "geometry": {"type": "Point", "coordinates": [88.7279762, 26.5193284]}, "properties": {"direction": "347", "highway": "street_lamp", "lamp_mount": "angled_mast", "lamp_type": "led", "support": "pole"}, "geohash": "tuxng59wr"},{"type": "Feature", "geometry": {"type": "Point", "coordinates": [88.7277503, 26.5192853]}, "properties": {"direction": "349", "highway": "street_lamp", "lamp_mount": "angled_mast", "lamp_type": "led", "support": "pole"}, "geohash": "tuxng59w4"},{"type": "Feature", "geometry": {"type": "Point", "coordinates": [88.7273257, 26.519169]}, "properties": {"direction": "261", "highway": "street_lamp", "lamp_mount": "angled_mast", "lamp_type": "led", "support": "pole"}, "geohash": "tuxng59m2"},{"type": "Feature", "geometry": {"type": "Point", "coordinates": [88.7273019, 26.5190697]}, "properties": {"direction": "78", "highway": "street_lamp", "lamp_mount": "angled_mast", "lamp_type": "led", "support": "pole"}, "geohash": "tuxng59hz"},{"type": "Feature", "geometry": {"type": "Point", "coordinates": [88.727381, 26.5189467]}, "properties": {"direction": "258", "highway": "street_lamp", "lamp_mount": "angled_mast", "lamp_type": "led", "support": "pole"}, "geohash": "tuxng59k1"},{"type": "Feature", "geometry": {"type": "Point", "coordinates": [88.7274247, 26.518788]}, "properties": {"direction": "257", "highway": "street_lamp", "lamp_mount": "angled_mast", "lamp_type": "led", "support": "pole"}, "geohash": "tuxng5974"},{"type": "Feature", "geometry": {"type": "Point", "coordinates": [88.7274318, 26.5186672]}, "properties": {"direction": "22", "highway": "street_lamp", "lamp_mount": "angled_mast", "lamp_type": "led", "support": "pole"}, "geohash": "tuxng5967"},{"type": "Feature", "geometry": {"type": "Point", "coordinates": [88.7277916, 26.5186811]}, "properties": {"direction": "183", "highway": "street_lamp", "lamp_mount": "angled_mast", "lamp_type": "led", "support": "pole"}, "geohash": "tuxng59de"},{"type": "Feature", "geometry": {"type": "Point", "coordinates": [88.7279669, 26.5186741]}, "properties": {"direction": "178", "highway": "street_lamp", "lamp_mount": "angled_mast", "lamp_type": "led", "support": "pole"}, "geohash": "tuxng59dr"},{"type": "Feature", "geometry": {"type": "Point", "coordinates": [88.7282133, 26.5187204]}, "properties": {"direction": "337", "highway": "street_lamp", "lamp_mount": "angled_mast", "lamp_type": "led", "support": "pole"}, "geohash": "tuxng59ft"},{"type": "Feature", "geometry": {"type": "Point", "coordinates": [88.709752, 26.5296555]}, "properties": {"direction": "282", "highway": "street_lamp", "lamp_mount": "angled_mast", "lamp_type": "led", "support": "pole"}, "geohash": "tuxnfts6r"},{"type": "Feature", "geometry": {"type": "Point", "coordinates": [88.7223653, 26.5144885]}, "properties": {"direction": "353", "highway": "street_lamp", "lamp_mount": "angled_mast", "lamp_type": "led", "support": "pole"}, "geohash": "tuxnffvdh"},{"type": "Feature", "geometry": {"type": "Point", "coordinates": [88.7221366, 26.5144593]}, "properties": {"direction": "353", "highway": "street_lamp", "lamp_mount": "angled_mast", "lamp_type": "led", "support": "pole"}, "geohash": "tuxnffv3z"},{"type": "Feature", "geometry": {"type": "Point", "coordinates": [88.721924, 26.514428]}, "properties": {"direction": "352", "highway": "street_lamp", "lamp_mount": "angled_mast", "lamp_type": "led", "support": "pole"}, "geohash": "tuxnffv3d"},{"type": "Feature", "geometry": {"type": "Point", "coordinates": [88.7217111, 26.5144002]}, "properties": {"direction": "352", "highway": "street_lamp", "lamp_mount": "angled_mast", "lamp_type": "led", "support": "pole"}, "geohash": "tuxnffv1t"},{"type": "Feature", "geometry": {"type": "Point", "coordinates": [88.7213584, 26.5143899]}, "properties": {"direction": "83", "highway": "street_lamp", "lamp_mount": "angled_mast", "lamp_type": "led", "support": "pole"}, "geohash": "tuxnffuct"},{"type": "Feature", "geometry": {"type": "Point", "coordinates": [88.7288742, 26.5175276]}, "properties": {"direction": "71", "highway": "street_lamp", "lamp_mount": "angled_mast", "lamp_type": "led", "support": "pole"}, "geohash": "tuxng567u"},{"type": "Feature", "geometry": {"type": "Point", "coordinates": [88.7276651, 26.5249526]}, "properties": {"direction": "307", "highway": "street_lamp", "lamp_mount": "angled_mast", "lamp_type": "led", "support": "pole"}, "geohash": "tuxngh9x0"},{"type": "Feature", "geometry": {"type": "Point", "coordinates": [88.7280423, 26.5254384]}, "properties": {"direction": "312", "highway": "street_lamp", "lamp_mount": "angled_mast", "lamp_type": "led", "support": "pole"}, "geohash": "tuxnghccc"},{"type": "Feature", "geometry": {"type": "Point", "coordinates": [88.728209, 26.5255958]}, "properties": {"direction": "324", "highway": "street_lamp", "lamp_mount": "angled_mast", "lamp_type": "led", "support": "pole"}, "geohash": "tuxnghcfv"},{"type": "Feature", "geometry": {"type": "Point", "coordinates": [88.7284522, 26.5258796]}, "properties": {"direction": "138", "highway": "street_lamp", "lamp_mount": "angled_mast", "lamp_type": "led", "support": "pole"}, "geohash": "tuxnghfh6"},{"type": "Feature", "geometry": {"type": "Point", "coordinates": [88.7285796, 26.5260824]}, "properties": {"direction": "278", "highway": "street_lamp", "lamp_mount": "angled_mast", "lamp_type": "led", "support": "pole"}, "geohash": "tuxnghfjt"},{"type": "Feature", "geometry": {"type": "Point", "coordinates": [88.7285533, 26.5262457]}, "properties": {"direction": "250", "highway": "street_lamp", "lamp_mount": "angled_mast", "lamp_type": "led", "support": "pole"}, "geohash": "tuxnghfnt"},{"type": "Feature", "geometry": {"type": "Point", "coordinates": [88.7284803, 26.5264919]}, "properties": {"direction": "239", "highway": "street_lamp", "lamp_mount": "angled_mast", "lamp_type": "led", "support": "pole"}, "geohash": "tuxngj405"},{"type": "Feature", "geometry": {"type": "Point", "coordinates": [88.7280635, 26.5267278]}, "properties": {"direction": "202", "highway": "street_lamp", "lamp_mount": "angled_mast", "lamp_type": "led", "support": "pole"}, "geohash": "tuxngj1c3"},{"type": "Feature", "geometry": {"type": "Point", "coordinates": [88.7277287, 26.5268326]}, "properties": {"direction": "194", "highway": "street_lamp", "lamp_mount": "angled_mast", "lamp_type": "led", "support": "pole"}, "geohash": "tuxngj1d1"},{"type": "Feature", "geometry": {"type": "Point", "coordinates": [88.7274223, 26.5269154]}, "properties": {"direction": "194", "highway": "street_lamp", "lamp_mount": "angled_mast", "lamp_type": "led", "support": "pole"}, "geohash": "tuxngj166"},{"type": "Feature", "geometry": {"type": "Point", "coordinates": [88.7266222, 26.5270608]}, "properties": {"direction": "15", "highway": "street_lamp", "lamp_mount": "angled_mast", "lamp_type": "led", "support": "pole"}, "geohash": "tuxngj0g2"},{"type": "Feature", "geometry": {"type": "Point", "coordinates": [88.7262495, 26.5271461]}, "properties": {"direction": "318", "highway": "street_lamp", "lamp_mount": "angled_mast", "lamp_type": "led", "support": "pole"}, "geohash": "tuxngj07z"},{"type": "Feature", "geometry": {"type": "Point", "coordinates": [88.7260037, 26.5273429]}, "properties": {"direction": "45", "highway": "street_lamp", "lamp_mount": "angled_mast", "lamp_type": "led", "support": "pole"}, "geohash": "tuxngj0kc"},{"type": "Feature", "geometry": {"type": "Point", "coordinates": [88.7259258, 26.527423]}, "properties": {"direction": "53", "highway": "street_lamp", "lamp_mount": "angled_mast", "lamp_type": "led", "support": "pole"}, "geohash": "tuxngj0jr"},{"type": "Feature", "geometry": {"type": "Point", "coordinates": [88.7254987, 26.5278843]}, "properties": {"direction": "51", "highway": "street_lamp", "lamp_mount": "angled_mast", "lamp_type": "led", "support": "pole"}, "geohash": "tuxnfvrbj"},{"type": "Feature", "geometry": {"type": "Point", "coordinates": [88.7253309, 26.5280584]}, "properties": {"direction": "50", "highway": "street_lamp", "lamp_mount": "angled_mast", "lamp_type": "led", "support": "pole"}, "geohash": "tuxnfvrc4"},{"type": "Feature", "geometry": {"type": "Point", "coordinates": [88.7250236, 26.5284703]}, "properties": {"direction": "230", "highway": "street_lamp", "lamp_mount": "angled_mast", "lamp_type": "led", "support": "pole"}, "geohash": "tuxnfvred"},{"type": "Feature", "geometry": {"type": "Point", "coordinates": [88.7248237, 26.5287783]}, "properties": {"direction": "240", "highway": "street_lamp", "lamp_mount": "angled_mast", "lamp_type": "led", "support": "pole"}, "geohash": "tuxnfvrmq"},{"type": "Feature", "geometry": {"type": "Point", "coordinates": [88.7247787, 26.5288448]}, "properties": {"direction": "238", "highway": "street_lamp", "lamp_mount": "angled_mast", "lamp_type": "led", "support": "pole"}, "geohash": "tuxnfvrmt"},{"type": "Feature", "geometry": {"type": "Point", "coordinates": [88.7246407, 26.529005]}, "properties": {"direction": "151", "highway": "street_lamp", "lamp_mount": "angled_mast", "lamp_type": "led", "support": "pole"}, "geohash": "tuxnfvrq9"},{"type": "Feature", "geometry": {"type": "Point", "coordinates": [88.7243255, 26.5289122]}, "properties": {"direction": "71", "highway": "street_lamp", "lamp_mount": "angled_mast", "lamp_type": "led", "support": "pole"}, "geohash": "tuxnfvrn4"},{"type": "Feature", "geometry": {"type": "Point", "coordinates": [88.7241179, 26.5288476]}, "properties": {"direction": "69", "highway": "street_lamp", "lamp_mount": "angled_mast", "lamp_type": "led", "support": "pole"}, "geohash": "tuxnfvqvt"},{"type": "Feature", "geometry": {"type": "Point", "coordinates": [88.7240363, 26.5290636]}, "properties": {"direction": "72", "highway": "street_lamp", "lamp_mount": "angled_mast", "lamp_type": "led", "support": "pole"}, "geohash": "tuxnfvqyg"},{"type": "Feature", "geometry": {"type": "Point", "coordinates": [88.7239857, 26.5292055]}, "properties": {"direction": "72", "highway": "street_lamp", "lamp_mount": "angled_mast", "lamp_type": "led", "support": "pole"}, "geohash": "tuxnfvqzf"},{"type": "Feature", "geometry": {"type": "Point", "coordinates": [88.7239865, 26.5293385]}, "properties": {"direction": "162", "highway": "street_lamp", "lamp_mount": "angled_mast", "lamp_type": "led", "support": "pole"}, "geohash": "tuxnfvwbd"},{"type": "Feature", "geometry": {"type": "Point", "coordinates": [88.7235481, 26.5291709]}, "properties": {"direction": "67", "highway": "street_lamp", "lamp_mount": "angled_mast", "lamp_type": "led", "support": "pole"}, "geohash": "tuxnfvqx8"},{"type": "Feature", "geometry": {"type": "Point", "coordinates": [88.7237198, 26.5294568]}, "properties": {"direction": "248", "highway": "street_lamp", "lamp_mount": "angled_mast", "lamp_type": "led", "support": "pole"}, "geohash": "tuxnfvw9k"},{"type": "Feature", "geometry": {"type": "Point", "coordinates": [88.7236665, 26.5295949]}, "properties": {"direction": "247", "highway": "street_lamp", "lamp_mount": "angled_mast", "lamp_type": "led", "support": "pole"}, "geohash": "tuxnfvwd5"},{"type": "Feature", "geometry": {"type": "Point", "coordinates": [88.723637, 26.5299151]}, "properties": {"direction": "307", "highway": "street_lamp", "lamp_mount": "angled_mast", "lamp_type": "led", "support": "pole"}, "geohash": "tuxnfvwef"},{"type": "Feature", "geometry": {"type": "Point", "coordinates": [88.7238382, 26.5301452]}, "properties": {"direction": "312", "highway": "street_lamp", "lamp_mount": "angled_mast", "lamp_type": "led", "support": "pole"}, "geohash": "tuxnfvwtr"},{"type": "Feature", "geometry": {"type": "Point", "coordinates": [88.7239895, 26.5303149]}, "properties": {"direction": "311", "highway": "street_lamp", "lamp_mount": "angled_mast", "lamp_type": "led", "support": "pole"}, "geohash": "tuxnfvwy6"},{"type": "Feature", "geometry": {"type": "Point", "coordinates": [88.7237776, 26.530789]}, "properties": {"direction": "41", "highway": "street_lamp", "lamp_mount": "angled_mast", "lamp_type": "led", "support": "pole"}, "geohash": "tuxnfvy9j"},{"type": "Feature", "geometry": {"type": "Point", "coordinates": [88.7236627, 26.5309422]}, "properties": {"highway": "street_lamp", "lamp_mount": "angled_mast", "lamp_type": "led", "support": "pole"}, "geohash": "tuxnfvy9g"},{"type": "Feature", "geometry": {"type": "Point", "coordinates": [88.7234542, 26.5310852]}, "properties": {"highway": "street_lamp", "lamp_mount": "angled_mast", "lamp_type": "led", "support": "pole"}, "geohash": "tuxnfvy6y"},{"type": "Feature", "geometry": {"type": "Point", "coordinates": [88.7232676, 26.5312264]}, "properties": {"highway": "street_lamp", "lamp_mount": "angled_mast", "lamp_type": "led", "support": "pole"}, "geohash": "tuxnfvy79"},{"type": "Feature", "geometry": {"type": "Point", "coordinates": [88.7230013, 26.5314195]}, "properties": {"highway": "street_lamp", "lamp_mount": "angled_mast", "lamp_type": "led", "support": "pole"}, "geohash": "tuxnfvyhe"},{"type": "Feature", "geometry": {"type": "Point", "coordinates": [88.7228076, 26.5315655]}, "properties": {"highway": "street_lamp", "lamp_mount": "angled_mast", "lamp_type": "led", "support": "pole"}, "geohash": "tuxnfvvvx"},{"type": "Feature", "geometry": {"type": "Point", "coordinates": [88.7226277, 26.5316896]}, "properties": {"highway": "street_lamp", "lamp_mount": "angled_mast", "lamp_type": "led", "support": "pole"}, "geohash": "tuxnfvvy7"},{"type": "Feature", "geometry": {"type": "Point", "coordinates": [88.722389, 26.5318709]}, "properties": {"highway": "street_lamp", "lamp_mount": "angled_mast", "lamp_type": "led", "support": "pole"}, "geohash": "tuxnfvvxm"},{"type": "Feature", "geometry": {"type": "Point", "coordinates": [88.7221518, 26.5320437]}, "properties": {"highway": "street_lamp", "lamp_mount": "angled_mast", "lamp_type": "led", "support": "pole"}, "geohash": "tuxnfyj2r"},{"type": "Feature", "geometry": {"type": "Point", "coordinates": [88.7220269, 26.5321387]}, "properties": {"highway": "street_lamp", "lamp_mount": "angled_mast", "lamp_type": "led", "support": "pole"}, "geohash": "tuxnfyj2v"},{"type": "Feature", "geometry": {"type": "Point", "coordinates": [88.7218311, 26.532209]}, "properties": {"direction": "42", "highway": "street_lamp", "lamp_mount": "angled_mast", "lamp_type": "led", "support": "pole"}, "geohash": "tuxnfyj32"},{"type": "Feature", "geometry": {"type": "Point", "coordinates": [88.7216591, 26.5323461]}, "properties": {"direction": "43", "highway": "street_lamp", "lamp_mount": "angled_mast", "lamp_type": "led", "support": "pole"}, "geohash": "tuxnfyj4h"},{"type": "Feature", "geometry": {"type": "Point", "coordinates": [88.7215043, 26.5324973]}, "properties": {"direction": "47", "highway": "street_lamp", "lamp_mount": "angled_mast", "lamp_type": "led", "support": "pole"}, "geohash": "tuxnfyj4b"},{"type": "Feature", "geometry": {"type": "Point", "coordinates": [88.7212847, 26.5329272]}, "properties": {"direction": "71", "highway": "street_lamp", "lamp_mount": "angled_mast", "lamp_type": "led", "support": "pole"}, "geohash": "tuxnfyhve"},{"type": "Feature", "geometry": {"type": "Point", "coordinates": [88.7211302, 26.5335936]}, "properties": {"highway": "street_lamp", "lamp_mount": "angled_mast", "lamp_type": "led", "support": "pole"}, "geohash": "tuxnfykc2"},{"type": "Feature", "geometry": {"type": "Point", "coordinates": [88.7210523, 26.534719]}, "properties": {"highway": "street_lamp", "lamp_mount": "angled_mast", "lamp_type": "led", "support": "pole"}, "geohash": "tuxnfykxy"},{"type": "Feature", "geometry": {"type": "Point", "coordinates": [88.7210346, 26.5348861]}, "properties": {"highway": "street_lamp", "lamp_mount": "angled_mast", "lamp_type": "led", "support": "pole"}, "geohash": "tuxnfys8v"},{"type": "Feature", "geometry": {"type": "Point", "coordinates": [88.7097838, 26.5298084]}, "properties": {"direction": "280", "highway": "street_lamp", "lamp_mount": "angled_mast", "lamp_type": "led", "support": "pole"}, "geohash": "tuxnfts7r"},{"type": "Feature", "geometry": {"type": "Point", "coordinates": [88.7214215, 26.5141931]}, "properties": {"direction": "265", "highway": "street_lamp", "lamp_mount": "angled_mast", "lamp_type": "led", "support": "pole"}, "geohash": "tuxnffubq"},{"type": "Feature", "geometry": {"type": "Point", "coordinates": [88.7096702, 26.5292895]}, "properties": {"direction": "282", "highway": "street_lamp", "lamp_mount": "angled_mast", "lamp_type": "led", "support": "pole"}, "geohash": "tuxnfts2m"},{"type": "Feature", "geometry": {"type": "Point", "coordinates": [88.7096027, 26.5289981]}, "properties": {"direction": "276", "highway": "street_lamp", "lamp_mount": "angled_mast", "lamp_type": "led", "support": "pole"}, "geohash": "tuxnftkqe"},{"type": "Feature", "geometry": {"type": "Point", "coordinates": [88.7094521, 26.5286306]}, "properties": {"direction": "91", "highway": "street_lamp", "lamp_mount": "angled_mast", "lamp_type": "led", "support": "pole"}, "geohash": "tuxnftkk2"},{"type": "Feature", "geometry": {"type": "Point", "coordinates": [88.7094881, 26.5282865]}, "properties": {"direction": "267", "highway": "street_lamp", "lamp_mount": "angled_mast", "lamp_type": "led", "support": "pole"}, "geohash": "tuxnftk62"},{"type": "Feature", "geometry": {"type": "Point", "coordinates": [88.7094789, 26.5279717]}, "properties": {"direction": "268", "highway": "street_lamp", "lamp_mount": "angled_mast", "lamp_type": "led", "support": "pole"}, "geohash": "tuxnftk28"},{"type": "Feature", "geometry": {"type": "Point", "coordinates": [88.7094633, 26.5278305]}, "properties": {"direction": "267", "highway": "street_lamp", "lamp_mount": "angled_mast", "lamp_type": "led", "support": "pole"}, "geohash": "tuxnfthrb"},{"type": "Feature", "geometry": {"type": "Point", "coordinates": [88.7095062, 26.527398]}, "properties": {"direction": "355", "highway": "street_lamp", "lamp_mount": "angled_mast", "lamp_type": "led", "support": "pole"}, "geohash": "tuxnfthm3"},{"type": "Feature", "geometry": {"type": "Point", "coordinates": [88.7094432, 26.5269063]}, "properties": {"direction": "86", "highway": "street_lamp", "lamp_mount": "angled_mast", "lamp_type": "led", "support": "pole"}, "geohash": "tuxnfth4r"},{"type": "Feature", "geometry": {"type": "Point", "coordinates": [88.7095487, 26.5265721]}, "properties": {"direction": "359", "highway": "street_lamp", "lamp_mount": "angled_mast", "lamp_type": "led", "support": "pole"}, "geohash": "tuxnfth26"},{"type": "Feature", "geometry": {"type": "Point", "coordinates": [88.7097464, 26.5265852]}, "properties": {"direction": "359", "highway": "street_lamp", "lamp_mount": "angled_mast", "lamp_type": "led", "support": "pole"}, "geohash": "tuxnfth2w"},{"type": "Feature", "geometry": {"type": "Point", "coordinates": [88.7099829, 26.526597]}, "properties": {"direction": "357", "highway": "street_lamp", "lamp_mount": "angled_mast", "lamp_type": "led", "support": "pole"}, "geohash": "tuxnfth8s"},{"type": "Feature", "geometry": {"type": "Point", "coordinates": [88.7103929, 26.5266553]}, "properties": {"direction": "180", "highway": "street_lamp", "lamp_mount": "angled_mast", "lamp_type": "led", "support": "pole"}, "geohash": "tuxnfthbv"},{"type": "Feature", "geometry": {"type": "Point", "coordinates": [88.7105676, 26.5266664]}, "properties": {"direction": "179", "highway": "street_lamp", "lamp_mount": "angled_mast", "lamp_type": "led", "support": "pole"}, "geohash": "tuxnftj14"},{"type": "Feature", "geometry": {"type": "Point", "coordinates": [88.7107651, 26.5266671]}, "properties": {"direction": "86", "highway": "street_lamp", "lamp_mount": "angled_mast", "lamp_type": "led", "support": "pole"}, "geohash": "tuxnftj1n"},{"type": "Feature", "geometry": {"type": "Point", "coordinates": [88.7108351, 26.526539]}, "properties": {"direction": "265", "highway": "street_lamp", "lamp_mount": "angled_mast", "lamp_type": "led", "support": "pole"}, "geohash": "tuxnftj22"},{"type": "Feature", "geometry": {"type": "Point", "coordinates": [88.7108534, 26.5262563]}, "properties": {"direction": "268", "highway": "street_lamp", "lamp_mount": "angled_mast", "lamp_type": "sodium", "support": "pole"}, "geohash": "tuxnfsvq8"},{"type": "Feature", "geometry": {"type": "Point", "coordinates": [88.7108295, 26.5259476]}, "properties": {"direction": "83", "highway": "street_lamp", "lamp_mount": "angled_mast", "lamp_type": "led", "support": "pole"}, "geohash": "tuxnfsvkb"},{"type": "Feature", "geometry": {"type": "Point", "coordinates": [88.7108625, 26.5256319]}, "properties": {"direction": "88", "highway": "street_lamp", "lamp_mount": "angled_mast", "lamp_type": "led", "support": "pole"}, "geohash": "tuxnfsv70"},{"type": "Feature", "geometry": {"type": "Point", "coordinates": [88.7109393, 26.5250125]}, "properties": {"direction": "355", "highway": "street_lamp", "lamp_mount": "angled_mast", "lamp_type": "led", "support": "pole"}, "geohash": "tuxnfstr6"},{"type": "Feature", "geometry": {"type": "Point", "coordinates": [88.7108908, 26.5252886]}, "properties": {"direction": "85", "highway": "street_lamp", "lamp_mount": "angled_mast", "lamp_type": "led", "support": "pole"}, "geohash": "tuxnfsv31"},{"type": "Feature", "geometry": {"type": "Point", "coordinates": [88.7112944, 26.5250153]}, "properties": {"direction": "356", "highway": "street_lamp", "lamp_mount": "angled_mast", "lamp_type": "led", "support": "pole"}, "geohash": "tuxnfstx6"},{"type": "Feature", "geometry": {"type": "Point", "coordinates": [88.711394, 26.5250798]}, "properties": {"direction": "177", "highway": "street_lamp", "lamp_mount": "angled_mast", "lamp_type": "led", "support": "pole"}, "geohash": "tuxnfstxv"},{"type": "Feature", "geometry": {"type": "Point", "coordinates": [88.7115587, 26.5250838]}, "properties": {"direction": "176", "highway": "street_lamp", "lamp_mount": "angled_mast", "lamp_type": "led", "support": "pole"}, "geohash": "tuxnfstzc"},{"type": "Feature", "geometry": {"type": "Point", "coordinates": [88.7119553, 26.5250468]}, "properties": {"direction": "355", "highway": "street_lamp", "lamp_mount": "angled_mast", "lamp_type": "led", "support": "pole"}, "geohash": "tuxnfswpd"},{"type": "Feature", "geometry": {"type": "Point", "coordinates": [88.7123124, 26.5250578]}, "properties": {"direction": "357", "highway": "street_lamp", "lamp_mount": "angled_mast", "lamp_type": "led", "support": "pole"}, "geohash": "tuxnfswrd"},{"type": "Feature", "geometry": {"type": "Point", "coordinates": [88.7123256, 26.5249503]}, "properties": {"direction": "88", "highway": "street_lamp", "lamp_mount": "angled_mast", "lamp_type": "led", "support": "pole"}, "geohash": "tuxnfswr5"},{"type": "Feature", "geometry": {"type": "Point", "coordinates": [88.712344, 26.5247318]}, "properties": {"direction": "87", "highway": "street_lamp", "lamp_mount": "angled_mast", "lamp_type": "led", "support": "pole"}, "geohash": "tuxnfswmg"},{"type": "Feature", "geometry": {"type": "Point", "coordinates": [88.7124195, 26.5244172]}, "properties": {"direction": "357", "highway": "street_lamp", "lamp_mount": "angled_mast", "lamp_type": "led", "support": "pole"}, "geohash": "tuxnfsw7v"},{"type": "Feature", "geometry": {"type": "Point", "coordinates": [88.7124251, 26.5243139]}, "properties": {"direction": "268", "highway": "street_lamp", "lamp_mount": "angled_mast", "lamp_type": "led", "support": "pole"}, "geohash": "tuxnfsw7m"},{"type": "Feature", "geometry": {"type": "Point", "coordinates": [88.7124348, 26.5241191]}, "properties": {"direction": "266", "highway": "street_lamp", "lamp_mount": "angled_mast", "lamp_type": "led", "support": "pole"}, "geohash": "tuxnfsw6j"},{"type": "Feature", "geometry": {"type": "Point", "coordinates": [88.7124497, 26.5237909]}, "properties": {"direction": "268", "highway": "street_lamp", "lamp_mount": "angled_mast", "lamp_type": "led", "support": "pole"}, "geohash": "tuxnfsw2m"},{"type": "Feature", "geometry": {"type": "Point", "coordinates": [88.7124167, 26.5236461]}, "properties": {"direction": "95", "highway": "street_lamp", "lamp_mount": "angled_mast", "lamp_type": "led", "support": "pole"}, "geohash": "tuxnfsqrm"},{"type": "Feature", "geometry": {"type": "Point", "coordinates": [88.7127253, 26.5236024]}, "properties": {"direction": "6", "highway": "street_lamp", "lamp_mount": "angled_mast", "lamp_type": "led", "support": "pole"}, "geohash": "tuxnfsqxh"},{"type": "Feature", "geometry": {"type": "Point", "coordinates": [88.712981, 26.5236337]}, "properties": {"highway": "street_lamp", "lamp_mount": "angled_mast", "lamp_type": "led", "support": "pole"}, "geohash": "tuxnfsqz6"},{"type": "Feature", "geometry": {"type": "Point", "coordinates": [88.7130826, 26.5236251]}, "properties": {"direction": "181", "highway": "street_lamp", "lamp_mount": "angled_mast", "lamp_type": "led", "support": "pole"}, "geohash": "tuxnfsqzk"},{"type": "Feature", "geometry": {"type": "Point", "coordinates": [88.7133289, 26.5236148]}, "properties": {"direction": "178", "highway": "street_lamp", "lamp_mount": "angled_mast", "lamp_type": "led", "support": "pole"}, "geohash": "tuxnfsrp6"},{"type": "Feature", "geometry": {"type": "Point", "coordinates": [88.7134992, 26.5233397]}, "properties": {"direction": "247", "highway": "street_lamp", "lamp_mount": "angled_mast", "lamp_type": "led", "support": "pole"}, "geohash": "tuxnfsrjw"},{"type": "Feature", "geometry": {"type": "Point", "coordinates": [88.7135402, 26.5231141]}, "properties": {"direction": "68", "highway": "street_lamp", "lamp_mount": "angled_mast", "lamp_type": "led", "support": "pole"}, "geohash": "tuxnfsrhr"},{"type": "Feature", "geometry": {"type": "Point", "coordinates": [88.7134499, 26.5221269]}, "properties": {"direction": "255", "highway": "street_lamp", "lamp_mount": "angled_mast", "lamp_type": "led", "support": "pole"}, "geohash": "tuxnfspnt"},{"type": "Feature", "geometry": {"type": "Point", "coordinates": [88.7135171, 26.521911]}, "properties": {"direction": "180", "highway": "street_lamp", "lamp_mount": "angled_mast", "lamp_type": "led", "support": "pole"}, "geohash": "tuxnfspjq"},{"type": "Feature", "geometry": {"type": "Point", "coordinates": [88.7135126, 26.5217874]}, "properties": {"direction": "270", "highway": "street_lamp", "lamp_mount": "angled_mast", "lamp_type": "led", "support": "pole"}, "geohash": "tuxnfsphw"},{"type": "Feature", "geometry": {"type": "Point", "coordinates": [88.7133479, 26.5214522]}, "properties": {"direction": "112", "highway": "street_lamp", "lamp_mount": "angled_mast", "lamp_type": "led", "support": "pole"}, "geohash": "tuxnfsp4d"},{"type": "Feature", "geometry": {"type": "Point", "coordinates": [88.713336, 26.5210193]}, "properties": {"direction": "263", "highway": "street_lamp", "lamp_mount": "angled_mast", "lamp_type": "led", "support": "pole"}, "geohash": "tuxnfsp04"},{"type": "Feature", "geometry": {"type": "Point", "coordinates": [88.7133654, 26.5206878]}, "properties": {"direction": "81", "highway": "street_lamp", "lamp_mount": "angled_mast", "lamp_type": "led", "support": "pole"}, "geohash": "tuxnfezn5"},{"type": "Feature", "geometry": {"type": "Point", "coordinates": [88.7134325, 26.5206981]}, "properties": {"direction": "169", "highway": "street_lamp", "lamp_mount": "angled_mast", "lamp_type": "led", "support": "pole"}, "geohash": "tuxnfeznk"},{"type": "Feature", "geometry": {"type": "Point", "coordinates": [88.71342, 26.5203437]}, "properties": {"direction": "88", "highway": "street_lamp", "lamp_mount": "angled_mast", "lamp_type": "led", "support": "pole"}, "geohash": "tuxnfezhh"},{"type": "Feature", "geometry": {"type": "Point", "coordinates": [88.7135038, 26.5200227]}, "properties": {"direction": "287", "highway": "street_lamp", "lamp_mount": "angled_mast", "lamp_type": "led", "support": "pole"}, "geohash": "tuxnfez4q"},{"type": "Feature", "geometry": {"type": "Point", "coordinates": [88.7134877, 26.5198488]}, "properties": {"direction": "281", "highway": "street_lamp", "lamp_mount": "angled_mast", "lamp_type": "led", "support": "pole"}, "geohash": "tuxnfez1q"},{"type": "Feature", "geometry": {"type": "Point", "coordinates": [88.7134753, 26.5197526]}, "properties": {"direction": "282", "highway": "street_lamp", "lamp_mount": "angled_mast", "lamp_type": "led", "support": "pole"}, "geohash": "tuxnfez0v"},{"type": "Feature", "geometry": {"type": "Point", "coordinates": [88.7133205, 26.5194495]}, "properties": {"direction": "117", "highway": "street_lamp", "lamp_mount": "angled_mast", "lamp_type": "led", "support": "pole"}, "geohash": "tuxnfexnf"},{"type": "Feature", "geometry": {"type": "Point", "coordinates": [88.7133033, 26.5192468]}, "properties": {"direction": "90", "highway": "street_lamp", "lamp_mount": "angled_mast", "lamp_type": "led", "support": "pole"}, "geohash": "tuxnfexjc"},{"type": "Feature", "geometry": {"type": "Point", "coordinates": [88.7134048, 26.5192782]}, "properties": {"direction": "177", "highway": "street_lamp", "lamp_mount": "angled_mast", "lamp_type": "led", "support": "pole"}, "geohash": "tuxnfexju"},{"type": "Feature", "geometry": {"type": "Point", "coordinates": [88.713439, 26.5188857]}, "properties": {"direction": "0", "highway": "street_lamp", "lamp_mount": "angled_mast", "lamp_type": "led", "support": "pole"}, "geohash": "tuxnfex5s"},{"type": "Feature", "geometry": {"type": "Point", "coordinates": [88.7136297, 26.5188773]}, "properties": {"direction": "357", "highway": "street_lamp", "lamp_mount": "angled_mast", "lamp_type": "led", "support": "pole"}, "geohash": "tuxnfex79"},{"type": "Feature", "geometry": {"type": "Point", "coordinates": [88.7209363, 26.5141372]}, "properties": {"direction": "355", "highway": "street_lamp", "lamp_mount": "angled_mast", "lamp_type": "led", "support": "pole"}, "geohash": "tuxnffu85"},{"type": "Feature", "geometry": {"type": "Point", "coordinates": [88.7140682, 26.5189037]}, "properties": {"direction": "354", "highway": "street_lamp", "lamp_mount": "angled_mast", "lamp_type": "led", "support": "pole"}, "geohash": "tuxnfexeg"},{"type": "Feature", "geometry": {"type": "Point", "coordinates": [88.7143009, 26.5189147]}, "properties": {"direction": "355", "highway": "street_lamp", "lamp_mount": "angled_mast", "lamp_type": "led", "support": "pole"}, "geohash": "tuxnfexgc"},{"type": "Feature", "geometry": {"type": "Point", "coordinates": [88.7146007, 26.5189307]}, "properties": {"direction": "356", "highway": "street_lamp", "lamp_mount": "angled_mast", "lamp_type": "led", "support": "pole"}, "geohash": "tuxnfg85b"},{"type": "Feature", "geometry": {"type": "Point", "coordinates": [88.7147542, 26.5189385]}, "properties": {"direction": "87", "highway": "street_lamp", "lamp_mount": "angled_mast", "lamp_type": "led", "support": "pole"}, "geohash": "tuxnfg8h5"},{"type": "Feature", "geometry": {"type": "Point", "coordinates": [88.7147669, 26.5187307]}, "properties": {"direction": "84", "highway": "street_lamp", "lamp_mount": "angled_mast", "lamp_type": "led", "support": "pole"}, "geohash": "tuxnfg84g"},{"type": "Feature", "geometry": {"type": "Point", "coordinates": [88.7147797, 26.5184974]}, "properties": {"direction": "84", "highway": "street_lamp", "lamp_mount": "angled_mast", "lamp_type": "led", "support": "pole"}, "geohash": "tuxnfg81k"},{"type": "Feature", "geometry": {"type": "Point", "coordinates": [88.7148421, 26.5180778]}, "properties": {"direction": "80", "highway": "street_lamp", "lamp_mount": "angled_mast", "lamp_type": "led", "support": "pole"}, "geohash": "tuxnfg2nv"},{"type": "Feature", "geometry": {"type": "Point", "coordinates": [88.7148592, 26.5179468]}, "properties": {"direction": "95", "highway": "street_lamp", "lamp_mount": "angled_mast", "lamp_type": "led", "support": "pole"}, "geohash": "tuxnfg2nn"},{"type": "Feature", "geometry": {"type": "Point", "coordinates": [88.7149465, 26.5178402]}, "properties": {"direction": "261", "highway": "street_lamp", "lamp_mount": "angled_mast", "lamp_type": "led", "support": "pole"}, "geohash": "tuxnfg2m8"},{"type": "Feature", "geometry": {"type": "Point", "coordinates": [88.7150188, 26.517531]}, "properties": {"direction": "262", "highway": "street_lamp", "lamp_mount": "angled_mast", "lamp_type": "led", "support": "pole"}, "geohash": "tuxnfg27c"},{"type": "Feature", "geometry": {"type": "Point", "coordinates": [88.7150584, 26.5171826]}, "properties": {"direction": "264", "highway": "street_lamp", "lamp_mount": "angled_mast", "lamp_type": "led", "support": "pole"}, "geohash": "tuxnfg23f"},{"type": "Feature", "geometry": {"type": "Point", "coordinates": [88.7150959, 26.5169321]}, "properties": {"direction": "296", "highway": "street_lamp", "lamp_mount": "angled_mast", "lamp_type": "led", "support": "pole"}, "geohash": "tuxnfg227"},{"type": "Feature", "geometry": {"type": "Point", "coordinates": [88.7151125, 26.516934]}, "properties": {"direction": "15", "highway": "street_lamp", "lamp_mount": "angled_mast", "lamp_type": "led", "support": "pole"}, "geohash": "tuxnfg227"},{"type": "Feature", "geometry": {"type": "Point", "coordinates": [88.7151229, 26.5166765]}, "properties": {"direction": "263", "highway": "street_lamp", "lamp_mount": "angled_mast", "lamp_type": "led", "support": "pole"}, "geohash": "tuxnfg0qu"},{"type": "Feature", "geometry": {"type": "Point", "coordinates": [88.7151373, 26.5164792]}, "properties": {"direction": "268", "highway": "street_lamp", "lamp_mount": "angled_mast", "lamp_type": "led", "support": "pole"}, "geohash": "tuxnfg0ms"},{"type": "Feature", "geometry": {"type": "Point", "coordinates": [88.7151614, 26.516267]}, "properties": {"direction": "262", "highway": "street_lamp", "lamp_mount": "angled_mast", "lamp_type": "led", "support": "pole"}, "geohash": "tuxnfg0km"},{"type": "Feature", "geometry": {"type": "Point", "coordinates": [88.7151932, 26.5160093]}, "properties": {"direction": "263", "highway": "street_lamp", "lamp_mount": "angled_mast", "lamp_type": "led", "support": "pole"}, "geohash": "tuxnfg06v"},{"type": "Feature", "geometry": {"type": "Point", "coordinates": [88.7152262, 26.5157528]}, "properties": {"direction": "264", "highway": "street_lamp", "lamp_mount": "angled_mast", "lamp_type": "led", "support": "pole"}, "geohash": "tuxnfg03q"},{"type": "Feature", "geometry": {"type": "Point", "coordinates": [88.7152584, 26.5154866]}, "properties": {"direction": "263", "highway": "street_lamp", "lamp_mount": "angled_mast", "lamp_type": "led", "support": "pole"}, "geohash": "tuxnffbrz"},{"type": "Feature", "geometry": {"type": "Point", "coordinates": [88.7152925, 26.5151853]}, "properties": {"direction": "264", "highway": "street_lamp", "lamp_mount": "angled_mast", "lamp_type": "led", "support": "pole"}, "geohash": "tuxnffbw0"},{"type": "Feature", "geometry": {"type": "Point", "coordinates": [88.7153205, 26.5149503]}, "properties": {"direction": "67", "highway": "street_lamp", "lamp_mount": "angled_mast", "lamp_type": "led", "support": "pole"}, "geohash": "tuxnffbsb"},{"type": "Feature", "geometry": {"type": "Point", "coordinates": [88.7153296, 26.5148083]}, "properties": {"direction": "263", "highway": "street_lamp", "lamp_mount": "angled_mast", "lamp_type": "led", "support": "pole"}, "geohash": "tuxnffbec"},{"type": "Feature", "geometry": {"type": "Point", "coordinates": [88.7153512, 26.514665]}, "properties": {"direction": "67", "highway": "street_lamp", "lamp_mount": "angled_mast", "lamp_type": "led", "support": "pole"}, "geohash": "tuxnffbe1"},{"type": "Feature", "geometry": {"type": "Point", "coordinates": [88.7153692, 26.5144899]}, "properties": {"direction": "263", "highway": "street_lamp", "lamp_mount": "angled_mast", "lamp_type": "led", "support": "pole"}, "geohash": "tuxnffbd1"},{"type": "Feature", "geometry": {"type": "Point", "coordinates": [88.7154132, 26.5141879]}, "properties": {"direction": "314", "highway": "street_lamp", "lamp_mount": "angled_mast", "lamp_type": "led", "support": "pole"}, "geohash": "tuxnffb86"},{"type": "Feature", "geometry": {"type": "Point", "coordinates": [88.7154195, 26.5140402]}, "properties": {"direction": "264", "highway": "street_lamp", "lamp_mount": "angled_mast", "lamp_type": "led", "support": "pole"}, "geohash": "tuxnff8x7"},{"type": "Feature", "geometry": {"type": "Point", "coordinates": [88.715394, 26.5138]}, "properties": {"direction": "83", "highway": "street_lamp", "lamp_mount": "angled_mast", "lamp_type": "led", "support": "pole"}, "geohash": "tuxnff8w4"},{"type": "Feature", "geometry": {"type": "Point", "coordinates": [88.7154373, 26.5134287]}, "properties": {"direction": "84", "highway": "street_lamp", "lamp_mount": "angled_mast", "lamp_type": "led", "support": "pole"}, "geohash": "tuxnff8eg"},{"type": "Feature", "geometry": {"type": "Point", "coordinates": [88.7161825, 26.5135733]}, "properties": {"direction": "172", "highway": "street_lamp", "lamp_mount": "angled_mast", "lamp_type": "led", "support": "pole"}, "geohash": "tuxnff9hu"},{"type": "Feature", "geometry": {"type": "Point", "coordinates": [88.7166753, 26.5136348]}, "properties": {"direction": "172", "highway": "street_lamp", "lamp_mount": "angled_mast", "lamp_type": "led", "support": "pole"}, "geohash": "tuxnff9t0"},{"type": "Feature", "geometry": {"type": "Point", "coordinates": [88.7169464, 26.51367]}, "properties": {"direction": "172", "highway": "street_lamp", "lamp_mount": "angled_mast", "lamp_type": "led", "support": "pole"}, "geohash": "tuxnff9tq"},{"type": "Feature", "geometry": {"type": "Point", "coordinates": [88.7171812, 26.5137023]}, "properties": {"direction": "174", "highway": "street_lamp", "lamp_mount": "angled_mast", "lamp_type": "led", "support": "pole"}, "geohash": "tuxnff9vs"},{"type": "Feature", "geometry": {"type": "Point", "coordinates": [88.7174934, 26.5137393]}, "properties": {"direction": "172", "highway": "street_lamp", "lamp_mount": "angled_mast", "lamp_type": "led", "support": "pole"}, "geohash": "tuxnffdje"},{"type": "Feature", "geometry": {"type": "Point", "coordinates": [88.7177824, 26.513776]}, "properties": {"direction": "173", "highway": "street_lamp", "lamp_mount": "angled_mast", "lamp_type": "led", "support": "pole"}, "geohash": "tuxnffdmf"},{"type": "Feature", "geometry": {"type": "Point", "coordinates": [88.718103, 26.5137636]}, "properties": {"direction": "353", "highway": "street_lamp", "lamp_mount": "angled_mast", "lamp_type": "led", "support": "pole"}, "geohash": "tuxnffdtc"},{"type": "Feature", "geometry": {"type": "Point", "coordinates": [88.7185055, 26.5138125]}, "properties": {"direction": "351", "highway": "street_lamp", "lamp_mount": "angled_mast", "lamp_type": "led", "support": "pole"}, "geohash": "tuxnffdy5"},{"type": "Feature", "geometry": {"type": "Point", "coordinates": [88.7187071, 26.5138852]}, "properties": {"direction": "174", "highway": "street_lamp", "lamp_mount": "angled_mast", "lamp_type": "led", "support": "pole"}, "geohash": "tuxnffdyx"},{"type": "Feature", "geometry": {"type": "Point", "coordinates": [88.7191848, 26.5140409]}, "properties": {"direction": "176", "highway": "street_lamp", "lamp_mount": "angled_mast", "lamp_type": "led", "support": "pole"}, "geohash": "tuxnffer6"},{"type": "Feature", "geometry": {"type": "Point", "coordinates": [88.7194933, 26.514016]}, "properties": {"direction": "355", "highway": "street_lamp", "lamp_mount": "angled_mast", "lamp_type": "led", "support": "pole"}, "geohash": "tuxnffex6"},{"type": "Feature", "geometry": {"type": "Point", "coordinates": [88.7199027, 26.5140993]}, "properties": {"direction": "175", "highway": "street_lamp", "lamp_mount": "angled_mast", "lamp_type": "led", "support": "pole"}, "geohash": "tuxnffezg"},{"type": "Feature", "geometry": {"type": "Point", "coordinates": [88.7204035, 26.5140933]}, "properties": {"direction": "354", "highway": "street_lamp", "lamp_mount": "angled_mast", "lamp_type": "led", "support": "pole"}, "geohash": "tuxnffspz"},{"type": "Feature", "geometry": {"type": "Point", "coordinates": [88.7207355, 26.5141219]}, "properties": {"direction": "355", "highway": "street_lamp", "lamp_mount": "angled_mast", "lamp_type": "led", "support": "pole"}, "geohash": "tuxnffsry"},{"type": "Feature", "geometry": {"type": "Point", "coordinates": [88.7138594, 26.5188919]}, "properties": {"direction": "355", "highway": "street_lamp", "lamp_mount": "angled_mast", "lamp_type": "led", "support": "pole"}, "geohash": "tuxnfex7w"},{"type": "Feature", "geometry": {"type": "Point", "coordinates": [88.7197999, 26.5235293]}, "properties": {"direction": "271", "highway": "street_lamp", "lamp_mount": "angled_mast", "lamp_type": "led", "support": "pole"}, "geohash": "tuxnfu7yc"},{"type": "Feature", "geometry": {"type": "Point", "coordinates": [88.7202283, 26.5235319]}, "properties": {"direction": "353", "highway": "street_lamp", "lamp_mount": "angled_mast", "lamp_type": "led", "support": "pole"}, "geohash": "tuxnfukng"},{"type": "Feature", "geometry": {"type": "Point", "coordinates": [88.7204354, 26.5236089]}, "properties": {"direction": "139", "highway": "street_lamp", "lamp_mount": "angled_mast", "lamp_type": "led", "support": "pole"}, "geohash": "tuxnfukpp"},{"type": "Feature", "geometry": {"type": "Point", "coordinates": [88.7233099, 26.5226073]}, "properties": {"direction": "176", "highway": "street_lamp", "lamp_mount": "angled_mast", "lamp_type": "led", "support": "pole"}, "geohash": "tuxnfuq36"},{"type": "Feature", "geometry": {"type": "Point", "coordinates": [88.723439, 26.5226144]}, "properties": {"direction": "177", "highway": "street_lamp", "lamp_mount": "angled_mast", "lamp_type": "led", "support": "pole"}, "geohash": "tuxnfuq3m"},{"type": "Feature", "geometry": {"type": "Point", "coordinates": [88.7236701, 26.5226317]}, "properties": {"direction": "176", "highway": "street_lamp", "lamp_mount": "angled_mast", "lamp_type": "led", "support": "pole"}, "geohash": "tuxnfuq9e"},{"type": "Feature", "geometry": {"type": "Point", "coordinates": [88.7238819, 26.5226433]}, "properties": {"direction": "177", "highway": "street_lamp", "lamp_mount": "angled_mast", "lamp_type": "led", "support": "pole"}, "geohash": "tuxnfuqc8"},{"type": "Feature", "geometry": {"type": "Point", "coordinates": [88.7240037, 26.5226499]}, "properties": {"direction": "177", "highway": "street_lamp", "lamp_mount": "angled_mast", "lamp_type": "led", "support": "pole"}, "geohash": "tuxnfuqce"},{"type": "Feature", "geometry": {"type": "Point", "coordinates": [88.7242631, 26.5226631]}, "properties": {"direction": "177", "highway": "street_lamp", "lamp_mount": "angled_mast", "lamp_type": "led", "support": "pole"}, "geohash": "tuxnfur19"},{"type": "Feature", "geometry": {"type": "Point", "coordinates": [88.7244641, 26.5226763]}, "properties": {"direction": "177", "highway": "street_lamp", "lamp_mount": "angled_mast", "lamp_type": "led", "support": "pole"}, "geohash": "tuxnfur1v"},{"type": "Feature", "geometry": {"type": "Point", "coordinates": [88.724604, 26.5226874]}, "properties": {"direction": "85", "highway": "street_lamp", "lamp_mount": "angled_mast", "lamp_type": "led", "support": "pole"}, "geohash": "tuxnfur3c"},{"type": "Feature", "geometry": {"type": "Point", "coordinates": [88.7248878, 26.5227062]}, "properties": {"direction": "176", "highway": "street_lamp", "lamp_mount": "angled_mast", "lamp_type": "led", "support": "pole"}, "geohash": "tuxnfur3z"},{"type": "Feature", "geometry": {"type": "Point", "coordinates": [88.7266696, 26.5223791]}, "properties": {"direction": "65", "highway": "street_lamp", "lamp_mount": "angled_mast", "lamp_type": "led", "support": "pole"}, "geohash": "tuxngh2b1"},{"type": "Feature", "geometry": {"type": "Point", "coordinates": [88.7267859, 26.5221524]}, "properties": {"direction": "68", "highway": "street_lamp", "lamp_mount": "angled_mast", "lamp_type": "led", "support": "pole"}, "geohash": "tuxngh0ye"},{"type": "Feature", "geometry": {"type": "Point", "coordinates": [88.7268759, 26.5220127]}, "properties": {"highway": "street_lamp", "lamp_mount": "angled_mast", "lamp_type": "led", "support": "pole"}, "geohash": "tuxngh0vy"},{"type": "Feature", "geometry": {"type": "Point", "coordinates": [88.7269531, 26.5217525]}, "properties": {"direction": "70", "highway": "street_lamp", "lamp_mount": "angled_mast", "lamp_type": "led", "support": "pole"}, "geohash": "tuxngh0ur"},{"type": "Feature", "geometry": {"type": "Point", "coordinates": [88.7270184, 26.5217118]}, "properties": {"highway": "street_lamp", "lamp_mount": "angled_mast", "lamp_type": "led", "support": "pole"}, "geohash": "tuxngh1h1"},{"type": "Feature", "geometry": {"type": "Point", "coordinates": [88.7271374, 26.5214759]}, "properties": {"highway": "street_lamp", "lamp_mount": "angled_mast", "lamp_type": "led", "support": "pole"}, "geohash": "tuxngh14u"},{"type": "Feature", "geometry": {"type": "Point", "coordinates": [88.7275245, 26.5206606]}, "properties": {"highway": "street_lamp", "lamp_mount": "angled_mast", "lamp_type": "led", "support": "pole"}, "geohash": "tuxng5cqj"},{"type": "Feature", "geometry": {"type": "Point", "coordinates": [88.2287063, 22.8784355]}, "properties": {"height": "4.5", "highway": "street_lamp", "lamp_mount": "angled_mast", "lamp_type": "LED", "support": "pole"}, "geohash": "tundpsyht"},{"type": "Feature", "geometry": {"type": "Point", "coordinates": [88.2288282, 22.8806384]}, "properties": {"height": "4.5", "highway": "street_lamp", "lamp_mount": "angled_mast", "lamp_type": "LED", "support": "pole"}, "geohash": "tundptq32"},{"type": "Feature", "geometry": {"type": "Point", "coordinates": [88.2288286, 22.8803807]}, "properties": {"height": "5", "highway": "street_lamp", "lamp_mount": "angled_mast", "lamp_type": "LED", "support": "pole"}, "geohash": "tundptnrb"},{"type": "Feature", "geometry": {"type": "Point", "coordinates": [88.2288243, 22.8802642]}, "properties": {"height": "5", "highway": "street_lamp", "lamp_mount": "angled_mast", "lamp_type": "LED", "support": "pole"}, "geohash": "tundptnr0"},{"type": "Feature", "geometry": {"type": "Point", "coordinates": [88.2287709, 22.879968]}, "properties": {"height": "5", "highway": "street_lamp", "lamp_mount": "angled_mast", "lamp_type": "LED", "support": "pole"}, "geohash": "tundptnjr"},{"type": "Feature", "geometry": {"type": "Point", "coordinates": [88.2288064, 22.8795976]}, "properties": {"height": "5", "highway": "street_lamp", "lamp_mount": "angled_mast", "lamp_type": "LED", "support": "pole"}, "geohash": "tundptn72"},{"type": "Feature", "geometry": {"type": "Point", "coordinates": [88.2288, 22.8798055]}, "properties": {"height": "5", "highway": "street_lamp", "lamp_mount": "angled_mast", "lamp_type": "LED", "support": "pole"}, "geohash": "tundptnk8"},{"type": "Feature", "geometry": {"type": "Point", "coordinates": [88.2288196, 22.8794692]}, "properties": {"height": "5", "highway": "street_lamp", "lamp_mount": "angled_mast", "lamp_type": "LED", "support": "pole"}, "geohash": "tundptn68"},{"type": "Feature", "geometry": {"type": "Point", "coordinates": [88.2288117, 22.8794679]}, "properties": {"height": "5", "highway": "street_lamp", "lamp_mount": "angled_mast", "lamp_type": "LED", "support": "pole"}, "geohash": "tundptn68"},{"type": "Feature", "geometry": {"type": "Point", "coordinates": [88.2286133, 22.8787995]}, "properties": {"height": "5", "highway": "street_lamp", "lamp_mount": "angled_mast", "lamp_type": "LED", "support": "pole"}, "geohash": "tundpsyne"},{"type": "Feature", "geometry": {"type": "Point", "coordinates": [88.2289514, 22.8784676]}, "properties": {"height": "4", "highway": "street_lamp", "lamp_mount": "bent_mast", "lamp_type": "LED", "support": "pole"}, "geohash": "tundpsyke"},{"type": "Feature", "geometry": {"type": "Point", "coordinates": [88.2285728, 22.8806558]}, "properties": {"height": "4", "highway": "street_lamp", "lamp_mount": "bent_mast", "lamp_type": "LED", "support": "pole"}, "geohash": "tundptq16"},{"type": "Feature", "geometry": {"type": "Point", "coordinates": [88.7138791, 26.5346668]}, "properties": {"direction": "227", "highway": "street_lamp", "lamp_mount": "angled_mast", "lamp_type": "led", "support": "pole"}, "geohash": "tuxnfwrrx"},{"type": "Feature", "geometry": {"type": "Point", "coordinates": [88.7138016, 26.5347552]}, "properties": {"direction": "323", "highway": "street_lamp", "lamp_mount": "angled_mast", "lamp_type": "led", "support": "pole"}, "geohash": "tuxnfwx2j"},{"type": "Feature", "geometry": {"type": "Point", "coordinates": [88.7133347, 26.5350655]}, "properties": {"direction": "47", "highway": "street_lamp", "lamp_mount": "angled_mast", "lamp_type": "led", "support": "pole"}, "geohash": "tuxnfwx1f"},{"type": "Feature", "geometry": {"type": "Point", "coordinates": [88.713211, 26.5351768]}, "properties": {"direction": "321", "highway": "street_lamp", "lamp_mount": "angled_mast", "lamp_type": "led", "support": "pole"}, "geohash": "tuxnfwwfx"},{"type": "Feature", "geometry": {"type": "Point", "coordinates": [88.7132739, 26.5352364]}, "properties": {"direction": "232", "highway": "street_lamp", "lamp_mount": "angled_mast", "lamp_type": "led", "support": "pole"}, "geohash": "tuxnfwx4c"},{"type": "Feature", "geometry": {"type": "Point", "coordinates": [88.7129853, 26.5355197]}, "properties": {"direction": "229", "highway": "street_lamp", "lamp_mount": "angled_mast", "lamp_type": "led", "support": "pole"}, "geohash": "tuxnfwwud"},{"type": "Feature", "geometry": {"type": "Point", "coordinates": [88.712865, 26.5355026]}, "properties": {"direction": "163", "highway": "street_lamp", "lamp_mount": "angled_mast", "lamp_type": "led", "support": "pole"}, "geohash": "tuxnfwwsx"},{"type": "Feature", "geometry": {"type": "Point", "coordinates": [88.7127824, 26.5356841]}, "properties": {"direction": "219", "highway": "street_lamp", "lamp_mount": "angled_mast", "lamp_type": "led", "support": "pole"}, "geohash": "tuxnfwwtt"},{"type": "Feature", "geometry": {"type": "Point", "coordinates": [88.7126675, 26.5357671]}, "properties": {"direction": "223", "highway": "street_lamp", "lamp_mount": "angled_mast", "lamp_type": "led", "support": "pole"}, "geohash": "tuxnfwww4"},{"type": "Feature", "geometry": {"type": "Point", "coordinates": [88.7124279, 26.5359987]}, "properties": {"direction": "267", "highway": "street_lamp", "lamp_mount": "angled_mast", "lamp_type": "led", "support": "pole"}, "geohash": "tuxnfwwrm"},{"type": "Feature", "geometry": {"type": "Point", "coordinates": [88.7119657, 26.536054]}, "properties": {"direction": "186", "highway": "street_lamp", "lamp_mount": "angled_mast", "lamp_type": "led", "support": "pole"}, "geohash": "tuxnfwwpd"},{"type": "Feature", "geometry": {"type": "Point", "coordinates": [88.7117354, 26.5360756]}, "properties": {"direction": "186", "highway": "street_lamp", "lamp_mount": "angled_mast", "lamp_type": "led", "support": "pole"}, "geohash": "tuxnfwtzv"},{"type": "Feature", "geometry": {"type": "Point", "coordinates": [88.7114289, 26.5361019]}, "properties": {"direction": "187", "highway": "street_lamp", "lamp_mount": "angled_mast", "lamp_type": "led", "support": "pole"}, "geohash": "tuxnfwtxy"},{"type": "Feature", "geometry": {"type": "Point", "coordinates": [88.7109295, 26.5361393]}, "properties": {"direction": "186", "highway": "street_lamp", "lamp_mount": "angled_mast", "lamp_type": "led", "support": "pole"}, "geohash": "tuxnfwv24"},{"type": "Feature", "geometry": {"type": "Point", "coordinates": [88.7107207, 26.536058]}, "properties": {"direction": "275", "highway": "street_lamp", "lamp_mount": "angled_mast", "lamp_type": "led", "support": "pole"}, "geohash": "tuxnfwtpt"},{"type": "Feature", "geometry": {"type": "Point", "coordinates": [88.7107419, 26.5361595]}, "properties": {"direction": "274", "highway": "street_lamp", "lamp_mount": "angled_mast", "lamp_type": "led", "support": "pole"}, "geohash": "tuxnfwv0q"},{"type": "Feature", "geometry": {"type": "Point", "coordinates": [88.7104472, 26.5361604]}, "properties": {"direction": "178", "highway": "street_lamp", "lamp_mount": "angled_mast", "lamp_type": "led", "support": "pole"}, "geohash": "tuxnfwubr"},{"type": "Feature", "geometry": {"type": "Point", "coordinates": [88.7101957, 26.5361713]}, "properties": {"direction": "270", "highway": "street_lamp", "lamp_mount": "angled_mast", "lamp_type": "led", "support": "pole"}, "geohash": "tuxnfwub3"},{"type": "Feature", "geometry": {"type": "Point", "coordinates": [88.709989, 26.5361709]}, "properties": {"direction": "175", "highway": "street_lamp", "lamp_mount": "angled_mast", "lamp_type": "led", "support": "pole"}, "geohash": "tuxnfwu8k"},{"type": "Feature", "geometry": {"type": "Point", "coordinates": [88.7099192, 26.5360786]}, "properties": {"direction": "91", "highway": "street_lamp", "lamp_mount": "angled_mast", "lamp_type": "led", "support": "pole"}, "geohash": "tuxnfwsxf"},{"type": "Feature", "geometry": {"type": "Point", "coordinates": [88.70974, 26.5361823]}, "properties": {"direction": "181", "highway": "street_lamp", "lamp_mount": "angled_mast", "lamp_type": "led", "support": "pole"}, "geohash": "tuxnfwu2q"},{"type": "Feature", "geometry": {"type": "Point", "coordinates": [88.7095892, 26.5362188]}, "properties": {"direction": "269", "highway": "street_lamp", "lamp_mount": "angled_mast", "lamp_type": "led", "support": "pole"}, "geohash": "tuxnfwu2e"},{"type": "Feature", "geometry": {"type": "Point", "coordinates": [88.7231085, 26.516494]}, "properties": {"direction": "244", "highway": "street_lamp", "lamp_mount": "angled_mast", "lamp_type": "led", "support": "pole"}, "geohash": "tuxnfgnjy"},{"type": "Feature", "geometry": {"type": "Point", "coordinates": [88.7210312, 26.5172546]}, "properties": {"direction": "179", "highway": "street_lamp", "lamp_mount": "angled_mast", "lamp_type": "led", "support": "pole"}, "geohash": "tuxnfgkdj"},{"type": "Feature", "geometry": {"type": "Point", "coordinates": [88.7191923, 26.5173735]}, "properties": {"direction": "91", "highway": "street_lamp", "lamp_mount": "angled_mast", "lamp_type": "led", "support": "pole"}, "geohash": "tuxnfg76g"},{"type": "Feature", "geometry": {"type": "Point", "coordinates": [88.7192034, 26.5175457]}, "properties": {"direction": "90", "highway": "street_lamp", "lamp_mount": "angled_mast", "lamp_type": "led", "support": "pole"}, "geohash": "tuxnfg77g"},{"type": "Feature", "geometry": {"type": "Point", "coordinates": [88.7192455, 26.5180347]}, "properties": {"direction": "148", "highway": "street_lamp", "lamp_mount": "angled_mast", "lamp_type": "led", "support": "pole"}, "geohash": "tuxnfg7qs"},{"type": "Feature", "geometry": {"type": "Point", "coordinates": [88.7192983, 26.5186767]}, "properties": {"direction": "90", "highway": "street_lamp", "lamp_mount": "angled_mast", "lamp_type": "led", "support": "pole"}, "geohash": "tuxnfge6m"},{"type": "Feature", "geometry": {"type": "Point", "coordinates": [88.7191411, 26.5168182]}, "properties": {"direction": "90", "highway": "street_lamp", "lamp_mount": "angled_mast", "lamp_type": "led", "support": "pole"}, "geohash": "tuxnfg5r9"},{"type": "Feature", "geometry": {"type": "Point", "coordinates": [88.7191269, 26.5166362]}, "properties": {"direction": "90", "highway": "street_lamp", "lamp_mount": "angled_mast", "lamp_type": "led", "support": "pole"}, "geohash": "tuxnfg5q9"},{"type": "Feature", "geometry": {"type": "Point", "coordinates": [88.71911, 26.5163018]}, "properties": {"direction": "93", "highway": "street_lamp", "lamp_mount": "angled_mast", "lamp_type": "led", "support": "pole"}, "geohash": "tuxnfg5k9"},{"type": "Feature", "geometry": {"type": "Point", "coordinates": [88.7190844, 26.5160037]}, "properties": {"direction": "267", "highway": "street_lamp", "lamp_mount": "angled_mast", "lamp_type": "led", "support": "pole"}, "geohash": "tuxnfg56b"},{"type": "Feature", "geometry": {"type": "Point", "coordinates": [88.7190594, 26.5156337]}, "properties": {"direction": "90", "highway": "street_lamp", "lamp_mount": "angled_mast", "lamp_type": "led", "support": "pole"}, "geohash": "tuxnfg50z"},{"type": "Feature", "geometry": {"type": "Point", "coordinates": [88.7190445, 26.5154486]}, "properties": {"direction": "93", "highway": "street_lamp", "lamp_mount": "angled_mast", "lamp_type": "led", "support": "pole"}, "geohash": "tuxnffgpx"},{"type": "Feature", "geometry": {"type": "Point", "coordinates": [88.7190012, 26.5150338]}, "properties": {"direction": "95", "highway": "street_lamp", "lamp_mount": "angled_mast", "lamp_type": "led", "support": "pole"}, "geohash": "tuxnffgjq"},{"type": "Feature", "geometry": {"type": "Point", "coordinates": [88.718814, 26.5143311]}, "properties": {"direction": "185", "highway": "street_lamp", "lamp_mount": "angled_mast", "lamp_type": "led", "support": "pole"}, "geohash": "tuxnffg14"},{"type": "Feature", "geometry": {"type": "Point", "coordinates": [88.7186177, 26.513461]}, "properties": {"direction": "359", "highway": "street_lamp", "lamp_mount": "angled_mast", "lamp_type": "led", "support": "pole"}, "geohash": "tuxnffduj"},{"type": "Feature", "geometry": {"type": "Point", "coordinates": [88.718267, 26.5134395]}, "properties": {"direction": "356", "highway": "street_lamp", "lamp_mount": "angled_mast", "lamp_type": "led", "support": "pole"}, "geohash": "tuxnffdev"},{"type": "Feature", "geometry": {"type": "Point", "coordinates": [88.7180068, 26.5134156]}, "properties": {"direction": "350", "highway": "street_lamp", "lamp_mount": "angled_mast", "lamp_type": "led", "support": "pole"}, "geohash": "tuxnffd7z"},{"type": "Feature", "geometry": {"type": "Point", "coordinates": [88.7176789, 26.5133661]}, "properties": {"direction": "350", "highway": "street_lamp", "lamp_mount": "angled_mast", "lamp_type": "led", "support": "pole"}, "geohash": "tuxnffd5x"},{"type": "Feature", "geometry": {"type": "Point", "coordinates": [88.7172566, 26.5133154]}, "properties": {"direction": "354", "highway": "street_lamp", "lamp_mount": "angled_mast", "lamp_type": "led", "support": "pole"}, "geohash": "tuxnff9gm"},{"type": "Feature", "geometry": {"type": "Point", "coordinates": [88.7170845, 26.5133021]}, "properties": {"direction": "352", "highway": "street_lamp", "lamp_mount": "angled_mast", "lamp_type": "led", "support": "pole"}, "geohash": "tuxnff9g1"},{"type": "Feature", "geometry": {"type": "Point", "coordinates": [88.7168323, 26.5132788]}, "properties": {"direction": "353", "highway": "street_lamp", "lamp_mount": "angled_mast", "lamp_type": "led", "support": "pole"}, "geohash": "tuxnff9eh"},{"type": "Feature", "geometry": {"type": "Point", "coordinates": [88.7164822, 26.5132461]}, "properties": {"direction": "354", "highway": "street_lamp", "lamp_mount": "angled_mast", "lamp_type": "led", "support": "pole"}, "geohash": "tuxnff96g"},{"type": "Feature", "geometry": {"type": "Point", "coordinates": [88.7163735, 26.5131473]}, "properties": {"direction": "331", "highway": "street_lamp", "lamp_mount": "angled_mast", "lamp_type": "led", "support": "pole"}, "geohash": "tuxnff963"},{"type": "Feature", "geometry": {"type": "Point", "coordinates": [88.7159499, 26.5130596]}, "properties": {"direction": "352", "highway": "street_lamp", "lamp_mount": "angled_mast", "lamp_type": "led", "support": "pole"}, "geohash": "tuxnff8cz"},{"type": "Feature", "geometry": {"type": "Point", "coordinates": [88.7155437, 26.5130142]}, "properties": {"direction": "264", "highway": "street_lamp", "lamp_mount": "angled_mast", "lamp_type": "led", "support": "pole"}, "geohash": "tuxnff89t"},{"type": "Feature", "geometry": {"type": "Point", "coordinates": [88.7155531, 26.5129281]}, "properties": {"direction": "264", "highway": "street_lamp", "lamp_mount": "angled_mast", "lamp_type": "led", "support": "pole"}, "geohash": "tuxnff89n"},{"type": "Feature", "geometry": {"type": "Point", "coordinates": [88.7155713, 26.5127021]}, "properties": {"direction": "263", "highway": "street_lamp", "lamp_mount": "angled_mast", "lamp_type": "led", "support": "pole"}, "geohash": "tuxnff2xw"},{"type": "Feature", "geometry": {"type": "Point", "coordinates": [88.7156078, 26.5123765]}, "properties": {"direction": "262", "highway": "street_lamp", "lamp_mount": "angled_mast", "lamp_type": "led", "support": "pole"}, "geohash": "tuxnff2tz"},{"type": "Feature", "geometry": {"type": "Point", "coordinates": [88.7156363, 26.5121342]}, "properties": {"direction": "265", "highway": "street_lamp", "lamp_mount": "angled_mast", "lamp_type": "led", "support": "pole"}, "geohash": "tuxnff2u2"},{"type": "Feature", "geometry": {"type": "Point", "coordinates": [88.7156702, 26.5118548]}, "properties": {"direction": "264", "highway": "street_lamp", "lamp_mount": "angled_mast", "lamp_type": "led", "support": "pole"}, "geohash": "tuxnff2f8"},{"type": "Feature", "geometry": {"type": "Point", "coordinates": [88.7157023, 26.5115634]}, "properties": {"direction": "264", "highway": "street_lamp", "lamp_mount": "angled_mast", "lamp_type": "led", "support": "pole"}, "geohash": "tuxnff2c1"},{"type": "Feature", "geometry": {"type": "Point", "coordinates": [88.7157566, 26.5112669]}, "properties": {"direction": "264", "highway": "street_lamp", "lamp_mount": "angled_mast", "lamp_type": "led", "support": "pole"}, "geohash": "tuxnff0z6"},{"type": "Feature", "geometry": {"type": "Point", "coordinates": [88.7157744, 26.5109721]}, "properties": {"direction": "264", "highway": "street_lamp", "lamp_mount": "angled_mast", "lamp_type": "led", "support": "pole"}, "geohash": "tuxnff0ve"},{"type": "Feature", "geometry": {"type": "Point", "coordinates": [88.7158146, 26.5106011]}, "properties": {"direction": "265", "highway": "street_lamp", "lamp_mount": "angled_mast", "lamp_type": "led", "support": "pole"}, "geohash": "tuxnff0gk"},{"type": "Feature", "geometry": {"type": "Point", "coordinates": [88.7158485, 26.5103115]}, "properties": {"direction": "264", "highway": "street_lamp", "lamp_mount": "angled_mast", "lamp_type": "led", "support": "pole"}, "geohash": "tuxnff0cv"},{"type": "Feature", "geometry": {"type": "Point", "coordinates": [88.7158895, 26.5099809]}, "properties": {"direction": "263", "highway": "street_lamp", "lamp_mount": "angled_mast", "lamp_type": "led", "support": "pole"}, "geohash": "tuxnfcbzy"},{"type": "Feature", "geometry": {"type": "Point", "coordinates": [88.7159162, 26.5097304]}, "properties": {"direction": "264", "highway": "street_lamp", "lamp_mount": "angled_mast", "lamp_type": "led", "support": "pole"}, "geohash": "tuxnfcbyq"},{"type": "Feature", "geometry": {"type": "Point", "coordinates": [88.715955, 26.5094114]}, "properties": {"direction": "261", "highway": "street_lamp", "lamp_mount": "angled_mast", "lamp_type": "led", "support": "pole"}, "geohash": "tuxnfcbux"},{"type": "Feature", "geometry": {"type": "Point", "coordinates": [88.7159901, 26.5090866]}, "properties": {"direction": "84", "highway": "street_lamp", "lamp_mount": "angled_mast", "lamp_type": "led", "support": "pole"}, "geohash": "tuxnfcc48"},{"type": "Feature", "geometry": {"type": "Point", "coordinates": [88.7159961, 26.5090292]}, "properties": {"direction": "263", "highway": "street_lamp", "lamp_mount": "angled_mast", "lamp_type": "led", "support": "pole"}, "geohash": "tuxnfcc42"},{"type": "Feature", "geometry": {"type": "Point", "coordinates": [88.716042, 26.5086443]}, "properties": {"direction": "264", "highway": "street_lamp", "lamp_mount": "angled_mast", "lamp_type": "led", "support": "pole"}, "geohash": "tuxnfcc01"},{"type": "Feature", "geometry": {"type": "Point", "coordinates": [88.7160621, 26.5083168]}, "properties": {"direction": "263", "highway": "street_lamp", "lamp_mount": "angled_mast", "lamp_type": "led", "support": "pole"}, "geohash": "tuxnfc9n4"},{"type": "Feature", "geometry": {"type": "Point", "coordinates": [88.7160693, 26.5083358]}, "properties": {"direction": "71", "highway": "street_lamp", "lamp_mount": "angled_mast", "lamp_type": "led", "support": "pole"}, "geohash": "tuxnfc9n4"},{"type": "Feature", "geometry": {"type": "Point", "coordinates": [88.7160852, 26.5079763]}, "properties": {"direction": "262", "highway": "street_lamp", "lamp_mount": "angled_mast", "lamp_type": "led", "support": "pole"}, "geohash": "tuxnfc9h4"},{"type": "Feature", "geometry": {"type": "Point", "coordinates": [88.7161406, 26.5076214]}, "properties": {"direction": "263", "highway": "street_lamp", "lamp_mount": "angled_mast", "lamp_type": "led", "support": "pole"}, "geohash": "tuxnfc945"},{"type": "Feature", "geometry": {"type": "Point", "coordinates": [88.7160784, 26.507443]}, "properties": {"direction": "131", "highway": "street_lamp", "lamp_mount": "angled_mast", "lamp_type": "led", "support": "pole"}, "geohash": "tuxnfc914"},{"type": "Feature", "geometry": {"type": "Point", "coordinates": [88.7160841, 26.5073058]}, "properties": {"direction": "313", "highway": "street_lamp", "lamp_mount": "angled_mast", "lamp_type": "led", "support": "pole"}, "geohash": "tuxnfc904"},{"type": "Feature", "geometry": {"type": "Point", "coordinates": [88.7158477, 26.5071699]}, "properties": {"direction": "132", "highway": "street_lamp", "lamp_mount": "angled_mast", "lamp_type": "led", "support": "pole"}, "geohash": "tuxnfc2zm"},{"type": "Feature", "geometry": {"type": "Point", "coordinates": [88.7157235, 26.5069278]}, "properties": {"direction": "310", "highway": "street_lamp", "lamp_mount": "angled_mast", "lamp_type": "led", "support": "pole"}, "geohash": "tuxnfc2y4"},{"type": "Feature", "geometry": {"type": "Point", "coordinates": [88.7155197, 26.5067023]}, "properties": {"direction": "321", "highway": "street_lamp", "lamp_mount": "angled_mast", "lamp_type": "led", "support": "pole"}, "geohash": "tuxnfc2st"},{"type": "Feature", "geometry": {"type": "Point", "coordinates": [88.7152605, 26.5065103]}, "properties": {"direction": "79", "highway": "street_lamp", "lamp_mount": "angled_mast", "lamp_type": "led", "support": "pole"}, "geohash": "tuxnfc27x"},{"type": "Feature", "geometry": {"type": "Point", "coordinates": [88.7151368, 26.5065382]}, "properties": {"direction": "154", "highway": "street_lamp", "lamp_mount": "angled_mast", "lamp_type": "led", "support": "pole"}, "geohash": "tuxnfc27u"},{"type": "Feature", "geometry": {"type": "Point", "coordinates": [88.7149667, 26.506365]}, "properties": {"direction": "334", "highway": "street_lamp", "lamp_mount": "angled_mast", "lamp_type": "led", "support": "pole"}, "geohash": "tuxnfc26b"},{"type": "Feature", "geometry": {"type": "Point", "coordinates": [88.7146128, 26.5061995]}, "properties": {"direction": "332", "highway": "street_lamp", "lamp_mount": "angled_mast", "lamp_type": "led", "support": "pole"}, "geohash": "tuxnfc21b"},{"type": "Feature", "geometry": {"type": "Point", "coordinates": [88.714323, 26.5061441]}, "properties": {"direction": "152", "highway": "street_lamp", "lamp_mount": "angled_mast", "lamp_type": "led", "support": "pole"}, "geohash": "tuxnf9rc3"},{"type": "Feature", "geometry": {"type": "Point", "coordinates": [88.7140137, 26.5059837]}, "properties": {"direction": "155", "highway": "street_lamp", "lamp_mount": "angled_mast", "lamp_type": "led", "support": "pole"}, "geohash": "tuxnf9r8d"},{"type": "Feature", "geometry": {"type": "Point", "coordinates": [88.7131345, 26.5053407]}, "properties": {"direction": "79", "highway": "street_lamp", "lamp_mount": "angled_mast", "lamp_type": "led", "support": "pole"}, "geohash": "tuxnf9nuv"},{"type": "Feature", "geometry": {"type": "Point", "coordinates": [88.7087892, 26.5049613]}, "properties": {"highway": "street_lamp", "lamp_type": "led", "support": "pole"}, "geohash": "tuxnf95f8"},{"type": "Feature", "geometry": {"type": "Point", "coordinates": [88.705614, 26.5086383]}, "properties": {"highway": "street_lamp", "lamp_type": "led", "support": "pole"}, "geohash": "tuxnf9c2n"},{"type": "Feature", "geometry": {"type": "Point", "coordinates": [88.7044282, 26.5099441]}, "properties": {"highway": "street_lamp", "lamp_type": "led", "support": "pole"}, "geohash": "tuxnf9bxd"},{"type": "Feature", "geometry": {"type": "Point", "coordinates": [88.7043128, 26.510213]}, "properties": {"highway": "street_lamp", "lamp_type": "led", "support": "pole"}, "geohash": "tuxnfd090"},{"type": "Feature", "geometry": {"type": "Point", "coordinates": [88.7037708, 26.5107053]}, "properties": {"highway": "street_lamp", "lamp_type": "led", "support": "pole"}, "geohash": "tuxnfd0h5"},{"type": "Feature", "geometry": {"type": "Point", "coordinates": [88.7038342, 26.5107481]}, "properties": {"highway": "street_lamp", "lamp_type": "led", "support": "pole"}, "geohash": "tuxnfd0hm"},{"type": "Feature", "geometry": {"type": "Point", "coordinates": [88.7037384, 26.5108617]}, "properties": {"highway": "street_lamp", "lamp_type": "led", "support": "pole"}, "geohash": "tuxnfd0hf"},{"type": "Feature", "geometry": {"type": "Point", "coordinates": [88.7035039, 26.5111359]}, "properties": {"highway": "street_lamp", "lamp_type": "led", "support": "pole"}, "geohash": "tuxnf6pyt"},{"type": "Feature", "geometry": {"type": "Point", "coordinates": [88.7033265, 26.5111606]}, "properties": {"highway": "street_lamp", "lamp_type": "led", "support": "pole"}, "geohash": "tuxnf6py9"},{"type": "Feature", "geometry": {"type": "Point", "coordinates": [88.7029258, 26.5118682]}, "properties": {"highway": "street_lamp", "lamp_type": "led", "support": "pole"}, "geohash": "tuxnf6r6z"},{"type": "Feature", "geometry": {"type": "Point", "coordinates": [88.7027646, 26.5117204]}, "properties": {"highway": "street_lamp", "lamp_type": "led", "support": "pole"}, "geohash": "tuxnf6r3u"},{"type": "Feature", "geometry": {"type": "Point", "coordinates": [88.7023742, 26.5122137]}, "properties": {"highway": "street_lamp", "lamp_type": "led", "support": "pole"}, "geohash": "tuxnf6rhg"},{"type": "Feature", "geometry": {"type": "Point", "coordinates": [88.7016034, 26.5126341]}, "properties": {"highway": "street_lamp", "lamp_type": "led", "support": "pole"}, "geohash": "tuxnf6qx3"},{"type": "Feature", "geometry": {"type": "Point", "coordinates": [88.7016706, 26.5127902]}, "properties": {"highway": "street_lamp", "lamp_type": "led", "support": "pole"}, "geohash": "tuxnf6w84"},{"type": "Feature", "geometry": {"type": "Point", "coordinates": [88.7095455, 26.5360808]}, "properties": {"direction": "90", "highway": "street_lamp", "lamp_mount": "angled_mast", "lamp_type": "led", "support": "pole"}, "geohash": "tuxnfwsrf"},{"type": "Feature", "geometry": {"type": "Point", "coordinates": [88.7012489, 26.5148539]}, "properties": {"highway": "street_lamp", "lamp_type": "led", "support": "pole"}, "geohash": "tuxnf6yk0"},{"type": "Feature", "geometry": {"type": "Point", "coordinates": [88.7016234, 26.5150948]}, "properties": {"highway": "street_lamp", "lamp_type": "led", "support": "pole"}, "geohash": "tuxnf6yt9"},{"type": "Feature", "geometry": {"type": "Point", "coordinates": [88.7020307, 26.5153525]}, "properties": {"highway": "street_lamp", "lamp_type": "led", "support": "pole"}, "geohash": "tuxnf6yz5"},{"type": "Feature", "geometry": {"type": "Point", "coordinates": [88.702585, 26.5157094]}, "properties": {"direction": "147", "highway": "street_lamp", "lamp_mount": "angled_mast", "lamp_type": "led", "support": "pole"}, "geohash": "tuxnf7p30"},{"type": "Feature", "geometry": {"type": "Point", "coordinates": [88.7027981, 26.5158759]}, "properties": {"direction": "147", "highway": "street_lamp", "lamp_mount": "angled_mast", "lamp_type": "led", "support": "pole"}, "geohash": "tuxnf7p6j"},{"type": "Feature", "geometry": {"type": "Point", "coordinates": [88.7034815, 26.516066]}, "properties": {"direction": "144", "highway": "street_lamp", "lamp_mount": "angled_mast", "lamp_type": "led", "support": "pole"}, "geohash": "tuxnf7pgk"},{"type": "Feature", "geometry": {"type": "Point", "coordinates": [88.7035668, 26.5162312]}, "properties": {"direction": "327", "highway": "street_lamp", "lamp_mount": "angled_mast", "lamp_type": "led", "support": "pole"}, "geohash": "tuxnf7pun"},{"type": "Feature", "geometry": {"type": "Point", "coordinates": [88.7037822, 26.5163683]}, "properties": {"direction": "321", "highway": "street_lamp", "lamp_mount": "angled_mast", "lamp_type": "led", "support": "pole"}, "geohash": "tuxnfe0j5"},{"type": "Feature", "geometry": {"type": "Point", "coordinates": [88.7044789, 26.5168101]}, "properties": {"direction": "328", "highway": "street_lamp", "lamp_mount": "angled_mast", "lamp_type": "led", "support": "pole"}, "geohash": "tuxnfe0xs"},{"type": "Feature", "geometry": {"type": "Point", "coordinates": [88.7047796, 26.5169935]}, "properties": {"direction": "326", "highway": "street_lamp", "lamp_mount": "angled_mast", "lamp_type": "led", "support": "pole"}, "geohash": "tuxnfe2be"},{"type": "Feature", "geometry": {"type": "Point", "coordinates": [88.7052972, 26.5173246]}, "properties": {"direction": "324", "highway": "street_lamp", "lamp_mount": "angled_mast", "lamp_type": "led", "support": "pole"}, "geohash": "tuxnfe34x"},{"type": "Feature", "geometry": {"type": "Point", "coordinates": [88.7056343, 26.5175405]}, "properties": {"direction": "329", "highway": "street_lamp", "lamp_mount": "angled_mast", "lamp_type": "led", "support": "pole"}, "geohash": "tuxnfe37z"},{"type": "Feature", "geometry": {"type": "Point", "coordinates": [88.7058078, 26.51765]}, "properties": {"direction": "160", "highway": "street_lamp", "lamp_mount": "angled_mast", "lamp_type": "led", "support": "pole"}, "geohash": "tuxnfe3se"},{"type": "Feature", "geometry": {"type": "Point", "coordinates": [88.7099039, 26.5216622]}, "properties": {"direction": "85", "highway": "street_lamp", "lamp_mount": "angled_mast", "lamp_type": "led", "support": "pole"}, "geohash": "tuxnfshef"},{"type": "Feature", "geometry": {"type": "Point", "coordinates": [88.7099004, 26.5217727]}, "properties": {"direction": "88", "highway": "street_lamp", "lamp_mount": "angled_mast", "lamp_type": "led", "support": "pole"}, "geohash": "tuxnfshsd"},{"type": "Feature", "geometry": {"type": "Point", "coordinates": [88.7098788, 26.5221112]}, "properties": {"direction": "83", "highway": "street_lamp", "lamp_mount": "angled_mast", "lamp_type": "led", "support": "pole"}, "geohash": "tuxnfshw3"},{"type": "Feature", "geometry": {"type": "Point", "coordinates": [88.7098421, 26.5223331]}, "properties": {"direction": "85", "highway": "street_lamp", "lamp_mount": "angled_mast", "lamp_type": "led", "support": "pole"}, "geohash": "tuxnfshxc"},{"type": "Feature", "geometry": {"type": "Point", "coordinates": [88.7098227, 26.5224316]}, "properties": {"direction": "82", "highway": "street_lamp", "lamp_mount": "angled_mast", "lamp_type": "led", "support": "pole"}, "geohash": "tuxnfsk82"},{"type": "Feature", "geometry": {"type": "Point", "coordinates": [88.7098326, 26.5226782]}, "properties": {"direction": "267", "highway": "street_lamp", "lamp_mount": "angled_mast", "lamp_type": "led", "support": "pole"}, "geohash": "tuxnfsk9b"},{"type": "Feature", "geometry": {"type": "Point", "coordinates": [88.7098067, 26.5231075]}, "properties": {"direction": "271", "highway": "street_lamp", "lamp_mount": "angled_mast", "lamp_type": "led", "support": "pole"}, "geohash": "tuxnfsks2"},{"type": "Feature", "geometry": {"type": "Point", "coordinates": [88.7070665, 26.5236245]}, "properties": {"direction": "12", "highway": "street_lamp", "lamp_mount": "angled_mast", "lamp_type": "led", "support": "pole"}, "geohash": "tuxnfs6x2"},{"type": "Feature", "geometry": {"type": "Point", "coordinates": [88.7067559, 26.52368]}, "properties": {"direction": "9", "highway": "street_lamp", "lamp_mount": "angled_mast", "lamp_type": "led", "support": "pole"}, "geohash": "tuxnfs6r9"},{"type": "Feature", "geometry": {"type": "Point", "coordinates": [88.7066246, 26.5237061]}, "properties": {"direction": "15", "highway": "street_lamp", "lamp_mount": "angled_mast", "lamp_type": "sodium", "support": "pole"}, "geohash": "tuxnfs6py"},{"type": "Feature", "geometry": {"type": "Point", "coordinates": [88.7065101, 26.5237253]}, "properties": {"direction": "9", "highway": "street_lamp", "lamp_mount": "angled_mast", "lamp_type": "led", "support": "pole"}, "geohash": "tuxnfs6pg"},{"type": "Feature", "geometry": {"type": "Point", "coordinates": [88.7062939, 26.5237621]}, "properties": {"direction": "13", "highway": "street_lamp", "lamp_mount": "angled_mast", "lamp_type": "led", "support": "pole"}, "geohash": "tuxnfs9bn"},{"type": "Feature", "geometry": {"type": "Point", "coordinates": [88.7061899, 26.5237792]}, "properties": {"direction": "13", "highway": "street_lamp", "lamp_mount": "angled_mast", "lamp_type": "led", "support": "pole"}, "geohash": "tuxnfs9bh"},{"type": "Feature", "geometry": {"type": "Point", "coordinates": [88.7060855, 26.5237992]}, "properties": {"direction": "12", "highway": "street_lamp", "lamp_mount": "angled_mast", "lamp_type": "led", "support": "pole"}, "geohash": "tuxnfs9b3"},{"type": "Feature", "geometry": {"type": "Point", "coordinates": [88.7059076, 26.5238253]}, "properties": {"direction": "11", "highway": "street_lamp", "lamp_mount": "angled_mast", "lamp_type": "led", "support": "pole"}, "geohash": "tuxnfs98m"},{"type": "Feature", "geometry": {"type": "Point", "coordinates": [88.7057648, 26.5238614]}, "properties": {"direction": "11", "highway": "street_lamp", "lamp_mount": "angled_mast", "lamp_type": "led", "support": "pole"}, "geohash": "tuxnfs98d"},{"type": "Feature", "geometry": {"type": "Point", "coordinates": [88.705568, 26.5238957]}, "properties": {"direction": "4", "highway": "street_lamp", "lamp_mount": "angled_mast", "lamp_type": "led", "support": "pole"}, "geohash": "tuxnfs92v"},{"type": "Feature", "geometry": {"type": "Point", "coordinates": [88.7053291, 26.5239373]}, "properties": {"direction": "1", "highway": "street_lamp", "lamp_mount": "angled_mast", "lamp_type": "led", "support": "pole"}, "geohash": "tuxnfs91p"},{"type": "Feature", "geometry": {"type": "Point", "coordinates": [88.7053229, 26.5238908]}, "properties": {"highway": "street_lamp", "lamp_type": "led", "support": "pole"}, "geohash": "tuxnfs90z"},{"type": "Feature", "geometry": {"type": "Point", "coordinates": [88.7049667, 26.5239926]}, "properties": {"direction": "9", "highway": "street_lamp", "lamp_mount": "angled_mast", "lamp_type": "led", "support": "pole"}, "geohash": "tuxnfs8cr"},{"type": "Feature", "geometry": {"type": "Point", "coordinates": [88.7048881, 26.524014]}, "properties": {"direction": "10", "highway": "street_lamp", "lamp_mount": "angled_mast", "lamp_type": "sodium", "support": "pole"}, "geohash": "tuxnfs8ct"},{"type": "Feature", "geometry": {"type": "Point", "coordinates": [88.704722, 26.5240429]}, "properties": {"direction": "8", "highway": "street_lamp", "lamp_mount": "angled_mast", "lamp_type": "led", "support": "pole"}, "geohash": "tuxnfs8c9"},{"type": "Feature", "geometry": {"type": "Point", "coordinates": [88.7046083, 26.5240627]}, "properties": {"highway": "street_lamp", "lamp_type": "led", "support": "pole"}, "geohash": "tuxnfs89z"},{"type": "Feature", "geometry": {"type": "Point", "coordinates": [88.7044664, 26.5240874]}, "properties": {"direction": "8", "highway": "street_lamp", "lamp_mount": "angled_mast", "lamp_type": "sodium", "support": "pole"}, "geohash": "tuxnfs8d5"},{"type": "Feature", "geometry": {"type": "Point", "coordinates": [88.7043307, 26.524111]}, "properties": {"direction": "95", "highway": "street_lamp", "lamp_mount": "angled_mast", "lamp_type": "led", "support": "pole"}, "geohash": "tuxnfs8d0"},{"type": "Feature", "geometry": {"type": "Point", "coordinates": [88.7042272, 26.5241291]}, "properties": {"direction": "10", "highway": "street_lamp", "lamp_mount": "angled_mast", "lamp_type": "led", "support": "pole"}, "geohash": "tuxnfs86q"},{"type": "Feature", "geometry": {"type": "Point", "coordinates": [88.7039752, 26.5241729]}, "properties": {"direction": "10", "highway": "street_lamp", "lamp_mount": "angled_mast", "lamp_type": "led", "support": "pole"}, "geohash": "tuxnfs868"},{"type": "Feature", "geometry": {"type": "Point", "coordinates": [88.7036208, 26.5242334]}, "properties": {"direction": "8", "highway": "street_lamp", "lamp_mount": "angled_mast", "lamp_type": "sodium", "support": "pole"}, "geohash": "tuxnfs84b"},{"type": "Feature", "geometry": {"type": "Point", "coordinates": [88.7034753, 26.5242599]}, "properties": {"direction": "7", "highway": "street_lamp", "lamp_mount": "angled_mast", "lamp_type": "led", "support": "pole"}, "geohash": "tuxnfkxgh"},{"type": "Feature", "geometry": {"type": "Point", "coordinates": [88.7034553, 26.5242634]}, "properties": {"highway": "street_lamp", "lamp_type": "led", "support": "pole"}, "geohash": "tuxnfkxgh"},{"type": "Feature", "geometry": {"type": "Point", "coordinates": [88.7034211, 26.5243207]}, "properties": {"direction": "279", "highway": "street_lamp", "lamp_mount": "angled_mast", "lamp_type": "led", "support": "pole"}, "geohash": "tuxnfkxg7"},{"type": "Feature", "geometry": {"type": "Point", "coordinates": [88.7033663, 26.524395]}, "properties": {"direction": "96", "highway": "street_lamp", "lamp_mount": "angled_mast", "lamp_type": "led", "support": "pole"}, "geohash": "tuxnfkxgf"},{"type": "Feature", "geometry": {"type": "Point", "coordinates": [88.7037916, 26.524405]}, "properties": {"direction": "9", "highway": "street_lamp", "lamp_mount": "angled_mast", "lamp_type": "led", "support": "pole"}, "geohash": "tuxnfs85u"},{"type": "Feature", "geometry": {"type": "Point", "coordinates": [88.7039036, 26.5243884]}, "properties": {"direction": "10", "highway": "street_lamp", "lamp_mount": "angled_mast", "lamp_type": "led", "support": "pole"}, "geohash": "tuxnfs85y"},{"type": "Feature", "geometry": {"type": "Point", "coordinates": [88.7042452, 26.5243248]}, "properties": {"direction": "10", "highway": "street_lamp", "lamp_mount": "angled_mast", "lamp_type": "led", "support": "pole"}, "geohash": "tuxnfs87q"},{"type": "Feature", "geometry": {"type": "Point", "coordinates": [88.7044463, 26.5242954]}, "properties": {"direction": "4", "highway": "street_lamp", "lamp_mount": "angled_mast", "lamp_type": "led", "support": "pole"}, "geohash": "tuxnfs8e5"},{"type": "Feature", "geometry": {"type": "Point", "coordinates": [88.7047314, 26.5242334]}, "properties": {"direction": "343", "highway": "street_lamp", "lamp_mount": "angled_mast", "lamp_type": "led", "support": "pole"}, "geohash": "tuxnfs8ff"},{"type": "Feature", "geometry": {"type": "Point", "coordinates": [88.7047633, 26.524508]}, "properties": {"direction": "83", "highway": "street_lamp", "lamp_mount": "angled_mast", "lamp_type": "led", "support": "pole"}, "geohash": "tuxnfs8u6"},{"type": "Feature", "geometry": {"type": "Point", "coordinates": [88.704745, 26.5246078]}, "properties": {"direction": "80", "highway": "street_lamp", "lamp_mount": "angled_mast", "lamp_type": "led", "support": "pole"}, "geohash": "tuxnfs8v4"},{"type": "Feature", "geometry": {"type": "Point", "coordinates": [88.7049302, 26.5246155]}, "properties": {"direction": "352", "highway": "street_lamp", "lamp_mount": "angled_mast", "lamp_type": "led", "support": "pole"}, "geohash": "tuxnfs8vn"},{"type": "Feature", "geometry": {"type": "Point", "coordinates": [88.7052303, 26.5246588]}, "properties": {"direction": "349", "highway": "street_lamp", "lamp_mount": "angled_mast", "lamp_type": "led", "support": "pole"}, "geohash": "tuxnfs9jm"},{"type": "Feature", "geometry": {"type": "Point", "coordinates": [88.7056257, 26.5247649]}, "properties": {"direction": "170", "highway": "street_lamp", "lamp_mount": "angled_mast", "lamp_type": "led", "support": "pole"}, "geohash": "tuxnfs9my"},{"type": "Feature", "geometry": {"type": "Point", "coordinates": [88.7059781, 26.5247247]}, "properties": {"direction": "351", "highway": "street_lamp", "lamp_mount": "angled_mast", "lamp_type": "led", "support": "pole"}, "geohash": "tuxnfs9tx"},{"type": "Feature", "geometry": {"type": "Point", "coordinates": [88.706188, 26.5247618]}, "properties": {"direction": "355", "highway": "street_lamp", "lamp_mount": "angled_mast", "lamp_type": "led", "support": "pole"}, "geohash": "tuxnfs9vg"},{"type": "Feature", "geometry": {"type": "Point", "coordinates": [88.7063573, 26.5248256]}, "properties": {"direction": "177", "highway": "street_lamp", "lamp_mount": "angled_mast", "lamp_type": "led", "support": "pole"}, "geohash": "tuxnfs9yr"},{"type": "Feature", "geometry": {"type": "Point", "coordinates": [88.7067769, 26.5247959]}, "properties": {"direction": "357", "highway": "street_lamp", "lamp_mount": "angled_mast", "lamp_type": "led", "support": "pole"}, "geohash": "tuxnfsdq1"},{"type": "Feature", "geometry": {"type": "Point", "coordinates": [88.7069853, 26.5247979]}, "properties": {"direction": "358", "highway": "street_lamp", "lamp_mount": "angled_mast", "lamp_type": "led", "support": "pole"}, "geohash": "tuxnfsdqn"},{"type": "Feature", "geometry": {"type": "Point", "coordinates": [88.7072416, 26.5248098]}, "properties": {"direction": "269", "highway": "street_lamp", "lamp_mount": "angled_mast", "lamp_type": "led", "support": "pole"}, "geohash": "tuxnfsdwh"},{"type": "Feature", "geometry": {"type": "Point", "coordinates": [88.7071717, 26.5250408]}, "properties": {"direction": "95", "highway": "street_lamp", "lamp_mount": "angled_mast", "lamp_type": "led", "support": "pole"}, "geohash": "tuxnfsdxd"},{"type": "Feature", "geometry": {"type": "Point", "coordinates": [88.707247, 26.5254799]}, "properties": {"direction": "101", "highway": "street_lamp", "lamp_mount": "angled_mast", "lamp_type": "led", "support": "pole"}, "geohash": "tuxnfsfdh"},{"type": "Feature", "geometry": {"type": "Point", "coordinates": [88.707373, 26.5258075]}, "properties": {"direction": "267", "highway": "street_lamp", "lamp_mount": "angled_mast", "lamp_type": "led", "support": "pole"}, "geohash": "tuxnfsfsp"},{"type": "Feature", "geometry": {"type": "Point", "coordinates": [88.7073431, 26.526038]}, "properties": {"direction": "267", "highway": "street_lamp", "lamp_mount": "angled_mast", "lamp_type": "led", "support": "pole"}, "geohash": "tuxnfsftq"},{"type": "Feature", "geometry": {"type": "Point", "coordinates": [88.7073335, 26.526208]}, "properties": {"direction": "264", "highway": "street_lamp", "lamp_mount": "angled_mast", "lamp_type": "led", "support": "pole"}, "geohash": "tuxnfsfwq"},{"type": "Feature", "geometry": {"type": "Point", "coordinates": [88.7072466, 26.5263056]}, "properties": {"direction": "80", "highway": "street_lamp", "lamp_mount": "angled_mast", "lamp_type": "led", "support": "pole"}, "geohash": "tuxnfsfwu"},{"type": "Feature", "geometry": {"type": "Point", "coordinates": [88.7072471, 26.5271745]}, "properties": {"direction": "264", "highway": "street_lamp", "lamp_mount": "angled_mast", "lamp_type": "led", "support": "pole"}, "geohash": "tuxnft4eu"},{"type": "Feature", "geometry": {"type": "Point", "coordinates": [88.7072238, 26.52747]}, "properties": {"direction": "265", "highway": "street_lamp", "lamp_mount": "angled_mast", "lamp_type": "led", "support": "pole"}, "geohash": "tuxnft4ts"},{"type": "Feature", "geometry": {"type": "Point", "coordinates": [88.7072061, 26.5276369]}, "properties": {"direction": "263", "highway": "street_lamp", "lamp_mount": "angled_mast", "lamp_type": "led", "support": "pole"}, "geohash": "tuxnft4we"},{"type": "Feature", "geometry": {"type": "Point", "coordinates": [88.7071728, 26.5279454]}, "properties": {"direction": "262", "highway": "street_lamp", "lamp_mount": "angled_mast", "lamp_type": "led", "support": "pole"}, "geohash": "tuxnft686"},{"type": "Feature", "geometry": {"type": "Point", "coordinates": [88.7071454, 26.5281996]}, "properties": {"direction": "264", "highway": "street_lamp", "lamp_mount": "angled_mast", "lamp_type": "led", "support": "pole"}, "geohash": "tuxnft69f"},{"type": "Feature", "geometry": {"type": "Point", "coordinates": [88.7071089, 26.5285232]}, "properties": {"direction": "264", "highway": "street_lamp", "lamp_mount": "angled_mast", "lamp_type": "led", "support": "pole"}, "geohash": "tuxnft6ec"},{"type": "Feature", "geometry": {"type": "Point", "coordinates": [88.7070774, 26.528788]}, "properties": {"direction": "263", "highway": "street_lamp", "lamp_mount": "angled_mast", "lamp_type": "led", "support": "pole"}, "geohash": "tuxnft6t2"},{"type": "Feature", "geometry": {"type": "Point", "coordinates": [88.7070396, 26.5290879]}, "properties": {"direction": "264", "highway": "street_lamp", "lamp_mount": "angled_mast", "lamp_type": "led", "support": "pole"}, "geohash": "tuxnft6rp"},{"type": "Feature", "geometry": {"type": "Point", "coordinates": [88.7070036, 26.5293768]}, "properties": {"direction": "265", "highway": "street_lamp", "lamp_mount": "angled_mast", "lamp_type": "led", "support": "pole"}, "geohash": "tuxnftd2z"},{"type": "Feature", "geometry": {"type": "Point", "coordinates": [88.7093451, 26.5362025]}, "properties": {"direction": "180", "highway": "street_lamp", "lamp_mount": "angled_mast", "lamp_type": "led", "support": "pole"}, "geohash": "tuxnfwu0t"},{"type": "Feature", "geometry": {"type": "Point", "coordinates": [88.7069319, 26.5299803]}, "properties": {"direction": "265", "highway": "street_lamp", "lamp_mount": "angled_mast", "lamp_type": "led", "support": "pole"}, "geohash": "tuxnftdkm"},{"type": "Feature", "geometry": {"type": "Point", "coordinates": [88.7069041, 26.5302133]}, "properties": {"direction": "265", "highway": "street_lamp", "lamp_mount": "angled_mast", "lamp_type": "led", "support": "pole"}, "geohash": "tuxnftdms"},{"type": "Feature", "geometry": {"type": "Point", "coordinates": [88.7068768, 26.5304688]}, "properties": {"direction": "264", "highway": "street_lamp", "lamp_mount": "angled_mast", "lamp_type": "led", "support": "pole"}, "geohash": "tuxnftdrh"},{"type": "Feature", "geometry": {"type": "Point", "coordinates": [88.7067906, 26.5307434]}, "properties": {"direction": "86", "highway": "street_lamp", "lamp_mount": "angled_mast", "lamp_type": "led", "support": "pole"}, "geohash": "tuxnftf2f"},{"type": "Feature", "geometry": {"type": "Point", "coordinates": [88.7067691, 26.5310184]}, "properties": {"direction": "86", "highway": "street_lamp", "lamp_mount": "angled_mast", "lamp_type": "led", "support": "pole"}, "geohash": "tuxnftf63"},{"type": "Feature", "geometry": {"type": "Point", "coordinates": [88.7067222, 26.5313636]}, "properties": {"direction": "84", "highway": "street_lamp", "lamp_mount": "angled_mast", "lamp_type": "led", "support": "pole"}, "geohash": "tuxnftfk2"},{"type": "Feature", "geometry": {"type": "Point", "coordinates": [88.7066861, 26.5316358]}, "properties": {"direction": "100", "highway": "street_lamp", "lamp_mount": "angled_mast", "lamp_type": "led", "support": "pole"}, "geohash": "tuxnftfjz"},{"type": "Feature", "geometry": {"type": "Point", "coordinates": [88.7066519, 26.5319165]}, "properties": {"direction": "82", "highway": "street_lamp", "lamp_mount": "angled_mast", "lamp_type": "led", "support": "pole"}, "geohash": "tuxnftfpw"},{"type": "Feature", "geometry": {"type": "Point", "coordinates": [88.7066204, 26.5321536]}, "properties": {"direction": "85", "highway": "street_lamp", "lamp_mount": "angled_mast", "lamp_type": "led", "support": "pole"}, "geohash": "tuxnfw40y"},{"type": "Feature", "geometry": {"type": "Point", "coordinates": [88.7065867, 26.5324131]}, "properties": {"direction": "83", "highway": "street_lamp", "lamp_mount": "angled_mast", "lamp_type": "led", "support": "pole"}, "geohash": "tuxnfw44t"},{"type": "Feature", "geometry": {"type": "Point", "coordinates": [88.7063244, 26.5333392]}, "properties": {"direction": "176", "highway": "street_lamp", "lamp_mount": "angled_mast", "lamp_type": "led", "support": "pole"}, "geohash": "tuxnfw1zz"},{"type": "Feature", "geometry": {"type": "Point", "coordinates": [88.706165, 26.5333238]}, "properties": {"direction": "175", "highway": "street_lamp", "lamp_mount": "angled_mast", "lamp_type": "led", "support": "pole"}, "geohash": "tuxnfw1zg"},{"type": "Feature", "geometry": {"type": "Point", "coordinates": [88.7059404, 26.5333032]}, "properties": {"direction": "177", "highway": "street_lamp", "lamp_mount": "angled_mast", "lamp_type": "led", "support": "pole"}, "geohash": "tuxnfw1xw"},{"type": "Feature", "geometry": {"type": "Point", "coordinates": [88.7057954, 26.5332903]}, "properties": {"direction": "176", "highway": "street_lamp", "lamp_mount": "angled_mast", "lamp_type": "led", "support": "pole"}, "geohash": "tuxnfw1xd"},{"type": "Feature", "geometry": {"type": "Point", "coordinates": [88.7055852, 26.533274]}, "properties": {"direction": "174", "highway": "street_lamp", "lamp_mount": "angled_mast", "lamp_type": "led", "support": "pole"}, "geohash": "tuxnfw1rt"},{"type": "Feature", "geometry": {"type": "Point", "coordinates": [88.7053461, 26.5332541]}, "properties": {"direction": "175", "highway": "street_lamp", "lamp_mount": "angled_mast", "lamp_type": "led", "support": "pole"}, "geohash": "tuxnfw1r2"},{"type": "Feature", "geometry": {"type": "Point", "coordinates": [88.7049941, 26.5332273]}, "properties": {"direction": "32", "highway": "street_lamp", "lamp_mount": "angled_mast", "lamp_type": "led", "support": "pole"}, "geohash": "tuxnfw1p2"},{"type": "Feature", "geometry": {"type": "Point", "coordinates": [88.7048096, 26.5332362]}, "properties": {"direction": "352", "highway": "street_lamp", "lamp_mount": "angled_mast", "lamp_type": "led", "support": "pole"}, "geohash": "tuxnfw0z7"},{"type": "Feature", "geometry": {"type": "Point", "coordinates": [88.7045929, 26.5332027]}, "properties": {"direction": "352", "highway": "street_lamp", "lamp_mount": "angled_mast", "lamp_type": "led", "support": "pole"}, "geohash": "tuxnfw0xn"},{"type": "Feature", "geometry": {"type": "Point", "coordinates": [88.7042205, 26.5331487]}, "properties": {"direction": "350", "highway": "street_lamp", "lamp_mount": "angled_mast", "lamp_type": "led", "support": "pole"}, "geohash": "tuxnfw0qy"},{"type": "Feature", "geometry": {"type": "Point", "coordinates": [88.7038746, 26.5331023]}, "properties": {"direction": "352", "highway": "street_lamp", "lamp_mount": "angled_mast", "lamp_type": "led", "support": "pole"}, "geohash": "tuxnfw0nw"},{"type": "Feature", "geometry": {"type": "Point", "coordinates": [88.7035903, 26.5330677]}, "properties": {"direction": "352", "highway": "street_lamp", "lamp_mount": "angled_mast", "lamp_type": "led", "support": "pole"}, "geohash": "tuxnfqpyr"},{"type": "Feature", "geometry": {"type": "Point", "coordinates": [88.7032588, 26.5330194]}, "properties": {"direction": "351", "highway": "street_lamp", "lamp_mount": "angled_mast", "lamp_type": "led", "support": "pole"}, "geohash": "tuxnfqpwp"},{"type": "Feature", "geometry": {"type": "Point", "coordinates": [88.7027192, 26.5329557]}, "properties": {"direction": "353", "highway": "street_lamp", "lamp_mount": "angled_mast", "lamp_type": "led", "support": "pole"}, "geohash": "tuxnfqpme"},{"type": "Feature", "geometry": {"type": "Point", "coordinates": [88.7025916, 26.5329384]}, "properties": {"direction": "352", "highway": "street_lamp", "lamp_mount": "angled_mast", "lamp_type": "led", "support": "pole"}, "geohash": "tuxnfqpm8"},{"type": "Feature", "geometry": {"type": "Point", "coordinates": [88.7024152, 26.5329162]}, "properties": {"direction": "353", "highway": "street_lamp", "lamp_mount": "angled_mast", "lamp_type": "led", "support": "pole"}, "geohash": "tuxnfqpjk"},{"type": "Feature", "geometry": {"type": "Point", "coordinates": [88.7021211, 26.5329273]}, "properties": {"direction": "172", "highway": "street_lamp", "lamp_mount": "angled_mast", "lamp_type": "led", "support": "pole"}, "geohash": "tuxnfqnvt"},{"type": "Feature", "geometry": {"type": "Point", "coordinates": [88.7016943, 26.5328925]}, "properties": {"direction": "85", "highway": "street_lamp", "lamp_mount": "angled_mast", "lamp_type": "led", "support": "pole"}, "geohash": "tuxnfqnt7"},{"type": "Feature", "geometry": {"type": "Point", "coordinates": [88.7016439, 26.5331343]}, "properties": {"direction": "78", "highway": "street_lamp", "lamp_mount": "angled_mast", "lamp_type": "led", "support": "pole"}, "geohash": "tuxnfqnwd"},{"type": "Feature", "geometry": {"type": "Point", "coordinates": [88.7015473, 26.5333889]}, "properties": {"direction": "62", "highway": "street_lamp", "lamp_mount": "angled_mast", "lamp_type": "led", "support": "pole"}, "geohash": "tuxnfqq2p"},{"type": "Feature", "geometry": {"type": "Point", "coordinates": [88.7015642, 26.533461]}, "properties": {"direction": "245", "highway": "street_lamp", "lamp_mount": "angled_mast", "lamp_type": "led", "support": "pole"}, "geohash": "tuxnfqq88"},{"type": "Feature", "geometry": {"type": "Point", "coordinates": [88.7014783, 26.5335349]}, "properties": {"direction": "69", "highway": "street_lamp", "lamp_mount": "angled_mast", "lamp_type": "led", "support": "pole"}, "geohash": "tuxnfqq3n"},{"type": "Feature", "geometry": {"type": "Point", "coordinates": [88.7014097, 26.5337141]}, "properties": {"direction": "74", "highway": "street_lamp", "lamp_mount": "angled_mast", "lamp_type": "led", "support": "pole"}, "geohash": "tuxnfqq6h"},{"type": "Feature", "geometry": {"type": "Point", "coordinates": [88.7013618, 26.5338971]}, "properties": {"direction": "74", "highway": "street_lamp", "lamp_mount": "angled_mast", "lamp_type": "led", "support": "pole"}, "geohash": "tuxnfqq75"},{"type": "Feature", "geometry": {"type": "Point", "coordinates": [88.701285, 26.5342101]}, "properties": {"direction": "83", "highway": "street_lamp", "lamp_mount": "angled_mast", "lamp_type": "led", "support": "pole"}, "geohash": "tuxnfqqkc"},{"type": "Feature", "geometry": {"type": "Point", "coordinates": [88.7012321, 26.5345087]}, "properties": {"direction": "83", "highway": "street_lamp", "lamp_mount": "angled_mast", "lamp_type": "led", "support": "pole"}, "geohash": "tuxnfqqq8"},{"type": "Feature", "geometry": {"type": "Point", "coordinates": [88.7012003, 26.5347161]}, "properties": {"direction": "84", "highway": "street_lamp", "lamp_mount": "angled_mast", "lamp_type": "led", "support": "pole"}, "geohash": "tuxnfqqpz"},{"type": "Feature", "geometry": {"type": "Point", "coordinates": [88.7011891, 26.5348406]}, "properties": {"direction": "84", "highway": "street_lamp", "lamp_mount": "angled_mast", "lamp_type": "led", "support": "pole"}, "geohash": "tuxnfqw0x"},{"type": "Feature", "geometry": {"type": "Point", "coordinates": [88.701166, 26.5350465]}, "properties": {"direction": "84", "highway": "street_lamp", "lamp_mount": "angled_mast", "lamp_type": "led", "support": "pole"}, "geohash": "tuxnfqw1y"},{"type": "Feature", "geometry": {"type": "Point", "coordinates": [88.7011387, 26.5353026]}, "properties": {"direction": "85", "highway": "street_lamp", "lamp_mount": "angled_mast", "lamp_type": "led", "support": "pole"}, "geohash": "tuxnfqw5q"},{"type": "Feature", "geometry": {"type": "Point", "coordinates": [88.7011718, 26.5355088]}, "properties": {"direction": "263", "highway": "street_lamp", "lamp_mount": "angled_mast", "lamp_type": "led", "support": "pole"}, "geohash": "tuxnfqwhx"},{"type": "Feature", "geometry": {"type": "Point", "coordinates": [88.701565, 26.5357908]}, "properties": {"direction": "171", "highway": "street_lamp", "lamp_mount": "angled_mast", "lamp_type": "led", "support": "pole"}, "geohash": "tuxnfqww0"},{"type": "Feature", "geometry": {"type": "Point", "coordinates": [88.7019899, 26.5358492]}, "properties": {"direction": "172", "highway": "street_lamp", "lamp_mount": "angled_mast", "lamp_type": "led", "support": "pole"}, "geohash": "tuxnfqwyd"},{"type": "Feature", "geometry": {"type": "Point", "coordinates": [88.7023687, 26.5358939]}, "properties": {"direction": "171", "highway": "street_lamp", "lamp_mount": "angled_mast", "lamp_type": "led", "support": "pole"}, "geohash": "tuxnfqxnf"},{"type": "Feature", "geometry": {"type": "Point", "coordinates": [88.7025205, 26.5359133]}, "properties": {"direction": "174", "highway": "street_lamp", "lamp_mount": "angled_mast", "lamp_type": "led", "support": "pole"}, "geohash": "tuxnfqxny"},{"type": "Feature", "geometry": {"type": "Point", "coordinates": [88.7028717, 26.5359593]}, "properties": {"direction": "172", "highway": "street_lamp", "lamp_mount": "angled_mast", "lamp_type": "led", "support": "pole"}, "geohash": "tuxnfqxrn"},{"type": "Feature", "geometry": {"type": "Point", "coordinates": [88.7033899, 26.5360257]}, "properties": {"direction": "172", "highway": "street_lamp", "lamp_mount": "angled_mast", "lamp_type": "led", "support": "pole"}, "geohash": "tuxnfqxzd"},{"type": "Feature", "geometry": {"type": "Point", "coordinates": [88.7038342, 26.5360804]}, "properties": {"direction": "175", "highway": "street_lamp", "lamp_mount": "angled_mast", "lamp_type": "led", "support": "pole"}, "geohash": "tuxnfw8pv"},{"type": "Feature", "geometry": {"type": "Point", "coordinates": [88.7041165, 26.5361197]}, "properties": {"direction": "172", "highway": "street_lamp", "lamp_mount": "angled_mast", "lamp_type": "led", "support": "pole"}, "geohash": "tuxnfwb25"},{"type": "Feature", "geometry": {"type": "Point", "coordinates": [88.7048882, 26.5362162]}, "properties": {"direction": "172", "highway": "street_lamp", "lamp_mount": "angled_mast", "lamp_type": "led", "support": "pole"}, "geohash": "tuxnfwbbt"},{"type": "Feature", "geometry": {"type": "Point", "coordinates": [88.7052071, 26.536262]}, "properties": {"direction": "171", "highway": "street_lamp", "lamp_mount": "angled_mast", "lamp_type": "led", "support": "pole"}, "geohash": "tuxnfwc0v"},{"type": "Feature", "geometry": {"type": "Point", "coordinates": [88.7054657, 26.5362942]}, "properties": {"direction": "172", "highway": "street_lamp", "lamp_mount": "angled_mast", "lamp_type": "led", "support": "pole"}, "geohash": "tuxnfwc35"},{"type": "Feature", "geometry": {"type": "Point", "coordinates": [88.7056884, 26.5363178]}, "properties": {"direction": "173", "highway": "street_lamp", "lamp_mount": "angled_mast", "lamp_type": "led", "support": "pole"}, "geohash": "tuxnfwc92"},{"type": "Feature", "geometry": {"type": "Point", "coordinates": [88.7059866, 26.53634]}, "properties": {"direction": "175", "highway": "street_lamp", "lamp_mount": "angled_mast", "lamp_type": "led", "support": "pole"}, "geohash": "tuxnfwc9r"},{"type": "Feature", "geometry": {"type": "Point", "coordinates": [88.7063741, 26.5363313]}, "properties": {"direction": "178", "highway": "street_lamp", "lamp_mount": "angled_mast", "lamp_type": "led", "support": "pole"}, "geohash": "tuxnfwf12"},{"type": "Feature", "geometry": {"type": "Point", "coordinates": [88.7066412, 26.5363252]}, "properties": {"direction": "175", "highway": "street_lamp", "lamp_mount": "angled_mast", "lamp_type": "led", "support": "pole"}, "geohash": "tuxnfwf1q"},{"type": "Feature", "geometry": {"type": "Point", "coordinates": [88.7066534, 26.5362354]}, "properties": {"direction": "266", "highway": "street_lamp", "lamp_mount": "angled_mast", "lamp_type": "led", "support": "pole"}, "geohash": "tuxnfwf0y"},{"type": "Feature", "geometry": {"type": "Point", "coordinates": [88.7070182, 26.5363111]}, "properties": {"direction": "179", "highway": "street_lamp", "lamp_mount": "angled_mast", "lamp_type": "led", "support": "pole"}, "geohash": "tuxnfwf3p"},{"type": "Feature", "geometry": {"type": "Point", "coordinates": [88.7072392, 26.5363054]}, "properties": {"direction": "179", "highway": "street_lamp", "lamp_mount": "angled_mast", "lamp_type": "led", "support": "pole"}, "geohash": "tuxnfwf9h"},{"type": "Feature", "geometry": {"type": "Point", "coordinates": [88.7074902, 26.536297]}, "properties": {"direction": "179", "highway": "street_lamp", "lamp_mount": "angled_mast", "lamp_type": "led", "support": "pole"}, "geohash": "tuxnfwfc4"},{"type": "Feature", "geometry": {"type": "Point", "coordinates": [88.7085971, 26.5362526]}, "properties": {"direction": "180", "highway": "street_lamp", "lamp_mount": "angled_mast", "lamp_type": "led", "support": "pole"}, "geohash": "tuxnfwg8u"},{"type": "Feature", "geometry": {"type": "Point", "coordinates": [88.7089645, 26.5362276]}, "properties": {"direction": "182", "highway": "street_lamp", "lamp_mount": "angled_mast", "lamp_type": "led", "support": "pole"}, "geohash": "tuxnfwgbs"},{"type": "Feature", "geometry": {"type": "Point", "coordinates": [88.7069748, 26.5296053]}, "properties": {"direction": "263", "highway": "street_lamp", "lamp_mount": "angled_mast", "lamp_type": "led", "support": "pole"}, "geohash": "tuxnftd6n"},{"type": "Feature", "geometry": {"type": "Point", "coordinates": [88.7194736, 26.5251692]}, "properties": {"direction": "168", "highway": "street_lamp", "lamp_mount": "angled_mast", "lamp_type": "led", "support": "pole"}, "geohash": "tuxnfug83"},{"type": "Feature", "geometry": {"type": "Point", "coordinates": [88.7190496, 26.5250932]}, "properties": {"direction": "172", "highway": "street_lamp", "lamp_mount": "angled_mast", "lamp_type": "led", "support": "pole"}, "geohash": "tuxnfuepz"},{"type": "Feature", "geometry": {"type": "Point", "coordinates": [88.7189016, 26.5250195]}, "properties": {"direction": "350", "highway": "street_lamp", "lamp_mount": "angled_mast", "lamp_type": "led", "support": "pole"}, "geohash": "tuxnfuepk"},{"type": "Feature", "geometry": {"type": "Point", "coordinates": [88.7187695, 26.5250068]}, "properties": {"direction": "351", "highway": "street_lamp", "lamp_mount": "angled_mast", "lamp_type": "led", "support": "pole"}, "geohash": "tuxnfuep3"},{"type": "Feature", "geometry": {"type": "Point", "coordinates": [88.718467, 26.5250141]}, "properties": {"direction": "174", "highway": "street_lamp", "lamp_mount": "angled_mast", "lamp_type": "led", "support": "pole"}, "geohash": "tuxnfudz6"},{"type": "Feature", "geometry": {"type": "Point", "coordinates": [88.7181339, 26.5249381]}, "properties": {"direction": "351", "highway": "street_lamp", "lamp_mount": "angled_mast", "lamp_type": "led", "support": "pole"}, "geohash": "tuxnfudwf"},{"type": "Feature", "geometry": {"type": "Point", "coordinates": [88.7179855, 26.5249226]}, "properties": {"direction": "352", "highway": "street_lamp", "lamp_mount": "angled_mast", "lamp_type": "led", "support": "pole"}, "geohash": "tuxnfudqy"},{"type": "Feature", "geometry": {"type": "Point", "coordinates": [88.7178909, 26.524914]}, "properties": {"direction": "349", "highway": "street_lamp", "lamp_mount": "angled_mast", "lamp_type": "led", "support": "pole"}, "geohash": "tuxnfudqu"},{"type": "Feature", "geometry": {"type": "Point", "coordinates": [88.7175493, 26.5249031]}, "properties": {"direction": "169", "highway": "street_lamp", "lamp_mount": "angled_mast", "lamp_type": "led", "support": "pole"}, "geohash": "tuxnfudnu"},{"type": "Feature", "geometry": {"type": "Point", "coordinates": [88.7173917, 26.5248708]}, "properties": {"direction": "167", "highway": "street_lamp", "lamp_mount": "angled_mast", "lamp_type": "led", "support": "pole"}, "geohash": "tuxnfudn9"},{"type": "Feature", "geometry": {"type": "Point", "coordinates": [88.7173215, 26.5248039]}, "properties": {"direction": "252", "highway": "street_lamp", "lamp_mount": "angled_mast", "lamp_type": "led", "support": "pole"}, "geohash": "tuxnfu9yp"},{"type": "Feature", "geometry": {"type": "Point", "coordinates": [88.7172249, 26.524823]}, "properties": {"direction": "75", "highway": "street_lamp", "lamp_mount": "angled_mast", "lamp_type": "led", "support": "pole"}, "geohash": "tuxnfu9ym"},{"type": "Feature", "geometry": {"type": "Point", "coordinates": [88.7169436, 26.524661]}, "properties": {"direction": "332", "highway": "street_lamp", "lamp_mount": "angled_mast", "lamp_type": "led", "support": "pole"}, "geohash": "tuxnfu9tq"},{"type": "Feature", "geometry": {"type": "Point", "coordinates": [88.7168229, 26.5245962]}, "properties": {"direction": "327", "highway": "street_lamp", "lamp_mount": "angled_mast", "lamp_type": "led", "support": "pole"}, "geohash": "tuxnfu9sg"},{"type": "Feature", "geometry": {"type": "Point", "coordinates": [88.7165555, 26.5245013]}, "properties": {"direction": "149", "highway": "street_lamp", "lamp_mount": "angled_mast", "lamp_type": "led", "support": "pole"}, "geohash": "tuxnfu9km"},{"type": "Feature", "geometry": {"type": "Point", "coordinates": [88.716498, 26.5244714]}, "properties": {"direction": "143", "highway": "street_lamp", "lamp_mount": "angled_mast", "lamp_type": "led", "support": "pole"}, "geohash": "tuxnfu9kh"},{"type": "Feature", "geometry": {"type": "Point", "coordinates": [88.7263344, 26.5195477]}, "properties": {"direction": "353", "highway": "street_lamp", "lamp_mount": "angled_mast", "lamp_type": "led", "support": "pole"}, "geohash": "tuxng58x9"},{"type": "Feature", "geometry": {"type": "Point", "coordinates": [88.7072616, 26.5239592]}, "properties": {"direction": "271", "highway": "street_lamp", "lamp_mount": "angled_mast", "lamp_type": "led", "support": "pole"}, "geohash": "tuxnfsd9m"},{"type": "Feature", "geometry": {"type": "Point", "coordinates": [88.7148791, 26.5339044]}, "properties": {"direction": "158", "highway": "street_lamp", "lamp_mount": "angled_mast", "lamp_type": "led", "support": "pole"}, "geohash": "tuxnfy25n"},{"type": "Feature", "geometry": {"type": "Point", "coordinates": [88.7144916, 26.534078]}, "properties": {"direction": "230", "highway": "street_lamp", "lamp_mount": "angled_mast", "lamp_type": "led", "support": "pole"}, "geohash": "tuxnfwruj"},{"type": "Feature", "geometry": {"type": "Point", "coordinates": [88.712427, 26.5365749]}, "properties": {"direction": "272", "highway": "street_lamp", "lamp_mount": "angled_mast", "lamp_type": "led", "support": "pole"}, "geohash": "tuxnfwy6v"},{"type": "Feature", "geometry": {"type": "Point", "coordinates": [88.7128516, 26.5368868]}, "properties": {"direction": "359", "highway": "street_lamp", "lamp_mount": "angled_mast", "lamp_type": "led", "support": "pole"}, "geohash": "tuxnfwysx"},{"type": "Feature", "geometry": {"type": "Point", "coordinates": [88.7272653, 26.5194071]}, "properties": {"direction": "266", "highway": "street_lamp", "lamp_mount": "angled_mast", "lamp_type": "led", "support": "pole"}, "geohash": "tuxng59nx"},{"type": "Feature", "geometry": {"type": "Point", "coordinates": [88.7269047, 26.5194073]}, "properties": {"direction": "173", "highway": "street_lamp", "lamp_mount": "angled_mast", "lamp_type": "led", "support": "pole"}, "geohash": "tuxng58yw"},{"type": "Feature", "geometry": {"type": "Point", "coordinates": [88.7265886, 26.5193201]}, "properties": {"direction": "353", "highway": "street_lamp", "lamp_mount": "angled_mast", "lamp_type": "led", "support": "pole"}, "geohash": "tuxng58wp"},{"type": "Feature", "geometry": {"type": "Point", "coordinates": [88.7264124, 26.5193265]}, "properties": {"direction": "84", "highway": "street_lamp", "lamp_mount": "angled_mast", "lamp_type": "led", "support": "pole"}, "geohash": "tuxng58w7"},{"type": "Feature", "geometry": {"type": "Point", "coordinates": [88.7132343, 26.5368978]}, "properties": {"direction": "0", "highway": "street_lamp", "lamp_mount": "angled_mast", "lamp_type": "led", "support": "pole"}, "geohash": "tuxnfwzh8"},{"type": "Feature", "geometry": {"type": "Point", "coordinates": [88.7252323, 26.5196731]}, "properties": {"direction": "269", "highway": "street_lamp", "lamp_mount": "angled_mast", "lamp_type": "led", "support": "pole"}, "geohash": "tuxnfgz8r"},{"type": "Feature", "geometry": {"type": "Point", "coordinates": [88.7252393, 26.5206284]}, "properties": {"direction": "271", "highway": "street_lamp", "lamp_mount": "angled_mast", "lamp_type": "led", "support": "pole"}, "geohash": "tuxnfgztz"},{"type": "Feature", "geometry": {"type": "Point", "coordinates": [88.7252381, 26.5212311]}, "properties": {"direction": "358", "highway": "street_lamp", "lamp_mount": "angled_mast", "lamp_type": "led", "support": "pole"}, "geohash": "tuxnfup9r"},{"type": "Feature", "geometry": {"type": "Point", "coordinates": [88.7254024, 26.5207704]}, "properties": {"direction": "177", "highway": "street_lamp", "lamp_mount": "angled_mast", "lamp_type": "led", "support": "pole"}, "geohash": "tuxnfgzye"},{"type": "Feature", "geometry": {"type": "Point", "coordinates": [88.7253713, 26.5204038]}, "properties": {"direction": "88", "highway": "street_lamp", "lamp_mount": "angled_mast", "lamp_type": "led", "support": "pole"}, "geohash": "tuxnfgzud"},{"type": "Feature", "geometry": {"type": "Point", "coordinates": [88.7257492, 26.5207238]}, "properties": {"direction": "356", "highway": "street_lamp", "lamp_mount": "angled_mast", "lamp_type": "led", "support": "pole"}, "geohash": "tuxng5bn7"},{"type": "Feature", "geometry": {"type": "Point", "coordinates": [88.7259768, 26.520749]}, "properties": {"direction": "334", "highway": "street_lamp", "lamp_mount": "angled_mast", "lamp_type": "led", "support": "pole"}, "geohash": "tuxng5bq9"},{"type": "Feature", "geometry": {"type": "Point", "coordinates": [88.7259963, 26.5207471]}, "properties": {"direction": "60", "highway": "street_lamp", "lamp_mount": "angled_mast", "lamp_type": "led", "support": "pole"}, "geohash": "tuxng5bq9"},{"type": "Feature", "geometry": {"type": "Point", "coordinates": [88.7270413, 26.5194339]}, "properties": {"direction": "356", "highway": "street_lamp", "lamp_mount": "bent_mast", "lamp_type": "led", "support": "pole"}, "geohash": "tuxng59nc"},{"type": "Feature", "geometry": {"type": "Point", "coordinates": [88.7124925, 26.538533]}, "properties": {"direction": "267", "highway": "street_lamp", "lamp_mount": "angled_mast", "lamp_type": "led", "support": "pole"}, "geohash": "tuxnfxnqn"},{"type": "Feature", "geometry": {"type": "Point", "coordinates": [88.7053376, 26.535797]}, "properties": {"direction": "264", "highway": "street_lamp", "lamp_mount": "angled_mast", "lamp_type": "led", "support": "pole"}, "geohash": "tuxnfw9q0"},{"type": "Feature", "geometry": {"type": "Point", "coordinates": [88.7053086, 26.5355806]}, "properties": {"direction": "84", "highway": "street_lamp", "lamp_mount": "angled_mast", "lamp_type": "led", "support": "pole"}, "geohash": "tuxnfw9hz"},{"type": "Feature", "geometry": {"type": "Point", "coordinates": [88.7053426, 26.5352501]}, "properties": {"direction": "85", "highway": "street_lamp", "lamp_mount": "angled_mast", "lamp_type": "led", "support": "pole"}, "geohash": "tuxnfw970"},{"type": "Feature", "geometry": {"type": "Point", "coordinates": [88.7123588, 26.5367525]}, "properties": {"direction": "89", "highway": "street_lamp", "lamp_mount": "angled_mast", "lamp_type": "led", "support": "pole"}, "geohash": "tuxnfwy7g"},{"type": "Feature", "geometry": {"type": "Point", "coordinates": [88.7124285, 26.5369501]}, "properties": {"direction": "90", "highway": "street_lamp", "lamp_mount": "angled_mast", "lamp_type": "led", "support": "pole"}, "geohash": "tuxnfwykv"},{"type": "Feature", "geometry": {"type": "Point", "coordinates": [88.712531, 26.5374569]}, "properties": {"direction": "270", "highway": "street_lamp", "lamp_mount": "angled_mast", "lamp_type": "led", "support": "pole"}, "geohash": "tuxnfwyrz"},{"type": "Feature", "geometry": {"type": "Point", "coordinates": [88.7124264, 26.5376607]}, "properties": {"direction": "87", "highway": "street_lamp", "lamp_mount": "angled_mast", "lamp_type": "led", "support": "pole"}, "geohash": "tuxnfxn3j"},{"type": "Feature", "geometry": {"type": "Point", "coordinates": [88.7124153, 26.5380654]}, "properties": {"direction": "88", "highway": "street_lamp", "lamp_mount": "angled_mast", "lamp_type": "led", "support": "pole"}, "geohash": "tuxnfxn7m"},{"type": "Feature", "geometry": {"type": "Point", "coordinates": [88.7124248, 26.5378848]}, "properties": {"direction": "89", "highway": "street_lamp", "lamp_mount": "angled_mast", "lamp_type": "led", "support": "pole"}, "geohash": "tuxnfxn6m"},{"type": "Feature", "geometry": {"type": "Point", "coordinates": [88.7132011, 26.5373643]}, "properties": {"direction": "90", "highway": "street_lamp", "lamp_mount": "angled_mast", "lamp_type": "led", "support": "pole"}, "geohash": "tuxnfwyzr"},{"type": "Feature", "geometry": {"type": "Point", "coordinates": [88.7123862, 26.5387169]}, "properties": {"direction": "86", "highway": "street_lamp", "lamp_mount": "angled_mast", "lamp_type": "led", "support": "pole"}, "geohash": "tuxnfxnrh"},{"type": "Feature", "geometry": {"type": "Point", "coordinates": [88.7124977, 26.5383893]}, "properties": {"direction": "269", "highway": "street_lamp", "lamp_mount": "angled_mast", "lamp_type": "led", "support": "pole"}, "geohash": "tuxnfxnmr"},{"type": "Feature", "geometry": {"type": "Point", "coordinates": [88.7129996, 26.5378859]}, "properties": {"direction": "181", "highway": "street_lamp", "lamp_mount": "angled_mast", "lamp_type": "led", "support": "pole"}, "geohash": "tuxnfxnf6"},{"type": "Feature", "geometry": {"type": "Point", "coordinates": [88.7131888, 26.5377793]}, "properties": {"direction": "91", "highway": "street_lamp", "lamp_mount": "angled_mast", "lamp_type": "led", "support": "pole"}, "geohash": "tuxnfxncz"},{"type": "Feature", "geometry": {"type": "Point", "coordinates": [88.7166252, 26.5243568]}, "properties": {"direction": "326", "highway": "street_lamp", "lamp_mount": "angled_mast", "lamp_type": "led", "support": "pole"}, "geohash": "tuxnfu97x"},{"type": "Feature", "geometry": {"type": "Point", "coordinates": [88.7166028, 26.5272561]}, "properties": {"direction": "353", "highway": "street_lamp", "lamp_mount": "angled_mast", "lamp_type": "electric", "support": "pole"}, "geohash": "tuxnfv1kq"},{"type": "Feature", "geometry": {"type": "Point", "coordinates": [88.716918, 26.5272873]}, "properties": {"direction": "353", "highway": "street_lamp", "lamp_mount": "angled_mast", "lamp_type": "electric", "support": "pole"}, "geohash": "tuxnfv1sw"},{"type": "Feature", "geometry": {"type": "Point", "coordinates": [88.7171357, 26.5274114]}, "properties": {"direction": "171", "highway": "street_lamp", "lamp_mount": "angled_mast", "lamp_type": "electric", "support": "pole"}, "geohash": "tuxnfv1v7"},{"type": "Feature", "geometry": {"type": "Point", "coordinates": [88.7172928, 26.5273746]}, "properties": {"direction": "352", "highway": "street_lamp", "lamp_mount": "angled_mast", "lamp_type": "electric", "support": "pole"}, "geohash": "tuxnfv1vn"},{"type": "Feature", "geometry": {"type": "Point", "coordinates": [88.7177017, 26.5274097]}, "properties": {"direction": "354", "highway": "street_lamp", "lamp_mount": "angled_mast", "lamp_type": "electric", "support": "pole"}, "geohash": "tuxnfv4m2"},{"type": "Feature", "geometry": {"type": "Point", "coordinates": [88.7181751, 26.5274471]}, "properties": {"direction": "354", "highway": "street_lamp", "lamp_mount": "angled_mast", "lamp_type": "electric", "support": "pole"}, "geohash": "tuxnfv4te"},{"type": "Feature", "geometry": {"type": "Point", "coordinates": [88.7185779, 26.5275322]}, "properties": {"direction": "171", "highway": "street_lamp", "lamp_mount": "angled_mast", "lamp_type": "electric", "support": "pole"}, "geohash": "tuxnfv4yh"},{"type": "Feature", "geometry": {"type": "Point", "coordinates": [88.7236034, 26.5211642]}, "properties": {"direction": "165", "highway": "street_lamp", "lamp_mount": "angled_mast", "lamp_type": "led", "support": "pole"}, "geohash": "tuxnfun8c"},{"type": "Feature", "geometry": {"type": "Point", "coordinates": [88.7237413, 26.5211919]}, "properties": {"direction": "176", "highway": "street_lamp", "lamp_mount": "angled_mast", "lamp_type": "led", "support": "pole"}, "geohash": "tuxnfun9j"},{"type": "Feature", "geometry": {"type": "Point", "coordinates": [88.7240992, 26.5212125]}, "properties": {"direction": "178", "highway": "street_lamp", "lamp_mount": "angled_mast", "lamp_type": "led", "support": "pole"}, "geohash": "tuxnfuncm"},{"type": "Feature", "geometry": {"type": "Point", "coordinates": [88.7244632, 26.5212248]}, "properties": {"direction": "176", "highway": "street_lamp", "lamp_mount": "angled_mast", "lamp_type": "led", "support": "pole"}, "geohash": "tuxnfup1m"},{"type": "Feature", "geometry": {"type": "Point", "coordinates": [88.7246801, 26.5212276]}, "properties": {"direction": "180", "highway": "street_lamp", "lamp_mount": "angled_mast", "lamp_type": "led", "support": "pole"}, "geohash": "tuxnfup36"},{"type": "Feature", "geometry": {"type": "Point", "coordinates": [88.7248661, 26.521226]}, "properties": {"direction": "180", "highway": "street_lamp", "lamp_mount": "angled_mast", "lamp_type": "led", "support": "pole"}, "geohash": "tuxnfup3r"},{"type": "Feature", "geometry": {"type": "Point", "coordinates": [88.7250291, 26.5212245]}, "properties": {"direction": "181", "highway": "street_lamp", "lamp_mount": "angled_mast", "lamp_type": "led", "support": "pole"}, "geohash": "tuxnfup97"},{"type": "Feature", "geometry": {"type": "Point", "coordinates": [88.7229928, 26.5240466]}, "properties": {"direction": "85", "highway": "street_lamp", "lamp_mount": "angled_mast", "lamp_type": "led", "support": "pole"}, "geohash": "tuxnfuw1g"},{"type": "Feature", "geometry": {"type": "Point", "coordinates": [88.7230022, 26.5239365]}, "properties": {"direction": "85", "highway": "street_lamp", "lamp_mount": "angled_mast", "lamp_type": "led", "support": "pole"}, "geohash": "tuxnfuw15"},{"type": "Feature", "geometry": {"type": "Point", "coordinates": [88.7230393, 26.5236195]}, "properties": {"direction": "84", "highway": "street_lamp", "lamp_mount": "angled_mast", "lamp_type": "led", "support": "pole"}, "geohash": "tuxnfuqpk"},{"type": "Feature", "geometry": {"type": "Point", "coordinates": [88.7230802, 26.5232642]}, "properties": {"direction": "85", "highway": "street_lamp", "lamp_mount": "angled_mast", "lamp_type": "led", "support": "pole"}, "geohash": "tuxnfuqjj"},{"type": "Feature", "geometry": {"type": "Point", "coordinates": [88.7231028, 26.5229898]}, "properties": {"direction": "86", "highway": "street_lamp", "lamp_mount": "angled_mast", "lamp_type": "led", "support": "pole"}, "geohash": "tuxnfuq5w"},{"type": "Feature", "geometry": {"type": "Point", "coordinates": [88.723106, 26.5229644]}, "properties": {"direction": "84", "highway": "street_lamp", "lamp_mount": "angled_mast", "lamp_type": "led", "support": "pole"}, "geohash": "tuxnfuq5q"},{"type": "Feature", "geometry": {"type": "Point", "coordinates": [88.7231318, 26.5225376]}, "properties": {"direction": "84", "highway": "street_lamp", "lamp_mount": "angled_mast", "lamp_type": "led", "support": "pole"}, "geohash": "tuxnfuq0y"},{"type": "Feature", "geometry": {"type": "Point", "coordinates": [88.7229742, 26.5242134]}, "properties": {"direction": "83", "highway": "street_lamp", "lamp_mount": "angled_mast", "lamp_type": "led", "support": "pole"}, "geohash": "tuxnfuw4e"},{"type": "Feature", "geometry": {"type": "Point", "coordinates": [88.7233224, 26.5210585]}, "properties": {"direction": "148", "highway": "street_lamp", "lamp_mount": "angled_mast", "lamp_type": "led", "support": "pole"}, "geohash": "tuxnfun27"},{"type": "Feature", "geometry": {"type": "Point", "coordinates": [88.7232396, 26.5210032]}, "properties": {"direction": "134", "highway": "street_lamp", "lamp_mount": "angled_mast", "lamp_type": "led", "support": "pole"}, "geohash": "tuxnfun21"},{"type": "Feature", "geometry": {"type": "Point", "coordinates": [88.7190395, 26.5128116]}, "properties": {"direction": "356", "highway": "street_lamp", "lamp_mount": "angled_mast", "lamp_type": "led", "support": "pole"}, "geohash": "tuxnffe0r"},{"type": "Feature", "geometry": {"type": "Point", "coordinates": [88.7193254, 26.5128315]}, "properties": {"direction": "355", "highway": "street_lamp", "lamp_mount": "angled_mast", "lamp_type": "led", "support": "pole"}, "geohash": "tuxnffe2q"},{"type": "Feature", "geometry": {"type": "Point", "coordinates": [88.7196551, 26.5129128]}, "properties": {"direction": "203", "highway": "street_lamp", "lamp_mount": "angled_mast", "lamp_type": "led", "support": "pole"}, "geohash": "tuxnffe8v"},{"type": "Feature", "geometry": {"type": "Point", "coordinates": [88.7197095, 26.5127204]}, "properties": {"direction": "22", "highway": "street_lamp", "lamp_mount": "angled_mast", "lamp_type": "led", "support": "pole"}, "geohash": "tuxnff7xz"},{"type": "Feature", "geometry": {"type": "Point", "coordinates": [88.7200511, 26.5127757]}, "properties": {"direction": "172", "highway": "street_lamp", "lamp_mount": "angled_mast", "lamp_type": "led", "support": "pole"}, "geohash": "tuxnffebp"},{"type": "Feature", "geometry": {"type": "Point", "coordinates": [88.7201934, 26.5128022]}, "properties": {"direction": "172", "highway": "street_lamp", "lamp_mount": "angled_mast", "lamp_type": "led", "support": "pole"}, "geohash": "tuxnffs06"},{"type": "Feature", "geometry": {"type": "Point", "coordinates": [88.7203902, 26.5128349]}, "properties": {"direction": "171", "highway": "street_lamp", "lamp_mount": "angled_mast", "lamp_type": "led", "support": "pole"}, "geohash": "tuxnffs0q"},{"type": "Feature", "geometry": {"type": "Point", "coordinates": [88.7207362, 26.5128379]}, "properties": {"direction": "350", "highway": "street_lamp", "lamp_mount": "angled_mast", "lamp_type": "led", "support": "pole"}, "geohash": "tuxnffs2q"},{"type": "Feature", "geometry": {"type": "Point", "coordinates": [88.7210615, 26.5128903]}, "properties": {"direction": "350", "highway": "street_lamp", "lamp_mount": "angled_mast", "lamp_type": "led", "support": "pole"}, "geohash": "tuxnffs8y"},{"type": "Feature", "geometry": {"type": "Point", "coordinates": [88.7214553, 26.5130154]}, "properties": {"direction": "174", "highway": "street_lamp", "lamp_mount": "angled_mast", "lamp_type": "led", "support": "pole"}, "geohash": "tuxnffscx"},{"type": "Feature", "geometry": {"type": "Point", "coordinates": [88.7216499, 26.5130333]}, "properties": {"direction": "176", "highway": "street_lamp", "lamp_mount": "angled_mast", "lamp_type": "led", "support": "pole"}, "geohash": "tuxnfft1s"},{"type": "Feature", "geometry": {"type": "Point", "coordinates": [88.7214926, 26.5131631]}, "properties": {"direction": "265", "highway": "street_lamp", "lamp_mount": "angled_mast", "lamp_type": "led", "support": "pole"}, "geohash": "tuxnfft42"},{"type": "Feature", "geometry": {"type": "Point", "coordinates": [88.7214793, 26.513407]}, "properties": {"direction": "357", "highway": "street_lamp", "lamp_mount": "angled_mast", "lamp_type": "led", "support": "pole"}, "geohash": "tuxnfft5b"},{"type": "Feature", "geometry": {"type": "Point", "coordinates": [88.7214126, 26.5136501]}, "properties": {"direction": "177", "highway": "street_lamp", "lamp_mount": "angled_mast", "lamp_type": "led", "support": "pole"}, "geohash": "tuxnffsvn"},{"type": "Feature", "geometry": {"type": "Point", "coordinates": [88.7214108, 26.5137439]}, "properties": {"direction": "86", "highway": "street_lamp", "lamp_mount": "angled_mast", "lamp_type": "led", "support": "pole"}, "geohash": "tuxnffsvy"},{"type": "Feature", "geometry": {"type": "Point", "coordinates": [88.7214402, 26.5139878]}, "properties": {"direction": "265", "highway": "street_lamp", "lamp_mount": "angled_mast", "lamp_type": "led", "support": "pole"}, "geohash": "tuxnffszp"},{"type": "Feature", "geometry": {"type": "Point", "coordinates": [88.7186352, 26.5267144]}, "properties": {"direction": "266", "highway": "street_lamp", "lamp_mount": "angled_mast", "lamp_type": "led", "support": "pole"}, "geohash": "tuxnfv4cq"},{"type": "Feature", "geometry": {"type": "Point", "coordinates": [88.7184985, 26.5272564]}, "properties": {"direction": "83", "highway": "street_lamp", "lamp_mount": "angled_mast", "lamp_type": "led", "support": "pole"}, "geohash": "tuxnfv4u6"},{"type": "Feature", "geometry": {"type": "Point", "coordinates": [88.7185021, 26.5275226]}, "properties": {"direction": "172", "highway": "street_lamp", "lamp_mount": "angled_mast", "lamp_type": "led", "support": "pole"}, "geohash": "tuxnfv4y4"},{"type": "Feature", "geometry": {"type": "Point", "coordinates": [88.1001342, 23.1752067]}, "properties": {"highway": "street_lamp", "lamp_mount": "suspended", "lamp_type": "LED", "support": "pole"}, "geohash": "tuneufbt3"},{"type": "Feature", "geometry": {"type": "Point", "coordinates": [88.1031666, 23.1745686]}, "properties": {"highway": "street_lamp", "lamp_mount": "suspended", "lamp_type": "LED", "support": "pole"}, "geohash": "tuneuffc8"},{"type": "Feature", "geometry": {"type": "Point", "coordinates": [88.1024736, 23.174817]}, "properties": {"highway": "street_lamp", "lamp_mount": "suspended", "lamp_type": "LED", "support": "pole"}, "geohash": "tuneuff70"},{"type": "Feature", "geometry": {"type": "Point", "coordinates": [88.1022337, 23.1748788]}, "properties": {"highway": "street_lamp", "lamp_mount": "suspended", "lamp_type": "LED", "support": "pole"}, "geohash": "tuneuff56"},{"type": "Feature", "geometry": {"type": "Point", "coordinates": [88.7184816, 26.5113215]}, "properties": {"direction": "278", "highway": "street_lamp", "lamp_mount": "angled_mast", "lamp_type": "led", "support": "pole"}, "geohash": "tuxnff4zd"},{"type": "Feature", "geometry": {"type": "Point", "coordinates": [88.721095, 26.5136828]}, "properties": {"direction": "172", "highway": "street_lamp", "lamp_mount": "angled_mast", "lamp_type": "led", "support": "pole"}, "geohash": "tuxnffstr"},{"type": "Feature", "geometry": {"type": "Point", "coordinates": [88.7190196, 26.5134049]}, "properties": {"direction": "355", "highway": "street_lamp", "lamp_mount": "angled_mast", "lamp_type": "led", "support": "pole"}, "geohash": "tuxnffe5y"},{"type": "Feature", "geometry": {"type": "Point", "coordinates": [88.7193973, 26.5134946]}, "properties": {"direction": "174", "highway": "street_lamp", "lamp_mount": "angled_mast", "lamp_type": "led", "support": "pole"}, "geohash": "tuxnffekr"},{"type": "Feature", "geometry": {"type": "Point", "coordinates": [88.7197171, 26.5134686]}, "properties": {"direction": "354", "highway": "street_lamp", "lamp_mount": "angled_mast", "lamp_type": "led", "support": "pole"}, "geohash": "tuxnffesp"},{"type": "Feature", "geometry": {"type": "Point", "coordinates": [88.7203412, 26.5135361]}, "properties": {"direction": "351", "highway": "street_lamp", "lamp_mount": "angled_mast", "lamp_type": "led", "support": "pole"}, "geohash": "tuxnffsht"},{"type": "Feature", "geometry": {"type": "Point", "coordinates": [88.7206556, 26.5135724]}, "properties": {"direction": "353", "highway": "street_lamp", "lamp_mount": "angled_mast", "lamp_type": "led", "support": "pole"}, "geohash": "tuxnffskv"},{"type": "Feature", "geometry": {"type": "Point", "coordinates": [88.718444, 26.5111077]}, "properties": {"direction": "273", "highway": "street_lamp", "lamp_mount": "angled_mast", "lamp_type": "led", "support": "pole"}, "geohash": "tuxnff4y3"},{"type": "Feature", "geometry": {"type": "Point", "coordinates": [88.728499, 26.5143425]}, "properties": {"direction": "83", "highway": "street_lamp", "lamp_mount": "angled_mast", "lamp_type": "led", "support": "pole"}, "geohash": "tuxng4f15"},{"type": "Feature", "geometry": {"type": "Point", "coordinates": [88.7284783, 26.5144368]}, "properties": {"direction": "351", "highway": "street_lamp", "lamp_mount": "angled_mast", "lamp_type": "led", "support": "pole"}, "geohash": "tuxng4f1g"},{"type": "Feature", "geometry": {"type": "Point", "coordinates": [88.7186867, 26.52596]}, "properties": {"direction": "252", "highway": "street_lamp", "lamp_mount": "angled_mast", "lamp_type": "led", "support": "pole"}, "geohash": "tuxnfufuz"},{"type": "Feature", "geometry": {"type": "Point", "coordinates": [88.7165625, 26.5265993]}, "properties": {"direction": "173", "highway": "street_lamp", "lamp_mount": "angled_mast", "lamp_type": "led", "support": "pole"}, "geohash": "tuxnfv12t"},{"type": "Feature", "geometry": {"type": "Point", "coordinates": [88.7167125, 26.5265572]}, "properties": {"direction": "356", "highway": "street_lamp", "lamp_mount": "angled_mast", "lamp_type": "led", "support": "pole"}, "geohash": "tuxnfv183"},{"type": "Feature", "geometry": {"type": "Point", "coordinates": [88.716839, 26.5265528]}, "properties": {"direction": "354", "highway": "street_lamp", "lamp_mount": "angled_mast", "lamp_type": "led", "support": "pole"}, "geohash": "tuxnfv18k"},{"type": "Feature", "geometry": {"type": "Point", "coordinates": [88.7169696, 26.5265543]}, "properties": {"direction": "354", "highway": "street_lamp", "lamp_mount": "angled_mast", "lamp_type": "led", "support": "pole"}, "geohash": "tuxnfv18r"},{"type": "Feature", "geometry": {"type": "Point", "coordinates": [88.7171187, 26.5265748]}, "properties": {"direction": "357", "highway": "street_lamp", "lamp_mount": "angled_mast", "lamp_type": "led", "support": "pole"}, "geohash": "tuxnfv1b6"},{"type": "Feature", "geometry": {"type": "Point", "coordinates": [88.7173259, 26.5265946]}, "properties": {"direction": "351", "highway": "street_lamp", "lamp_mount": "angled_mast", "lamp_type": "led", "support": "pole"}, "geohash": "tuxnfv1bx"},{"type": "Feature", "geometry": {"type": "Point", "coordinates": [88.7174751, 26.5266176]}, "properties": {"direction": "351", "highway": "street_lamp", "lamp_mount": "angled_mast", "lamp_type": "led", "support": "pole"}, "geohash": "tuxnfv40e"},{"type": "Feature", "geometry": {"type": "Point", "coordinates": [88.7176958, 26.5266481]}, "properties": {"direction": "352", "highway": "street_lamp", "lamp_mount": "angled_mast", "lamp_type": "led", "support": "pole"}, "geohash": "tuxnfv42b"},{"type": "Feature", "geometry": {"type": "Point", "coordinates": [88.7179857, 26.5267323]}, "properties": {"direction": "266", "highway": "street_lamp", "lamp_mount": "angled_mast", "lamp_type": "led", "support": "pole"}, "geohash": "tuxnfv43q"},{"type": "Feature", "geometry": {"type": "Point", "coordinates": [88.7179162, 26.5269503]}, "properties": {"direction": "178", "highway": "street_lamp", "lamp_mount": "angled_mast", "lamp_type": "led", "support": "pole"}, "geohash": "tuxnfv46t"},{"type": "Feature", "geometry": {"type": "Point", "coordinates": [88.7179055, 26.5271229]}, "properties": {"direction": "176", "highway": "street_lamp", "lamp_mount": "angled_mast", "lamp_type": "led", "support": "pole"}, "geohash": "tuxnfv47t"},{"type": "Feature", "geometry": {"type": "Point", "coordinates": [88.7178207, 26.5269443]}, "properties": {"direction": "177", "highway": "street_lamp", "lamp_mount": "angled_mast", "lamp_type": "led", "support": "pole"}, "geohash": "tuxnfv46e"},{"type": "Feature", "geometry": {"type": "Point", "coordinates": [88.7176541, 26.5269337]}, "properties": {"direction": "176", "highway": "street_lamp", "lamp_mount": "angled_mast", "lamp_type": "led", "support": "pole"}, "geohash": "tuxnfv44x"},{"type": "Feature", "geometry": {"type": "Point", "coordinates": [88.7175844, 26.5269293]}, "properties": {"direction": "175", "highway": "street_lamp", "lamp_mount": "angled_mast", "lamp_type": "led", "support": "pole"}, "geohash": "tuxnfv44t"},{"type": "Feature", "geometry": {"type": "Point", "coordinates": [88.7173191, 26.5267772]}, "properties": {"direction": "82", "highway": "street_lamp", "lamp_mount": "angled_mast", "lamp_type": "led", "support": "pole"}, "geohash": "tuxnfv1cx"},{"type": "Feature", "geometry": {"type": "Point", "coordinates": [88.7180142, 26.5266813]}, "properties": {"direction": "355", "highway": "street_lamp", "lamp_mount": "angled_mast", "lamp_type": "led", "support": "pole"}, "geohash": "tuxnfv43p"},{"type": "Feature", "geometry": {"type": "Point", "coordinates": [88.7183189, 26.5266813]}, "properties": {"direction": "357", "highway": "street_lamp", "lamp_mount": "angled_mast", "lamp_type": "led", "support": "pole"}, "geohash": "tuxnfv49n"},{"type": "Feature", "geometry": {"type": "Point", "coordinates": [88.7181872, 26.5266839]}, "properties": {"direction": "356", "highway": "street_lamp", "lamp_mount": "angled_mast", "lamp_type": "led", "support": "pole"}, "geohash": "tuxnfv495"},{"type": "Feature", "geometry": {"type": "Point", "coordinates": [88.7183546, 26.5266833]}, "properties": {"direction": "356", "highway": "street_lamp", "lamp_mount": "angled_mast", "lamp_type": "led", "support": "pole"}, "geohash": "tuxnfv49p"},{"type": "Feature", "geometry": {"type": "Point", "coordinates": [88.7185473, 26.5264631]}, "properties": {"direction": "100", "highway": "street_lamp", "lamp_mount": "angled_mast", "lamp_type": "led", "support": "pole"}, "geohash": "tuxnfufzg"},{"type": "Feature", "geometry": {"type": "Point", "coordinates": [88.7185971, 26.5262802]}, "properties": {"direction": "261", "highway": "street_lamp", "lamp_mount": "angled_mast", "lamp_type": "led", "support": "pole"}, "geohash": "tuxnfufyv"},{"type": "Feature", "geometry": {"type": "Point", "coordinates": [88.718643, 26.5260821]}, "properties": {"direction": "255", "highway": "street_lamp", "lamp_mount": "angled_mast", "lamp_type": "led", "support": "pole"}, "geohash": "tuxnfufvw"},{"type": "Feature", "geometry": {"type": "Point", "coordinates": [88.7219199, 26.5206248]}, "properties": {"direction": "206", "highway": "street_lamp", "lamp_mount": "angled_mast", "lamp_type": "led", "support": "pole"}, "geohash": "tuxnfgvmf"},{"type": "Feature", "geometry": {"type": "Point", "coordinates": [88.7187227, 26.5258289]}, "properties": {"direction": "253", "highway": "street_lamp", "lamp_mount": "angled_mast", "lamp_type": "led", "support": "pole"}, "geohash": "tuxnfugh0"},{"type": "Feature", "geometry": {"type": "Point", "coordinates": [88.7189184, 26.5258038]}, "properties": {"direction": "343", "highway": "street_lamp", "lamp_mount": "angled_mast", "lamp_type": "led", "support": "pole"}, "geohash": "tuxnfughh"},{"type": "Feature", "geometry": {"type": "Point", "coordinates": [88.7191762, 26.5259355]}, "properties": {"direction": "164", "highway": "street_lamp", "lamp_mount": "angled_mast", "lamp_type": "led", "support": "pole"}, "geohash": "tuxnfugkf"},{"type": "Feature", "geometry": {"type": "Point", "coordinates": [88.7194651, 26.5260149]}, "properties": {"direction": "167", "highway": "street_lamp", "lamp_mount": "angled_mast", "lamp_type": "led", "support": "pole"}, "geohash": "tuxnfugt1"},{"type": "Feature", "geometry": {"type": "Point", "coordinates": [88.7183909, 26.5257151]}, "properties": {"direction": "164", "highway": "street_lamp", "lamp_mount": "angled_mast", "lamp_type": "led", "support": "pole"}, "geohash": "tuxnfufg2"},{"type": "Feature", "geometry": {"type": "Point", "coordinates": [88.7182077, 26.5256155]}, "properties": {"direction": "349", "highway": "street_lamp", "lamp_mount": "angled_mast", "lamp_type": "led", "support": "pole"}, "geohash": "tuxnfufdu"},{"type": "Feature", "geometry": {"type": "Point", "coordinates": [88.7179917, 26.525573]}, "properties": {"direction": "351", "highway": "street_lamp", "lamp_mount": "angled_mast", "lamp_type": "led", "support": "pole"}, "geohash": "tuxnfuf6x"},{"type": "Feature", "geometry": {"type": "Point", "coordinates": [88.7178181, 26.5255441]}, "properties": {"direction": "349", "highway": "street_lamp", "lamp_mount": "angled_mast", "lamp_type": "led", "support": "pole"}, "geohash": "tuxnfuf66"},{"type": "Feature", "geometry": {"type": "Point", "coordinates": [88.7175308, 26.5254966]}, "properties": {"direction": "354", "highway": "street_lamp", "lamp_mount": "angled_mast", "lamp_type": "led", "support": "pole"}, "geohash": "tuxnfuf4h"},{"type": "Feature", "geometry": {"type": "Point", "coordinates": [88.7172509, 26.5254662]}, "properties": {"direction": "354", "highway": "street_lamp", "lamp_mount": "angled_mast", "lamp_type": "led", "support": "pole"}, "geohash": "tuxnfucfj"},{"type": "Feature", "geometry": {"type": "Point", "coordinates": [88.7170382, 26.5254465]}, "properties": {"direction": "355", "highway": "street_lamp", "lamp_mount": "angled_mast", "lamp_type": "led", "support": "pole"}, "geohash": "tuxnfuccb"},{"type": "Feature", "geometry": {"type": "Point", "coordinates": [88.7168804, 26.5254202]}, "properties": {"direction": "353", "highway": "street_lamp", "lamp_mount": "angled_mast", "lamp_type": "led", "support": "pole"}, "geohash": "tuxnfuc9v"},{"type": "Feature", "geometry": {"type": "Point", "coordinates": [88.7165638, 26.5253949]}, "properties": {"direction": "357", "highway": "street_lamp", "lamp_mount": "angled_mast", "lamp_type": "led", "support": "pole"}, "geohash": "tuxnfuc3t"},{"type": "Feature", "geometry": {"type": "Point", "coordinates": [88.7163455, 26.5253716]}, "properties": {"direction": "352", "highway": "street_lamp", "lamp_mount": "angled_mast", "lamp_type": "led", "support": "pole"}, "geohash": "tuxnfuc32"},{"type": "Feature", "geometry": {"type": "Point", "coordinates": [88.7166797, 26.5242784]}, "properties": {"direction": "237", "highway": "street_lamp", "lamp_mount": "angled_mast", "lamp_type": "led", "support": "pole"}, "geohash": "tuxnfu9e0"},{"type": "Feature", "geometry": {"type": "Point", "coordinates": [88.7167745, 26.5241064]}, "properties": {"direction": "83", "highway": "street_lamp", "lamp_mount": "angled_mast", "lamp_type": "led", "support": "pole"}, "geohash": "tuxnfu9d4"},{"type": "Feature", "geometry": {"type": "Point", "coordinates": [88.7168572, 26.524108]}, "properties": {"direction": "352", "highway": "street_lamp", "lamp_mount": "angled_mast", "lamp_type": "led", "support": "pole"}, "geohash": "tuxnfu9dh"},{"type": "Feature", "geometry": {"type": "Point", "coordinates": [88.7171935, 26.523807]}, "properties": {"direction": "256", "highway": "street_lamp", "lamp_mount": "angled_mast", "lamp_type": "led", "support": "pole"}, "geohash": "tuxnfu9bk"},{"type": "Feature", "geometry": {"type": "Point", "coordinates": [88.7170686, 26.5238052]}, "properties": {"direction": "260", "highway": "street_lamp", "lamp_mount": "angled_mast", "lamp_type": "led", "support": "pole"}, "geohash": "tuxnfu9b3"},{"type": "Feature", "geometry": {"type": "Point", "coordinates": [88.7215885, 26.5207885]}, "properties": {"direction": "207", "highway": "street_lamp", "lamp_mount": "angled_mast", "lamp_type": "led", "support": "pole"}, "geohash": "tuxnfgvnf"},{"type": "Feature", "geometry": {"type": "Point", "coordinates": [88.717292, 26.5234629]}, "properties": {"direction": "257", "highway": "street_lamp", "lamp_mount": "angled_mast", "lamp_type": "led", "support": "pole"}, "geohash": "tuxnfu3yq"},{"type": "Feature", "geometry": {"type": "Point", "coordinates": [88.7172907, 26.5232678]}, "properties": {"direction": "75", "highway": "street_lamp", "lamp_mount": "angled_mast", "lamp_type": "led", "support": "pole"}, "geohash": "tuxnfu3vn"},{"type": "Feature", "geometry": {"type": "Point", "coordinates": [88.7198064, 26.5215921]}, "properties": {"direction": "222", "highway": "street_lamp", "lamp_mount": "angled_mast", "lamp_type": "led", "support": "pole"}, "geohash": "tuxnfu5g3"},{"type": "Feature", "geometry": {"type": "Point", "coordinates": [88.7199906, 26.5215025]}, "properties": {"direction": "227", "highway": "street_lamp", "lamp_mount": "angled_mast", "lamp_type": "led", "support": "pole"}, "geohash": "tuxnfu5fv"},{"type": "Feature", "geometry": {"type": "Point", "coordinates": [88.720075, 26.5214397]}, "properties": {"direction": "196", "highway": "street_lamp", "lamp_mount": "angled_mast", "lamp_type": "led", "support": "pole"}, "geohash": "tuxnfu5fx"},{"type": "Feature", "geometry": {"type": "Point", "coordinates": [88.7202583, 26.5213818]}, "properties": {"direction": "192", "highway": "street_lamp", "lamp_mount": "angled_mast", "lamp_type": "led", "support": "pole"}, "geohash": "tuxnfuh45"},{"type": "Feature", "geometry": {"type": "Point", "coordinates": [88.7203664, 26.5213434]}, "properties": {"direction": "202", "highway": "street_lamp", "lamp_mount": "angled_mast", "lamp_type": "led", "support": "pole"}, "geohash": "tuxnfuh4n"},{"type": "Feature", "geometry": {"type": "Point", "coordinates": [88.7207671, 26.521186]}, "properties": {"direction": "202", "highway": "street_lamp", "lamp_mount": "angled_mast", "lamp_type": "led", "support": "pole"}, "geohash": "tuxnfuh3p"},{"type": "Feature", "geometry": {"type": "Point", "coordinates": [88.720937, 26.5211121]}, "properties": {"direction": "272", "highway": "street_lamp", "lamp_mount": "angled_mast", "lamp_type": "led", "support": "pole"}, "geohash": "tuxnfuh8e"},{"type": "Feature", "geometry": {"type": "Point", "coordinates": [88.7209348, 26.521336]}, "properties": {"direction": "271", "highway": "street_lamp", "lamp_mount": "angled_mast", "lamp_type": "led", "support": "pole"}, "geohash": "tuxnfuh9g"},{"type": "Feature", "geometry": {"type": "Point", "coordinates": [88.7209359, 26.5214182]}, "properties": {"direction": "270", "highway": "street_lamp", "lamp_mount": "angled_mast", "lamp_type": "led", "support": "pole"}, "geohash": "tuxnfuhd7"},{"type": "Feature", "geometry": {"type": "Point", "coordinates": [88.7209337, 26.5215116]}, "properties": {"direction": "268", "highway": "street_lamp", "lamp_mount": "angled_mast", "lamp_type": "led", "support": "pole"}, "geohash": "tuxnfuhe5"},{"type": "Feature", "geometry": {"type": "Point", "coordinates": [88.720937, 26.5216129]}, "properties": {"direction": "270", "highway": "street_lamp", "lamp_mount": "angled_mast", "lamp_type": "led", "support": "pole"}, "geohash": "tuxnfuhee"},{"type": "Feature", "geometry": {"type": "Point", "coordinates": [88.7209359, 26.521646]}, "properties": {"direction": "270", "highway": "street_lamp", "lamp_mount": "angled_mast", "lamp_type": "led", "support": "pole"}, "geohash": "tuxnfuheg"},{"type": "Feature", "geometry": {"type": "Point", "coordinates": [88.7209374, 26.5217163]}, "properties": {"direction": "271", "highway": "street_lamp", "lamp_mount": "angled_mast", "lamp_type": "led", "support": "pole"}, "geohash": "tuxnfuhs5"},{"type": "Feature", "geometry": {"type": "Point", "coordinates": [88.7209345, 26.5218533]}, "properties": {"direction": "269", "highway": "street_lamp", "lamp_mount": "angled_mast", "lamp_type": "led", "support": "pole"}, "geohash": "tuxnfuhsg"},{"type": "Feature", "geometry": {"type": "Point", "coordinates": [88.7208828, 26.5219926]}, "properties": {"direction": "90", "highway": "street_lamp", "lamp_mount": "angled_mast", "lamp_type": "led", "support": "pole"}, "geohash": "tuxnfuhtf"},{"type": "Feature", "geometry": {"type": "Point", "coordinates": [88.7210673, 26.5210498]}, "properties": {"direction": "207", "highway": "street_lamp", "lamp_mount": "angled_mast", "lamp_type": "led", "support": "pole"}, "geohash": "tuxnfuh8q"},{"type": "Feature", "geometry": {"type": "Point", "coordinates": [88.7213111, 26.5209282]}, "properties": {"direction": "206", "highway": "street_lamp", "lamp_mount": "angled_mast", "lamp_type": "led", "support": "pole"}, "geohash": "tuxnfguzs"},{"type": "Feature", "geometry": {"type": "Point", "coordinates": [88.7172444, 26.5236296]}, "properties": {"direction": "255", "highway": "street_lamp", "lamp_mount": "angled_mast", "lamp_type": "led", "support": "pole"}, "geohash": "tuxnfu3zm"},{"type": "Feature", "geometry": {"type": "Point", "coordinates": [88.7311403, 26.5118728]}, "properties": {"direction": "223", "highway": "street_lamp", "lamp_mount": "angled_mast", "lamp_type": "led", "support": "pole"}, "geohash": "tuxng4k4c"},{"type": "Feature", "geometry": {"type": "Point", "coordinates": [88.730705, 26.511867]}, "properties": {"direction": "173", "highway": "street_lamp", "lamp_mount": "angled_mast", "lamp_type": "led", "support": "pole"}, "geohash": "tuxng47dz"},{"type": "Feature", "geometry": {"type": "Point", "coordinates": [88.7303072, 26.5117866]}, "properties": {"direction": "168", "highway": "street_lamp", "lamp_mount": "angled_mast", "lamp_type": "led", "support": "pole"}, "geohash": "tuxng476q"},{"type": "Feature", "geometry": {"type": "Point", "coordinates": [88.729629, 26.5116868]}, "properties": {"direction": "186", "highway": "street_lamp", "lamp_mount": "angled_mast", "lamp_type": "led", "support": "pole"}, "geohash": "tuxng46cy"},{"type": "Feature", "geometry": {"type": "Point", "coordinates": [88.729445, 26.511624]}, "properties": {"direction": "87", "highway": "street_lamp", "lamp_mount": "angled_mast", "lamp_type": "led", "support": "pole"}, "geohash": "tuxng46c3"},{"type": "Feature", "geometry": {"type": "Point", "coordinates": [88.7292882, 26.5121443]}, "properties": {"direction": "88", "highway": "street_lamp", "lamp_mount": "angled_mast", "lamp_type": "led", "support": "pole"}, "geohash": "tuxng46sq"},{"type": "Feature", "geometry": {"type": "Point", "coordinates": [88.7296009, 26.5121718]}, "properties": {"direction": "176", "highway": "street_lamp", "lamp_mount": "angled_mast", "lamp_type": "led", "support": "pole"}, "geohash": "tuxng46ut"},{"type": "Feature", "geometry": {"type": "Point", "coordinates": [88.7292875, 26.5123071]}, "properties": {"direction": "89", "highway": "street_lamp", "lamp_mount": "angled_mast", "lamp_type": "led", "support": "pole"}, "geohash": "tuxng46tq"},{"type": "Feature", "geometry": {"type": "Point", "coordinates": [88.7293262, 26.5124362]}, "properties": {"direction": "270", "highway": "street_lamp", "lamp_mount": "angled_mast", "lamp_type": "led", "support": "pole"}, "geohash": "tuxng46wp"},{"type": "Feature", "geometry": {"type": "Point", "coordinates": [88.7289459, 26.512407]}, "properties": {"direction": "89", "highway": "street_lamp", "lamp_mount": "angled_mast", "lamp_type": "led", "support": "pole"}, "geohash": "tuxng46my"},{"type": "Feature", "geometry": {"type": "Point", "coordinates": [88.7288758, 26.5127192]}, "properties": {"direction": "83", "highway": "street_lamp", "lamp_mount": "angled_mast", "lamp_type": "led", "support": "pole"}, "geohash": "tuxng46ru"},{"type": "Feature", "geometry": {"type": "Point", "coordinates": [88.7288837, 26.5129372]}, "properties": {"direction": "267", "highway": "street_lamp", "lamp_mount": "angled_mast", "lamp_type": "led", "support": "pole"}, "geohash": "tuxng4d3h"},{"type": "Feature", "geometry": {"type": "Point", "coordinates": [88.7288372, 26.5132579]}, "properties": {"direction": "182", "highway": "street_lamp", "lamp_mount": "angled_mast", "lamp_type": "led", "support": "pole"}, "geohash": "tuxng4d6g"},{"type": "Feature", "geometry": {"type": "Point", "coordinates": [88.7286672, 26.5132579]}, "properties": {"direction": "10", "highway": "street_lamp", "lamp_mount": "angled_mast", "lamp_type": "led", "support": "pole"}, "geohash": "tuxng4d4z"},{"type": "Feature", "geometry": {"type": "Point", "coordinates": [88.7371817, 26.8700505]}, "properties": {"direction": "180", "highway": "street_lamp", "lamp_mount": "angled_mast", "lamp_type": "led", "support": "pole"}, "geohash": "tuz0g783q"},{"type": "Feature", "geometry": {"type": "Point", "coordinates": [88.7370496, 26.8693557]}, "properties": {"direction": "101", "highway": "street_lamp", "lamp_mount": "angled_mast", "lamp_type": "led", "support": "pole"}, "geohash": "tuz0g72m7"},{"type": "Feature", "geometry": {"type": "Point", "coordinates": [88.7370026, 26.8691055]}, "properties": {"direction": "100", "highway": "street_lamp", "lamp_mount": "angled_mast", "lamp_type": "led", "support": "pole"}, "geohash": "tuz0g727f"},{"type": "Feature", "geometry": {"type": "Point", "coordinates": [88.7368444, 26.8683042]}, "properties": {"direction": "95", "highway": "street_lamp", "lamp_mount": "angled_mast", "lamp_type": "led", "support": "pole"}, "geohash": "tuz0g70pn"},{"type": "Feature", "geometry": {"type": "Point", "coordinates": [88.736841, 26.8678445]}, "properties": {"direction": "283", "highway": "street_lamp", "lamp_mount": "angled_mast", "lamp_type": "led", "support": "pole"}, "geohash": "tuz0g70hw"},{"type": "Feature", "geometry": {"type": "Point", "coordinates": [88.7368123, 26.8676082]}, "properties": {"direction": "277", "highway": "street_lamp", "lamp_mount": "angled_mast", "lamp_type": "led", "support": "pole"}, "geohash": "tuz0g705j"},{"type": "Feature", "geometry": {"type": "Point", "coordinates": [88.7167426, 26.5228841]}, "properties": {"direction": "256", "highway": "street_lamp", "lamp_mount": "angled_mast", "lamp_type": "led", "support": "pole"}, "geohash": "tuxnfu3dc"},{"type": "Feature", "geometry": {"type": "Point", "coordinates": [88.7166571, 26.523005]}, "properties": {"direction": "76", "highway": "street_lamp", "lamp_mount": "angled_mast", "lamp_type": "led", "support": "pole"}, "geohash": "tuxnfu37x"},{"type": "Feature", "geometry": {"type": "Point", "coordinates": [88.7166343, 26.5233744]}, "properties": {"highway": "street_lamp", "lamp_mount": "angled_mast", "lamp_type": "led", "support": "pole"}, "geohash": "tuxnfu3mz"},{"type": "Feature", "geometry": {"type": "Point", "coordinates": [88.7166027, 26.5234996]}, "properties": {"highway": "street_lamp", "lamp_mount": "angled_mast", "lamp_type": "led", "support": "pole"}, "geohash": "tuxnfu3qw"},{"type": "Feature", "geometry": {"type": "Point", "coordinates": [88.7164894, 26.5236229]}, "properties": {"direction": "168", "highway": "street_lamp", "lamp_mount": "angled_mast", "lamp_type": "led", "support": "pole"}, "geohash": "tuxnfu3rk"},{"type": "Feature", "geometry": {"type": "Point", "coordinates": [88.716542, 26.5237349]}, "properties": {"highway": "street_lamp", "lamp_mount": "angled_mast", "lamp_type": "led", "support": "pole"}, "geohash": "tuxnfu3rv"},{"type": "Feature", "geometry": {"type": "Point", "coordinates": [88.7164967, 26.5239398]}, "properties": {"highway": "street_lamp", "lamp_mount": "angled_mast", "lamp_type": "led", "support": "pole"}, "geohash": "tuxnfu93h"},{"type": "Feature", "geometry": {"type": "Point", "coordinates": [88.7165678, 26.5236346]}, "properties": {"highway": "street_lamp", "lamp_mount": "angled_mast", "lamp_type": "led", "support": "pole"}, "geohash": "tuxnfu3rm"},{"type": "Feature", "geometry": {"type": "Point", "coordinates": [88.7132836, 26.5317279]}, "properties": {"direction": "351", "highway": "street_lamp", "lamp_mount": "angled_mast", "lamp_type": "led", "support": "pole"}, "geohash": "tuxnftzn9"},{"type": "Feature", "geometry": {"type": "Point", "coordinates": [88.7148886, 26.5289607]}, "properties": {"direction": "70", "highway": "street_lamp", "lamp_mount": "angled_mast", "lamp_type": "led", "support": "pole"}, "geohash": "tuxnfv2nq"},{"type": "Feature", "geometry": {"type": "Point", "coordinates": [88.7148522, 26.5291988]}, "properties": {"direction": "253", "highway": "street_lamp", "lamp_mount": "angled_mast", "lamp_type": "led", "support": "pole"}, "geohash": "tuxnfv2pv"},{"type": "Feature", "geometry": {"type": "Point", "coordinates": [88.7146947, 26.52953]}, "properties": {"direction": "244", "highway": "street_lamp", "lamp_mount": "angled_mast", "lamp_type": "led", "support": "pole"}, "geohash": "tuxnfv81d"},{"type": "Feature", "geometry": {"type": "Point", "coordinates": [88.714546, 26.5298282]}, "properties": {"direction": "246", "highway": "street_lamp", "lamp_mount": "angled_mast", "lamp_type": "led", "support": "pole"}, "geohash": "tuxnftxgq"},{"type": "Feature", "geometry": {"type": "Point", "coordinates": [88.7144098, 26.5300865]}, "properties": {"direction": "253", "highway": "street_lamp", "lamp_mount": "angled_mast", "lamp_type": "led", "support": "pole"}, "geohash": "tuxnftxug"},{"type": "Feature", "geometry": {"type": "Point", "coordinates": [88.7143226, 26.5304307]}, "properties": {"direction": "257", "highway": "street_lamp", "lamp_mount": "angled_mast", "lamp_type": "led", "support": "pole"}, "geohash": "tuxnftxyc"},{"type": "Feature", "geometry": {"type": "Point", "coordinates": [88.7140119, 26.5309118]}, "properties": {"direction": "79", "highway": "street_lamp", "lamp_mount": "angled_mast", "lamp_type": "led", "support": "pole"}, "geohash": "tuxnftz9f"},{"type": "Feature", "geometry": {"type": "Point", "coordinates": [88.7139824, 26.5310331]}, "properties": {"direction": "76", "highway": "street_lamp", "lamp_mount": "angled_mast", "lamp_type": "led", "support": "pole"}, "geohash": "tuxnftzd3"},{"type": "Feature", "geometry": {"type": "Point", "coordinates": [88.7139454, 26.5312246]}, "properties": {"direction": "83", "highway": "street_lamp", "lamp_mount": "angled_mast", "lamp_type": "led", "support": "pole"}, "geohash": "tuxnftze8"},{"type": "Feature", "geometry": {"type": "Point", "coordinates": [88.713867, 26.531694]}, "properties": {"direction": "81", "highway": "street_lamp", "lamp_mount": "angled_mast", "lamp_type": "led", "support": "pole"}, "geohash": "tuxnftzqq"},{"type": "Feature", "geometry": {"type": "Point", "coordinates": [88.7138469, 26.5318259]}, "properties": {"direction": "81", "highway": "street_lamp", "lamp_mount": "angled_mast", "lamp_type": "led", "support": "pole"}, "geohash": "tuxnftzrn"},{"type": "Feature", "geometry": {"type": "Point", "coordinates": [88.7135993, 26.5317874]}, "properties": {"direction": "348", "highway": "street_lamp", "lamp_mount": "angled_mast", "lamp_type": "led", "support": "pole"}, "geohash": "tuxnftzqb"},{"type": "Feature", "geometry": {"type": "Point", "coordinates": [88.7141946, 26.5311074]}, "properties": {"direction": "171", "highway": "street_lamp", "lamp_mount": "angled_mast", "lamp_type": "led", "support": "pole"}, "geohash": "tuxnftzdy"},{"type": "Feature", "geometry": {"type": "Point", "coordinates": [88.7129768, 26.531683]}, "properties": {"direction": "350", "highway": "street_lamp", "lamp_mount": "angled_mast", "lamp_type": "led", "support": "pole"}, "geohash": "tuxnftyy6"},{"type": "Feature", "geometry": {"type": "Point", "coordinates": [88.7127697, 26.5316504]}, "properties": {"direction": "350", "highway": "street_lamp", "lamp_mount": "angled_mast", "lamp_type": "led", "support": "pole"}, "geohash": "tuxnftywj"},{"type": "Feature", "geometry": {"type": "Point", "coordinates": [88.7126197, 26.5316841]}, "properties": {"direction": "169", "highway": "street_lamp", "lamp_mount": "angled_mast", "lamp_type": "led", "support": "pole"}, "geohash": "tuxnftyw3"},{"type": "Feature", "geometry": {"type": "Point", "coordinates": [88.7124145, 26.5315988]}, "properties": {"direction": "170", "highway": "street_lamp", "lamp_mount": "angled_mast", "lamp_type": "led", "support": "pole"}, "geohash": "tuxnftymv"},{"type": "Feature", "geometry": {"type": "Point", "coordinates": [88.712031, 26.5315297]}, "properties": {"direction": "351", "highway": "street_lamp", "lamp_mount": "angled_mast", "lamp_type": "sodium", "support": "pole"}, "geohash": "tuxnftyjk"},{"type": "Feature", "geometry": {"type": "Point", "coordinates": [88.7120066, 26.5316875]}, "properties": {"direction": "259", "highway": "street_lamp", "lamp_mount": "angled_mast", "lamp_type": "led", "support": "pole"}, "geohash": "tuxnftyn7"},{"type": "Feature", "geometry": {"type": "Point", "coordinates": [88.7119727, 26.5318498]}, "properties": {"direction": "263", "highway": "street_lamp", "lamp_mount": "angled_mast", "lamp_type": "led", "support": "pole"}, "geohash": "tuxnftyp4"},{"type": "Feature", "geometry": {"type": "Point", "coordinates": [88.7116533, 26.5308117]}, "properties": {"direction": "352", "highway": "street_lamp", "lamp_mount": "angled_mast", "lamp_type": "led", "support": "pole"}, "geohash": "tuxnftvc5"},{"type": "Feature", "geometry": {"type": "Point", "coordinates": [88.7120564, 26.5308576]}, "properties": {"direction": "351", "highway": "street_lamp", "lamp_mount": "angled_mast", "lamp_type": "led", "support": "pole"}, "geohash": "tuxnfty1k"},{"type": "Feature", "geometry": {"type": "Point", "coordinates": [88.7122522, 26.5308836]}, "properties": {"direction": "351", "highway": "street_lamp", "lamp_mount": "angled_mast", "lamp_type": "led", "support": "pole"}, "geohash": "tuxnfty39"},{"type": "Feature", "geometry": {"type": "Point", "coordinates": [88.7124518, 26.5309062]}, "properties": {"direction": "350", "highway": "street_lamp", "lamp_mount": "angled_mast", "lamp_type": "led", "support": "pole"}, "geohash": "tuxnfty3t"},{"type": "Feature", "geometry": {"type": "Point", "coordinates": [88.7127614, 26.5310173]}, "properties": {"direction": "171", "highway": "street_lamp", "lamp_mount": "angled_mast", "lamp_type": "led", "support": "pole"}, "geohash": "tuxnftydm"},{"type": "Feature", "geometry": {"type": "Point", "coordinates": [88.712987, 26.5310577]}, "properties": {"direction": "169", "highway": "street_lamp", "lamp_mount": "angled_mast", "lamp_type": "led", "support": "pole"}, "geohash": "tuxnftyfd"},{"type": "Feature", "geometry": {"type": "Point", "coordinates": [88.7132539, 26.5311056]}, "properties": {"direction": "169", "highway": "street_lamp", "lamp_mount": "angled_mast", "lamp_type": "led", "support": "pole"}, "geohash": "tuxnftz4b"},{"type": "Feature", "geometry": {"type": "Point", "coordinates": [88.7134765, 26.5311396]}, "properties": {"direction": "169", "highway": "street_lamp", "lamp_mount": "angled_mast", "lamp_type": "led", "support": "pole"}, "geohash": "tuxnftz5j"},{"type": "Feature", "geometry": {"type": "Point", "coordinates": [88.7137288, 26.531131]}, "properties": {"direction": "350", "highway": "street_lamp", "lamp_mount": "angled_mast", "lamp_type": "led", "support": "pole"}, "geohash": "tuxnftz75"},{"type": "Feature", "geometry": {"type": "Point", "coordinates": [88.7143621, 26.5312575]}, "properties": {"direction": "352", "highway": "street_lamp", "lamp_mount": "angled_mast", "lamp_type": "led", "support": "pole"}, "geohash": "tuxnftzgf"},{"type": "Feature", "geometry": {"type": "Point", "coordinates": [88.714473, 26.531254]}, "properties": {"direction": "260", "highway": "street_lamp", "lamp_mount": "angled_mast", "lamp_type": "led", "support": "pole"}, "geohash": "tuxnftzgv"},{"type": "Feature", "geometry": {"type": "Point", "coordinates": [88.7145939, 26.5312924]}, "properties": {"direction": "355", "highway": "street_lamp", "lamp_mount": "angled_mast", "lamp_type": "led", "support": "pole"}, "geohash": "tuxnftzgz"},{"type": "Feature", "geometry": {"type": "Point", "coordinates": [88.7149989, 26.5313499]}, "properties": {"direction": "349", "highway": "street_lamp", "lamp_mount": "angled_mast", "lamp_type": "led", "support": "pole"}, "geohash": "tuxnfvbk3"},{"type": "Feature", "geometry": {"type": "Point", "coordinates": [88.7151946, 26.5313718]}, "properties": {"direction": "351", "highway": "street_lamp", "lamp_mount": "angled_mast", "lamp_type": "led", "support": "pole"}, "geohash": "tuxnfvbkm"},{"type": "Feature", "geometry": {"type": "Point", "coordinates": [88.7155247, 26.5314127]}, "properties": {"direction": "349", "highway": "street_lamp", "lamp_mount": "angled_mast", "lamp_type": "led", "support": "pole"}, "geohash": "tuxnfvbst"},{"type": "Feature", "geometry": {"type": "Point", "coordinates": [88.7157079, 26.5314545]}, "properties": {"direction": "266", "highway": "street_lamp", "lamp_mount": "angled_mast", "lamp_type": "led", "support": "pole"}, "geohash": "tuxnfvbuc"},{"type": "Feature", "geometry": {"type": "Point", "coordinates": [88.7157302, 26.5315129]}, "properties": {"direction": "350", "highway": "street_lamp", "lamp_mount": "angled_mast", "lamp_type": "led", "support": "pole"}, "geohash": "tuxnfvbv6"},{"type": "Feature", "geometry": {"type": "Point", "coordinates": [88.7150231, 26.5312079]}, "properties": {"direction": "176", "highway": "street_lamp", "lamp_mount": "angled_mast", "lamp_type": "led", "support": "pole"}, "geohash": "tuxnfvb73"},{"type": "Feature", "geometry": {"type": "Point", "coordinates": [88.7147897, 26.5311662]}, "properties": {"direction": "177", "highway": "street_lamp", "lamp_mount": "angled_mast", "lamp_type": "led", "support": "pole"}, "geohash": "tuxnfvb5h"},{"type": "Feature", "geometry": {"type": "Point", "coordinates": [88.7145005, 26.5311325]}, "properties": {"direction": "172", "highway": "street_lamp", "lamp_mount": "angled_mast", "lamp_type": "led", "support": "pole"}, "geohash": "tuxnftzgj"},{"type": "Feature", "geometry": {"type": "Point", "coordinates": [88.7141566, 26.5312376]}, "properties": {"direction": "354", "highway": "street_lamp", "lamp_mount": "angled_mast", "lamp_type": "led", "support": "pole"}, "geohash": "tuxnftzet"},{"type": "Feature", "geometry": {"type": "Point", "coordinates": [88.7303847, 26.5257076]}, "properties": {"highway": "street_lamp", "lamp_mount": "angled_mast", "lamp_type": "led", "support": "pole"}, "geohash": "tuxnghg7r"},{"type": "Feature", "geometry": {"type": "Point", "coordinates": [88.7304106, 26.5255332]}, "properties": {"highway": "street_lamp", "lamp_mount": "angled_mast", "lamp_type": "led", "support": "pole"}, "geohash": "tuxnghgd2"},{"type": "Feature", "geometry": {"type": "Point", "coordinates": [88.7304506, 26.5252753]}, "properties": {"highway": "street_lamp", "lamp_mount": "angled_mast", "lamp_type": "led", "support": "pole"}, "geohash": "tuxnghg8c"},{"type": "Feature", "geometry": {"type": "Point", "coordinates": [88.7305429, 26.5247312]}, "properties": {"highway": "street_lamp", "lamp_mount": "angled_mast", "lamp_type": "led", "support": "pole"}, "geohash": "tuxnghetg"},{"type": "Feature", "geometry": {"type": "Point", "coordinates": [88.7306222, 26.5244289]}, "properties": {"highway": "street_lamp", "lamp_mount": "angled_mast", "lamp_type": "led", "support": "pole"}, "geohash": "tuxngheev"},{"type": "Feature", "geometry": {"type": "Point", "coordinates": [88.7306896, 26.5241338]}, "properties": {"highway": "street_lamp", "lamp_mount": "angled_mast", "lamp_type": "led", "support": "pole"}, "geohash": "tuxnghedq"},{"type": "Feature", "geometry": {"type": "Point", "coordinates": [88.7307385, 26.5239442]}, "properties": {"highway": "street_lamp", "lamp_mount": "angled_mast", "lamp_type": "led", "support": "pole"}, "geohash": "tuxnghec0"},{"type": "Feature", "geometry": {"type": "Point", "coordinates": [88.2297109, 22.8785918]}, "properties": {"highway": "street_lamp", "lamp_mount": "angled_mast", "lamp_type": "LED", "support": "pole"}, "geohash": "tundpsyvm"},{"type": "Feature", "geometry": {"type": "Point", "coordinates": [88.2373376, 22.8774828]}, "properties": {"highway": "street_lamp", "lamp_mount": "angled_mast", "lamp_type": "LED", "support": "pole"}, "geohash": "tundpusqy"},{"type": "Feature", "geometry": {"type": "Point", "coordinates": [88.2369964, 22.8775488]}, "properties": {"highway": "street_lamp", "lamp_mount": "angled_mast", "lamp_type": "LED", "support": "pole"}, "geohash": "tundpuspr"},{"type": "Feature", "geometry": {"type": "Point", "coordinates": [88.2304898, 22.8787667]}, "properties": {"highway": "street_lamp", "lamp_mount": "angled_mast", "lamp_type": "LED", "support": "pole"}, "geohash": "tundpszqr"},{"type": "Feature", "geometry": {"type": "Point", "coordinates": [88.2389837, 22.8770935]}, "properties": {"highway": "street_lamp", "lamp_mount": "angled_mast", "lamp_type": "LED", "support": "pole"}, "geohash": "tundputst"},{"type": "Feature", "geometry": {"type": "Point", "coordinates": [88.2422244, 22.9305181]}, "properties": {"highway": "street_lamp", "lamp_mount": "angled_mast", "lamp_type": "LED", "support": "pole"}, "geohash": "tunf2n25b"},{"type": "Feature", "geometry": {"type": "Point", "coordinates": [88.2420553, 22.9305296]}, "properties": {"highway": "street_lamp", "lamp_mount": "angled_mast", "lamp_type": "LED", "support": "pole"}, "geohash": "tundryruh"},{"type": "Feature", "geometry": {"type": "Point", "coordinates": [88.2534341, 22.9284998]}, "properties": {"highway": "street_lamp", "lamp_mount": "angled_mast", "lamp_type": "LED", "support": "pole"}, "geohash": "tunf2q00n"},{"type": "Feature", "geometry": {"type": "Point", "coordinates": [88.2530108, 22.9287026]}, "properties": {"highway": "street_lamp", "lamp_mount": "angled_mast", "lamp_type": "LED", "support": "pole"}, "geohash": "tunf2npck"},{"type": "Feature", "geometry": {"type": "Point", "coordinates": [88.2528548, 22.9286648]}, "properties": {"highway": "street_lamp", "lamp_mount": "angled_mast", "lamp_type": "LED", "support": "pole"}, "geohash": "tunf2npc0"},{"type": "Feature", "geometry": {"type": "Point", "coordinates": [88.2534408, 22.928683]}, "properties": {"highway": "street_lamp", "lamp_mount": "angled_mast", "lamp_type": "LED", "support": "pole"}, "geohash": "tunf2q01q"},{"type": "Feature", "geometry": {"type": "Point", "coordinates": [88.2532822, 22.9288877]}, "properties": {"highway": "street_lamp", "lamp_mount": "angled_mast", "lamp_type": "LED", "support": "pole"}, "geohash": "tunf2q046"},{"type": "Feature", "geometry": {"type": "Point", "coordinates": [88.253638, 22.9285337]}, "properties": {"direction": "199", "highway": "street_lamp", "lamp_mount": "angled_mast", "lamp_type": "LED", "support": "pole"}, "geohash": "tunf2q026"},{"type": "Feature", "geometry": {"type": "Point", "coordinates": [88.2333604, 22.8782032]}, "properties": {"highway": "street_lamp", "lamp_mount": "angled_mast", "lamp_type": "LED", "support": "pole"}, "geohash": "tundpuce4"},{"type": "Feature", "geometry": {"type": "Point", "coordinates": [88.2350505, 22.8779242]}, "properties": {"highway": "street_lamp", "lamp_mount": "angled_mast", "lamp_type": "LED", "support": "pole"}, "geohash": "tundpufc9"},{"type": "Feature", "geometry": {"type": "Point", "coordinates": [88.2442992, 22.89497]}, "properties": {"highway": "street_lamp", "lamp_mount": "angled_mast", "lamp_type": "LED", "support": "pole"}, "geohash": "tunf0pcsc"},{"type": "Feature", "geometry": {"type": "Point", "coordinates": [88.2446401, 22.8952768]}, "properties": {"highway": "street_lamp", "lamp_mount": "angled_mast", "lamp_type": "LED", "support": "pole"}, "geohash": "tunf0pcy9"},{"type": "Feature", "geometry": {"type": "Point", "coordinates": [88.2454874, 22.8965564]}, "properties": {"highway": "street_lamp", "lamp_mount": "angled_mast", "lamp_type": "LED", "support": "pole"}, "geohash": "tunf204qh"},{"type": "Feature", "geometry": {"type": "Point", "coordinates": [88.2484119, 22.9004711]}, "properties": {"highway": "street_lamp", "lamp_mount": "angled_mast", "lamp_type": "LED", "support": "pole"}, "geohash": "tunf20usc"},{"type": "Feature", "geometry": {"type": "Point", "coordinates": [88.2503977, 22.9024897]}, "properties": {"highway": "street_lamp", "lamp_mount": "angled_mast", "lamp_type": "LED", "support": "pole"}, "geohash": "tunf21mbx"},{"type": "Feature", "geometry": {"type": "Point", "coordinates": [88.2506, 22.9035103]}, "properties": {"highway": "street_lamp", "lamp_mount": "angled_mast", "lamp_type": "LED", "support": "pole"}, "geohash": "tunf21qns"},{"type": "Feature", "geometry": {"type": "Point", "coordinates": [88.2501604, 22.9058242]}, "properties": {"highway": "street_lamp", "lamp_mount": "angled_mast", "lamp_type": "LED", "support": "pole"}, "geohash": "tunf21vu1"},{"type": "Feature", "geometry": {"type": "Point", "coordinates": [88.2519578, 22.9092251]}, "properties": {"highway": "street_lamp", "lamp_mount": "angled_mast", "lamp_type": "LED", "support": "pole"}, "geohash": "tunf24rpg"},{"type": "Feature", "geometry": {"type": "Point", "coordinates": [88.2556657, 22.9094874]}, "properties": {"direction": "170", "highway": "street_lamp", "lamp_mount": "angled_mast", "lamp_type": "LED", "support": "pole"}, "geohash": "tunf269c6"},{"type": "Feature", "geometry": {"type": "Point", "coordinates": [88.2582406, 22.9112444]}, "properties": {"highway": "street_lamp", "lamp_mount": "angled_mast", "lamp_type": "LED", "support": "pole"}, "geohash": "tunf26gew"},{"type": "Feature", "geometry": {"type": "Point", "coordinates": [88.2581791, 22.9119681]}, "properties": {"highway": "street_lamp", "lamp_mount": "angled_mast", "lamp_type": "LED", "support": "pole"}, "geohash": "tunf26gxu"},{"type": "Feature", "geometry": {"type": "Point", "coordinates": [88.2577286, 22.9169159]}, "properties": {"direction": "267", "highway": "street_lamp", "lamp_mount": "angled_mast", "lamp_type": "LED", "support": "pole"}, "geohash": "tunf27gkd"},{"type": "Feature", "geometry": {"type": "Point", "coordinates": [88.2387859, 22.877152]}, "properties": {"highway": "street_lamp", "lamp_mount": "angled_mast", "lamp_type": "LED", "support": "pole"}, "geohash": "tundputt0"},{"type": "Feature", "geometry": {"type": "Point", "coordinates": [88.2430123, 22.8753562]}, "properties": {"highway": "street_lamp", "lamp_mount": "angled_mast", "lamp_type": "LED", "support": "pole"}, "geohash": "tunf0h2de"},{"type": "Feature", "geometry": {"type": "Point", "coordinates": [88.2438261, 22.8760984]}, "properties": {"highway": "street_lamp", "lamp_mount": "angled_mast", "lamp_type": "LED", "support": "pole"}, "geohash": "tunf0h3ny"},{"type": "Feature", "geometry": {"type": "Point", "coordinates": [88.2444597, 22.8766786]}, "properties": {"highway": "street_lamp", "lamp_mount": "angled_mast", "lamp_type": "LED", "support": "pole"}, "geohash": "tunf0h9dk"},{"type": "Feature", "geometry": {"type": "Point", "coordinates": [88.2573047, 22.9268858]}, "properties": {"direction": "1", "highway": "street_lamp", "lamp_mount": "angled_mast", "lamp_type": "LED", "support": "pole"}, "geohash": "tunf2menb"},{"type": "Feature", "geometry": {"type": "Point", "coordinates": [88.2453652, 22.8873449]}, "properties": {"highway": "street_lamp", "lamp_mount": "angled_mast", "lamp_type": "LED", "support": "pole"}, "geohash": "tunf0nd26"},{"type": "Feature", "geometry": {"type": "Point", "coordinates": [88.2569033, 22.9221425]}, "properties": {"direction": "294", "highway": "street_lamp", "lamp_mount": "angled_mast", "lamp_type": "LED", "support": "pole"}, "geohash": "tunf2kfen"},{"type": "Feature", "geometry": {"type": "Point", "coordinates": [88.2566769, 22.920348]}, "properties": {"highway": "street_lamp", "lamp_mount": "angled_mast", "lamp_type": "LED", "support": "pole"}, "geohash": "tunf2kd89"},{"type": "Feature", "geometry": {"type": "Point", "coordinates": [88.4254175, 26.7186309]}, "properties": {"highway": "street_lamp", "lamp_mount": "angled_mast", "lamp_type": "led", "support": "pole"}, "geohash": "tuwzupvrm"},{"type": "Feature", "geometry": {"type": "Point", "coordinates": [88.4253501, 26.7185496]}, "properties": {"highway": "street_lamp", "lamp_mount": "angled_mast", "lamp_type": "led", "support": "pole"}, "geohash": "tuwzupvqg"},{"type": "Feature", "geometry": {"type": "Point", "coordinates": [88.4251788, 26.7183507]}, "properties": {"highway": "street_lamp", "lamp_mount": "angled_mast", "lamp_type": "led", "support": "pole"}, "geohash": "tuwzupvm8"},{"type": "Feature", "geometry": {"type": "Point", "coordinates": [88.4249669, 26.7180793]}, "properties": {"highway": "street_lamp", "lamp_mount": "angled_mast", "lamp_type": "led", "support": "pole"}, "geohash": "tuwzupvh5"},{"type": "Feature", "geometry": {"type": "Point", "coordinates": [88.4248482, 26.7180915]}, "properties": {"highway": "street_lamp", "lamp_mount": "angled_mast", "lamp_type": "led", "support": "pole"}, "geohash": "tuwzupvh0"},{"type": "Feature", "geometry": {"type": "Point", "coordinates": [88.4246326, 26.7178315]}, "properties": {"highway": "street_lamp", "lamp_mount": "angled_mast", "lamp_type": "led", "support": "pole"}, "geohash": "tuwzupufe"},{"type": "Feature", "geometry": {"type": "Point", "coordinates": [88.4243583, 26.7175056]}, "properties": {"highway": "street_lamp", "lamp_mount": "angled_mast", "lamp_type": "led", "support": "pole"}, "geohash": "tuwzupu8u"},{"type": "Feature", "geometry": {"type": "Point", "coordinates": [88.424262, 26.7173895]}, "properties": {"highway": "street_lamp", "lamp_mount": "angled_mast", "lamp_type": "led", "support": "pole"}, "geohash": "tuwzupu84"},{"type": "Feature", "geometry": {"type": "Point", "coordinates": [88.4241452, 26.7172538]}, "properties": {"highway": "street_lamp", "lamp_mount": "angled_mast", "lamp_type": "led", "support": "pole"}, "geohash": "tuwzupsrr"},{"type": "Feature", "geometry": {"type": "Point", "coordinates": [88.4239723, 26.7170423]}, "properties": {"highway": "street_lamp", "lamp_mount": "angled_mast", "lamp_type": "led", "support": "pole"}, "geohash": "tuwzupsq5"},{"type": "Feature", "geometry": {"type": "Point", "coordinates": [88.4238455, 26.7168896]}, "properties": {"highway": "street_lamp", "lamp_mount": "angled_mast", "lamp_type": "led", "support": "pole"}, "geohash": "tuwzupsm0"},{"type": "Feature", "geometry": {"type": "Point", "coordinates": [88.4234477, 26.7164082]}, "properties": {"highway": "street_lamp", "lamp_mount": "angled_mast", "lamp_type": "led", "support": "pole"}, "geohash": "tuwzupefr"},{"type": "Feature", "geometry": {"type": "Point", "coordinates": [88.42329, 26.7162105]}, "properties": {"highway": "street_lamp", "lamp_mount": "angled_mast", "lamp_type": "led", "support": "pole"}, "geohash": "tuwzupec5"},{"type": "Feature", "geometry": {"type": "Point", "coordinates": [88.423131, 26.7160089]}, "properties": {"highway": "street_lamp", "lamp_mount": "angled_mast", "lamp_type": "led", "support": "pole"}, "geohash": "tuwzupeb0"},{"type": "Feature", "geometry": {"type": "Point", "coordinates": [88.7052376, 26.5291443]}, "properties": {"direction": "171", "highway": "street_lamp", "lamp_mount": "angled_mast", "lamp_type": "led", "support": "pole"}, "geohash": "tuxnft3pm"},{"type": "Feature", "geometry": {"type": "Point", "coordinates": [88.7010648, 26.5287356]}, "properties": {"direction": "170", "highway": "street_lamp", "lamp_mount": "angled_mast", "lamp_type": "led", "support": "pole"}, "geohash": "tuxnfmqjh"},{"type": "Feature", "geometry": {"type": "Point", "coordinates": [88.7015127, 26.5287779]}, "properties": {"direction": "171", "highway": "street_lamp", "lamp_mount": "angled_mast", "lamp_type": "led", "support": "pole"}, "geohash": "tuxnfmqmr"},{"type": "Feature", "geometry": {"type": "Point", "coordinates": [88.7017611, 26.5288121]}, "properties": {"direction": "169", "highway": "street_lamp", "lamp_mount": "angled_mast", "lamp_type": "led", "support": "pole"}, "geohash": "tuxnfmqts"},{"type": "Feature", "geometry": {"type": "Point", "coordinates": [88.7021865, 26.5288503]}, "properties": {"direction": "167", "highway": "street_lamp", "lamp_mount": "angled_mast", "lamp_type": "led", "support": "pole"}, "geohash": "tuxnfmqvy"},{"type": "Feature", "geometry": {"type": "Point", "coordinates": [88.7025542, 26.528859]}, "properties": {"direction": "168", "highway": "street_lamp", "lamp_mount": "angled_mast", "lamp_type": "led", "support": "pole"}, "geohash": "tuxnfmrjz"},{"type": "Feature", "geometry": {"type": "Point", "coordinates": [88.7031364, 26.5289648]}, "properties": {"direction": "169", "highway": "street_lamp", "lamp_mount": "angled_mast", "lamp_type": "led", "support": "pole"}, "geohash": "tuxnfmrwk"},{"type": "Feature", "geometry": {"type": "Point", "coordinates": [88.703592, 26.5290116]}, "properties": {"direction": "173", "highway": "street_lamp", "lamp_mount": "angled_mast", "lamp_type": "led", "support": "pole"}, "geohash": "tuxnfmryx"},{"type": "Feature", "geometry": {"type": "Point", "coordinates": [88.7041008, 26.52906]}, "properties": {"direction": "169", "highway": "street_lamp", "lamp_mount": "angled_mast", "lamp_type": "led", "support": "pole"}, "geohash": "tuxnft2qg"},{"type": "Feature", "geometry": {"type": "Point", "coordinates": [88.7045039, 26.5290943]}, "properties": {"direction": "169", "highway": "street_lamp", "lamp_mount": "angled_mast", "lamp_type": "led", "support": "pole"}, "geohash": "tuxnft2xh"},{"type": "Feature", "geometry": {"type": "Point", "coordinates": [88.7046846, 26.5291023]}, "properties": {"direction": "171", "highway": "street_lamp", "lamp_mount": "angled_mast", "lamp_type": "led", "support": "pole"}, "geohash": "tuxnft2z0"},{"type": "Feature", "geometry": {"type": "Point", "coordinates": [88.7049481, 26.5291253]}, "properties": {"direction": "167", "highway": "street_lamp", "lamp_mount": "angled_mast", "lamp_type": "led", "support": "pole"}, "geohash": "tuxnft2zr"},{"type": "Feature", "geometry": {"type": "Point", "coordinates": [88.7007143, 26.528676]}, "properties": {"direction": "172", "highway": "street_lamp", "lamp_mount": "angled_mast", "lamp_type": "led", "support": "pole"}, "geohash": "tuxnfmmus"},{"type": "Feature", "geometry": {"type": "Point", "coordinates": [88.7054806, 26.5291711]}, "properties": {"direction": "171", "highway": "street_lamp", "lamp_mount": "angled_mast", "lamp_type": "led", "support": "pole"}, "geohash": "tuxnft3re"},{"type": "Feature", "geometry": {"type": "Point", "coordinates": [88.7057949, 26.5292047]}, "properties": {"direction": "173", "highway": "street_lamp", "lamp_mount": "angled_mast", "lamp_type": "led", "support": "pole"}, "geohash": "tuxnft3xf"},{"type": "Feature", "geometry": {"type": "Point", "coordinates": [88.7060396, 26.5292367]}, "properties": {"direction": "171", "highway": "street_lamp", "lamp_mount": "angled_mast", "lamp_type": "led", "support": "pole"}, "geohash": "tuxnft9b0"},{"type": "Feature", "geometry": {"type": "Point", "coordinates": [88.7062735, 26.5292683]}, "properties": {"direction": "170", "highway": "street_lamp", "lamp_mount": "angled_mast", "lamp_type": "led", "support": "pole"}, "geohash": "tuxnft9bj"},{"type": "Feature", "geometry": {"type": "Point", "coordinates": [88.7064639, 26.5292826]}, "properties": {"direction": "169", "highway": "street_lamp", "lamp_mount": "angled_mast", "lamp_type": "led", "support": "pole"}, "geohash": "tuxnftd06"},{"type": "Feature", "geometry": {"type": "Point", "coordinates": [88.7067267, 26.5293356]}, "properties": {"direction": "169", "highway": "street_lamp", "lamp_mount": "angled_mast", "lamp_type": "led", "support": "pole"}, "geohash": "tuxnftd28"},{"type": "Feature", "geometry": {"type": "Point", "coordinates": [88.707186, 26.5294075]}, "properties": {"direction": "170", "highway": "street_lamp", "lamp_mount": "angled_mast", "lamp_type": "led", "support": "pole"}, "geohash": "tuxnftd8g"},{"type": "Feature", "geometry": {"type": "Point", "coordinates": [88.7074422, 26.5293468]}, "properties": {"direction": "347", "highway": "street_lamp", "lamp_mount": "angled_mast", "lamp_type": "led", "support": "pole"}, "geohash": "tuxnftdb9"},{"type": "Feature", "geometry": {"type": "Point", "coordinates": [88.7076463, 26.5294402]}, "properties": {"direction": "154", "highway": "street_lamp", "lamp_mount": "angled_mast", "lamp_type": "led", "support": "pole"}, "geohash": "tuxnftdcj"},{"type": "Feature", "geometry": {"type": "Point", "coordinates": [88.7112749, 26.5301034]}, "properties": {"direction": "350", "highway": "street_lamp", "lamp_mount": "angled_mast", "lamp_type": "led", "support": "pole"}, "geohash": "tuxnfttt4"},{"type": "Feature", "geometry": {"type": "Point", "coordinates": [88.7081242, 26.5296055]}, "properties": {"direction": "168", "highway": "street_lamp", "lamp_mount": "angled_mast", "lamp_type": "led", "support": "pole"}, "geohash": "tuxnfte61"},{"type": "Feature", "geometry": {"type": "Point", "coordinates": [88.7083037, 26.529601]}, "properties": {"direction": "172", "highway": "street_lamp", "lamp_mount": "angled_mast", "lamp_type": "led", "support": "pole"}, "geohash": "tuxnfte6j"},{"type": "Feature", "geometry": {"type": "Point", "coordinates": [88.7085575, 26.5296355]}, "properties": {"direction": "169", "highway": "street_lamp", "lamp_mount": "angled_mast", "lamp_type": "led", "support": "pole"}, "geohash": "tuxnfted7"},{"type": "Feature", "geometry": {"type": "Point", "coordinates": [88.708716, 26.5296035]}, "properties": {"direction": "351", "highway": "street_lamp", "lamp_mount": "angled_mast", "lamp_type": "led", "support": "pole"}, "geohash": "tuxnftedn"},{"type": "Feature", "geometry": {"type": "Point", "coordinates": [88.7088997, 26.5297565]}, "properties": {"direction": "260", "highway": "street_lamp", "lamp_mount": "angled_mast", "lamp_type": "led", "support": "pole"}, "geohash": "tuxnfteg5"},{"type": "Feature", "geometry": {"type": "Point", "coordinates": [88.7089926, 26.5297504]}, "properties": {"direction": "336", "highway": "street_lamp", "lamp_mount": "angled_mast", "lamp_type": "led", "support": "pole"}, "geohash": "tuxnftefv"},{"type": "Feature", "geometry": {"type": "Point", "coordinates": [88.7091707, 26.5299264]}, "properties": {"direction": "163", "highway": "street_lamp", "lamp_mount": "angled_mast", "lamp_type": "led", "support": "pole"}, "geohash": "tuxnftsh1"},{"type": "Feature", "geometry": {"type": "Point", "coordinates": [88.7093944, 26.5300099]}, "properties": {"direction": "151", "highway": "street_lamp", "lamp_mount": "angled_mast", "lamp_type": "led", "support": "pole"}, "geohash": "tuxnftshw"},{"type": "Feature", "geometry": {"type": "Point", "coordinates": [88.7097012, 26.5299946]}, "properties": {"direction": "49", "highway": "street_lamp", "lamp_mount": "angled_mast", "lamp_type": "led", "support": "pole"}, "geohash": "tuxnftskm"},{"type": "Feature", "geometry": {"type": "Point", "coordinates": [88.7107042, 26.5300916]}, "properties": {"direction": "165", "highway": "street_lamp", "lamp_mount": "angled_mast", "lamp_type": "led", "support": "pole"}, "geohash": "tuxnftthv"},{"type": "Feature", "geometry": {"type": "Point", "coordinates": [88.710948, 26.530141]}, "properties": {"direction": "169", "highway": "street_lamp", "lamp_mount": "angled_mast", "lamp_type": "led", "support": "pole"}, "geohash": "tuxnfttm6"},{"type": "Feature", "geometry": {"type": "Point", "coordinates": [88.7077843, 26.5295584]}, "properties": {"direction": "171", "highway": "street_lamp", "lamp_mount": "angled_mast", "lamp_type": "led", "support": "pole"}, "geohash": "tuxnfte1c"},{"type": "Feature", "geometry": {"type": "Point", "coordinates": [88.3875586, 22.901994]}, "properties": {"highway": "street_lamp", "lamp_mount": "angled_mast", "lamp_type": "LED", "support": "pole"}, "geohash": "tunf731vg"},{"type": "Feature", "geometry": {"type": "Point", "coordinates": [88.3848348, 22.9036156]}, "properties": {"highway": "street_lamp", "lamp_mount": "angled_mast", "lamp_type": "LED", "support": "pole"}, "geohash": "tunf71rz5"},{"type": "Feature", "geometry": {"type": "Point", "coordinates": [88.3849296, 22.9035837]}, "properties": {"highway": "street_lamp", "lamp_mount": "angled_mast", "lamp_type": "LED", "support": "pole"}, "geohash": "tunf71rzn"},{"type": "Feature", "geometry": {"type": "Point", "coordinates": [88.3851202, 22.9034893]}, "properties": {"highway": "street_lamp", "lamp_mount": "angled_mast", "lamp_type": "LED", "support": "pole"}, "geohash": "tunf732n6"},{"type": "Feature", "geometry": {"type": "Point", "coordinates": [88.3852506, 22.9034076]}, "properties": {"highway": "street_lamp", "lamp_mount": "angled_mast", "lamp_type": "LED", "support": "pole"}, "geohash": "tunf732nj"},{"type": "Feature", "geometry": {"type": "Point", "coordinates": [88.3853895, 22.9033224]}, "properties": {"highway": "street_lamp", "lamp_mount": "angled_mast", "lamp_type": "LED", "support": "pole"}, "geohash": "tunf732m8"},{"type": "Feature", "geometry": {"type": "Point", "coordinates": [88.3855251, 22.9031681]}, "properties": {"highway": "street_lamp", "lamp_mount": "angled_mast", "lamp_type": "LED", "support": "pole"}, "geohash": "tunf732ks"},{"type": "Feature", "geometry": {"type": "Point", "coordinates": [88.3855924, 22.9032131]}, "properties": {"highway": "street_lamp", "lamp_mount": "angled_mast", "lamp_type": "LED", "support": "pole"}, "geohash": "tunf732kv"},{"type": "Feature", "geometry": {"type": "Point", "coordinates": [88.3857157, 22.9031384]}, "properties": {"highway": "street_lamp", "lamp_mount": "angled_mast", "lamp_type": "LED", "support": "pole"}, "geohash": "tunf732s2"},{"type": "Feature", "geometry": {"type": "Point", "coordinates": [88.3856967, 22.9030698]}, "properties": {"highway": "street_lamp", "lamp_mount": "angled_mast", "lamp_type": "LED", "support": "pole"}, "geohash": "tunf732s0"},{"type": "Feature", "geometry": {"type": "Point", "coordinates": [88.3858598, 22.9030484]}, "properties": {"highway": "street_lamp", "lamp_mount": "angled_mast", "lamp_type": "LED", "support": "pole"}, "geohash": "tunf732eg"},{"type": "Feature", "geometry": {"type": "Point", "coordinates": [88.3859921, 22.9029619]}, "properties": {"highway": "street_lamp", "lamp_mount": "angled_mast", "lamp_type": "LED", "support": "pole"}, "geohash": "tunf732eq"},{"type": "Feature", "geometry": {"type": "Point", "coordinates": [88.3860158, 22.9028478]}, "properties": {"highway": "street_lamp", "lamp_mount": "angled_mast", "lamp_type": "LED", "support": "pole"}, "geohash": "tunf732dz"},{"type": "Feature", "geometry": {"type": "Point", "coordinates": [88.3862747, 22.9027657]}, "properties": {"highway": "street_lamp", "lamp_mount": "angled_mast", "lamp_type": "LED", "support": "pole"}, "geohash": "tunf732fm"},{"type": "Feature", "geometry": {"type": "Point", "coordinates": [88.386296, 22.9026652]}, "properties": {"highway": "street_lamp", "lamp_mount": "angled_mast", "lamp_type": "LED", "support": "pole"}, "geohash": "tunf732ct"},{"type": "Feature", "geometry": {"type": "Point", "coordinates": [88.3864629, 22.9025537]}, "properties": {"highway": "street_lamp", "lamp_mount": "angled_mast", "lamp_type": "LED", "support": "pole"}, "geohash": "tunf73311"},{"type": "Feature", "geometry": {"type": "Point", "coordinates": [88.3866763, 22.9024965]}, "properties": {"highway": "street_lamp", "lamp_mount": "angled_mast", "lamp_type": "LED", "support": "pole"}, "geohash": "tunf7330w"},{"type": "Feature", "geometry": {"type": "Point", "coordinates": [88.3868266, 22.9024143]}, "properties": {"highway": "street_lamp", "lamp_mount": "angled_mast", "lamp_type": "LED", "support": "pole"}, "geohash": "tunf73324"},{"type": "Feature", "geometry": {"type": "Point", "coordinates": [88.3871329, 22.9022356]}, "properties": {"highway": "street_lamp", "lamp_mount": "angled_mast", "lamp_type": "LED", "support": "pole"}, "geohash": "tunf731x1"},{"type": "Feature", "geometry": {"type": "Point", "coordinates": [88.3872462, 22.9021679]}, "properties": {"highway": "street_lamp", "lamp_mount": "angled_mast", "lamp_type": "LED", "support": "pole"}, "geohash": "tunf731wu"},{"type": "Feature", "geometry": {"type": "Point", "coordinates": [88.3874477, 22.9020578]}, "properties": {"highway": "street_lamp", "lamp_mount": "angled_mast", "lamp_type": "LED", "support": "pole"}, "geohash": "tunf731y0"},{"type": "Feature", "geometry": {"type": "Point", "coordinates": [88.3874908, 22.9020285]}, "properties": {"highway": "street_lamp", "lamp_mount": "angled_mast", "lamp_type": "LED", "support": "pole"}, "geohash": "tunf731vc"},{"type": "Feature", "geometry": {"type": "Point", "coordinates": [88.3845493, 22.9037292]}, "properties": {"direction": "192", "highway": "street_lamp", "lamp_mount": "angled_mast", "lamp_type": "LED", "support": "pole"}, "geohash": "tunf71rxv"},{"type": "Feature", "geometry": {"type": "Point", "coordinates": [88.3876535, 22.9019472]}, "properties": {"highway": "street_lamp", "lamp_mount": "angled_mast", "lamp_type": "LED", "support": "pole"}, "geohash": "tunf731vt"},{"type": "Feature", "geometry": {"type": "Point", "coordinates": [88.3878763, 22.9018419]}, "properties": {"highway": "street_lamp", "lamp_mount": "angled_mast", "lamp_type": "LED", "support": "pole"}, "geohash": "tunf734hf"},{"type": "Feature", "geometry": {"type": "Point", "coordinates": [88.3880356, 22.9017619]}, "properties": {"highway": "street_lamp", "lamp_mount": "angled_mast", "lamp_type": "LED", "support": "pole"}, "geohash": "tunf734hq"},{"type": "Feature", "geometry": {"type": "Point", "coordinates": [88.3882253, 22.9016776]}, "properties": {"highway": "street_lamp", "lamp_mount": "angled_mast", "lamp_type": "LED", "support": "pole"}, "geohash": "tunf7347f"},{"type": "Feature", "geometry": {"type": "Point", "coordinates": [88.3882926, 22.9016636]}, "properties": {"highway": "street_lamp", "lamp_mount": "angled_mast", "lamp_type": "LED", "support": "pole"}, "geohash": "tunf7347u"},{"type": "Feature", "geometry": {"type": "Point", "coordinates": [88.3883827, 22.9016221]}, "properties": {"highway": "street_lamp", "lamp_mount": "angled_mast", "lamp_type": "LED", "support": "pole"}, "geohash": "tunf7347w"},{"type": "Feature", "geometry": {"type": "Point", "coordinates": [88.3885391, 22.9015688]}, "properties": {"highway": "street_lamp", "lamp_mount": "angled_mast", "lamp_type": "LED", "support": "pole"}, "geohash": "tunf734e6"},{"type": "Feature", "geometry": {"type": "Point", "coordinates": [88.3887207, 22.9015116]}, "properties": {"highway": "street_lamp", "lamp_mount": "angled_mast", "lamp_type": "LED", "support": "pole"}, "geohash": "tunf734dy"},{"type": "Feature", "geometry": {"type": "Point", "coordinates": [88.3888748, 22.9014556]}, "properties": {"highway": "street_lamp", "lamp_mount": "angled_mast", "lamp_type": "LED", "support": "pole"}, "geohash": "tunf734fd"},{"type": "Feature", "geometry": {"type": "Point", "coordinates": [88.3890858, 22.9014006]}, "properties": {"highway": "street_lamp", "lamp_mount": "angled_mast", "lamp_type": "LED", "support": "pole"}, "geohash": "tunf734fq"},{"type": "Feature", "geometry": {"type": "Point", "coordinates": [88.3892916, 22.9013429]}, "properties": {"highway": "street_lamp", "lamp_mount": "angled_mast", "lamp_type": "LED", "support": "pole"}, "geohash": "tunf7351g"},{"type": "Feature", "geometry": {"type": "Point", "coordinates": [88.3892968, 22.9012738]}, "properties": {"highway": "street_lamp", "lamp_mount": "angled_mast", "lamp_type": "LED", "support": "pole"}, "geohash": "tunf7351e"},{"type": "Feature", "geometry": {"type": "Point", "coordinates": [88.3895144, 22.9012926]}, "properties": {"highway": "street_lamp", "lamp_mount": "angled_mast", "lamp_type": "LED", "support": "pole"}, "geohash": "tunf73538"},{"type": "Feature", "geometry": {"type": "Point", "coordinates": [88.3896126, 22.9012367]}, "properties": {"highway": "street_lamp", "lamp_mount": "angled_mast", "lamp_type": "LED", "support": "pole"}, "geohash": "tunf73537"},{"type": "Feature", "geometry": {"type": "Point", "coordinates": [88.3901545, 22.9010942]}, "properties": {"highway": "street_lamp", "lamp_mount": "angled_mast", "lamp_type": "LED", "support": "pole"}, "geohash": "tunf7358x"},{"type": "Feature", "geometry": {"type": "Point", "coordinates": [88.3903584, 22.9010545]}, "properties": {"highway": "street_lamp", "lamp_mount": "angled_mast", "lamp_type": "LED", "support": "pole"}, "geohash": "tunf735bk"},{"type": "Feature", "geometry": {"type": "Point", "coordinates": [88.3905191, 22.9010274]}, "properties": {"highway": "street_lamp", "lamp_mount": "angled_mast", "lamp_type": "LED", "support": "pole"}, "geohash": "tunf73h00"},{"type": "Feature", "geometry": {"type": "Point", "coordinates": [88.3907197, 22.9009828]}, "properties": {"highway": "street_lamp", "lamp_mount": "angled_mast", "lamp_type": "LED", "support": "pole"}, "geohash": "tunf72upv"},{"type": "Feature", "geometry": {"type": "Point", "coordinates": [88.3939631, 22.9001035]}, "properties": {"highway": "street_lamp", "lamp_mount": "angled_mast", "lamp_type": "LED", "support": "pole"}, "geohash": "tunf72ydb"},{"type": "Feature", "geometry": {"type": "Point", "coordinates": [88.3910956, 22.9009007]}, "properties": {"highway": "street_lamp", "lamp_mount": "angled_mast", "lamp_type": "LED", "support": "pole"}, "geohash": "tunf72urm"},{"type": "Feature", "geometry": {"type": "Point", "coordinates": [88.3911464, 22.9008924]}, "properties": {"direction": "45", "highway": "street_lamp", "lamp_mount": "angled_mast", "lamp_type": "LED", "support": "pole"}, "geohash": "tunf72urq"},{"type": "Feature", "geometry": {"type": "Point", "coordinates": [88.3911464, 22.9008924]}, "properties": {"direction": "175", "highway": "street_lamp", "lamp_mount": "angled_mast", "lamp_type": "LED", "support": "pole"}, "geohash": "tunf72urq"},{"type": "Feature", "geometry": {"type": "Point", "coordinates": [88.3912701, 22.9008661]}, "properties": {"highway": "street_lamp", "lamp_mount": "angled_mast", "lamp_type": "LED", "support": "pole"}, "geohash": "tunf72ux1"},{"type": "Feature", "geometry": {"type": "Point", "coordinates": [88.3914787, 22.9008071]}, "properties": {"highway": "street_lamp", "lamp_mount": "angled_mast", "lamp_type": "LED", "support": "pole"}, "geohash": "tunf72uwy"},{"type": "Feature", "geometry": {"type": "Point", "coordinates": [88.3915176, 22.9007993]}, "properties": {"direction": "56", "highway": "street_lamp", "lamp_mount": "angled_mast", "lamp_type": "LED", "support": "pole"}, "geohash": "tunf72uwz"},{"type": "Feature", "geometry": {"type": "Point", "coordinates": [88.3915176, 22.9007993]}, "properties": {"highway": "street_lamp", "lamp_mount": "angled_mast", "lamp_type": "LED", "support": "pole"}, "geohash": "tunf72uwz"},{"type": "Feature", "geometry": {"type": "Point", "coordinates": [88.3916485, 22.9007683]}, "properties": {"highway": "street_lamp", "lamp_mount": "angled_mast", "lamp_type": "LED", "support": "pole"}, "geohash": "tunf72uyd"},{"type": "Feature", "geometry": {"type": "Point", "coordinates": [88.3918177, 22.9007215]}, "properties": {"highway": "street_lamp", "lamp_mount": "angled_mast", "lamp_type": "LED", "support": "pole"}, "geohash": "tunf72uyq"},{"type": "Feature", "geometry": {"type": "Point", "coordinates": [88.391996, 22.9006699]}, "properties": {"highway": "street_lamp", "lamp_mount": "angled_mast", "lamp_type": "LED", "support": "pole"}, "geohash": "tunf72vn4"},{"type": "Feature", "geometry": {"type": "Point", "coordinates": [88.3921158, 22.9006321]}, "properties": {"direction": "162", "highway": "street_lamp", "lamp_mount": "angled_mast", "lamp_type": "LED", "support": "pole"}, "geohash": "tunf72vjv"},{"type": "Feature", "geometry": {"type": "Point", "coordinates": [88.3921158, 22.9006321]}, "properties": {"direction": "223", "highway": "street_lamp", "lamp_mount": "angled_mast", "lamp_type": "LED", "support": "pole"}, "geohash": "tunf72vjv"},{"type": "Feature", "geometry": {"type": "Point", "coordinates": [88.3921262, 22.9006649]}, "properties": {"highway": "street_lamp", "lamp_mount": "angled_mast", "lamp_type": "LED", "support": "pole"}, "geohash": "tunf72vnj"},{"type": "Feature", "geometry": {"type": "Point", "coordinates": [88.392376, 22.9005527]}, "properties": {"highway": "street_lamp", "lamp_mount": "angled_mast", "lamp_type": "LED", "support": "pole"}, "geohash": "tunf72vm7"},{"type": "Feature", "geometry": {"type": "Point", "coordinates": [88.392519, 22.9005131]}, "properties": {"highway": "street_lamp", "lamp_mount": "angled_mast", "lamp_type": "LED", "support": "pole"}, "geohash": "tunf72vmn"},{"type": "Feature", "geometry": {"type": "Point", "coordinates": [88.3927335, 22.9004452]}, "properties": {"highway": "street_lamp", "lamp_mount": "angled_mast", "lamp_type": "LED", "support": "pole"}, "geohash": "tunf72vsg"},{"type": "Feature", "geometry": {"type": "Point", "coordinates": [88.3929068, 22.9003977]}, "properties": {"highway": "street_lamp", "lamp_mount": "angled_mast", "lamp_type": "LED", "support": "pole"}, "geohash": "tunf72vu2"},{"type": "Feature", "geometry": {"type": "Point", "coordinates": [88.3930237, 22.9003691]}, "properties": {"highway": "street_lamp", "lamp_mount": "angled_mast", "lamp_type": "LED", "support": "pole"}, "geohash": "tunf72vu6"},{"type": "Feature", "geometry": {"type": "Point", "coordinates": [88.3932407, 22.9003027]}, "properties": {"highway": "street_lamp", "lamp_mount": "angled_mast", "lamp_type": "LED", "support": "pole"}, "geohash": "tunf72vgz"},{"type": "Feature", "geometry": {"type": "Point", "coordinates": [88.3935984, 22.9002045]}, "properties": {"direction": "187", "highway": "street_lamp", "lamp_mount": "angled_mast", "lamp_type": "LED", "support": "pole"}, "geohash": "tunf72y72"},{"type": "Feature", "geometry": {"type": "Point", "coordinates": [88.3937828, 22.9001453]}, "properties": {"highway": "street_lamp", "lamp_mount": "angled_mast", "lamp_type": "LED", "support": "pole"}, "geohash": "tunf72y7h"},{"type": "Feature", "geometry": {"type": "Point", "coordinates": [88.3909169, 22.9009361]}, "properties": {"highway": "street_lamp", "lamp_mount": "angled_mast", "lamp_type": "LED", "support": "pole"}, "geohash": "tunf72ur9"},{"type": "Feature", "geometry": {"type": "Point", "coordinates": [87.8480452, 22.7148794]}, "properties": {"highway": "street_lamp", "lamp_mount": "bent_mast", "lamp_type": "led"}, "geohash": "tun3pp0gz"},{"type": "Feature", "geometry": {"type": "Point", "coordinates": [88.7304983, 26.5211135]}, "properties": {"direction": "312", "highway": "street_lamp", "lamp_mount": "angled_mast", "lamp_type": "led", "support": "pole"}, "geohash": "tuxngh58d"},{"type": "Feature", "geometry": {"type": "Point", "coordinates": [88.7305429, 26.521503]}, "properties": {"direction": "43", "highway": "street_lamp", "lamp_mount": "angled_mast", "lamp_type": "led", "support": "pole"}, "geohash": "tuxngh5dg"},{"type": "Feature", "geometry": {"type": "Point", "coordinates": [88.7303674, 26.5216717]}, "properties": {"direction": "45", "highway": "street_lamp", "lamp_mount": "angled_mast", "lamp_type": "led", "support": "pole"}, "geohash": "tuxngh57z"},{"type": "Feature", "geometry": {"type": "Point", "coordinates": [88.7301972, 26.521822]}, "properties": {"direction": "46", "highway": "street_lamp", "lamp_mount": "angled_mast", "lamp_type": "led", "support": "pole"}, "geohash": "tuxngh5kg"},{"type": "Feature", "geometry": {"type": "Point", "coordinates": [88.729994, 26.5219955]}, "properties": {"direction": "45", "highway": "street_lamp", "lamp_mount": "angled_mast", "lamp_type": "led", "support": "pole"}, "geohash": "tuxngh5jy"},{"type": "Feature", "geometry": {"type": "Point", "coordinates": [88.7296195, 26.5223567]}, "properties": {"direction": "223", "highway": "street_lamp", "lamp_mount": "angled_mast", "lamp_type": "led", "support": "pole"}, "geohash": "tuxngh4zv"},{"type": "Feature", "geometry": {"type": "Point", "coordinates": [88.8158522, 26.5630331]}, "properties": {"direction": "154", "highway": "street_lamp", "lamp_type": "led", "support": "pole"}, "geohash": "tuxpj59sz"},{"type": "Feature", "geometry": {"type": "Point", "coordinates": [88.7191349, 26.5171785]}, "properties": {"direction": "92", "highway": "street_lamp", "lamp_mount": "angled_mast", "lamp_type": "led", "support": "pole"}, "geohash": "tuxnfg73c"},{"type": "Feature", "geometry": {"type": "Point", "coordinates": [88.715242, 26.5190402]}, "properties": {"direction": "174", "highway": "street_lamp", "lamp_mount": "angled_mast", "lamp_type": "led", "support": "pole"}, "geohash": "tuxnfg8kw"},{"type": "Feature", "geometry": {"type": "Point", "coordinates": [88.7157041, 26.5190528]}, "properties": {"direction": "354", "highway": "street_lamp", "lamp_mount": "angled_mast", "lamp_type": "led", "support": "pole"}, "geohash": "tuxnfg8u9"},{"type": "Feature", "geometry": {"type": "Point", "coordinates": [88.7158614, 26.5190779]}, "properties": {"direction": "353", "highway": "street_lamp", "lamp_mount": "angled_mast", "lamp_type": "led", "support": "pole"}, "geohash": "tuxnfg8uv"},{"type": "Feature", "geometry": {"type": "Point", "coordinates": [88.7159303, 26.5190892]}, "properties": {"direction": "353", "highway": "street_lamp", "lamp_mount": "angled_mast", "lamp_type": "led", "support": "pole"}, "geohash": "tuxnfg8uz"},{"type": "Feature", "geometry": {"type": "Point", "coordinates": [88.7160494, 26.519106]}, "properties": {"direction": "355", "highway": "street_lamp", "lamp_mount": "angled_mast", "lamp_type": "led", "support": "pole"}, "geohash": "tuxnfg9hc"},{"type": "Feature", "geometry": {"type": "Point", "coordinates": [88.7161493, 26.5191186]}, "properties": {"direction": "351", "highway": "street_lamp", "lamp_mount": "angled_mast", "lamp_type": "led", "support": "pole"}, "geohash": "tuxnfg9jh"},{"type": "Feature", "geometry": {"type": "Point", "coordinates": [88.7162642, 26.5191255]}, "properties": {"direction": "354", "highway": "street_lamp", "lamp_mount": "angled_mast", "lamp_type": "led", "support": "pole"}, "geohash": "tuxnfg9jn"},{"type": "Feature", "geometry": {"type": "Point", "coordinates": [88.7206296, 26.515837]}, "properties": {"direction": "182", "highway": "street_lamp", "lamp_mount": "angled_mast", "lamp_type": "led", "support": "pole"}, "geohash": "tuxnfgh3u"},{"type": "Feature", "geometry": {"type": "Point", "coordinates": [88.7213459, 26.5151855]}, "properties": {"direction": "269", "highway": "street_lamp", "lamp_mount": "angled_mast", "lamp_type": "led", "support": "pole"}, "geohash": "tuxnffuyj"},{"type": "Feature", "geometry": {"type": "Point", "coordinates": [88.7212734, 26.5153816]}, "properties": {"direction": "177", "highway": "street_lamp", "lamp_mount": "angled_mast", "lamp_type": "led", "support": "pole"}, "geohash": "tuxnffuz7"},{"type": "Feature", "geometry": {"type": "Point", "coordinates": [88.7213024, 26.515615]}, "properties": {"direction": "267", "highway": "street_lamp", "lamp_mount": "angled_mast", "lamp_type": "led", "support": "pole"}, "geohash": "tuxnfghbs"},{"type": "Feature", "geometry": {"type": "Point", "coordinates": [88.7212734, 26.5157721]}, "properties": {"direction": "268", "highway": "street_lamp", "lamp_mount": "angled_mast", "lamp_type": "led", "support": "pole"}, "geohash": "tuxnfghce"},{"type": "Feature", "geometry": {"type": "Point", "coordinates": [88.7211059, 26.5159188]}, "properties": {"direction": "181", "highway": "street_lamp", "lamp_mount": "angled_mast", "lamp_type": "led", "support": "pole"}, "geohash": "tuxnfghdr"},{"type": "Feature", "geometry": {"type": "Point", "coordinates": [88.7209357, 26.5158985]}, "properties": {"direction": "181", "highway": "street_lamp", "lamp_mount": "angled_mast", "lamp_type": "led", "support": "pole"}, "geohash": "tuxnfghd7"},{"type": "Feature", "geometry": {"type": "Point", "coordinates": [88.7202656, 26.5158289]}, "properties": {"direction": "181", "highway": "street_lamp", "lamp_mount": "angled_mast", "lamp_type": "led", "support": "pole"}, "geohash": "tuxnfgh1u"},{"type": "Feature", "geometry": {"type": "Point", "coordinates": [88.7200076, 26.51579]}, "properties": {"direction": "180", "highway": "street_lamp", "lamp_mount": "angled_mast", "lamp_type": "led", "support": "pole"}, "geohash": "tuxnfg5cw"},{"type": "Feature", "geometry": {"type": "Point", "coordinates": [88.7198808, 26.5157794]}, "properties": {"direction": "181", "highway": "street_lamp", "lamp_mount": "angled_mast", "lamp_type": "led", "support": "pole"}, "geohash": "tuxnfg5ce"},{"type": "Feature", "geometry": {"type": "Point", "coordinates": [88.7193991, 26.515666]}, "properties": {"direction": "0", "highway": "street_lamp", "lamp_mount": "angled_mast", "lamp_type": "led", "support": "pole"}, "geohash": "tuxnfg52z"},{"type": "Feature", "geometry": {"type": "Point", "coordinates": [88.7181044, 26.5194296]}, "properties": {"direction": "172", "highway": "street_lamp", "lamp_mount": "angled_mast", "lamp_type": "led", "support": "pole"}, "geohash": "tuxnfgdwc"},{"type": "Feature", "geometry": {"type": "Point", "coordinates": [88.7185942, 26.5194344]}, "properties": {"direction": "353", "highway": "street_lamp", "lamp_mount": "angled_mast", "lamp_type": "led", "support": "pole"}, "geohash": "tuxnfgdyv"},{"type": "Feature", "geometry": {"type": "Point", "coordinates": [88.7184344, 26.5194687]}, "properties": {"direction": "171", "highway": "street_lamp", "lamp_mount": "angled_mast", "lamp_type": "led", "support": "pole"}, "geohash": "tuxnfgdz1"},{"type": "Feature", "geometry": {"type": "Point", "coordinates": [88.7181892, 26.5194424]}, "properties": {"direction": "354", "highway": "street_lamp", "lamp_mount": "angled_mast", "lamp_type": "led", "support": "pole"}, "geohash": "tuxnfgdwg"},{"type": "Feature", "geometry": {"type": "Point", "coordinates": [88.715067, 26.5190142]}, "properties": {"direction": "171", "highway": "street_lamp", "lamp_mount": "angled_mast", "lamp_type": "led", "support": "pole"}, "geohash": "tuxnfg8k6"},{"type": "Feature", "geometry": {"type": "Point", "coordinates": [88.7178412, 26.5194048]}, "properties": {"direction": "171", "highway": "street_lamp", "lamp_mount": "angled_mast", "lamp_type": "led", "support": "pole"}, "geohash": "tuxnfgdqe"},{"type": "Feature", "geometry": {"type": "Point", "coordinates": [88.7175008, 26.5193329]}, "properties": {"direction": "353", "highway": "street_lamp", "lamp_mount": "angled_mast", "lamp_type": "led", "support": "pole"}, "geohash": "tuxnfgdn7"},{"type": "Feature", "geometry": {"type": "Point", "coordinates": [88.717327, 26.5192974]}, "properties": {"direction": "354", "highway": "street_lamp", "lamp_mount": "angled_mast", "lamp_type": "led", "support": "pole"}, "geohash": "tuxnfg9yp"},{"type": "Feature", "geometry": {"type": "Point", "coordinates": [88.7171606, 26.5192745]}, "properties": {"direction": "353", "highway": "street_lamp", "lamp_mount": "angled_mast", "lamp_type": "led", "support": "pole"}, "geohash": "tuxnfg9vg"},{"type": "Feature", "geometry": {"type": "Point", "coordinates": [88.716974, 26.5192275]}, "properties": {"direction": "352", "highway": "street_lamp", "lamp_mount": "angled_mast", "lamp_type": "led", "support": "pole"}, "geohash": "tuxnfg9tx"},{"type": "Feature", "geometry": {"type": "Point", "coordinates": [88.7167876, 26.5192155]}, "properties": {"direction": "352", "highway": "street_lamp", "lamp_mount": "angled_mast", "lamp_type": "led", "support": "pole"}, "geohash": "tuxnfg9td"},{"type": "Feature", "geometry": {"type": "Point", "coordinates": [88.7164487, 26.5191532]}, "properties": {"direction": "353", "highway": "street_lamp", "lamp_mount": "angled_mast", "lamp_type": "led", "support": "pole"}, "geohash": "tuxnfg9m7"},{"type": "Feature", "geometry": {"type": "Point", "coordinates": [88.7047949, 26.5364056]}, "properties": {"direction": "90", "highway": "street_lamp", "lamp_mount": "angled_mast", "lamp_type": "led", "support": "pole"}, "geohash": "tuxnfwbcg"},{"type": "Feature", "geometry": {"type": "Point", "coordinates": [88.7047789, 26.5365986]}, "properties": {"direction": "88", "highway": "street_lamp", "lamp_mount": "angled_mast", "lamp_type": "led", "support": "pole"}, "geohash": "tuxnfwbfg"},{"type": "Feature", "geometry": {"type": "Point", "coordinates": [88.7047392, 26.5368475]}, "properties": {"direction": "87", "highway": "street_lamp", "lamp_mount": "angled_mast", "lamp_type": "led", "support": "pole"}, "geohash": "tuxnfwbu6"},{"type": "Feature", "geometry": {"type": "Point", "coordinates": [88.7046943, 26.5371052]}, "properties": {"direction": "89", "highway": "street_lamp", "lamp_mount": "angled_mast", "lamp_type": "led", "support": "pole"}, "geohash": "tuxnfwbvc"},{"type": "Feature", "geometry": {"type": "Point", "coordinates": [88.7046722, 26.537303]}, "properties": {"direction": "87", "highway": "street_lamp", "lamp_mount": "angled_mast", "lamp_type": "led", "support": "pole"}, "geohash": "tuxnfwbyb"},{"type": "Feature", "geometry": {"type": "Point", "coordinates": [88.7046447, 26.537513]}, "properties": {"direction": "87", "highway": "street_lamp", "lamp_mount": "angled_mast", "lamp_type": "led", "support": "pole"}, "geohash": "tuxnfx0b0"},{"type": "Feature", "geometry": {"type": "Point", "coordinates": [88.7046104, 26.537738]}, "properties": {"direction": "89", "highway": "street_lamp", "lamp_mount": "angled_mast", "lamp_type": "led", "support": "pole"}, "geohash": "tuxnfx09x"},{"type": "Feature", "geometry": {"type": "Point", "coordinates": [88.7046074, 26.5378682]}, "properties": {"direction": "87", "highway": "street_lamp", "lamp_mount": "angled_mast", "lamp_type": "led", "support": "pole"}, "geohash": "tuxnfx0dr"},{"type": "Feature", "geometry": {"type": "Point", "coordinates": [88.6994322, 26.5354947]}, "properties": {"direction": "180", "highway": "street_lamp", "lamp_mount": "angled_mast", "lamp_type": "led", "support": "pole"}, "geohash": "tuxnfqsuq"},{"type": "Feature", "geometry": {"type": "Point", "coordinates": [88.6996027, 26.5355141]}, "properties": {"direction": "178", "highway": "street_lamp", "lamp_mount": "angled_mast", "lamp_type": "led", "support": "pole"}, "geohash": "tuxnfqthd"},{"type": "Feature", "geometry": {"type": "Point", "coordinates": [88.6998398, 26.5355451]}, "properties": {"direction": "179", "highway": "street_lamp", "lamp_mount": "angled_mast", "lamp_type": "led", "support": "pole"}, "geohash": "tuxnfqtkb"},{"type": "Feature", "geometry": {"type": "Point", "coordinates": [88.700256, 26.5356072]}, "properties": {"direction": "179", "highway": "street_lamp", "lamp_mount": "angled_mast", "lamp_type": "led", "support": "pole"}, "geohash": "tuxnfqtt1"},{"type": "Feature", "geometry": {"type": "Point", "coordinates": [88.7005407, 26.5356447]}, "properties": {"direction": "175", "highway": "street_lamp", "lamp_mount": "angled_mast", "lamp_type": "led", "support": "pole"}, "geohash": "tuxnfqtv2"},{"type": "Feature", "geometry": {"type": "Point", "coordinates": [88.7008363, 26.5356796]}, "properties": {"direction": "179", "highway": "street_lamp", "lamp_mount": "angled_mast", "lamp_type": "led", "support": "pole"}, "geohash": "tuxnfqtvx"},{"type": "Feature", "geometry": {"type": "Point", "coordinates": [88.7010277, 26.5357035]}, "properties": {"direction": "179", "highway": "street_lamp", "lamp_mount": "angled_mast", "lamp_type": "led", "support": "pole"}, "geohash": "tuxnfqwje"},{"type": "Feature", "geometry": {"type": "Point", "coordinates": [88.7167916, 26.5165753]}, "properties": {"direction": "356", "highway": "street_lamp", "lamp_mount": "angled_mast", "lamp_type": "led", "support": "pole"}, "geohash": "tuxnfg1w5"},{"type": "Feature", "geometry": {"type": "Point", "coordinates": [88.7226545, 26.5165848]}, "properties": {"direction": "175", "highway": "street_lamp", "lamp_mount": "angled_mast", "lamp_type": "led", "support": "pole"}, "geohash": "tuxnfgjy7"},{"type": "Feature", "geometry": {"type": "Point", "coordinates": [88.7223916, 26.5165839]}, "properties": {"direction": "53", "highway": "street_lamp", "lamp_mount": "angled_mast", "lamp_type": "led", "support": "pole"}, "geohash": "tuxnfgjwm"},{"type": "Feature", "geometry": {"type": "Point", "coordinates": [88.7155432, 26.516492]}, "properties": {"direction": "359", "highway": "street_lamp", "lamp_mount": "angled_mast", "lamp_type": "led", "support": "pole"}, "geohash": "tuxnfg0tv"},{"type": "Feature", "geometry": {"type": "Point", "coordinates": [88.715962, 26.5165192]}, "properties": {"direction": "357", "highway": "street_lamp", "lamp_mount": "angled_mast", "lamp_type": "led", "support": "pole"}, "geohash": "tuxnfg0vz"},{"type": "Feature", "geometry": {"type": "Point", "coordinates": [88.7163975, 26.5165507]}, "properties": {"direction": "37", "highway": "street_lamp", "lamp_mount": "angled_mast", "lamp_type": "led", "support": "pole"}, "geohash": "tuxnfg1q1"},{"type": "Feature", "geometry": {"type": "Point", "coordinates": [88.7224002, 26.5167001]}, "properties": {"direction": "256", "highway": "street_lamp", "lamp_mount": "angled_mast", "lamp_type": "led", "support": "pole"}, "geohash": "tuxnfgjwv"},{"type": "Feature", "geometry": {"type": "Point", "coordinates": [88.7169692, 26.516575]}, "properties": {"direction": "354", "highway": "street_lamp", "lamp_mount": "angled_mast", "lamp_type": "led", "support": "pole"}, "geohash": "tuxnfg1wp"},{"type": "Feature", "geometry": {"type": "Point", "coordinates": [88.7172623, 26.516624]}, "properties": {"direction": "254", "highway": "street_lamp", "lamp_mount": "angled_mast", "lamp_type": "led", "support": "pole"}, "geohash": "tuxnfg1yw"},{"type": "Feature", "geometry": {"type": "Point", "coordinates": [88.7175749, 26.5166131]}, "properties": {"direction": "357", "highway": "street_lamp", "lamp_mount": "angled_mast", "lamp_type": "led", "support": "pole"}, "geohash": "tuxnfg4nm"},{"type": "Feature", "geometry": {"type": "Point", "coordinates": [88.7178839, 26.5166562]}, "properties": {"direction": "178", "highway": "street_lamp", "lamp_mount": "angled_mast", "lamp_type": "led", "support": "pole"}, "geohash": "tuxnfg4qs"},{"type": "Feature", "geometry": {"type": "Point", "coordinates": [88.718339, 26.5166571]}, "properties": {"direction": "354", "highway": "street_lamp", "lamp_mount": "angled_mast", "lamp_type": "led", "support": "pole"}, "geohash": "tuxnfg4wx"},{"type": "Feature", "geometry": {"type": "Point", "coordinates": [88.7186325, 26.5166989]}, "properties": {"direction": "355", "highway": "street_lamp", "lamp_mount": "angled_mast", "lamp_type": "led", "support": "pole"}, "geohash": "tuxnfg4yv"},{"type": "Feature", "geometry": {"type": "Point", "coordinates": [88.7190323, 26.5167525]}, "properties": {"highway": "street_lamp", "lamp_mount": "angled_mast", "lamp_type": "led", "support": "wall"}, "geohash": "tuxnfg5pr"},{"type": "Feature", "geometry": {"type": "Point", "coordinates": [88.719342, 26.5165176]}, "properties": {"direction": "174", "highway": "street_lamp", "lamp_mount": "angled_mast", "lamp_type": "led", "support": "pole"}, "geohash": "tuxnfg5my"},{"type": "Feature", "geometry": {"type": "Point", "coordinates": [88.7220487, 26.5167418]}, "properties": {"direction": "175", "highway": "street_lamp", "lamp_mount": "angled_mast", "lamp_type": "led", "support": "pole"}, "geohash": "tuxnfgjrj"},{"type": "Feature", "geometry": {"type": "Point", "coordinates": [88.7198303, 26.5165744]}, "properties": {"direction": "175", "highway": "street_lamp", "lamp_mount": "angled_mast", "lamp_type": "led", "support": "pole"}, "geohash": "tuxnfg5y1"},{"type": "Feature", "geometry": {"type": "Point", "coordinates": [88.7198578, 26.5165755]}, "properties": {"direction": "84", "highway": "street_lamp", "lamp_mount": "angled_mast", "lamp_type": "led", "support": "pole"}, "geohash": "tuxnfg5y4"},{"type": "Feature", "geometry": {"type": "Point", "coordinates": [88.7200258, 26.5165796]}, "properties": {"direction": "176", "highway": "street_lamp", "lamp_mount": "angled_mast", "lamp_type": "led", "support": "pole"}, "geohash": "tuxnfg5yq"},{"type": "Feature", "geometry": {"type": "Point", "coordinates": [88.7202005, 26.5165992]}, "properties": {"direction": "176", "highway": "street_lamp", "lamp_mount": "angled_mast", "lamp_type": "led", "support": "pole"}, "geohash": "tuxnfghn6"},{"type": "Feature", "geometry": {"type": "Point", "coordinates": [88.7203146, 26.5166037]}, "properties": {"direction": "175", "highway": "street_lamp", "lamp_mount": "angled_mast", "lamp_type": "led", "support": "pole"}, "geohash": "tuxnfghnm"},{"type": "Feature", "geometry": {"type": "Point", "coordinates": [88.7207594, 26.5166508]}, "properties": {"direction": "173", "highway": "street_lamp", "lamp_mount": "angled_mast", "lamp_type": "led", "support": "pole"}, "geohash": "tuxnfghqx"},{"type": "Feature", "geometry": {"type": "Point", "coordinates": [88.7214681, 26.5166958]}, "properties": {"direction": "176", "highway": "street_lamp", "lamp_mount": "angled_mast", "lamp_type": "led", "support": "pole"}, "geohash": "tuxnfgjnb"},{"type": "Feature", "geometry": {"type": "Point", "coordinates": [88.7217071, 26.5167145]}, "properties": {"direction": "172", "highway": "street_lamp", "lamp_mount": "angled_mast", "lamp_type": "led", "support": "pole"}, "geohash": "tuxnfgjpj"},{"type": "Feature", "geometry": {"type": "Point", "coordinates": [88.7196631, 26.5165629]}, "properties": {"direction": "176", "highway": "street_lamp", "lamp_mount": "angled_mast", "lamp_type": "led", "support": "pole"}, "geohash": "tuxnfg5wj"},{"type": "Feature", "geometry": {"type": "Point", "coordinates": [88.4332689, 22.5773255]}, "properties": {"highway": "street_lamp", "lamp_mount": "straight_mast", "lamp_type": "LED", "support": "pole"}, "geohash": "tunbkq54k"},{"type": "Feature", "geometry": {"type": "Point", "coordinates": [88.4333228, 22.5772962]}, "properties": {"highway": "street_lamp", "lamp_mount": "straight_mast", "lamp_type": "LED", "support": "pole"}, "geohash": "tunbkq54m"},{"type": "Feature", "geometry": {"type": "Point", "coordinates": [88.4330258, 22.5774329]}, "properties": {"highway": "street_lamp", "lamp_mount": "straight_mast", "lamp_type": "LED", "support": "pole"}, "geohash": "tunbkq4gn"},{"type": "Feature", "geometry": {"type": "Point", "coordinates": [88.4330845, 22.5774039]}, "properties": {"highway": "street_lamp", "lamp_mount": "straight_mast", "lamp_type": "LED", "support": "pole"}, "geohash": "tunbkq54b"},{"type": "Feature", "geometry": {"type": "Point", "coordinates": [88.4327533, 22.577553]}, "properties": {"highway": "street_lamp", "lamp_mount": "straight_mast", "lamp_type": "LED", "support": "pole"}, "geohash": "tunbkq4gb"},{"type": "Feature", "geometry": {"type": "Point", "coordinates": [88.4326324, 22.5776069]}, "properties": {"highway": "street_lamp", "lamp_mount": "straight_mast", "lamp_type": "LED", "support": "pole"}, "geohash": "tunbkq4sj"},{"type": "Feature", "geometry": {"type": "Point", "coordinates": [88.4324678, 22.5776732]}, "properties": {"highway": "street_lamp", "lamp_mount": "straight_mast", "lamp_type": "LED", "support": "pole"}, "geohash": "tunbkq4s3"},{"type": "Feature", "geometry": {"type": "Point", "coordinates": [88.4323409, 22.5777322]}, "properties": {"highway": "street_lamp", "lamp_mount": "straight_mast", "lamp_type": "LED", "support": "pole"}, "geohash": "tunbkq4ky"},{"type": "Feature", "geometry": {"type": "Point", "coordinates": [88.4321981, 22.577797]}, "properties": {"highway": "street_lamp", "lamp_mount": "straight_mast", "lamp_type": "LED", "support": "pole"}, "geohash": "tunbkq4m5"},{"type": "Feature", "geometry": {"type": "Point", "coordinates": [88.4319871, 22.5778923]}, "properties": {"highway": "street_lamp", "lamp_mount": "straight_mast", "lamp_type": "LED", "support": "pole"}, "geohash": "tunbkq4jy"},{"type": "Feature", "geometry": {"type": "Point", "coordinates": [88.4318872, 22.5779421]}, "properties": {"highway": "street_lamp", "lamp_mount": "straight_mast", "lamp_type": "LED", "support": "pole"}, "geohash": "tunbkq4nh"},{"type": "Feature", "geometry": {"type": "Point", "coordinates": [88.4317865, 22.5779865]}, "properties": {"highway": "street_lamp", "lamp_mount": "straight_mast", "lamp_type": "LED", "support": "pole"}, "geohash": "tunbkq4n3"},{"type": "Feature", "geometry": {"type": "Point", "coordinates": [88.4316909, 22.5780297]}, "properties": {"highway": "street_lamp", "lamp_mount": "straight_mast", "lamp_type": "LED", "support": "pole"}, "geohash": "tunbkq1yx"},{"type": "Feature", "geometry": {"type": "Point", "coordinates": [88.4314882, 22.578122]}, "properties": {"highway": "street_lamp", "lamp_mount": "straight_mast", "lamp_type": "LED", "support": "pole"}, "geohash": "tunbkq1z5"},{"type": "Feature", "geometry": {"type": "Point", "coordinates": [88.4314109, 22.578163]}, "properties": {"highway": "street_lamp", "lamp_mount": "straight_mast", "lamp_type": "LED", "support": "pole"}, "geohash": "tunbkq1z3"},{"type": "Feature", "geometry": {"type": "Point", "coordinates": [88.4312729, 22.5782224]}, "properties": {"highway": "street_lamp", "lamp_mount": "straight_mast", "lamp_type": "LED", "support": "pole"}, "geohash": "tunbkq1xw"},{"type": "Feature", "geometry": {"type": "Point", "coordinates": [88.4311972, 22.5782524]}, "properties": {"highway": "street_lamp", "lamp_mount": "straight_mast", "lamp_type": "LED", "support": "pole"}, "geohash": "tunbkq1xu"},{"type": "Feature", "geometry": {"type": "Point", "coordinates": [88.4311059, 22.5782891]}, "properties": {"highway": "street_lamp", "lamp_mount": "straight_mast", "lamp_type": "LED", "support": "pole"}, "geohash": "tunbkq384"},{"type": "Feature", "geometry": {"type": "Point", "coordinates": [88.4310215, 22.5783235]}, "properties": {"highway": "street_lamp", "lamp_mount": "straight_mast", "lamp_type": "LED", "support": "pole"}, "geohash": "tunbkq382"},{"type": "Feature", "geometry": {"type": "Point", "coordinates": [88.4309057, 22.5783818]}, "properties": {"highway": "street_lamp", "lamp_mount": "straight_mast", "lamp_type": "LED", "support": "pole"}, "geohash": "tunbkq32t"},{"type": "Feature", "geometry": {"type": "Point", "coordinates": [88.4308026, 22.5784239]}, "properties": {"highway": "street_lamp", "lamp_mount": "straight_mast", "lamp_type": "LED", "support": "pole"}, "geohash": "tunbkq32g"},{"type": "Feature", "geometry": {"type": "Point", "coordinates": [88.4306344, 22.5785129]}, "properties": {"highway": "street_lamp", "lamp_mount": "straight_mast", "lamp_type": "LED", "support": "pole"}, "geohash": "tunbkq31r"},{"type": "Feature", "geometry": {"type": "Point", "coordinates": [88.4305456, 22.5785444]}, "properties": {"highway": "street_lamp", "lamp_mount": "straight_mast", "lamp_type": "LED", "support": "pole"}, "geohash": "tunbkq31t"},{"type": "Feature", "geometry": {"type": "Point", "coordinates": [88.4304123, 22.5786016]}, "properties": {"highway": "street_lamp", "lamp_mount": "straight_mast", "lamp_type": "LED", "support": "pole"}, "geohash": "tunbkq31c"},{"type": "Feature", "geometry": {"type": "Point", "coordinates": [88.4302981, 22.5786591]}, "properties": {"highway": "street_lamp", "lamp_mount": "straight_mast", "lamp_type": "LED", "support": "pole"}, "geohash": "tunbkq2fp"},{"type": "Feature", "geometry": {"type": "Point", "coordinates": [88.4295026, 22.5792039]}, "properties": {"direction": "215", "highway": "street_lamp", "lamp_mount": "straight_mast", "lamp_type": "LED", "support": "pole"}, "geohash": "tunbkq2mk"},{"type": "Feature", "geometry": {"type": "Point", "coordinates": [88.4295026, 22.5792039]}, "properties": {"direction": "38", "highway": "street_lamp", "lamp_mount": "straight_mast", "lamp_type": "LED", "support": "pole"}, "geohash": "tunbkq2mk"},{"type": "Feature", "geometry": {"type": "Point", "coordinates": [88.4296703, 22.5790936]}, "properties": {"direction": "212", "highway": "street_lamp", "lamp_mount": "angled_mast", "lamp_type": "LED", "support": "pole"}, "geohash": "tunbkq2sb"},{"type": "Feature", "geometry": {"type": "Point", "coordinates": [88.4296703, 22.5790936]}, "properties": {"direction": "35", "highway": "street_lamp", "lamp_mount": "angled_mast", "lamp_type": "LED", "support": "pole"}, "geohash": "tunbkq2sb"},{"type": "Feature", "geometry": {"type": "Point", "coordinates": [88.4298658, 22.5789779]}, "properties": {"direction": "211", "highway": "street_lamp", "lamp_mount": "angled_mast", "lamp_type": "LED", "support": "pole"}, "geohash": "tunbkq2sj"},{"type": "Feature", "geometry": {"type": "Point", "coordinates": [88.4298658, 22.5789779]}, "properties": {"direction": "34", "highway": "street_lamp", "lamp_mount": "angled_mast", "lamp_type": "LED", "support": "pole"}, "geohash": "tunbkq2sj"},{"type": "Feature", "geometry": {"type": "Point", "coordinates": [88.4300736, 22.5788679]}, "properties": {"direction": "204", "highway": "street_lamp", "lamp_mount": "angled_mast", "lamp_type": "LED", "support": "pole"}, "geohash": "tunbkq2g6"},{"type": "Feature", "geometry": {"type": "Point", "coordinates": [88.4300736, 22.5788679]}, "properties": {"direction": "27", "highway": "street_lamp", "lamp_mount": "angled_mast", "lamp_type": "LED", "support": "pole"}, "geohash": "tunbkq2g6"},{"type": "Feature", "geometry": {"type": "Point", "coordinates": [88.430258, 22.5787793]}, "properties": {"direction": "206", "highway": "street_lamp", "lamp_mount": "angled_mast", "lamp_type": "LED", "support": "pole"}, "geohash": "tunbkq2fy"},{"type": "Feature", "geometry": {"type": "Point", "coordinates": [88.430258, 22.5787793]}, "properties": {"direction": "23", "highway": "street_lamp", "lamp_mount": "angled_mast", "lamp_type": "LED", "support": "pole"}, "geohash": "tunbkq2fy"},{"type": "Feature", "geometry": {"type": "Point", "coordinates": [88.4305357, 22.578647]}, "properties": {"direction": "205", "highway": "street_lamp", "lamp_mount": "angled_mast", "lamp_type": "LED", "support": "pole"}, "geohash": "tunbkq34h"},{"type": "Feature", "geometry": {"type": "Point", "coordinates": [88.4305357, 22.578647]}, "properties": {"direction": "27", "highway": "street_lamp", "lamp_mount": "angled_mast", "lamp_type": "LED", "support": "pole"}, "geohash": "tunbkq34h"},{"type": "Feature", "geometry": {"type": "Point", "coordinates": [88.430722, 22.578565]}, "properties": {"direction": "206", "highway": "street_lamp", "lamp_mount": "angled_mast", "lamp_type": "LED", "support": "pole"}, "geohash": "tunbkq339"},{"type": "Feature", "geometry": {"type": "Point", "coordinates": [88.430722, 22.578565]}, "properties": {"direction": "29", "highway": "street_lamp", "lamp_mount": "angled_mast", "lamp_type": "LED", "support": "pole"}, "geohash": "tunbkq339"},{"type": "Feature", "geometry": {"type": "Point", "coordinates": [88.4309497, 22.5784635]}, "properties": {"direction": "205", "highway": "street_lamp", "lamp_mount": "angled_mast", "lamp_type": "LED", "support": "pole"}, "geohash": "tunbkq33n"},{"type": "Feature", "geometry": {"type": "Point", "coordinates": [88.4309497, 22.5784635]}, "properties": {"direction": "27", "highway": "street_lamp", "lamp_mount": "angled_mast", "lamp_type": "LED", "support": "pole"}, "geohash": "tunbkq33n"},{"type": "Feature", "geometry": {"type": "Point", "coordinates": [88.4311666, 22.5783642]}, "properties": {"direction": "206", "highway": "street_lamp", "lamp_mount": "angled_mast", "lamp_type": "LED", "support": "pole"}, "geohash": "tunbkq38e"},{"type": "Feature", "geometry": {"type": "Point", "coordinates": [88.4311666, 22.5783642]}, "properties": {"direction": "24", "highway": "street_lamp", "lamp_mount": "angled_mast", "lamp_type": "LED", "support": "pole"}, "geohash": "tunbkq38e"},{"type": "Feature", "geometry": {"type": "Point", "coordinates": [88.4314113, 22.5782513]}, "properties": {"direction": "206", "highway": "street_lamp", "lamp_mount": "angled_mast", "lamp_type": "LED", "support": "pole"}, "geohash": "tunbkq1zc"},{"type": "Feature", "geometry": {"type": "Point", "coordinates": [88.4314113, 22.5782513]}, "properties": {"direction": "26", "highway": "street_lamp", "lamp_mount": "angled_mast", "lamp_type": "LED", "support": "pole"}, "geohash": "tunbkq1zc"},{"type": "Feature", "geometry": {"type": "Point", "coordinates": [88.4316076, 22.578166]}, "properties": {"direction": "204", "highway": "street_lamp", "lamp_mount": "angled_mast", "lamp_type": "LED", "support": "pole"}, "geohash": "tunbkq1zm"},{"type": "Feature", "geometry": {"type": "Point", "coordinates": [88.4316076, 22.578166]}, "properties": {"direction": "28", "highway": "street_lamp", "lamp_mount": "angled_mast", "lamp_type": "LED", "support": "pole"}, "geohash": "tunbkq1zm"},{"type": "Feature", "geometry": {"type": "Point", "coordinates": [88.4318404, 22.5780656]}, "properties": {"direction": "203", "highway": "street_lamp", "lamp_mount": "angled_mast", "lamp_type": "LED", "support": "pole"}, "geohash": "tunbkq4ng"},{"type": "Feature", "geometry": {"type": "Point", "coordinates": [88.4318404, 22.5780656]}, "properties": {"direction": "26", "highway": "street_lamp", "lamp_mount": "angled_mast", "lamp_type": "LED", "support": "pole"}, "geohash": "tunbkq4ng"},{"type": "Feature", "geometry": {"type": "Point", "coordinates": [88.4320609, 22.5779656]}, "properties": {"direction": "203", "highway": "street_lamp", "lamp_mount": "angled_mast", "lamp_type": "LED", "support": "pole"}, "geohash": "tunbkq4q0"},{"type": "Feature", "geometry": {"type": "Point", "coordinates": [88.4320609, 22.5779656]}, "properties": {"direction": "27", "highway": "street_lamp", "lamp_mount": "angled_mast", "lamp_type": "LED", "support": "pole"}, "geohash": "tunbkq4q0"},{"type": "Feature", "geometry": {"type": "Point", "coordinates": [88.4322691, 22.577863]}, "properties": {"direction": "206", "highway": "street_lamp", "lamp_mount": "angled_mast", "lamp_type": "LED", "support": "pole"}, "geohash": "tunbkq4mt"},{"type": "Feature", "geometry": {"type": "Point", "coordinates": [88.4322691, 22.577863]}, "properties": {"direction": "29", "highway": "street_lamp", "lamp_mount": "angled_mast", "lamp_type": "LED", "support": "pole"}, "geohash": "tunbkq4mt"},{"type": "Feature", "geometry": {"type": "Point", "coordinates": [88.4324916, 22.577771]}, "properties": {"direction": "205", "highway": "street_lamp", "lamp_mount": "angled_mast", "lamp_type": "LED", "support": "pole"}, "geohash": "tunbkq4t4"},{"type": "Feature", "geometry": {"type": "Point", "coordinates": [88.4324916, 22.577771]}, "properties": {"direction": "26", "highway": "street_lamp", "lamp_mount": "angled_mast", "lamp_type": "LED", "support": "pole"}, "geohash": "tunbkq4t4"},{"type": "Feature", "geometry": {"type": "Point", "coordinates": [88.4327101, 22.5776681]}, "properties": {"direction": "205", "highway": "street_lamp", "lamp_mount": "angled_mast", "lamp_type": "LED", "support": "pole"}, "geohash": "tunbkq4sr"},{"type": "Feature", "geometry": {"type": "Point", "coordinates": [88.4327101, 22.5776681]}, "properties": {"direction": "26", "highway": "street_lamp", "lamp_mount": "angled_mast", "lamp_type": "LED", "support": "pole"}, "geohash": "tunbkq4sr"},{"type": "Feature", "geometry": {"type": "Point", "coordinates": [88.4329215, 22.5775688]}, "properties": {"direction": "205", "highway": "street_lamp", "lamp_mount": "angled_mast", "lamp_type": "LED", "support": "pole"}, "geohash": "tunbkq4gu"},{"type": "Feature", "geometry": {"type": "Point", "coordinates": [88.4329215, 22.5775688]}, "properties": {"direction": "26", "highway": "street_lamp", "lamp_mount": "angled_mast", "lamp_type": "LED", "support": "pole"}, "geohash": "tunbkq4gu"},{"type": "Feature", "geometry": {"type": "Point", "coordinates": [88.43309, 22.5775017]}, "properties": {"direction": "207", "highway": "street_lamp", "lamp_mount": "angled_mast", "lamp_type": "LED", "support": "pole"}, "geohash": "tunbkq552"},{"type": "Feature", "geometry": {"type": "Point", "coordinates": [88.43309, 22.5775017]}, "properties": {"direction": "27", "highway": "street_lamp", "lamp_mount": "angled_mast", "lamp_type": "LED", "support": "pole"}, "geohash": "tunbkq552"},{"type": "Feature", "geometry": {"type": "Point", "coordinates": [88.4332764, 22.57742]}, "properties": {"direction": "205", "highway": "street_lamp", "lamp_mount": "angled_mast", "lamp_type": "LED", "support": "pole"}, "geohash": "tunbkq55h"},{"type": "Feature", "geometry": {"type": "Point", "coordinates": [88.4332764, 22.57742]}, "properties": {"direction": "26", "highway": "street_lamp", "lamp_mount": "angled_mast", "lamp_type": "LED", "support": "pole"}, "geohash": "tunbkq55h"},{"type": "Feature", "geometry": {"type": "Point", "coordinates": [88.4301613, 22.5787254]}, "properties": {"highway": "street_lamp", "lamp_mount": "straight_mast", "lamp_type": "LED", "support": "pole"}, "geohash": "tunbkq2fs"},{"type": "Feature", "geometry": {"type": "Point", "coordinates": [88.4300245, 22.5787906]}, "properties": {"highway": "street_lamp", "lamp_mount": "straight_mast", "lamp_type": "LED", "support": "pole"}, "geohash": "tunbkq2fb"},{"type": "Feature", "geometry": {"type": "Point", "coordinates": [88.4298908, 22.578865]}, "properties": {"highway": "street_lamp", "lamp_mount": "straight_mast", "lamp_type": "LED", "support": "pole"}, "geohash": "tunbkq2em"},{"type": "Feature", "geometry": {"type": "Point", "coordinates": [88.4286221, 22.5799389]}, "properties": {"highway": "street_lamp", "lamp_mount": "straight_mast", "lamp_type": "LED", "support": "pole"}, "geohash": "tunbknxc8"},{"type": "Feature", "geometry": {"type": "Point", "coordinates": [88.4286989, 22.579833]}, "properties": {"highway": "street_lamp", "lamp_mount": "straight_mast", "lamp_type": "LED", "support": "pole"}, "geohash": "tunbknxc4"},{"type": "Feature", "geometry": {"type": "Point", "coordinates": [88.4285579, 22.5800138]}, "properties": {"highway": "street_lamp", "lamp_mount": "straight_mast", "lamp_type": "LED", "support": "pole"}, "geohash": "tunbknxdn"},{"type": "Feature", "geometry": {"type": "Point", "coordinates": [88.4297907, 22.5789169]}, "properties": {"highway": "street_lamp", "lamp_mount": "straight_mast", "lamp_type": "LED", "support": "pole"}, "geohash": "tunbkq2ee"},{"type": "Feature", "geometry": {"type": "Point", "coordinates": [88.4296516, 22.578996]}, "properties": {"highway": "street_lamp", "lamp_mount": "straight_mast", "lamp_type": "LED", "support": "pole"}, "geohash": "tunbkq2s0"},{"type": "Feature", "geometry": {"type": "Point", "coordinates": [88.4295413, 22.5790771]}, "properties": {"highway": "street_lamp", "lamp_mount": "straight_mast", "lamp_type": "LED", "support": "pole"}, "geohash": "tunbkq2kt"},{"type": "Feature", "geometry": {"type": "Point", "coordinates": [88.4294413, 22.5791435]}, "properties": {"highway": "street_lamp", "lamp_mount": "straight_mast", "lamp_type": "LED", "support": "pole"}, "geohash": "tunbkq2m5"},{"type": "Feature", "geometry": {"type": "Point", "coordinates": [88.4293097, 22.5792442]}, "properties": {"highway": "street_lamp", "lamp_mount": "straight_mast", "lamp_type": "LED", "support": "pole"}, "geohash": "tunbkq2m8"},{"type": "Feature", "geometry": {"type": "Point", "coordinates": [88.4291802, 22.5793467]}, "properties": {"highway": "street_lamp", "lamp_mount": "straight_mast", "lamp_type": "LED", "support": "pole"}, "geohash": "tunbkq2nj"},{"type": "Feature", "geometry": {"type": "Point", "coordinates": [88.4290685, 22.5794366]}, "properties": {"highway": "street_lamp", "lamp_mount": "straight_mast", "lamp_type": "LED", "support": "pole"}, "geohash": "tunbkq2nf"},{"type": "Feature", "geometry": {"type": "Point", "coordinates": [88.4289561, 22.5795392]}, "properties": {"highway": "street_lamp", "lamp_mount": "straight_mast", "lamp_type": "LED", "support": "pole"}, "geohash": "tunbkq2p2"},{"type": "Feature", "geometry": {"type": "Point", "coordinates": [88.4288403, 22.5796588]}, "properties": {"highway": "street_lamp", "lamp_mount": "straight_mast", "lamp_type": "LED", "support": "pole"}, "geohash": "tunbknxbj"},{"type": "Feature", "geometry": {"type": "Point", "coordinates": [88.4287643, 22.5797538]}, "properties": {"highway": "street_lamp", "lamp_mount": "straight_mast", "lamp_type": "LED", "support": "pole"}, "geohash": "tunbknxbe"}]}