{"type":"FeatureCollection","features":[{"type": "Feature", "geometry": {"type": "Point", "coordinates": [85.1570667, 25.5509192]}, "properties": {"highway": "street_lamp"}, "geohash": "tus93g3kz"},{"type": "Feature", "geometry": {"type": "Point", "coordinates": [88.1791002, 26.254583]}, "properties": {"direction": "180", "highway": "street_lamp", "lamp_mount": "straight_mast", "lamp_type": "LED"}, "geohash": "tuwtqed01"},{"type": "Feature", "geometry": {"type": "Point", "coordinates": [88.1815387, 26.2552708]}, "properties": {"direction": "250", "highway": "street_lamp"}, "geohash": "tuwtqeeu4"},{"type": "Feature", "geometry": {"type": "Point", "coordinates": [88.1818885, 26.2555242]}, "properties": {"highway": "street_lamp", "lamp_mount": "high_mast"}, "geohash": "tuwtqesjd"},{"type": "Feature", "geometry": {"type": "Point", "coordinates": [88.1812915, 26.2551148]}, "properties": {"highway": "street_lamp", "lamp_mount": "high_mast"}, "geohash": "tuwtqeeej"},{"type": "Feature", "geometry": {"type": "Point", "coordinates": [88.1809193, 26.255179]}, "properties": {"highway": "street_lamp", "lamp_mount": "bent_mast"}, "geohash": "tuwtqee7s"},{"type": "Feature", "geometry": {"type": "Point", "coordinates": [88.181313, 26.2549236]}, "properties": {"highway": "street_lamp", "lamp_mount": "wall"}, "geohash": "tuwtqeedj"},{"type": "Feature", "geometry": {"type": "Point", "coordinates": [88.1802261, 26.2544846]}, "properties": {"highway": "street_lamp", "lamp_mount": "bent_mast"}, "geohash": "tuwtqe6zk"},{"type": "Feature", "geometry": {"type": "Point", "coordinates": [88.1799481, 26.2544115]}, "properties": {"highway": "street_lamp", "lamp_mount": "bent_mast"}, "geohash": "tuwtqe6xj"},{"type": "Feature", "geometry": {"type": "Point", "coordinates": [88.1801592, 26.2545714]}, "properties": {"highway": "street_lamp", "lamp_mount": "bent_mast"}, "geohash": "tuwtqe6zf"},{"type": "Feature", "geometry": {"type": "Point", "coordinates": [88.1794642, 26.254562]}, "properties": {"direction": "180", "highway": "street_lamp", "lamp_mount": "straight_mast", "lamp_type": "LED"}, "geohash": "tuwtqe6rf"},{"type": "Feature", "geometry": {"type": "Point", "coordinates": [88.1816522, 26.2557341]}, "properties": {"highway": "street_lamp", "lamp_mount": "bent_mast"}, "geohash": "tuwtqeeyt"},{"type": "Feature", "geometry": {"type": "Point", "coordinates": [88.1815659, 26.2556755]}, "properties": {"highway": "street_lamp", "lamp_mount": "bent_mast"}, "geohash": "tuwtqeey7"},{"type": "Feature", "geometry": {"type": "Point", "coordinates": [88.181289, 26.255454]}, "properties": {"highway": "street_lamp", "lamp_mount": "bent_mast"}, "geohash": "tuwtqeeth"},{"type": "Feature", "geometry": {"type": "Point", "coordinates": [88.1835499, 26.2580069]}, "properties": {"highway": "street_lamp"}, "geohash": "tuwtqsj7c"},{"type": "Feature", "geometry": {"type": "Point", "coordinates": [88.1849714, 26.2532612]}, "properties": {"highway": "street_lamp"}, "geohash": "tuwtqeq26"},{"type": "Feature", "geometry": {"type": "Point", "coordinates": [88.185175, 26.2533936]}, "properties": {"highway": "street_lamp"}, "geohash": "tuwtqeq3p"},{"type": "Feature", "geometry": {"type": "Point", "coordinates": [88.1852258, 26.2536347]}, "properties": {"highway": "street_lamp", "lamp_mount": "high_mast"}, "geohash": "tuwtqeqd8"},{"type": "Feature", "geometry": {"type": "Point", "coordinates": [88.185177, 26.2532925]}, "properties": {"highway": "street_lamp", "lamp_mount": "high_mast"}, "geohash": "tuwtqeq2x"},{"type": "Feature", "geometry": {"type": "Point", "coordinates": [88.1852389, 26.2529183]}, "properties": {"highway": "street_lamp"}, "geohash": "tuwtqenw3"},{"type": "Feature", "geometry": {"type": "Point", "coordinates": [88.1850176, 26.2538873]}, "properties": {"highway": "street_lamp"}, "geohash": "tuwtqeq7g"},{"type": "Feature", "geometry": {"type": "Point", "coordinates": [88.1854263, 26.2538431]}, "properties": {"highway": "street_lamp"}, "geohash": "tuwtqeqet"},{"type": "Feature", "geometry": {"type": "Point", "coordinates": [88.1854737, 26.2534959]}, "properties": {"highway": "street_lamp"}, "geohash": "tuwtqeq9w"},{"type": "Feature", "geometry": {"type": "Point", "coordinates": [88.185273, 26.2538601]}, "properties": {"highway": "street_lamp"}, "geohash": "tuwtqeqec"},{"type": "Feature", "geometry": {"type": "Point", "coordinates": [88.1851485, 26.253874]}, "properties": {"highway": "street_lamp"}, "geohash": "tuwtqeq7y"},{"type": "Feature", "geometry": {"type": "Point", "coordinates": [88.1854085, 26.2530156]}, "properties": {"highway": "street_lamp"}, "geohash": "tuwtqenwu"},{"type": "Feature", "geometry": {"type": "Point", "coordinates": [88.1849628, 26.253954]}, "properties": {"highway": "street_lamp"}, "geohash": "tuwtqeqk6"},{"type": "Feature", "geometry": {"type": "Point", "coordinates": [88.1851427, 26.2536053]}, "properties": {"highway": "street_lamp", "lamp_mount": "high_mast"}, "geohash": "tuwtqeq6q"},{"type": "Feature", "geometry": {"type": "Point", "coordinates": [88.1856123, 26.2537518]}, "properties": {"highway": "street_lamp"}, "geohash": "tuwtqeqg1"},{"type": "Feature", "geometry": {"type": "Point", "coordinates": [88.1854544, 26.2532053]}, "properties": {"highway": "street_lamp"}, "geohash": "tuwtqeq8n"},{"type": "Feature", "geometry": {"type": "Point", "coordinates": [88.1856048, 26.2538214]}, "properties": {"highway": "street_lamp"}, "geohash": "tuwtqeqg9"},{"type": "Feature", "geometry": {"type": "Point", "coordinates": [88.1849598, 26.2534613]}, "properties": {"highway": "street_lamp"}, "geohash": "tuwtqeq36"},{"type": "Feature", "geometry": {"type": "Point", "coordinates": [88.1850142, 26.2537185]}, "properties": {"highway": "street_lamp"}, "geohash": "tuwtqeq6g"},{"type": "Feature", "geometry": {"type": "Point", "coordinates": [88.1855024, 26.2536518]}, "properties": {"highway": "street_lamp"}, "geohash": "tuwtqeqdx"},{"type": "Feature", "geometry": {"type": "Point", "coordinates": [88.185894, 26.2537343]}, "properties": {"highway": "street_lamp"}, "geohash": "tuwtqer50"},{"type": "Feature", "geometry": {"type": "Point", "coordinates": [88.1854588, 26.2533524]}, "properties": {"highway": "street_lamp"}, "geohash": "tuwtqeq8y"},{"type": "Feature", "geometry": {"type": "Point", "coordinates": [88.185018, 26.2532851]}, "properties": {"highway": "street_lamp"}, "geohash": "tuwtqeq27"},{"type": "Feature", "geometry": {"type": "Point", "coordinates": [88.1857484, 26.2589607]}, "properties": {"highway": "street_lamp", "lamp_mount": "bent_mast"}, "geohash": "tuwtqsqcs"},{"type": "Feature", "geometry": {"type": "Point", "coordinates": [88.1866518, 26.2596281]}, "properties": {"highway": "street_lamp", "lamp_mount": "high_mast"}, "geohash": "tuwtqsrt3"},{"type": "Feature", "geometry": {"type": "Point", "coordinates": [88.1856036, 26.2588492]}, "properties": {"highway": "street_lamp", "lamp_mount": "bent_mast"}, "geohash": "tuwtqsqbc"},{"type": "Feature", "geometry": {"type": "Point", "coordinates": [88.1848441, 26.2582664]}, "properties": {"highway": "street_lamp"}, "geohash": "tuwtqsnjr"},{"type": "Feature", "geometry": {"type": "Point", "coordinates": [88.1837089, 26.2573786]}, "properties": {"highway": "street_lamp", "lamp_mount": "bent_mast"}, "geohash": "tuwtqsj2m"},{"type": "Feature", "geometry": {"type": "Point", "coordinates": [88.187393, 26.260254]}, "properties": {"highway": "street_lamp", "lamp_mount": "bent_mast"}, "geohash": "tuwtqu815"},{"type": "Feature", "geometry": {"type": "Point", "coordinates": [88.1876652, 26.2604291]}, "properties": {"highway": "street_lamp", "lamp_mount": "bent_mast"}, "geohash": "tuwtqu861"},{"type": "Feature", "geometry": {"type": "Point", "coordinates": [88.1869955, 26.2599496]}, "properties": {"highway": "street_lamp", "lamp_mount": "bent_mast"}, "geohash": "tuwtqsrz3"},{"type": "Feature", "geometry": {"type": "Point", "coordinates": [88.1880566, 26.2607266]}, "properties": {"highway": "street_lamp", "lamp_mount": "bent_mast"}, "geohash": "tuwtqu8ef"},{"type": "Feature", "geometry": {"type": "Point", "coordinates": [88.1878935, 26.2606242]}, "properties": {"highway": "street_lamp", "lamp_mount": "bent_mast"}, "geohash": "tuwtqu87n"},{"type": "Feature", "geometry": {"type": "Point", "coordinates": [88.1867506, 26.2597413]}, "properties": {"highway": "street_lamp", "lamp_mount": "bent_mast"}, "geohash": "tuwtqsrwh"},{"type": "Feature", "geometry": {"type": "Point", "coordinates": [88.1860462, 26.2591968]}, "properties": {"highway": "street_lamp", "lamp_mount": "bent_mast"}, "geohash": "tuwtqsr4g"},{"type": "Feature", "geometry": {"type": "Point", "coordinates": [88.1840542, 26.2576543]}, "properties": {"highway": "street_lamp", "lamp_mount": "bent_mast"}, "geohash": "tuwtqsj9v"},{"type": "Feature", "geometry": {"type": "Point", "coordinates": [88.1865848, 26.2595709]}, "properties": {"highway": "street_lamp", "lamp_mount": "wall"}, "geohash": "tuwtqsrt0"},{"type": "Feature", "geometry": {"type": "Point", "coordinates": [88.1861941, 26.2593174]}, "properties": {"highway": "street_lamp", "lamp_mount": "bent_mast"}, "geohash": "tuwtqsr5x"},{"type": "Feature", "geometry": {"type": "Point", "coordinates": [88.1842799, 26.2578086]}, "properties": {"highway": "street_lamp", "lamp_mount": "bent_mast"}, "geohash": "tuwtqsjff"},{"type": "Feature", "geometry": {"type": "Point", "coordinates": [88.183521, 26.2572233]}, "properties": {"highway": "street_lamp", "lamp_mount": "bent_mast"}, "geohash": "tuwtqevr2"},{"type": "Feature", "geometry": {"type": "Point", "coordinates": [88.1823578, 26.2563022]}, "properties": {"highway": "street_lamp", "lamp_mount": "bent_mast"}, "geohash": "tuwtqeu6j"},{"type": "Feature", "geometry": {"type": "Point", "coordinates": [88.2012379, 26.2698024]}, "properties": {"highway": "street_lamp", "lamp_mount": "bent_mast"}, "geohash": "tuwtrn60t"},{"type": "Feature", "geometry": {"type": "Point", "coordinates": [88.2007197, 26.269488]}, "properties": {"highway": "street_lamp", "power": "pole"}, "geohash": "tuwtrn1yc"},{"type": "Feature", "geometry": {"type": "Point", "coordinates": [88.1957636, 26.2665486]}, "properties": {"highway": "street_lamp", "lamp_mount": "bent_mast"}, "geohash": "tuwtqvwjw"},{"type": "Feature", "geometry": {"type": "Point", "coordinates": [88.1993419, 26.2686588]}, "properties": {"highway": "street_lamp", "power": "pole"}, "geohash": "tuwtrn0f1"},{"type": "Feature", "geometry": {"type": "Point", "coordinates": [88.199826, 26.2689649]}, "properties": {"highway": "street_lamp", "material": "concrete", "power": "pole"}, "geohash": "tuwtrn15u"},{"type": "Feature", "geometry": {"type": "Point", "coordinates": [88.1946566, 26.2658323]}, "properties": {"highway": "street_lamp"}, "geohash": "tuwtqvt3s"},{"type": "Feature", "geometry": {"type": "Point", "coordinates": [88.191725, 26.2636826]}, "properties": {"highway": "street_lamp"}, "geohash": "tuwtqv5m0"},{"type": "Feature", "geometry": {"type": "Point", "coordinates": [88.1961928, 26.2668125]}, "properties": {"highway": "street_lamp", "lamp_mount": "bent_mast"}, "geohash": "tuwtqvwx2"},{"type": "Feature", "geometry": {"type": "Point", "coordinates": [88.1967652, 26.2671846]}, "properties": {"highway": "street_lamp"}, "geohash": "tuwtqvycm"},{"type": "Feature", "geometry": {"type": "Point", "coordinates": [88.1989282, 26.268434]}, "properties": {"highway": "street_lamp", "power": "pole"}, "geohash": "tuwtrn02x"},{"type": "Feature", "geometry": {"type": "Point", "coordinates": [88.1942272, 26.2655331]}, "properties": {"highway": "street_lamp"}, "geohash": "tuwtqvmpf"},{"type": "Feature", "geometry": {"type": "Point", "coordinates": [88.1964494, 26.2669577]}, "properties": {"highway": "street_lamp"}, "geohash": "tuwtqvy8n"},{"type": "Feature", "geometry": {"type": "Point", "coordinates": [88.1959863, 26.2667099]}, "properties": {"highway": "street_lamp", "lamp_mount": "bent_mast"}, "geohash": "tuwtqvwqe"},{"type": "Feature", "geometry": {"type": "Point", "coordinates": [88.2002629, 26.2692289]}, "properties": {"highway": "street_lamp", "power": "pole"}, "geohash": "tuwtrn1mr"},{"type": "Feature", "geometry": {"type": "Point", "coordinates": [88.1934359, 26.2649695]}, "properties": {"highway": "street_lamp", "lamp_mount": "bent_mast"}, "geohash": "tuwtqvks8"},{"type": "Feature", "geometry": {"type": "Point", "coordinates": [88.1902124, 26.262466]}, "properties": {"highway": "street_lamp"}, "geohash": "tuwtqufju"},{"type": "Feature", "geometry": {"type": "Point", "coordinates": [88.1908615, 26.2629854]}, "properties": {"highway": "street_lamp"}, "geohash": "tuwtqv48u"},{"type": "Feature", "geometry": {"type": "Point", "coordinates": [88.1910896, 26.2631666]}, "properties": {"highway": "street_lamp"}, "geohash": "tuwtqv4f1"},{"type": "Feature", "geometry": {"type": "Point", "coordinates": [88.1906419, 26.2627973]}, "properties": {"highway": "street_lamp"}, "geohash": "tuwtqufry"},{"type": "Feature", "geometry": {"type": "Point", "coordinates": [88.1904219, 26.2626588]}, "properties": {"highway": "street_lamp"}, "geohash": "tuwtqufr1"},{"type": "Feature", "geometry": {"type": "Point", "coordinates": [88.1898467, 26.2621497]}, "properties": {"highway": "street_lamp"}, "geohash": "tuwtqucuh"},{"type": "Feature", "geometry": {"type": "Point", "coordinates": [88.1832875, 26.2570417]}, "properties": {"highway": "street_lamp", "lamp_mount": "bent_mast"}, "geohash": "tuwtqevn7"},{"type": "Feature", "geometry": {"type": "Point", "coordinates": [88.1830967, 26.2568817]}, "properties": {"highway": "street_lamp", "lamp_mount": "bent_mast"}, "geohash": "tuwtqeuvr"},{"type": "Feature", "geometry": {"type": "Point", "coordinates": [88.1828297, 26.2566772]}, "properties": {"highway": "street_lamp", "lamp_mount": "bent_mast"}, "geohash": "tuwtqeuu0"},{"type": "Feature", "geometry": {"type": "Point", "coordinates": [88.1838199, 26.2578208]}, "properties": {"highway": "street_lamp"}, "geohash": "tuwtqsj6z"},{"type": "Feature", "geometry": {"type": "Point", "coordinates": [88.181072, 26.2551023]}, "properties": {"highway": "street_lamp", "power": "pole"}, "geohash": "tuwtqee7p"},{"type": "Feature", "geometry": {"type": "Point", "coordinates": [88.1841736, 26.2546222]}, "properties": {"highway": "street_lamp", "power": "pole"}, "geohash": "tuwtqetb2"},{"type": "Feature", "geometry": {"type": "Point", "coordinates": [88.1834939, 26.2546969]}, "properties": {"highway": "street_lamp", "power": "pole"}, "geohash": "tuwtqet28"},{"type": "Feature", "geometry": {"type": "Point", "coordinates": [88.182999, 26.254759]}, "properties": {"highway": "street_lamp", "power": "pole"}, "geohash": "tuwtqesch"},{"type": "Feature", "geometry": {"type": "Point", "coordinates": [88.1825564, 26.25484]}, "properties": {"highway": "street_lamp", "power": "pole"}, "geohash": "tuwtqes9d"},{"type": "Feature", "geometry": {"type": "Point", "coordinates": [88.1849033, 26.2545173]}, "properties": {"highway": "street_lamp", "power": "pole"}, "geohash": "tuwtqeqr9"},{"type": "Feature", "geometry": {"type": "Point", "coordinates": [88.1803138, 26.2546962]}, "properties": {"highway": "street_lamp", "power": "pole"}, "geohash": "tuwtqedbw"},{"type": "Feature", "geometry": {"type": "Point", "coordinates": [88.1879878, 26.2560306]}, "properties": {"highway": "street_lamp", "power": "pole"}, "geohash": "tuwtqgb83"},{"type": "Feature", "geometry": {"type": "Point", "coordinates": [88.2178125, 26.2752721]}, "properties": {"highway": "street_lamp", "lamp_mount": "bent_mast"}, "geohash": "tuwtrrq28"},{"type": "Feature", "geometry": {"type": "Point", "coordinates": [88.2177898, 26.2756051]}, "properties": {"highway": "street_lamp", "lamp_mount": "bent_mast"}, "geohash": "tuwtrrq4r"},{"type": "Feature", "geometry": {"type": "Point", "coordinates": [88.2178998, 26.2734271]}, "properties": {"direction": "270", "highway": "street_lamp", "lamp_mount": "bent_mast"}, "geohash": "tuwtrqymf"},{"type": "Feature", "geometry": {"type": "Point", "coordinates": [88.2179469, 26.2728082]}, "properties": {"direction": "270", "highway": "street_lamp", "lamp_mount": "bent_mast"}, "geohash": "tuwtrqy65"},{"type": "Feature", "geometry": {"type": "Point", "coordinates": [88.2177718, 26.2759219]}, "properties": {"highway": "street_lamp", "lamp_mount": "bent_mast"}, "geohash": "tuwtrrqhr"},{"type": "Feature", "geometry": {"type": "Point", "coordinates": [88.2178341, 26.274434]}, "properties": {"direction": "270", "highway": "street_lamp", "lamp_mount": "bent_mast"}, "geohash": "tuwtrrn78"},{"type": "Feature", "geometry": {"type": "Point", "coordinates": [88.21783, 26.2746517]}, "properties": {"direction": "270", "highway": "street_lamp", "lamp_mount": "bent_mast"}, "geohash": "tuwtrrnkb"},{"type": "Feature", "geometry": {"type": "Point", "coordinates": [88.2178778, 26.2737693]}, "properties": {"direction": "270", "highway": "street_lamp", "lamp_mount": "bent_mast"}, "geohash": "tuwtrqyrc"},{"type": "Feature", "geometry": {"type": "Point", "coordinates": [88.2178359, 26.2749575]}, "properties": {"highway": "street_lamp", "lamp_mount": "bent_mast"}, "geohash": "tuwtrrnq8"},{"type": "Feature", "geometry": {"type": "Point", "coordinates": [88.2178609, 26.2740055]}, "properties": {"direction": "270", "highway": "street_lamp", "lamp_mount": "bent_mast"}, "geohash": "tuwtrrn31"},{"type": "Feature", "geometry": {"type": "Point", "coordinates": [88.2178478, 26.2742053]}, "properties": {"direction": "270", "highway": "street_lamp", "lamp_mount": "bent_mast"}, "geohash": "tuwtrrn62"},{"type": "Feature", "geometry": {"type": "Point", "coordinates": [88.2177604, 26.2762536]}, "properties": {"highway": "street_lamp", "lamp_mount": "bent_mast"}, "geohash": "tuwtrrqnq"},{"type": "Feature", "geometry": {"type": "Point", "coordinates": [88.2179232, 26.2731112]}, "properties": {"direction": "270", "highway": "street_lamp", "lamp_mount": "bent_mast"}, "geohash": "tuwtrqy7f"},{"type": "Feature", "geometry": {"type": "Point", "coordinates": [88.2177341, 26.2765672]}, "properties": {"highway": "street_lamp", "lamp_mount": "bent_mast"}, "geohash": "tuwtrrw0n"},{"type": "Feature", "geometry": {"type": "Point", "coordinates": [88.2179033, 26.2742081]}, "properties": {"direction": "90", "highway": "street_lamp", "lamp_mount": "bent_mast"}, "geohash": "tuwtrrn66"},{"type": "Feature", "geometry": {"type": "Point", "coordinates": [88.2180001, 26.2728096]}, "properties": {"direction": "90", "highway": "street_lamp", "lamp_mount": "bent_mast"}, "geohash": "tuwtrqy6h"},{"type": "Feature", "geometry": {"type": "Point", "coordinates": [88.2178907, 26.2744372]}, "properties": {"direction": "90", "highway": "street_lamp", "lamp_mount": "bent_mast"}, "geohash": "tuwtrrn79"},{"type": "Feature", "geometry": {"type": "Point", "coordinates": [88.2180384, 26.2719176]}, "properties": {"highway": "street_lamp", "lamp_mount": "bent_mast"}, "geohash": "tuwtrqwmj"},{"type": "Feature", "geometry": {"type": "Point", "coordinates": [88.2179937, 26.2725202]}, "properties": {"highway": "street_lamp", "lamp_mount": "bent_mast"}, "geohash": "tuwtrqy2s"},{"type": "Feature", "geometry": {"type": "Point", "coordinates": [88.2179582, 26.2734299]}, "properties": {"direction": "90", "highway": "street_lamp", "lamp_mount": "bent_mast"}, "geohash": "tuwtrqymg"},{"type": "Feature", "geometry": {"type": "Point", "coordinates": [88.2178704, 26.2746544]}, "properties": {"direction": "90", "highway": "street_lamp", "lamp_mount": "bent_mast"}, "geohash": "tuwtrrnkc"},{"type": "Feature", "geometry": {"type": "Point", "coordinates": [88.2179355, 26.273771]}, "properties": {"direction": "90", "highway": "street_lamp", "lamp_mount": "bent_mast"}, "geohash": "tuwtrqyrf"},{"type": "Feature", "geometry": {"type": "Point", "coordinates": [88.217981, 26.2731123]}, "properties": {"direction": "90", "highway": "street_lamp", "lamp_mount": "bent_mast"}, "geohash": "tuwtrqy7g"},{"type": "Feature", "geometry": {"type": "Point", "coordinates": [88.21792, 26.2740073]}, "properties": {"direction": "90", "highway": "street_lamp", "lamp_mount": "bent_mast"}, "geohash": "tuwtrrn34"},{"type": "Feature", "geometry": {"type": "Point", "coordinates": [88.2180162, 26.272243]}, "properties": {"highway": "street_lamp", "lamp_mount": "bent_mast"}, "geohash": "tuwtrqwqu"},{"type": "Feature", "geometry": {"type": "Point", "coordinates": [88.203261, 26.243337]}, "properties": {"highway": "street_lamp", "lamp_mount": "bent_mast"}, "geohash": "tuwtr17ws"},{"type": "Feature", "geometry": {"type": "Point", "coordinates": [88.2175996, 26.2624263]}, "properties": {"highway": "street_lamp", "lamp_mount": "bent_mast"}, "geohash": "tuwtrkyje"},{"type": "Feature", "geometry": {"type": "Point", "coordinates": [88.2158636, 26.2592676]}, "properties": {"highway": "street_lamp", "lamp_mount": "bent_mast"}, "geohash": "tuwtrkkg6"},{"type": "Feature", "geometry": {"type": "Point", "coordinates": [88.2174833, 26.2620352]}, "properties": {"highway": "street_lamp", "lamp_mount": "bent_mast"}, "geohash": "tuwtrky52"},{"type": "Feature", "geometry": {"type": "Point", "coordinates": [88.2152447, 26.258713]}, "properties": {"highway": "street_lamp", "lamp_mount": "bent_mast"}, "geohash": "tuwtrkk2h"},{"type": "Feature", "geometry": {"type": "Point", "coordinates": [88.2077013, 26.2513598]}, "properties": {"direction": "300", "highway": "street_lamp", "lamp_mount": "bent_mast"}, "geohash": "tuwtr4yvk"},{"type": "Feature", "geometry": {"type": "Point", "coordinates": [88.2169548, 26.2607246]}, "properties": {"highway": "street_lamp", "lamp_mount": "bent_mast"}, "geohash": "tuwtrkteu"},{"type": "Feature", "geometry": {"type": "Point", "coordinates": [88.215666, 26.2590832]}, "properties": {"highway": "street_lamp", "lamp_mount": "bent_mast"}, "geohash": "tuwtrkkdn"},{"type": "Feature", "geometry": {"type": "Point", "coordinates": [88.1996549, 26.2397956]}, "properties": {"highway": "street_lamp", "lamp_mount": "bent_mast"}, "geohash": "tuwtr0c1b"},{"type": "Feature", "geometry": {"type": "Point", "coordinates": [88.2148403, 26.2583683]}, "properties": {"highway": "street_lamp", "lamp_mount": "bent_mast"}, "geohash": "tuwtrkhn4"},{"type": "Feature", "geometry": {"type": "Point", "coordinates": [88.2023095, 26.2423985]}, "properties": {"highway": "street_lamp", "lamp_mount": "bent_mast"}, "geohash": "tuwtr16cn"},{"type": "Feature", "geometry": {"type": "Point", "coordinates": [88.218207, 26.2696203]}, "properties": {"highway": "street_lamp", "lamp_mount": "bent_mast"}, "geohash": "tuwtrqnx9"},{"type": "Feature", "geometry": {"type": "Point", "coordinates": [88.2177501, 26.2629161]}, "properties": {"highway": "street_lamp", "lamp_mount": "bent_mast"}, "geohash": "tuwtrmn0w"},{"type": "Feature", "geometry": {"type": "Point", "coordinates": [88.2068092, 26.2495455]}, "properties": {"highway": "street_lamp", "lamp_mount": "bent_mast"}, "geohash": "tuwtr4w4x"},{"type": "Feature", "geometry": {"type": "Point", "coordinates": [88.2188744, 26.2796324]}, "properties": {"highway": "street_lamp", "lamp_mount": "bent_mast"}, "geohash": "tuwtx2p1b"},{"type": "Feature", "geometry": {"type": "Point", "coordinates": [88.2175396, 26.2622313]}, "properties": {"highway": "street_lamp", "lamp_mount": "bent_mast"}, "geohash": "tuwtrkyh9"},{"type": "Feature", "geometry": {"type": "Point", "coordinates": [88.2199607, 26.2806514]}, "properties": {"highway": "street_lamp", "lamp_mount": "bent_mast"}, "geohash": "tuwtx2pzf"},{"type": "Feature", "geometry": {"type": "Point", "coordinates": [88.2182586, 26.2688126]}, "properties": {"highway": "street_lamp", "lamp_mount": "bent_mast"}, "geohash": "tuwtrqndf"},{"type": "Feature", "geometry": {"type": "Point", "coordinates": [88.2164308, 26.259932]}, "properties": {"highway": "street_lamp", "lamp_mount": "bent_mast"}, "geohash": "tuwtrkmpp"},{"type": "Feature", "geometry": {"type": "Point", "coordinates": [88.215456, 26.2588856]}, "properties": {"highway": "street_lamp", "lamp_mount": "bent_mast"}, "geohash": "tuwtrkk91"},{"type": "Feature", "geometry": {"type": "Point", "coordinates": [88.2173706, 26.2616679]}, "properties": {"highway": "street_lamp", "lamp_mount": "bent_mast"}, "geohash": "tuwtrkvcm"},{"type": "Feature", "geometry": {"type": "Point", "coordinates": [88.2017999, 26.2419091]}, "properties": {"highway": "street_lamp", "lamp_mount": "bent_mast"}, "geohash": "tuwtr14w4"},{"type": "Feature", "geometry": {"type": "Point", "coordinates": [88.2003341, 26.2404649]}, "properties": {"highway": "street_lamp", "lamp_mount": "bent_mast"}, "geohash": "tuwtr0ctb"},{"type": "Feature", "geometry": {"type": "Point", "coordinates": [88.2165909, 26.2601561]}, "properties": {"highway": "street_lamp", "lamp_mount": "bent_mast"}, "geohash": "tuwtrkt27"},{"type": "Feature", "geometry": {"type": "Point", "coordinates": [88.2167185, 26.2603377]}, "properties": {"highway": "street_lamp", "lamp_mount": "bent_mast"}, "geohash": "tuwtrkt3w"},{"type": "Feature", "geometry": {"type": "Point", "coordinates": [88.2076245, 26.2510742]}, "properties": {"direction": "110", "highway": "street_lamp", "lamp_mount": "bent_mast"}, "geohash": "tuwtr4ygd"},{"type": "Feature", "geometry": {"type": "Point", "coordinates": [88.2066017, 26.2491179]}, "properties": {"highway": "street_lamp", "lamp_mount": "bent_mast"}, "geohash": "tuwtr4w04"},{"type": "Feature", "geometry": {"type": "Point", "coordinates": [88.2038122, 26.2439672]}, "properties": {"highway": "street_lamp", "lamp_mount": "bent_mast"}, "geohash": "tuwtr1s41"},{"type": "Feature", "geometry": {"type": "Point", "coordinates": [88.2069394, 26.24979]}, "properties": {"highway": "street_lamp", "lamp_mount": "bent_mast"}, "geohash": "tuwtr4wk4"},{"type": "Feature", "geometry": {"type": "Point", "coordinates": [88.2089446, 26.2533615]}, "properties": {"highway": "street_lamp", "lamp_mount": "bent_mast"}, "geohash": "tuwtr5rbc"},{"type": "Feature", "geometry": {"type": "Point", "coordinates": [88.2184908, 26.2792074]}, "properties": {"highway": "street_lamp", "lamp_mount": "bent_mast"}, "geohash": "tuwtrryxr"},{"type": "Feature", "geometry": {"type": "Point", "coordinates": [88.2082282, 26.252309]}, "properties": {"highway": "street_lamp", "lamp_mount": "bent_mast"}, "geohash": "tuwtr5p6b"},{"type": "Feature", "geometry": {"type": "Point", "coordinates": [88.2026685, 26.2427504]}, "properties": {"highway": "street_lamp", "lamp_mount": "bent_mast"}, "geohash": "tuwtr175p"},{"type": "Feature", "geometry": {"type": "Point", "coordinates": [88.2008815, 26.2410149]}, "properties": {"highway": "street_lamp", "lamp_mount": "bent_mast"}, "geohash": "tuwtr11bv"},{"type": "Feature", "geometry": {"type": "Point", "coordinates": [88.2087506, 26.2531215]}, "properties": {"highway": "street_lamp", "lamp_mount": "bent_mast"}, "geohash": "tuwtr5pxs"},{"type": "Feature", "geometry": {"type": "Point", "coordinates": [88.2019115, 26.2420126]}, "properties": {"highway": "street_lamp", "lamp_mount": "bent_mast"}, "geohash": "tuwtr14wv"},{"type": "Feature", "geometry": {"type": "Point", "coordinates": [88.2091322, 26.2535525]}, "properties": {"highway": "street_lamp", "lamp_mount": "bent_mast"}, "geohash": "tuwtr5rfj"},{"type": "Feature", "geometry": {"type": "Point", "coordinates": [88.2042102, 26.2445325]}, "properties": {"highway": "street_lamp", "lamp_mount": "bent_mast"}, "geohash": "tuwtr1sm7"},{"type": "Feature", "geometry": {"type": "Point", "coordinates": [88.2083839, 26.2525884]}, "properties": {"highway": "street_lamp", "lamp_mount": "bent_mast"}, "geohash": "tuwtr5pkk"},{"type": "Feature", "geometry": {"type": "Point", "coordinates": [88.2030762, 26.2431465]}, "properties": {"highway": "street_lamp", "lamp_mount": "bent_mast"}, "geohash": "tuwtr17t2"},{"type": "Feature", "geometry": {"type": "Point", "coordinates": [88.2181221, 26.2707342]}, "properties": {"highway": "street_lamp", "lamp_mount": "bent_mast"}, "geohash": "tuwtrqqqp"},{"type": "Feature", "geometry": {"type": "Point", "coordinates": [88.2078685, 26.2515637]}, "properties": {"direction": "110", "highway": "street_lamp", "lamp_mount": "bent_mast"}, "geohash": "tuwtr4zn2"},{"type": "Feature", "geometry": {"type": "Point", "coordinates": [88.2177866, 26.2630538]}, "properties": {"highway": "street_lamp", "lamp_mount": "bent_mast"}, "geohash": "tuwtrmn1r"},{"type": "Feature", "geometry": {"type": "Point", "coordinates": [88.2012255, 26.2413443]}, "properties": {"highway": "street_lamp", "lamp_mount": "bent_mast"}, "geohash": "tuwtr144v"},{"type": "Feature", "geometry": {"type": "Point", "coordinates": [88.2070502, 26.2500225]}, "properties": {"highway": "street_lamp", "lamp_mount": "bent_mast"}, "geohash": "tuwtr4wmm"},{"type": "Feature", "geometry": {"type": "Point", "coordinates": [88.2177081, 26.262779]}, "properties": {"highway": "street_lamp", "lamp_mount": "bent_mast"}, "geohash": "tuwtrkypv"},{"type": "Feature", "geometry": {"type": "Point", "coordinates": [88.2067055, 26.249327]}, "properties": {"highway": "street_lamp", "lamp_mount": "bent_mast"}, "geohash": "tuwtr4w1m"},{"type": "Feature", "geometry": {"type": "Point", "coordinates": [88.2036497, 26.2437651]}, "properties": {"highway": "street_lamp", "lamp_mount": "bent_mast"}, "geohash": "tuwtr1ecn"},{"type": "Feature", "geometry": {"type": "Point", "coordinates": [88.2074221, 26.2507519]}, "properties": {"highway": "street_lamp", "lamp_mount": "bent_mast"}, "geohash": "tuwtr4y9t"},{"type": "Feature", "geometry": {"type": "Point", "coordinates": [88.203947, 26.2441547]}, "properties": {"highway": "street_lamp", "lamp_mount": "bent_mast"}, "geohash": "tuwtr1s5k"},{"type": "Feature", "geometry": {"type": "Point", "coordinates": [88.2010606, 26.2411795]}, "properties": {"highway": "street_lamp", "lamp_mount": "bent_mast"}, "geohash": "tuwtr141c"},{"type": "Feature", "geometry": {"type": "Point", "coordinates": [88.1998274, 26.2399729]}, "properties": {"highway": "street_lamp", "lamp_mount": "bent_mast"}, "geohash": "tuwtr0c4u"},{"type": "Feature", "geometry": {"type": "Point", "coordinates": [88.2075794, 26.2511313]}, "properties": {"direction": "300", "highway": "street_lamp", "lamp_mount": "bent_mast"}, "geohash": "tuwtr4ygc"},{"type": "Feature", "geometry": {"type": "Point", "coordinates": [88.2180936, 26.2711308]}, "properties": {"highway": "street_lamp", "lamp_mount": "bent_mast"}, "geohash": "tuwtrqw2q"},{"type": "Feature", "geometry": {"type": "Point", "coordinates": [88.2081057, 26.2520664]}, "properties": {"highway": "street_lamp", "lamp_mount": "bent_mast"}, "geohash": "tuwtr5p1m"},{"type": "Feature", "geometry": {"type": "Point", "coordinates": [88.2168383, 26.2605274]}, "properties": {"highway": "street_lamp", "lamp_mount": "bent_mast"}, "geohash": "tuwtrktd9"},{"type": "Feature", "geometry": {"type": "Point", "coordinates": [88.2013877, 26.2414947]}, "properties": {"highway": "street_lamp", "lamp_mount": "bent_mast"}, "geohash": "tuwtr147c"},{"type": "Feature", "geometry": {"type": "Point", "coordinates": [88.2146272, 26.2581706]}, "properties": {"highway": "street_lamp", "lamp_mount": "bent_mast"}, "geohash": "tuwtrk5uv"},{"type": "Feature", "geometry": {"type": "Point", "coordinates": [88.2171837, 26.2612084]}, "properties": {"highway": "street_lamp", "lamp_mount": "bent_mast"}, "geohash": "tuwtrkty9"},{"type": "Feature", "geometry": {"type": "Point", "coordinates": [88.2193195, 26.2800717]}, "properties": {"direction": "220", "highway": "street_lamp", "lamp_mount": "bent_mast"}, "geohash": "tuwtx2pke"},{"type": "Feature", "geometry": {"type": "Point", "coordinates": [88.220254, 26.2809151]}, "properties": {"highway": "street_lamp", "lamp_mount": "bent_mast"}, "geohash": "tuwtx8212"},{"type": "Feature", "geometry": {"type": "Point", "coordinates": [88.2190989, 26.279861]}, "properties": {"direction": "45", "highway": "street_lamp", "lamp_mount": "bent_mast"}, "geohash": "tuwtx2p5m"},{"type": "Feature", "geometry": {"type": "Point", "coordinates": [88.2005168, 26.2406385]}, "properties": {"highway": "street_lamp", "lamp_mount": "bent_mast"}, "geohash": "tuwtr0cwv"},{"type": "Feature", "geometry": {"type": "Point", "coordinates": [88.208555, 26.2528526]}, "properties": {"highway": "street_lamp", "lamp_mount": "bent_mast"}, "geohash": "tuwtr5ptb"},{"type": "Feature", "geometry": {"type": "Point", "coordinates": [88.2180516, 26.2717105]}, "properties": {"highway": "street_lamp", "lamp_mount": "bent_mast"}, "geohash": "tuwtrqw7v"},{"type": "Feature", "geometry": {"type": "Point", "coordinates": [88.202474, 26.242557]}, "properties": {"highway": "street_lamp", "lamp_mount": "bent_mast"}, "geohash": "tuwtr171f"},{"type": "Feature", "geometry": {"type": "Point", "coordinates": [88.2015452, 26.2416574]}, "properties": {"highway": "street_lamp", "lamp_mount": "bent_mast"}, "geohash": "tuwtr14ks"},{"type": "Feature", "geometry": {"type": "Point", "coordinates": [88.2160621, 26.2594791]}, "properties": {"highway": "street_lamp", "lamp_mount": "bent_mast"}, "geohash": "tuwtrkkux"},{"type": "Feature", "geometry": {"type": "Point", "coordinates": [88.2093431, 26.2537651]}, "properties": {"highway": "street_lamp", "lamp_mount": "bent_mast"}, "geohash": "tuwtr7256"},{"type": "Feature", "geometry": {"type": "Point", "coordinates": [88.2040869, 26.2443473]}, "properties": {"highway": "street_lamp", "lamp_mount": "bent_mast"}, "geohash": "tuwtr1sk2"},{"type": "Feature", "geometry": {"type": "Point", "coordinates": [88.2028752, 26.2429489]}, "properties": {"highway": "street_lamp", "lamp_mount": "bent_mast"}, "geohash": "tuwtr17k7"},{"type": "Feature", "geometry": {"type": "Point", "coordinates": [88.2001492, 26.2402852]}, "properties": {"highway": "street_lamp", "lamp_mount": "bent_mast"}, "geohash": "tuwtr0cks"},{"type": "Feature", "geometry": {"type": "Point", "coordinates": [88.207731, 26.2512983]}, "properties": {"direction": "110", "highway": "street_lamp", "lamp_mount": "bent_mast"}, "geohash": "tuwtr4yuv"},{"type": "Feature", "geometry": {"type": "Point", "coordinates": [88.2078596, 26.2516649]}, "properties": {"direction": "300", "highway": "street_lamp", "lamp_mount": "bent_mast"}, "geohash": "tuwtr4zp0"},{"type": "Feature", "geometry": {"type": "Point", "coordinates": [88.1994936, 26.239626]}, "properties": {"highway": "street_lamp", "lamp_mount": "bent_mast"}, "geohash": "tuwtr0bbv"},{"type": "Feature", "geometry": {"type": "Point", "coordinates": [88.2162577, 26.2597129]}, "properties": {"highway": "street_lamp", "lamp_mount": "bent_mast"}, "geohash": "tuwtrkmjg"},{"type": "Feature", "geometry": {"type": "Point", "coordinates": [88.2080049, 26.2518299]}, "properties": {"direction": "110", "highway": "street_lamp", "lamp_mount": "bent_mast"}, "geohash": "tuwtr4zpg"},{"type": "Feature", "geometry": {"type": "Point", "coordinates": [88.2181518, 26.270364]}, "properties": {"highway": "street_lamp", "lamp_mount": "bent_mast"}, "geohash": "tuwtrqq7z"},{"type": "Feature", "geometry": {"type": "Point", "coordinates": [88.2020234, 26.2421154]}, "properties": {"highway": "street_lamp", "lamp_mount": "bent_mast"}, "geohash": "tuwtr14z2"},{"type": "Feature", "geometry": {"type": "Point", "coordinates": [88.2174293, 26.26186]}, "properties": {"highway": "street_lamp", "lamp_mount": "bent_mast"}, "geohash": "tuwtrkvfr"},{"type": "Feature", "geometry": {"type": "Point", "coordinates": [88.2079562, 26.2518489]}, "properties": {"direction": "300", "highway": "street_lamp", "lamp_mount": "bent_mast"}, "geohash": "tuwtr5p04"},{"type": "Feature", "geometry": {"type": "Point", "coordinates": [88.2180743, 26.2714442]}, "properties": {"highway": "street_lamp", "lamp_mount": "bent_mast"}, "geohash": "tuwtrqw6q"},{"type": "Feature", "geometry": {"type": "Point", "coordinates": [88.2007124, 26.240838]}, "properties": {"highway": "street_lamp", "lamp_mount": "bent_mast"}, "geohash": "tuwtr0czc"},{"type": "Feature", "geometry": {"type": "Point", "coordinates": [88.2170331, 26.2608862]}, "properties": {"highway": "street_lamp", "lamp_mount": "bent_mast"}, "geohash": "tuwtrktsv"},{"type": "Feature", "geometry": {"type": "Point", "coordinates": [88.2176636, 26.2626221]}, "properties": {"highway": "street_lamp", "lamp_mount": "bent_mast"}, "geohash": "tuwtrkynu"},{"type": "Feature", "geometry": {"type": "Point", "coordinates": [88.2150612, 26.2585505]}, "properties": {"highway": "street_lamp", "lamp_mount": "bent_mast"}, "geohash": "tuwtrkhpp"},{"type": "Feature", "geometry": {"type": "Point", "coordinates": [88.2095738, 26.25397]}, "properties": {"highway": "street_lamp", "lamp_mount": "bent_mast"}, "geohash": "tuwtr72k2"},{"type": "Feature", "geometry": {"type": "Point", "coordinates": [88.2021667, 26.2422663]}, "properties": {"highway": "street_lamp", "lamp_mount": "bent_mast"}, "geohash": "tuwtr16b7"},{"type": "Feature", "geometry": {"type": "Point", "coordinates": [88.2034557, 26.2435409]}, "properties": {"highway": "street_lamp", "lamp_mount": "bent_mast"}, "geohash": "tuwtr17z9"},{"type": "Feature", "geometry": {"type": "Point", "coordinates": [88.2072173, 26.2503566]}, "properties": {"highway": "street_lamp", "lamp_mount": "bent_mast"}, "geohash": "tuwtr4wx3"},{"type": "Feature", "geometry": {"type": "Point", "coordinates": [88.2016845, 26.241793]}, "properties": {"highway": "street_lamp", "lamp_mount": "bent_mast"}, "geohash": "tuwtr14t8"},{"type": "Feature", "geometry": {"type": "Point", "coordinates": [88.2186747, 26.2794275]}, "properties": {"highway": "street_lamp", "lamp_mount": "bent_mast"}, "geohash": "tuwtx2nbu"},{"type": "Feature", "geometry": {"type": "Point", "coordinates": [88.1993477, 26.2394801]}, "properties": {"highway": "street_lamp", "lamp_mount": "bent_mast"}, "geohash": "tuwtr0bb1"},{"type": "Feature", "geometry": {"type": "Point", "coordinates": [88.2181693, 26.2700948]}, "properties": {"highway": "street_lamp", "lamp_mount": "bent_mast"}, "geohash": "tuwtrqqd2"},{"type": "Feature", "geometry": {"type": "Point", "coordinates": [88.2170987, 26.2610164]}, "properties": {"highway": "street_lamp", "lamp_mount": "bent_mast"}, "geohash": "tuwtrkttx"},{"type": "Feature", "geometry": {"type": "Point", "coordinates": [88.1999617, 26.2401102]}, "properties": {"highway": "street_lamp", "lamp_mount": "bent_mast"}, "geohash": "tuwtr0c78"},{"type": "Feature", "geometry": {"type": "Point", "coordinates": [88.217289, 26.2614581]}, "properties": {"highway": "street_lamp", "lamp_mount": "bent_mast"}, "geohash": "tuwtrkvb5"},{"type": "Feature", "geometry": {"type": "Point", "coordinates": [88.2197561, 26.2804702]}, "properties": {"highway": "street_lamp", "lamp_mount": "bent_mast"}, "geohash": "tuwtx2pwv"},{"type": "Feature", "geometry": {"type": "Point", "coordinates": [88.1867049, 26.2345843]}, "properties": {"highway": "street_lamp", "lamp_mount": "bent_mast"}, "geohash": "tuwtnxzee"},{"type": "Feature", "geometry": {"type": "Point", "coordinates": [88.1949148, 26.2353287]}, "properties": {"highway": "street_lamp", "lamp_mount": "bent_mast"}, "geohash": "tuwtnzvxf"},{"type": "Feature", "geometry": {"type": "Point", "coordinates": [88.1932718, 26.2347455]}, "properties": {"highway": "street_lamp", "lamp_mount": "bent_mast"}, "geohash": "tuwtnzukk"},{"type": "Feature", "geometry": {"type": "Point", "coordinates": [88.1877842, 26.2346073]}, "properties": {"highway": "street_lamp", "lamp_mount": "bent_mast"}, "geohash": "tuwtnzb7s"},{"type": "Feature", "geometry": {"type": "Point", "coordinates": [88.1912703, 26.2346641]}, "properties": {"highway": "street_lamp", "lamp_mount": "bent_mast"}, "geohash": "tuwtnzfgv"},{"type": "Feature", "geometry": {"type": "Point", "coordinates": [88.190964, 26.2346573]}, "properties": {"highway": "street_lamp", "lamp_mount": "bent_mast"}, "geohash": "tuwtnzfey"},{"type": "Feature", "geometry": {"type": "Point", "coordinates": [88.1897688, 26.2346391]}, "properties": {"highway": "street_lamp", "lamp_mount": "bent_mast"}, "geohash": "tuwtnzcgf"},{"type": "Feature", "geometry": {"type": "Point", "coordinates": [88.194601, 26.2351576]}, "properties": {"highway": "street_lamp", "lamp_mount": "bent_mast"}, "geohash": "tuwtnzvqg"},{"type": "Feature", "geometry": {"type": "Point", "coordinates": [88.1926026, 26.234693]}, "properties": {"highway": "street_lamp", "lamp_mount": "bent_mast"}, "geohash": "tuwtnzguh"},{"type": "Feature", "geometry": {"type": "Point", "coordinates": [88.188796, 26.2346271]}, "properties": {"highway": "street_lamp", "lamp_mount": "bent_mast"}, "geohash": "tuwtnzc5g"},{"type": "Feature", "geometry": {"type": "Point", "coordinates": [88.1928444, 26.2347051]}, "properties": {"highway": "street_lamp", "lamp_mount": "bent_mast"}, "geohash": "tuwtnzuh4"},{"type": "Feature", "geometry": {"type": "Point", "coordinates": [88.1915771, 26.2346716]}, "properties": {"highway": "street_lamp", "lamp_mount": "bent_mast"}, "geohash": "tuwtnzghh"},{"type": "Feature", "geometry": {"type": "Point", "coordinates": [88.1934866, 26.2347822]}, "properties": {"highway": "street_lamp", "lamp_mount": "bent_mast"}, "geohash": "tuwtnzus9"},{"type": "Feature", "geometry": {"type": "Point", "coordinates": [88.1869647, 26.2345923]}, "properties": {"highway": "street_lamp", "lamp_mount": "bent_mast"}, "geohash": "tuwtnxzg9"},{"type": "Feature", "geometry": {"type": "Point", "coordinates": [88.1874874, 26.2345955]}, "properties": {"highway": "street_lamp", "lamp_mount": "bent_mast"}, "geohash": "tuwtnzb5t"},{"type": "Feature", "geometry": {"type": "Point", "coordinates": [88.1906509, 26.2346571]}, "properties": {"highway": "street_lamp", "lamp_mount": "bent_mast"}, "geohash": "tuwtnzf7z"},{"type": "Feature", "geometry": {"type": "Point", "coordinates": [88.1919094, 26.2346838]}, "properties": {"highway": "street_lamp", "lamp_mount": "bent_mast"}, "geohash": "tuwtnzgkh"},{"type": "Feature", "geometry": {"type": "Point", "coordinates": [88.1944118, 26.2350661]}, "properties": {"highway": "street_lamp", "lamp_mount": "bent_mast"}, "geohash": "tuwtnzvnq"},{"type": "Feature", "geometry": {"type": "Point", "coordinates": [88.193938, 26.2348933]}, "properties": {"highway": "street_lamp", "lamp_mount": "bent_mast"}, "geohash": "tuwtnzuv7"},{"type": "Feature", "geometry": {"type": "Point", "coordinates": [88.1937042, 26.2348269]}, "properties": {"highway": "street_lamp", "lamp_mount": "bent_mast"}, "geohash": "tuwtnzusy"},{"type": "Feature", "geometry": {"type": "Point", "coordinates": [88.1890651, 26.2346346]}, "properties": {"highway": "street_lamp", "lamp_mount": "bent_mast"}, "geohash": "tuwtnzc7f"},{"type": "Feature", "geometry": {"type": "Point", "coordinates": [88.1880362, 26.2346116]}, "properties": {"highway": "street_lamp", "lamp_mount": "bent_mast"}, "geohash": "tuwtnzbed"},{"type": "Feature", "geometry": {"type": "Point", "coordinates": [88.1882858, 26.2346175]}, "properties": {"highway": "street_lamp", "lamp_mount": "bent_mast"}, "geohash": "tuwtnzbex"},{"type": "Feature", "geometry": {"type": "Point", "coordinates": [88.1903448, 26.2346497]}, "properties": {"highway": "street_lamp", "lamp_mount": "bent_mast"}, "geohash": "tuwtnzf5z"},{"type": "Feature", "geometry": {"type": "Point", "coordinates": [88.1947727, 26.2352496]}, "properties": {"highway": "street_lamp", "lamp_mount": "bent_mast"}, "geohash": "tuwtnzvrr"},{"type": "Feature", "geometry": {"type": "Point", "coordinates": [88.1930612, 26.2347217]}, "properties": {"highway": "street_lamp", "lamp_mount": "bent_mast"}, "geohash": "tuwtnzuhr"},{"type": "Feature", "geometry": {"type": "Point", "coordinates": [88.1885372, 26.2346249]}, "properties": {"highway": "street_lamp", "lamp_mount": "bent_mast"}, "geohash": "tuwtnzbgv"},{"type": "Feature", "geometry": {"type": "Point", "coordinates": [88.1921369, 26.2346816]}, "properties": {"highway": "street_lamp", "lamp_mount": "bent_mast"}, "geohash": "tuwtnzgs1"},{"type": "Feature", "geometry": {"type": "Point", "coordinates": [88.1941801, 26.2349754]}, "properties": {"highway": "street_lamp", "lamp_mount": "bent_mast"}, "geohash": "tuwtnzvjc"},{"type": "Feature", "geometry": {"type": "Point", "coordinates": [88.1900602, 26.2346411]}, "properties": {"highway": "street_lamp", "lamp_mount": "bent_mast"}, "geohash": "tuwtnzf5c"},{"type": "Feature", "geometry": {"type": "Point", "coordinates": [88.1923719, 26.2346845]}, "properties": {"highway": "street_lamp", "lamp_mount": "bent_mast"}, "geohash": "tuwtnzgsp"},{"type": "Feature", "geometry": {"type": "Point", "coordinates": [88.1893384, 26.2346314]}, "properties": {"highway": "street_lamp", "lamp_mount": "bent_mast"}, "geohash": "tuwtnzceb"},{"type": "Feature", "geometry": {"type": "Point", "coordinates": [88.1872323, 26.2346003]}, "properties": {"highway": "street_lamp", "lamp_mount": "bent_mast"}, "geohash": "tuwtnxzgx"},{"type": "Feature", "geometry": {"type": "Point", "coordinates": [88.1895652, 26.2346376]}, "properties": {"highway": "street_lamp", "lamp_mount": "bent_mast"}, "geohash": "tuwtnzcev"},{"type": "Feature", "geometry": {"type": "Point", "coordinates": [88.1849129, 26.2687699]}, "properties": {"direction": "110", "highway": "street_lamp", "lamp_mount": "bent_mast"}, "geohash": "tuwtqwn69"},{"type": "Feature", "geometry": {"type": "Point", "coordinates": [88.1851361, 26.2692125]}, "properties": {"direction": "110", "highway": "street_lamp", "lamp_mount": "bent_mast"}, "geohash": "tuwtqwnmq"},{"type": "Feature", "geometry": {"type": "Point", "coordinates": [88.1847669, 26.2684586]}, "properties": {"direction": "110", "highway": "street_lamp", "lamp_mount": "bent_mast"}, "geohash": "tuwtqwn0y"},{"type": "Feature", "geometry": {"type": "Point", "coordinates": [88.1848438, 26.2686183]}, "properties": {"direction": "110", "highway": "street_lamp", "lamp_mount": "bent_mast"}, "geohash": "tuwtqwn1z"},{"type": "Feature", "geometry": {"type": "Point", "coordinates": [88.1846923, 26.2682978]}, "properties": {"direction": "110", "highway": "street_lamp", "lamp_mount": "bent_mast"}, "geohash": "tuwtqtypu"},{"type": "Feature", "geometry": {"type": "Point", "coordinates": [88.1845892, 26.268095]}, "properties": {"direction": "110", "highway": "street_lamp", "lamp_mount": "bent_mast"}, "geohash": "tuwtqtyn9"},{"type": "Feature", "geometry": {"type": "Point", "coordinates": [88.1850595, 26.2690547]}, "properties": {"direction": "110", "highway": "street_lamp", "lamp_mount": "bent_mast"}, "geohash": "tuwtqwnkk"},{"type": "Feature", "geometry": {"type": "Point", "coordinates": [88.1844939, 26.2679009]}, "properties": {"direction": "110", "highway": "street_lamp", "lamp_mount": "bent_mast"}, "geohash": "tuwtqtvvx"},{"type": "Feature", "geometry": {"type": "Point", "coordinates": [88.1849929, 26.2689209]}, "properties": {"direction": "110", "highway": "street_lamp", "lamp_mount": "bent_mast"}, "geohash": "tuwtqwn7e"},{"type": "Feature", "geometry": {"type": "Point", "coordinates": [88.1867236, 26.2723561]}, "properties": {"direction": "110", "highway": "street_lamp", "lamp_mount": "bent_mast"}, "geohash": "tuwtqwxxe"},{"type": "Feature", "geometry": {"type": "Point", "coordinates": [88.1857292, 26.2703675]}, "properties": {"direction": "110", "highway": "street_lamp", "lamp_mount": "bent_mast"}, "geohash": "tuwtqwqgu"},{"type": "Feature", "geometry": {"type": "Point", "coordinates": [88.1863412, 26.2715752]}, "properties": {"direction": "110", "highway": "street_lamp", "lamp_mount": "bent_mast"}, "geohash": "tuwtqwx74"},{"type": "Feature", "geometry": {"type": "Point", "coordinates": [88.1860503, 26.2709986]}, "properties": {"direction": "110", "highway": "street_lamp", "lamp_mount": "bent_mast"}, "geohash": "tuwtqwrpe"},{"type": "Feature", "geometry": {"type": "Point", "coordinates": [88.1855658, 26.2700531]}, "properties": {"direction": "110", "highway": "street_lamp", "lamp_mount": "bent_mast"}, "geohash": "tuwtqwqf0"},{"type": "Feature", "geometry": {"type": "Point", "coordinates": [88.1858111, 26.2705344]}, "properties": {"direction": "110", "highway": "street_lamp", "lamp_mount": "bent_mast"}, "geohash": "tuwtqwquy"},{"type": "Feature", "geometry": {"type": "Point", "coordinates": [88.1861417, 26.271177]}, "properties": {"direction": "110", "highway": "street_lamp", "lamp_mount": "bent_mast"}, "geohash": "tuwtqwx0w"},{"type": "Feature", "geometry": {"type": "Point", "coordinates": [88.1864359, 26.2717641]}, "properties": {"direction": "110", "highway": "street_lamp", "lamp_mount": "bent_mast"}, "geohash": "tuwtqwxkh"},{"type": "Feature", "geometry": {"type": "Point", "coordinates": [88.1862434, 26.2713924]}, "properties": {"direction": "110", "highway": "street_lamp", "lamp_mount": "bent_mast"}, "geohash": "tuwtqwx3b"},{"type": "Feature", "geometry": {"type": "Point", "coordinates": [88.1859522, 26.2708013]}, "properties": {"direction": "110", "highway": "street_lamp", "lamp_mount": "bent_mast"}, "geohash": "tuwtqwrn9"},{"type": "Feature", "geometry": {"type": "Point", "coordinates": [88.185651, 26.2702162]}, "properties": {"direction": "110", "highway": "street_lamp", "lamp_mount": "bent_mast"}, "geohash": "tuwtqwqg4"},{"type": "Feature", "geometry": {"type": "Point", "coordinates": [88.1866421, 26.272167]}, "properties": {"direction": "110", "highway": "street_lamp", "lamp_mount": "bent_mast"}, "geohash": "tuwtqwxw3"},{"type": "Feature", "geometry": {"type": "Point", "coordinates": [88.1868043, 26.272517]}, "properties": {"direction": "110", "highway": "street_lamp", "lamp_mount": "bent_mast"}, "geohash": "tuwtqwz8t"},{"type": "Feature", "geometry": {"type": "Point", "coordinates": [88.1865359, 26.2719587]}, "properties": {"direction": "110", "highway": "street_lamp", "lamp_mount": "bent_mast"}, "geohash": "tuwtqwxmr"},{"type": "Feature", "geometry": {"type": "Point", "coordinates": [88.1859574, 26.2701809]}, "properties": {"direction": "295", "highway": "street_lamp", "lamp_mount": "bent_mast"}, "geohash": "tuwtqwr4c"},{"type": "Feature", "geometry": {"type": "Point", "coordinates": [88.1870787, 26.272418]}, "properties": {"direction": "295", "highway": "street_lamp", "lamp_mount": "bent_mast"}, "geohash": "tuwtqwxzg"},{"type": "Feature", "geometry": {"type": "Point", "coordinates": [88.1867659, 26.2717985]}, "properties": {"direction": "295", "highway": "street_lamp", "lamp_mount": "bent_mast"}, "geohash": "tuwtqwxsk"},{"type": "Feature", "geometry": {"type": "Point", "coordinates": [88.1871717, 26.2725981]}, "properties": {"direction": "295", "highway": "street_lamp", "lamp_mount": "bent_mast"}, "geohash": "tuwtqwzby"},{"type": "Feature", "geometry": {"type": "Point", "coordinates": [88.1866744, 26.2716217]}, "properties": {"direction": "295", "highway": "street_lamp", "lamp_mount": "bent_mast"}, "geohash": "tuwtqwxe6"},{"type": "Feature", "geometry": {"type": "Point", "coordinates": [88.1853267, 26.2689116]}, "properties": {"direction": "295", "highway": "street_lamp", "lamp_mount": "bent_mast"}, "geohash": "tuwtqwnee"},{"type": "Feature", "geometry": {"type": "Point", "coordinates": [88.1863378, 26.2709329]}, "properties": {"direction": "295", "highway": "street_lamp", "lamp_mount": "bent_mast"}, "geohash": "tuwtqwrr6"},{"type": "Feature", "geometry": {"type": "Point", "coordinates": [88.1868387, 26.2719492]}, "properties": {"direction": "295", "highway": "street_lamp", "lamp_mount": "bent_mast"}, "geohash": "tuwtqwxtn"},{"type": "Feature", "geometry": {"type": "Point", "coordinates": [88.1870174, 26.2722913]}, "properties": {"direction": "295", "highway": "street_lamp", "lamp_mount": "bent_mast"}, "geohash": "tuwtqwxz4"},{"type": "Feature", "geometry": {"type": "Point", "coordinates": [88.1864253, 26.2711045]}, "properties": {"direction": "295", "highway": "street_lamp", "lamp_mount": "bent_mast"}, "geohash": "tuwtqwx2k"},{"type": "Feature", "geometry": {"type": "Point", "coordinates": [88.1869278, 26.2721147]}, "properties": {"direction": "295", "highway": "street_lamp", "lamp_mount": "bent_mast"}, "geohash": "tuwtqwxy0"},{"type": "Feature", "geometry": {"type": "Point", "coordinates": [88.1862516, 26.2707636]}, "properties": {"direction": "295", "highway": "street_lamp", "lamp_mount": "bent_mast"}, "geohash": "tuwtqwrq2"},{"type": "Feature", "geometry": {"type": "Point", "coordinates": [88.1864945, 26.2712481]}, "properties": {"direction": "295", "highway": "street_lamp", "lamp_mount": "bent_mast"}, "geohash": "tuwtqwx3n"},{"type": "Feature", "geometry": {"type": "Point", "coordinates": [88.1856945, 26.2696478]}, "properties": {"direction": "295", "highway": "street_lamp", "lamp_mount": "bent_mast"}, "geohash": "tuwtqwnzg"},{"type": "Feature", "geometry": {"type": "Point", "coordinates": [88.1865662, 26.2714107]}, "properties": {"direction": "295", "highway": "street_lamp", "lamp_mount": "bent_mast"}, "geohash": "tuwtqwx6p"},{"type": "Feature", "geometry": {"type": "Point", "coordinates": [88.1858046, 26.2698617]}, "properties": {"direction": "295", "highway": "street_lamp", "lamp_mount": "bent_mast"}, "geohash": "tuwtqwqcn"},{"type": "Feature", "geometry": {"type": "Point", "coordinates": [88.1857164, 26.2691269]}, "properties": {"highway": "street_lamp", "lamp_mount": "high_mast"}, "geohash": "tuwtqwnuu"},{"type": "Feature", "geometry": {"type": "Point", "coordinates": [88.1852568, 26.2693285]}, "properties": {"highway": "street_lamp", "lamp_mount": "bent_mast"}, "geohash": "tuwtqwntc"},{"type": "Feature", "geometry": {"type": "Point", "coordinates": [88.1792689, 26.2566369]}, "properties": {"highway": "street_lamp", "power": "pole"}, "geohash": "tuwtqef5v"},{"type": "Feature", "geometry": {"type": "Point", "coordinates": [88.1878522, 26.2604565]}, "properties": {"highway": "street_lamp"}, "geohash": "tuwtqu86j"},{"type": "Feature", "geometry": {"type": "Point", "coordinates": [88.1861183, 26.2704969]}, "properties": {"direction": "295", "highway": "street_lamp", "lamp_mount": "bent_mast"}, "geohash": "tuwtqwrht"},{"type": "Feature", "geometry": {"type": "Point", "coordinates": [88.1860461, 26.2703528]}, "properties": {"direction": "295", "highway": "street_lamp", "lamp_mount": "bent_mast"}, "geohash": "tuwtqwr5g"},{"type": "Feature", "geometry": {"type": "Point", "coordinates": [88.1866411, 26.2558876]}, "properties": {"highway": "street_lamp"}, "geohash": "tuwtqexx9"},{"type": "Feature", "geometry": {"type": "Point", "coordinates": [88.1865812, 26.2560281]}, "properties": {"highway": "street_lamp"}, "geohash": "tuwtqez82"},{"type": "Feature", "geometry": {"type": "Point", "coordinates": [88.1865574, 26.2559087]}, "properties": {"highway": "street_lamp"}, "geohash": "tuwtqexrz"},{"type": "Feature", "geometry": {"type": "Point", "coordinates": [88.1865921, 26.255887]}, "properties": {"highway": "street_lamp"}, "geohash": "tuwtqexx8"},{"type": "Feature", "geometry": {"type": "Point", "coordinates": [88.1880151, 26.2534265]}, "properties": {"highway": "street_lamp"}, "geohash": "tuwtqg293"},{"type": "Feature", "geometry": {"type": "Point", "coordinates": [88.1886685, 26.2533454]}, "properties": {"highway": "street_lamp"}, "geohash": "tuwtqg30b"},{"type": "Feature", "geometry": {"type": "Point", "coordinates": [84.8547476, 25.5480544]}, "properties": {"highway": "street_lamp", "lamp_mount": "straight_mast"}, "geohash": "tus36fvk4"},{"type": "Feature", "geometry": {"type": "Point", "coordinates": [84.8550067, 25.5482147]}, "properties": {"highway": "street_lamp", "lamp_mount": "straight_mast"}, "geohash": "tus36fvt0"},{"type": "Feature", "geometry": {"type": "Point", "coordinates": [84.8549171, 25.5481562]}, "properties": {"highway": "street_lamp", "lamp_mount": "straight_mast"}, "geohash": "tus36fvky"},{"type": "Feature", "geometry": {"type": "Point", "coordinates": [84.8547911, 25.5479822]}, "properties": {"highway": "street_lamp", "lamp_mount": "straight_mast"}, "geohash": "tus36fv7g"},{"type": "Feature", "geometry": {"type": "Point", "coordinates": [84.8557616, 25.5458913]}, "properties": {"highway": "street_lamp", "lamp_mount": "bent_mast", "lamp_type": "led", "ref": "223"}, "geohash": "tus36fqpd"},{"type": "Feature", "geometry": {"type": "Point", "coordinates": [84.8511311, 25.5453443]}, "properties": {"highway": "street_lamp", "lamp_mount": "bent_mast", "lamp_type": "led"}, "geohash": "tus36f6sq"},{"type": "Feature", "geometry": {"type": "Point", "coordinates": [84.855637, 25.545145]}, "properties": {"highway": "street_lamp", "lamp_mount": "bent_mast", "lamp_type": "led", "ref": "243"}, "geohash": "tus36fmgr"},{"type": "Feature", "geometry": {"type": "Point", "coordinates": [84.8550048, 25.544244]}, "properties": {"highway": "street_lamp", "lamp_mount": "bent_mast", "lamp_type": "led", "ref": "248"}, "geohash": "tus36fjw0"},{"type": "Feature", "geometry": {"type": "Point", "coordinates": [84.8512617, 25.5455321]}, "properties": {"highway": "street_lamp", "lamp_mount": "bent_mast", "lamp_type": "led"}, "geohash": "tus36f6v9"},{"type": "Feature", "geometry": {"type": "Point", "coordinates": [84.8514021, 25.5456952]}, "properties": {"highway": "street_lamp", "lamp_mount": "bent_mast", "lamp_type": "led"}, "geohash": "tus36f6yk"},{"type": "Feature", "geometry": {"type": "Point", "coordinates": [84.8543516, 25.5468211]}, "properties": {"highway": "street_lamp", "lamp_mount": "bent_mast", "lamp_type": "led", "ref": "230"}, "geohash": "tus36ftj1"},{"type": "Feature", "geometry": {"type": "Point", "coordinates": [84.8547412, 25.5465751]}, "properties": {"highway": "street_lamp", "lamp_mount": "bent_mast", "lamp_type": "led", "ref": "228"}, "geohash": "tus36ft7d"},{"type": "Feature", "geometry": {"type": "Point", "coordinates": [84.8540412, 25.5445738]}, "properties": {"highway": "street_lamp", "lamp_mount": "bent_mast", "lamp_type": "led", "ref": "252"}, "geohash": "tus36fhzf"},{"type": "Feature", "geometry": {"type": "Point", "coordinates": [84.8518281, 25.5462395]}, "properties": {"highway": "street_lamp", "lamp_mount": "bent_mast", "lamp_type": "led"}, "geohash": "tus36fe1w"},{"type": "Feature", "geometry": {"type": "Point", "coordinates": [84.8553644, 25.54585]}, "properties": {"highway": "street_lamp", "lamp_mount": "bent_mast", "lamp_type": "led", "ref": "240"}, "geohash": "tus36fmz3"},{"type": "Feature", "geometry": {"type": "Point", "coordinates": [84.8539641, 25.5455789]}, "properties": {"highway": "street_lamp", "lamp_mount": "bent_mast", "lamp_type": "led", "ref": "257"}, "geohash": "tus36fkvb"},{"type": "Feature", "geometry": {"type": "Point", "coordinates": [84.8538631, 25.5449665]}, "properties": {"highway": "street_lamp", "lamp_mount": "bent_mast", "lamp_type": "led", "ref": "254"}, "geohash": "tus36fkdn"},{"type": "Feature", "geometry": {"type": "Point", "coordinates": [84.8533428, 25.5474748]}, "properties": {"highway": "street_lamp", "lamp_mount": "bent_mast", "lamp_type": "led", "ref": "311"}, "geohash": "tus36fu2f"},{"type": "Feature", "geometry": {"type": "Point", "coordinates": [84.8549927, 25.5460581]}, "properties": {"highway": "street_lamp", "lamp_mount": "bent_mast", "lamp_type": "led", "ref": "238"}, "geohash": "tus36ft88"},{"type": "Feature", "geometry": {"type": "Point", "coordinates": [84.8538738, 25.5453765]}, "properties": {"highway": "street_lamp", "lamp_mount": "bent_mast", "lamp_type": "led", "ref": "256"}, "geohash": "tus36fksw"},{"type": "Feature", "geometry": {"type": "Point", "coordinates": [84.8545219, 25.5442132]}, "properties": {"highway": "street_lamp", "lamp_mount": "bent_mast", "lamp_type": "led", "ref": "250"}, "geohash": "tus36fjjv"},{"type": "Feature", "geometry": {"type": "Point", "coordinates": [84.8559206, 25.5451848]}, "properties": {"highway": "street_lamp", "lamp_mount": "bent_mast", "lamp_type": "led", "ref": "216"}, "geohash": "tus36fq5q"},{"type": "Feature", "geometry": {"type": "Point", "coordinates": [84.8553669, 25.5456679]}, "properties": {"highway": "street_lamp", "lamp_mount": "bent_mast", "lamp_type": "led"}, "geohash": "tus36fmy3"},{"type": "Feature", "geometry": {"type": "Point", "coordinates": [84.8556008, 25.5454345]}, "properties": {"highway": "street_lamp", "lamp_mount": "bent_mast", "lamp_type": "led", "ref": "242"}, "geohash": "tus36fmuy"},{"type": "Feature", "geometry": {"type": "Point", "coordinates": [84.8544865, 25.5460678]}, "properties": {"highway": "street_lamp", "lamp_mount": "bent_mast", "lamp_type": "led", "ref": "236"}, "geohash": "tus36ft0s"},{"type": "Feature", "geometry": {"type": "Point", "coordinates": [84.8554544, 25.5445061]}, "properties": {"highway": "street_lamp", "lamp_mount": "bent_mast", "lamp_type": "led", "ref": "246"}, "geohash": "tus36fjze"},{"type": "Feature", "geometry": {"type": "Point", "coordinates": [84.8560025, 25.5456089]}, "properties": {"highway": "street_lamp", "lamp_mount": "bent_mast", "lamp_type": "led", "ref": "218"}, "geohash": "tus36fqmb"},{"type": "Feature", "geometry": {"type": "Point", "coordinates": [84.8555081, 25.5456228]}, "properties": {"highway": "street_lamp", "lamp_mount": "bent_mast", "lamp_type": "led", "ref": "241"}, "geohash": "tus36fmyh"},{"type": "Feature", "geometry": {"type": "Point", "coordinates": [84.8551573, 25.5462915]}, "properties": {"highway": "street_lamp", "lamp_mount": "bent_mast", "lamp_type": "led", "ref": "226"}, "geohash": "tus36ft9u"},{"type": "Feature", "geometry": {"type": "Point", "coordinates": [84.8558823, 25.5457984]}, "properties": {"highway": "street_lamp", "lamp_mount": "bent_mast", "lamp_type": "led", "ref": "222"}, "geohash": "tus36fqpj"},{"type": "Feature", "geometry": {"type": "Point", "coordinates": [84.8523823, 25.5469709]}, "properties": {"highway": "street_lamp", "lamp_mount": "bent_mast", "lamp_type": "led"}, "geohash": "tus36fetg"},{"type": "Feature", "geometry": {"type": "Point", "coordinates": [84.8539277, 25.5447739]}, "properties": {"highway": "street_lamp", "lamp_mount": "bent_mast", "lamp_type": "led", "ref": "253"}, "geohash": "tus36fk9p"},{"type": "Feature", "geometry": {"type": "Point", "coordinates": [84.8556104, 25.5449941]}, "properties": {"highway": "street_lamp", "lamp_mount": "bent_mast", "lamp_type": "led", "ref": "244"}, "geohash": "tus36fmfr"},{"type": "Feature", "geometry": {"type": "Point", "coordinates": [84.8538619, 25.5451875]}, "properties": {"highway": "street_lamp", "lamp_mount": "bent_mast", "lamp_type": "led", "ref": "255"}, "geohash": "tus36fkew"},{"type": "Feature", "geometry": {"type": "Point", "coordinates": [84.8529522, 25.5476702]}, "properties": {"highway": "street_lamp", "lamp_mount": "bent_mast", "lamp_type": "led"}, "geohash": "tus36fu1c"},{"type": "Feature", "geometry": {"type": "Point", "coordinates": [84.8559711, 25.5454175]}, "properties": {"highway": "street_lamp", "lamp_mount": "bent_mast", "lamp_type": "led", "ref": "217"}, "geohash": "tus36fqhz"},{"type": "Feature", "geometry": {"type": "Point", "coordinates": [84.8541393, 25.5469516]}, "properties": {"highway": "street_lamp", "lamp_mount": "bent_mast", "lamp_type": "led", "ref": "307"}, "geohash": "tus36fsvu"},{"type": "Feature", "geometry": {"type": "Point", "coordinates": [84.851537, 25.5458786]}, "properties": {"highway": "street_lamp", "lamp_mount": "bent_mast", "lamp_type": "led"}, "geohash": "tus36f7p8"},{"type": "Feature", "geometry": {"type": "Point", "coordinates": [84.855183, 25.5459775]}, "properties": {"highway": "street_lamp", "lamp_mount": "bent_mast", "lamp_type": "led", "ref": "239"}, "geohash": "tus36ft8j"},{"type": "Feature", "geometry": {"type": "Point", "coordinates": [84.8545398, 25.5466926]}, "properties": {"highway": "street_lamp", "lamp_mount": "bent_mast", "lamp_type": "led", "ref": "229"}, "geohash": "tus36fthq"},{"type": "Feature", "geometry": {"type": "Point", "coordinates": [84.8542643, 25.5443207]}, "properties": {"highway": "street_lamp", "lamp_mount": "bent_mast", "lamp_type": "led", "ref": "251"}, "geohash": "tus36fhyr"},{"type": "Feature", "geometry": {"type": "Point", "coordinates": [84.853125, 25.547597]}, "properties": {"highway": "street_lamp", "lamp_mount": "bent_mast", "lamp_type": "led", "ref": "312"}, "geohash": "tus36fu1t"},{"type": "Feature", "geometry": {"type": "Point", "coordinates": [84.8526583, 25.5473174]}, "properties": {"highway": "street_lamp", "lamp_mount": "bent_mast", "lamp_type": "led"}, "geohash": "tus36fezf"},{"type": "Feature", "geometry": {"type": "Point", "coordinates": [84.8555753, 25.5460128]}, "properties": {"highway": "street_lamp", "lamp_mount": "bent_mast", "lamp_type": "led", "ref": "224"}, "geohash": "tus36ftbq"},{"type": "Feature", "geometry": {"type": "Point", "coordinates": [84.8525147, 25.5471393]}, "properties": {"highway": "street_lamp", "lamp_mount": "bent_mast", "lamp_type": "led"}, "geohash": "tus36fewy"},{"type": "Feature", "geometry": {"type": "Point", "coordinates": [84.8539366, 25.5470935]}, "properties": {"highway": "street_lamp", "lamp_mount": "bent_mast", "lamp_type": "led", "ref": "308"}, "geohash": "tus36fsy8"},{"type": "Feature", "geometry": {"type": "Point", "coordinates": [84.8535276, 25.547342]}, "properties": {"highway": "street_lamp", "lamp_mount": "bent_mast", "lamp_type": "led", "ref": "310"}, "geohash": "tus36fu2n"},{"type": "Feature", "geometry": {"type": "Point", "coordinates": [84.8539063, 25.5455113]}, "properties": {"highway": "street_lamp", "lamp_mount": "high_mast", "lamp_type": "led"}, "geohash": "tus36fktr"},{"type": "Feature", "geometry": {"type": "Point", "coordinates": [84.8519647, 25.546426]}, "properties": {"highway": "street_lamp", "lamp_mount": "bent_mast", "lamp_type": "led"}, "geohash": "tus36fe6d"},{"type": "Feature", "geometry": {"type": "Point", "coordinates": [84.8537404, 25.5472186]}, "properties": {"highway": "street_lamp", "lamp_mount": "bent_mast", "lamp_type": "led", "ref": "309"}, "geohash": "tus36fsx7"},{"type": "Feature", "geometry": {"type": "Point", "coordinates": [84.8547488, 25.5460936]}, "properties": {"highway": "street_lamp", "lamp_mount": "bent_mast", "lamp_type": "led", "ref": "237"}, "geohash": "tus36ft2f"},{"type": "Feature", "geometry": {"type": "Point", "coordinates": [84.8552553, 25.5443072]}, "properties": {"highway": "street_lamp", "lamp_mount": "bent_mast", "lamp_type": "led", "ref": "247"}, "geohash": "tus36fjwq"},{"type": "Feature", "geometry": {"type": "Point", "coordinates": [84.8509958, 25.5451748]}, "properties": {"highway": "street_lamp", "lamp_mount": "bent_mast", "lamp_type": "led"}, "geohash": "tus36f6e7"},{"type": "Feature", "geometry": {"type": "Point", "coordinates": [84.8549582, 25.5464343]}, "properties": {"highway": "street_lamp", "lamp_mount": "bent_mast", "lamp_type": "led", "ref": "227"}, "geohash": "tus36ft6z"},{"type": "Feature", "geometry": {"type": "Point", "coordinates": [84.8547607, 25.5441985]}, "properties": {"highway": "street_lamp", "lamp_mount": "bent_mast", "lamp_type": "led", "ref": "249"}, "geohash": "tus36fjme"},{"type": "Feature", "geometry": {"type": "Point", "coordinates": [84.8540876, 25.5457919]}, "properties": {"highway": "street_lamp", "lamp_mount": "bent_mast", "lamp_type": "led", "ref": "258"}, "geohash": "tus36fkz5"},{"type": "Feature", "geometry": {"type": "Point", "coordinates": [84.8549565, 25.5459684]}, "properties": {"highway": "street_lamp", "lamp_mount": "straight_mast", "lamp_type": "led"}, "geohash": "tus36ft2p"},{"type": "Feature", "geometry": {"type": "Point", "coordinates": [84.8520925, 25.5466002]}, "properties": {"highway": "street_lamp", "lamp_mount": "bent_mast", "lamp_type": "led"}, "geohash": "tus36fe7t"},{"type": "Feature", "geometry": {"type": "Point", "coordinates": [84.8516861, 25.5460631]}, "properties": {"highway": "street_lamp", "lamp_mount": "bent_mast", "lamp_type": "led"}, "geohash": "tus36fe0e"},{"type": "Feature", "geometry": {"type": "Point", "coordinates": [84.8553552, 25.5461608]}, "properties": {"highway": "street_lamp", "lamp_mount": "bent_mast", "lamp_type": "led", "ref": "225"}, "geohash": "tus36ftc1"},{"type": "Feature", "geometry": {"type": "Point", "coordinates": [84.8555677, 25.5447355]}, "properties": {"highway": "street_lamp", "lamp_mount": "bent_mast", "lamp_type": "led", "ref": "245"}, "geohash": "tus36fmby"},{"type": "Feature", "geometry": {"type": "Point", "coordinates": [84.8522434, 25.5467886]}, "properties": {"highway": "street_lamp", "lamp_mount": "bent_mast", "lamp_type": "led"}, "geohash": "tus36fesb"},{"type": "Feature", "geometry": {"type": "Point", "coordinates": [84.8543022, 25.5459767]}, "properties": {"highway": "street_lamp", "lamp_mount": "bent_mast", "lamp_type": "led", "ref": "235"}, "geohash": "tus36ft00"},{"type": "Feature", "geometry": {"type": "Point", "coordinates": [84.8522723, 25.5408727]}, "properties": {"highway": "street_lamp", "lamp_mount": "bent_mast", "lamp_type": "led"}, "geohash": "tus36ced3"},{"type": "Feature", "geometry": {"type": "Point", "coordinates": [84.8522371, 25.5414596]}, "properties": {"highway": "street_lamp", "lamp_mount": "bent_mast", "lamp_type": "led"}, "geohash": "tus36cetb"},{"type": "Feature", "geometry": {"type": "Point", "coordinates": [84.8522324, 25.5415886]}, "properties": {"highway": "street_lamp", "lamp_mount": "bent_mast", "lamp_type": "led"}, "geohash": "tus36cew8"},{"type": "Feature", "geometry": {"type": "Point", "coordinates": [84.8540803, 25.5420563]}, "properties": {"highway": "street_lamp", "lamp_mount": "bent_mast", "lamp_type": "led"}, "geohash": "tus36cuc7"},{"type": "Feature", "geometry": {"type": "Point", "coordinates": [84.852279, 25.5407672]}, "properties": {"highway": "street_lamp", "lamp_mount": "bent_mast", "lamp_type": "led"}, "geohash": "tus36ce9c"},{"type": "Feature", "geometry": {"type": "Point", "coordinates": [84.850853, 25.5405719]}, "properties": {"highway": "street_lamp", "lamp_mount": "bent_mast", "lamp_type": "led", "ref": "198"}, "geohash": "tus36cd88"},{"type": "Feature", "geometry": {"type": "Point", "coordinates": [84.8544626, 25.5418571]}, "properties": {"highway": "street_lamp", "lamp_mount": "bent_mast", "lamp_type": "led", "ref": "90"}, "geohash": "tus36cv0h"},{"type": "Feature", "geometry": {"type": "Point", "coordinates": [84.8522079, 25.5419763]}, "properties": {"highway": "street_lamp", "lamp_mount": "bent_mast", "lamp_type": "led"}, "geohash": "tus36cg2z"},{"type": "Feature", "geometry": {"type": "Point", "coordinates": [84.8542073, 25.5419865]}, "properties": {"highway": "street_lamp", "lamp_mount": "bent_mast", "lamp_type": "led"}, "geohash": "tus36cuby"},{"type": "Feature", "geometry": {"type": "Point", "coordinates": [84.8538122, 25.5421022]}, "properties": {"highway": "street_lamp", "lamp_mount": "bent_mast", "lamp_type": "led"}, "geohash": "tus36cu9t"},{"type": "Feature", "geometry": {"type": "Point", "coordinates": [84.8547292, 25.5422408]}, "properties": {"highway": "street_lamp", "lamp_mount": "bent_mast", "lamp_type": "led", "ref": "88"}, "geohash": "tus36cv66"},{"type": "Feature", "geometry": {"type": "Point", "coordinates": [84.8545936, 25.5420624]}, "properties": {"highway": "street_lamp", "lamp_mount": "bent_mast", "lamp_type": "led", "ref": "89"}, "geohash": "tus36cv1r"},{"type": "Feature", "geometry": {"type": "Point", "coordinates": [84.8519624, 25.540614]}, "properties": {"highway": "street_lamp", "lamp_mount": "bent_mast", "lamp_type": "led", "ref": "203"}, "geohash": "tus36ce2f"},{"type": "Feature", "geometry": {"type": "Point", "coordinates": [84.8536335, 25.5421016]}, "properties": {"highway": "street_lamp", "lamp_mount": "bent_mast", "lamp_type": "led"}, "geohash": "tus36cu98"},{"type": "Feature", "geometry": {"type": "Point", "coordinates": [84.853183, 25.5420878]}, "properties": {"highway": "street_lamp", "lamp_mount": "bent_mast", "lamp_type": "led"}, "geohash": "tus36cu1q"},{"type": "Feature", "geometry": {"type": "Point", "coordinates": [84.8522629, 25.5409841]}, "properties": {"highway": "street_lamp", "lamp_mount": "bent_mast", "lamp_type": "led"}, "geohash": "tus36cee1"},{"type": "Feature", "geometry": {"type": "Point", "coordinates": [84.8539592, 25.5421049]}, "properties": {"highway": "street_lamp", "lamp_mount": "bent_mast", "lamp_type": "led"}, "geohash": "tus36cuc8"},{"type": "Feature", "geometry": {"type": "Point", "coordinates": [84.8522252, 25.5417219]}, "properties": {"highway": "street_lamp", "lamp_mount": "bent_mast", "lamp_type": "led"}, "geohash": "tus36cex2"},{"type": "Feature", "geometry": {"type": "Point", "coordinates": [84.8521061, 25.5406209]}, "properties": {"highway": "street_lamp", "lamp_mount": "bent_mast", "lamp_type": "led", "ref": "204"}, "geohash": "tus36ce2v"},{"type": "Feature", "geometry": {"type": "Point", "coordinates": [84.8510011, 25.5405827]}, "properties": {"highway": "street_lamp", "lamp_mount": "bent_mast", "lamp_type": "led", "ref": "197"}, "geohash": "tus36cd8e"},{"type": "Feature", "geometry": {"type": "Point", "coordinates": [84.8511628, 25.5405905]}, "properties": {"highway": "street_lamp", "lamp_mount": "bent_mast", "lamp_type": "led", "ref": "198"}, "geohash": "tus36cd8x"},{"type": "Feature", "geometry": {"type": "Point", "coordinates": [84.8522457, 25.5406303]}, "properties": {"highway": "street_lamp", "lamp_mount": "bent_mast", "lamp_type": "led", "ref": "205"}, "geohash": "tus36ce8b"},{"type": "Feature", "geometry": {"type": "Point", "coordinates": [84.8518067, 25.5406125]}, "properties": {"highway": "street_lamp", "lamp_mount": "bent_mast", "lamp_type": "led", "ref": "202"}, "geohash": "tus36ce0y"},{"type": "Feature", "geometry": {"type": "Point", "coordinates": [84.8522405, 25.541204]}, "properties": {"highway": "street_lamp", "lamp_mount": "bent_mast", "lamp_type": "led"}, "geohash": "tus36ces2"},{"type": "Feature", "geometry": {"type": "Point", "coordinates": [84.8513046, 25.5405985]}, "properties": {"highway": "street_lamp", "lamp_mount": "bent_mast", "lamp_type": "led", "ref": "199"}, "geohash": "tus36cdbf"},{"type": "Feature", "geometry": {"type": "Point", "coordinates": [84.8554852, 25.5433719]}, "properties": {"highway": "street_lamp", "lamp_mount": "bent_mast", "lamp_type": "led", "ref": "82"}, "geohash": "tus36fjbu"},{"type": "Feature", "geometry": {"type": "Point", "coordinates": [84.8514334, 25.5406184]}, "properties": {"highway": "street_lamp", "lamp_mount": "bent_mast", "lamp_type": "led", "ref": "200"}, "geohash": "tus36cdbv"},{"type": "Feature", "geometry": {"type": "Point", "coordinates": [84.8522545, 25.5410838]}, "properties": {"highway": "street_lamp", "lamp_mount": "bent_mast", "lamp_type": "led"}, "geohash": "tus36cee8"},{"type": "Feature", "geometry": {"type": "Point", "coordinates": [84.8522411, 25.5413313]}, "properties": {"highway": "street_lamp", "lamp_mount": "bent_mast", "lamp_type": "led"}, "geohash": "tus36cet0"},{"type": "Feature", "geometry": {"type": "Point", "coordinates": [84.8522194, 25.5418527]}, "properties": {"highway": "street_lamp", "lamp_mount": "bent_mast", "lamp_type": "led"}, "geohash": "tus36cg80"},{"type": "Feature", "geometry": {"type": "Point", "coordinates": [84.8516701, 25.5406094]}, "properties": {"highway": "street_lamp", "lamp_mount": "bent_mast", "lamp_type": "led", "ref": "201"}, "geohash": "tus36ce0g"},{"type": "Feature", "geometry": {"type": "Point", "coordinates": [84.8555405, 25.5435952]}, "properties": {"highway": "street_lamp", "lamp_mount": "bent_mast", "lamp_type": "led", "ref": "81"}, "geohash": "tus36fjfj"},{"type": "Feature", "geometry": {"type": "Point", "coordinates": [84.8524181, 25.5406298]}, "properties": {"highway": "street_lamp", "lamp_mount": "bent_mast", "lamp_type": "led", "ref": "206"}, "geohash": "tus36ce8u"},{"type": "Feature", "geometry": {"type": "Point", "coordinates": [84.8519874, 25.5332586]}, "properties": {"highway": "street_lamp", "lamp_mount": "bent_mast", "lamp_type": "led", "ref": "024"}, "geohash": "tus36b5q4"},{"type": "Feature", "geometry": {"type": "Point", "coordinates": [84.8490166, 25.5402953]}, "properties": {"highway": "street_lamp", "lamp_mount": "bent_mast", "lamp_type": "led", "ref": "143"}, "geohash": "tus36c3pj"},{"type": "Feature", "geometry": {"type": "Point", "coordinates": [84.8491745, 25.5405198]}, "properties": {"highway": "street_lamp", "lamp_mount": "bent_mast", "lamp_type": "led", "ref": "140"}, "geohash": "tus36c923"},{"type": "Feature", "geometry": {"type": "Point", "coordinates": [84.8493452, 25.5405226]}, "properties": {"highway": "street_lamp", "lamp_mount": "bent_mast", "lamp_type": "led", "ref": "139"}, "geohash": "tus36c92m"},{"type": "Feature", "geometry": {"type": "Point", "coordinates": [84.8486142, 25.5401157]}, "properties": {"highway": "street_lamp", "lamp_mount": "bent_mast", "lamp_type": "led", "ref": "146"}, "geohash": "tus36c2vu"},{"type": "Feature", "geometry": {"type": "Point", "coordinates": [84.8490608, 25.5404566]}, "properties": {"highway": "street_lamp", "lamp_mount": "bent_mast", "lamp_type": "led", "ref": "141"}, "geohash": "tus36c3py"},{"type": "Feature", "geometry": {"type": "Point", "coordinates": [84.8487593, 25.5400449]}, "properties": {"highway": "street_lamp", "lamp_mount": "bent_mast", "lamp_type": "led", "ref": "145"}, "geohash": "tus36c2vx"},{"type": "Feature", "geometry": {"type": "Point", "coordinates": [84.8484912, 25.5401991]}, "properties": {"highway": "street_lamp", "lamp_mount": "bent_mast", "lamp_type": "led", "ref": "147"}, "geohash": "tus36c2y3"},{"type": "Feature", "geometry": {"type": "Point", "coordinates": [84.849047, 25.54038]}, "properties": {"highway": "street_lamp", "lamp_mount": "bent_mast", "lamp_type": "led", "ref": "142"}, "geohash": "tus36c3pq"},{"type": "Feature", "geometry": {"type": "Point", "coordinates": [84.8489388, 25.5401594]}, "properties": {"highway": "street_lamp", "lamp_mount": "bent_mast", "lamp_type": "led", "ref": "144"}, "geohash": "tus36c3n5"},{"type": "Feature", "geometry": {"type": "Point", "coordinates": [84.8502798, 25.544236]}, "properties": {"highway": "street_lamp", "operator": "IIT Patna"}, "geohash": "tus36f4jf"},{"type": "Feature", "geometry": {"type": "Point", "coordinates": [84.8504291, 25.5444156]}, "properties": {"highway": "street_lamp", "operator": "IIT Patna"}, "geohash": "tus36f4pn"},{"type": "Feature", "geometry": {"type": "Point", "coordinates": [84.8498453, 25.5436832]}, "properties": {"highway": "street_lamp", "operator": "IIT Patna"}, "geohash": "tus36f1f8"},{"type": "Feature", "geometry": {"type": "Point", "coordinates": [84.8505733, 25.5446018]}, "properties": {"highway": "street_lamp", "operator": "IIT Patna"}, "geohash": "tus36f621"},{"type": "Feature", "geometry": {"type": "Point", "coordinates": [84.8488608, 25.5424051]}, "properties": {"highway": "street_lamp", "operator": "IIT Patna"}, "geohash": "tus36cc53"},{"type": "Feature", "geometry": {"type": "Point", "coordinates": [84.8490254, 25.5426013]}, "properties": {"highway": "street_lamp", "operator": "IIT Patna"}, "geohash": "tus36cchm"},{"type": "Feature", "geometry": {"type": "Point", "coordinates": [84.8501372, 25.5440533]}, "properties": {"highway": "street_lamp", "operator": "IIT Patna"}, "geohash": "tus36f1uz"},{"type": "Feature", "geometry": {"type": "Point", "coordinates": [84.8478709, 25.5410383]}, "properties": {"highway": "street_lamp", "operator": "IIT Patna"}, "geohash": "tus36c876"},{"type": "Feature", "geometry": {"type": "Point", "coordinates": [84.8493046, 25.5429896]}, "properties": {"highway": "street_lamp", "operator": "IIT Patna"}, "geohash": "tus36ccqs"},{"type": "Feature", "geometry": {"type": "Point", "coordinates": [84.8482228, 25.541568]}, "properties": {"highway": "street_lamp", "operator": "IIT Patna"}, "geohash": "tus36c8w6"},{"type": "Feature", "geometry": {"type": "Point", "coordinates": [84.850866, 25.5449742]}, "properties": {"highway": "street_lamp", "operator": "IIT Patna"}, "geohash": "tus36f6d2"},{"type": "Feature", "geometry": {"type": "Point", "coordinates": [84.8485824, 25.5420733]}, "properties": {"highway": "street_lamp", "operator": "IIT Patna"}, "geohash": "tus36cbc7"},{"type": "Feature", "geometry": {"type": "Point", "coordinates": [84.849995, 25.5438702]}, "properties": {"highway": "street_lamp", "operator": "IIT Patna"}, "geohash": "tus36f1gu"},{"type": "Feature", "geometry": {"type": "Point", "coordinates": [84.8507132, 25.5447809]}, "properties": {"highway": "street_lamp", "operator": "IIT Patna"}, "geohash": "tus36f63h"},{"type": "Feature", "geometry": {"type": "Point", "coordinates": [84.8494374, 25.5431649]}, "properties": {"highway": "street_lamp", "operator": "IIT Patna"}, "geohash": "tus36ccrx"},{"type": "Feature", "geometry": {"type": "Point", "coordinates": [84.8487143, 25.5422431]}, "properties": {"highway": "street_lamp", "operator": "IIT Patna"}, "geohash": "tus36cbfq"},{"type": "Feature", "geometry": {"type": "Point", "coordinates": [84.8483455, 25.5417299]}, "properties": {"highway": "street_lamp", "operator": "IIT Patna"}, "geohash": "tus36c8xm"},{"type": "Feature", "geometry": {"type": "Point", "coordinates": [84.8491567, 25.5427819]}, "properties": {"highway": "street_lamp", "operator": "IIT Patna"}, "geohash": "tus36ccm2"},{"type": "Feature", "geometry": {"type": "Point", "coordinates": [84.8478073, 25.5409444]}, "properties": {"highway": "street_lamp", "operator": "IIT Patna"}, "geohash": "tus36c86c"},{"type": "Feature", "geometry": {"type": "Point", "coordinates": [84.8480043, 25.5412342]}, "properties": {"highway": "street_lamp", "operator": "IIT Patna"}, "geohash": "tus36c8km"},{"type": "Feature", "geometry": {"type": "Point", "coordinates": [84.8497189, 25.5435127]}, "properties": {"highway": "street_lamp", "operator": "IIT Patna"}, "geohash": "tus36f19t"},{"type": "Feature", "geometry": {"type": "Point", "coordinates": [84.8495838, 25.5433532]}, "properties": {"highway": "street_lamp", "operator": "IIT Patna"}, "geohash": "tus36f18f"},{"type": "Feature", "geometry": {"type": "Point", "coordinates": [84.84847, 25.5419015]}, "properties": {"highway": "street_lamp", "operator": "IIT Patna"}, "geohash": "tus36cbb2"},{"type": "Feature", "geometry": {"type": "Point", "coordinates": [84.8502486, 25.5403403]}, "properties": {"highway": "street_lamp", "lamp_mount": "bent_mast", "lamp_type": "led", "ref": "132"}, "geohash": "tus36c6p6"},{"type": "Feature", "geometry": {"type": "Point", "coordinates": [84.8556995, 25.5442804]}, "properties": {"highway": "street_lamp", "lamp_mount": "bent_mast", "lamp_type": "led", "ref": "78"}, "geohash": "tus36fnn1"},{"type": "Feature", "geometry": {"type": "Point", "coordinates": [84.8505537, 25.5374496]}, "properties": {"highway": "street_lamp", "lamp_mount": "bent_mast", "lamp_type": "led", "ref": "136"}, "geohash": "tus36bfq3"},{"type": "Feature", "geometry": {"type": "Point", "coordinates": [84.8531501, 25.5399533]}, "properties": {"highway": "street_lamp", "lamp_mount": "bent_mast", "lamp_type": "led", "ref": "100"}, "geohash": "tus36ckjj"},{"type": "Feature", "geometry": {"type": "Point", "coordinates": [84.851054, 25.5374036]}, "properties": {"highway": "street_lamp", "lamp_mount": "bent_mast", "lamp_type": "led", "ref": "138"}, "geohash": "tus36bfwh"},{"type": "Feature", "geometry": {"type": "Point", "coordinates": [84.8533471, 25.5362676]}, "properties": {"highway": "street_lamp", "lamp_mount": "bent_mast", "lamp_type": "led", "ref": "149"}, "geohash": "tus36bsrd"},{"type": "Feature", "geometry": {"type": "Point", "coordinates": [84.8502938, 25.5391212]}, "properties": {"highway": "street_lamp", "lamp_mount": "bent_mast", "lamp_type": "led", "ref": "123"}, "geohash": "tus36c605"},{"type": "Feature", "geometry": {"type": "Point", "coordinates": [84.8539354, 25.5411067]}, "properties": {"highway": "street_lamp", "lamp_mount": "bent_mast", "lamp_type": "led", "ref": "94"}, "geohash": "tus36csg8"},{"type": "Feature", "geometry": {"type": "Point", "coordinates": [84.8530483, 25.5397936]}, "properties": {"highway": "street_lamp", "lamp_mount": "bent_mast", "lamp_type": "led", "ref": "101"}, "geohash": "tus36ckh5"},{"type": "Feature", "geometry": {"type": "Point", "coordinates": [84.8518239, 25.5386416]}, "properties": {"highway": "street_lamp", "lamp_mount": "bent_mast", "lamp_type": "led", "ref": "108"}, "geohash": "tus36c5jq"},{"type": "Feature", "geometry": {"type": "Point", "coordinates": [84.8502041, 25.5415573]}, "properties": {"highway": "street_lamp", "lamp_mount": "bent_mast", "lamp_type": "led", "ref": "168"}, "geohash": "tus36cdn3"},{"type": "Feature", "geometry": {"type": "Point", "coordinates": [84.8502923, 25.5389866]}, "properties": {"highway": "street_lamp", "lamp_mount": "bent_mast", "lamp_type": "led", "ref": "122"}, "geohash": "tus36c4p7"},{"type": "Feature", "geometry": {"type": "Point", "coordinates": [84.850239, 25.540472]}, "properties": {"highway": "street_lamp", "lamp_mount": "bent_mast", "lamp_type": "led", "ref": "133"}, "geohash": "tus36cd01"},{"type": "Feature", "geometry": {"type": "Point", "coordinates": [84.8541947, 25.5414682]}, "properties": {"highway": "street_lamp", "lamp_mount": "bent_mast", "lamp_type": "led", "ref": "92"}, "geohash": "tus36csvy"},{"type": "Feature", "geometry": {"type": "Point", "coordinates": [84.855635, 25.5440046]}, "properties": {"highway": "street_lamp", "lamp_mount": "bent_mast", "lamp_type": "led", "ref": "79"}, "geohash": "tus36fjux"},{"type": "Feature", "geometry": {"type": "Point", "coordinates": [84.8500823, 25.5375087]}, "properties": {"highway": "street_lamp", "lamp_mount": "bent_mast", "lamp_type": "led", "ref": "134"}, "geohash": "tus36bcyy"},{"type": "Feature", "geometry": {"type": "Point", "coordinates": [84.8536363, 25.5358163]}, "properties": {"highway": "street_lamp", "lamp_mount": "bent_mast", "lamp_type": "led", "ref": "151"}, "geohash": "tus36bssc"},{"type": "Feature", "geometry": {"type": "Point", "coordinates": [84.8553982, 25.5431984]}, "properties": {"highway": "street_lamp", "lamp_mount": "bent_mast", "lamp_type": "led", "ref": "83"}, "geohash": "tus36cvzf"},{"type": "Feature", "geometry": {"type": "Point", "coordinates": [84.8525237, 25.5406301]}, "properties": {"highway": "street_lamp", "lamp_mount": "bent_mast", "lamp_type": "led", "ref": "207"}, "geohash": "tus36ce8z"},{"type": "Feature", "geometry": {"type": "Point", "coordinates": [84.8502318, 25.5386343]}, "properties": {"highway": "street_lamp", "lamp_mount": "bent_mast", "lamp_type": "led", "ref": "117"}, "geohash": "tus36c4j3"},{"type": "Feature", "geometry": {"type": "Point", "coordinates": [84.8503109, 25.537463]}, "properties": {"highway": "street_lamp", "lamp_mount": "bent_mast", "lamp_type": "led", "ref": "135"}, "geohash": "tus36bfne"},{"type": "Feature", "geometry": {"type": "Point", "coordinates": [84.8528534, 25.5406619]}, "properties": {"highway": "street_lamp", "lamp_mount": "bent_mast", "lamp_type": "led", "ref": "209"}, "geohash": "tus36cecn"},{"type": "Feature", "geometry": {"type": "Point", "coordinates": [84.8534769, 25.5360795]}, "properties": {"highway": "street_lamp", "lamp_mount": "bent_mast", "lamp_type": "led", "ref": "150"}, "geohash": "tus36bsqm"},{"type": "Feature", "geometry": {"type": "Point", "coordinates": [84.850262, 25.5399371]}, "properties": {"highway": "street_lamp", "lamp_mount": "bent_mast", "lamp_type": "led", "ref": "129"}, "geohash": "tus36c6hf"},{"type": "Feature", "geometry": {"type": "Point", "coordinates": [84.8557747, 25.5446323]}, "properties": {"highway": "street_lamp", "lamp_mount": "bent_mast", "lamp_type": "led", "ref": "76"}, "geohash": "tus36fq06"},{"type": "Feature", "geometry": {"type": "Point", "coordinates": [84.8548757, 25.5424408]}, "properties": {"highway": "street_lamp", "lamp_mount": "bent_mast", "lamp_type": "led", "ref": "87"}, "geohash": "tus36cv7t"},{"type": "Feature", "geometry": {"type": "Point", "coordinates": [84.8532348, 25.5405454]}, "properties": {"highway": "street_lamp", "lamp_mount": "bent_mast", "lamp_type": "led", "ref": "212"}, "geohash": "tus36cs0r"},{"type": "Feature", "geometry": {"type": "Point", "coordinates": [84.8555961, 25.5437985]}, "properties": {"highway": "street_lamp", "lamp_mount": "bent_mast", "lamp_type": "led", "ref": "80"}, "geohash": "tus36fjgq"},{"type": "Feature", "geometry": {"type": "Point", "coordinates": [84.8537759, 25.5354951]}, "properties": {"highway": "street_lamp", "lamp_mount": "bent_mast", "lamp_type": "led", "ref": "153"}, "geohash": "tus36bseh"},{"type": "Feature", "geometry": {"type": "Point", "coordinates": [84.8524042, 25.536979]}, "properties": {"highway": "street_lamp", "lamp_mount": "bent_mast", "lamp_type": "led", "ref": "144"}, "geohash": "tus36bges"},{"type": "Feature", "geometry": {"type": "Point", "coordinates": [84.8537108, 25.5356752]}, "properties": {"highway": "street_lamp", "lamp_mount": "bent_mast", "lamp_type": "led", "ref": "152"}, "geohash": "tus36bss4"},{"type": "Feature", "geometry": {"type": "Point", "coordinates": [84.8533761, 25.5402895]}, "properties": {"highway": "street_lamp", "lamp_mount": "bent_mast", "lamp_type": "led", "ref": "98"}, "geohash": "tus36ckqf"},{"type": "Feature", "geometry": {"type": "Point", "coordinates": [84.8532359, 25.5400989]}, "properties": {"highway": "street_lamp", "lamp_mount": "bent_mast", "lamp_type": "led", "ref": "99"}, "geohash": "tus36ckjz"},{"type": "Feature", "geometry": {"type": "Point", "coordinates": [84.853537, 25.5405139]}, "properties": {"highway": "street_lamp", "lamp_mount": "bent_mast", "lamp_type": "led", "ref": "97"}, "geohash": "tus36cs2q"},{"type": "Feature", "geometry": {"type": "Point", "coordinates": [84.8515736, 25.5385884]}, "properties": {"highway": "street_lamp", "lamp_mount": "bent_mast", "lamp_type": "led", "ref": "109"}, "geohash": "tus36c5j0"},{"type": "Feature", "geometry": {"type": "Point", "coordinates": [84.8520446, 25.5387083]}, "properties": {"highway": "street_lamp", "lamp_mount": "bent_mast", "lamp_type": "led", "ref": "107"}, "geohash": "tus36c5mg"},{"type": "Feature", "geometry": {"type": "Point", "coordinates": [84.8533277, 25.5404891]}, "properties": {"highway": "street_lamp", "lamp_mount": "bent_mast", "lamp_type": "led", "ref": "213"}, "geohash": "tus36cs21"},{"type": "Feature", "geometry": {"type": "Point", "coordinates": [84.8528889, 25.5396155]}, "properties": {"highway": "street_lamp", "lamp_mount": "bent_mast", "lamp_type": "led", "ref": "102"}, "geohash": "tus36c7gp"},{"type": "Feature", "geometry": {"type": "Point", "coordinates": [84.8543241, 25.5416557]}, "properties": {"highway": "street_lamp", "lamp_mount": "bent_mast", "lamp_type": "led", "ref": "91"}, "geohash": "tus36ctnc"},{"type": "Feature", "geometry": {"type": "Point", "coordinates": [84.8510696, 25.538613]}, "properties": {"highway": "street_lamp", "lamp_mount": "bent_mast", "lamp_type": "led", "ref": "111"}, "geohash": "tus36c4tj"},{"type": "Feature", "geometry": {"type": "Point", "coordinates": [84.8517405, 25.5372448]}, "properties": {"highway": "street_lamp", "lamp_mount": "bent_mast", "lamp_type": "led", "ref": "141"}, "geohash": "tus36bgjh"},{"type": "Feature", "geometry": {"type": "Point", "coordinates": [84.8501939, 25.5413845]}, "properties": {"highway": "street_lamp", "lamp_mount": "bent_mast", "lamp_type": "led", "ref": "167"}, "geohash": "tus36cdj2"},{"type": "Feature", "geometry": {"type": "Point", "coordinates": [84.8537958, 25.5409137]}, "properties": {"highway": "street_lamp", "lamp_mount": "bent_mast", "lamp_type": "led", "ref": "95"}, "geohash": "tus36csds"},{"type": "Feature", "geometry": {"type": "Point", "coordinates": [84.8505512, 25.5405704]}, "properties": {"highway": "street_lamp", "lamp_mount": "bent_mast", "lamp_type": "led", "ref": "194"}, "geohash": "tus36cd29"},{"type": "Feature", "geometry": {"type": "Point", "coordinates": [84.8502931, 25.5392323]}, "properties": {"highway": "street_lamp", "lamp_mount": "bent_mast", "lamp_type": "led", "ref": "124"}, "geohash": "tus36c60g"},{"type": "Feature", "geometry": {"type": "Point", "coordinates": [84.8539265, 25.5347899]}, "properties": {"highway": "street_lamp", "lamp_mount": "bent_mast", "lamp_type": "led", "ref": "156"}, "geohash": "tus36bkwz"},{"type": "Feature", "geometry": {"type": "Point", "coordinates": [84.8522313, 25.5370597]}, "properties": {"highway": "street_lamp", "lamp_mount": "bent_mast", "lamp_type": "led", "ref": "143"}, "geohash": "tus36bgs0"},{"type": "Feature", "geometry": {"type": "Point", "coordinates": [84.8515413, 25.5373135]}, "properties": {"highway": "street_lamp", "lamp_mount": "bent_mast", "lamp_type": "led", "ref": "140"}, "geohash": "tus36bgj8"},{"type": "Feature", "geometry": {"type": "Point", "coordinates": [84.8502796, 25.5395272]}, "properties": {"highway": "street_lamp", "lamp_mount": "bent_mast", "lamp_type": "led", "ref": "126"}, "geohash": "tus36c64d"},{"type": "Feature", "geometry": {"type": "Point", "coordinates": [84.8507754, 25.538678]}, "properties": {"highway": "street_lamp", "lamp_mount": "bent_mast", "lamp_type": "led", "ref": "112"}, "geohash": "tus36c4mw"},{"type": "Feature", "geometry": {"type": "Point", "coordinates": [84.8540678, 25.541292]}, "properties": {"highway": "street_lamp", "lamp_mount": "bent_mast", "lamp_type": "led", "ref": "93"}, "geohash": "tus36csug"},{"type": "Feature", "geometry": {"type": "Point", "coordinates": [84.8502851, 25.5393732]}, "properties": {"highway": "street_lamp", "lamp_mount": "bent_mast", "lamp_type": "led", "ref": "125"}, "geohash": "tus36c61d"},{"type": "Feature", "geometry": {"type": "Point", "coordinates": [84.8502966, 25.538893]}, "properties": {"highway": "street_lamp", "lamp_mount": "bent_mast", "lamp_type": "led", "ref": "121"}, "geohash": "tus36c4ng"},{"type": "Feature", "geometry": {"type": "Point", "coordinates": [84.8530038, 25.5366037]}, "properties": {"highway": "street_lamp", "lamp_mount": "bent_mast", "lamp_type": "led", "ref": "147"}, "geohash": "tus36bu16"},{"type": "Feature", "geometry": {"type": "Point", "coordinates": [84.8508132, 25.5374362]}, "properties": {"highway": "street_lamp", "lamp_mount": "bent_mast", "lamp_type": "led", "ref": "137"}, "geohash": "tus36bfqr"},{"type": "Feature", "geometry": {"type": "Point", "coordinates": [84.8526699, 25.5406348]}, "properties": {"highway": "street_lamp", "lamp_mount": "bent_mast", "lamp_type": "led", "ref": "208"}, "geohash": "tus36cebf"},{"type": "Feature", "geometry": {"type": "Point", "coordinates": [84.8538688, 25.5352196]}, "properties": {"highway": "street_lamp", "lamp_mount": "bent_mast", "lamp_type": "led", "ref": "154"}, "geohash": "tus36bs9q"},{"type": "Feature", "geometry": {"type": "Point", "coordinates": [84.852638, 25.5368464]}, "properties": {"highway": "street_lamp", "lamp_mount": "bent_mast", "lamp_type": "led", "ref": "145"}, "geohash": "tus36bgfc"},{"type": "Feature", "geometry": {"type": "Point", "coordinates": [84.8502993, 25.5387957]}, "properties": {"highway": "street_lamp", "lamp_mount": "bent_mast", "lamp_type": "led", "ref": "120"}, "geohash": "tus36c4n7"},{"type": "Feature", "geometry": {"type": "Point", "coordinates": [84.8528336, 25.5367189]}, "properties": {"highway": "street_lamp", "lamp_mount": "bent_mast", "lamp_type": "led", "ref": "146"}, "geohash": "tus36bgfn"},{"type": "Feature", "geometry": {"type": "Point", "coordinates": [84.8512868, 25.537377]}, "properties": {"highway": "street_lamp", "lamp_mount": "bent_mast", "lamp_type": "led", "ref": "139"}, "geohash": "tus36bfy4"},{"type": "Feature", "geometry": {"type": "Point", "coordinates": [84.8505123, 25.5386777]}, "properties": {"highway": "street_lamp", "lamp_mount": "bent_mast", "lamp_type": "led", "ref": "113"}, "geohash": "tus36c4m8"},{"type": "Feature", "geometry": {"type": "Point", "coordinates": [84.8512902, 25.5385913]}, "properties": {"highway": "street_lamp", "lamp_mount": "bent_mast", "lamp_type": "led", "ref": "110"}, "geohash": "tus36c4v4"},{"type": "Feature", "geometry": {"type": "Point", "coordinates": [84.8524896, 25.5390406]}, "properties": {"highway": "street_lamp", "lamp_mount": "bent_mast", "lamp_type": "led", "ref": "105"}, "geohash": "tus36c5xw"},{"type": "Feature", "geometry": {"type": "Point", "coordinates": [84.8502055, 25.5409919]}, "properties": {"highway": "street_lamp", "lamp_mount": "bent_mast", "lamp_type": "led", "ref": "165"}, "geohash": "tus36cd51"},{"type": "Feature", "geometry": {"type": "Point", "coordinates": [84.8552624, 25.5429976]}, "properties": {"highway": "street_lamp", "lamp_mount": "bent_mast", "lamp_type": "led", "ref": "84"}, "geohash": "tus36cvww"},{"type": "Feature", "geometry": {"type": "Point", "coordinates": [84.853659, 25.540692]}, "properties": {"highway": "street_lamp", "lamp_mount": "bent_mast", "lamp_type": "led", "ref": "96"}, "geohash": "tus36cs93"},{"type": "Feature", "geometry": {"type": "Point", "coordinates": [84.8502131, 25.5408671]}, "properties": {"highway": "street_lamp", "lamp_mount": "bent_mast", "lamp_type": "led", "ref": "164"}, "geohash": "tus36cd43"},{"type": "Feature", "geometry": {"type": "Point", "coordinates": [84.8532039, 25.5364377]}, "properties": {"highway": "street_lamp", "lamp_mount": "bent_mast", "lamp_type": "led", "ref": "148"}, "geohash": "tus36bu0w"},{"type": "Feature", "geometry": {"type": "Point", "coordinates": [84.8502266, 25.540614]}, "properties": {"highway": "street_lamp", "lamp_mount": "bent_mast", "lamp_type": "led", "ref": "162"}, "geohash": "tus36cd0c"},{"type": "Feature", "geometry": {"type": "Point", "coordinates": [84.8500402, 25.538522]}, "properties": {"highway": "street_lamp", "lamp_mount": "bent_mast", "lamp_type": "led", "ref": "118"}, "geohash": "tus36c1ut"},{"type": "Feature", "geometry": {"type": "Point", "coordinates": [84.8502147, 25.5407305]}, "properties": {"highway": "street_lamp", "lamp_mount": "bent_mast", "lamp_type": "led", "ref": "163"}, "geohash": "tus36cd19"},{"type": "Feature", "geometry": {"type": "Point", "coordinates": [84.8530861, 25.5406322]}, "properties": {"highway": "street_lamp", "lamp_mount": "bent_mast", "lamp_type": "led", "ref": "211"}, "geohash": "tus36cs0u"},{"type": "Feature", "geometry": {"type": "Point", "coordinates": [84.8498236, 25.5383027]}, "properties": {"highway": "street_lamp", "lamp_mount": "bent_mast", "lamp_type": "led", "ref": "119"}, "geohash": "tus36c1g2"},{"type": "Feature", "geometry": {"type": "Point", "coordinates": [84.8538989, 25.5349848]}, "properties": {"highway": "street_lamp", "lamp_mount": "bent_mast", "lamp_type": "led", "ref": "155"}, "geohash": "tus36bs8p"},{"type": "Feature", "geometry": {"type": "Point", "coordinates": [84.8526171, 25.53922]}, "properties": {"highway": "street_lamp", "lamp_mount": "bent_mast", "lamp_type": "led", "ref": "104"}, "geohash": "tus36c7b9"},{"type": "Feature", "geometry": {"type": "Point", "coordinates": [84.8529828, 25.5406577]}, "properties": {"highway": "street_lamp", "lamp_mount": "bent_mast", "lamp_type": "led", "ref": "210"}, "geohash": "tus36cs11"},{"type": "Feature", "geometry": {"type": "Point", "coordinates": [84.8502708, 25.5397999]}, "properties": {"highway": "street_lamp", "lamp_mount": "bent_mast", "lamp_type": "led", "ref": "128"}, "geohash": "tus36c6h4"},{"type": "Feature", "geometry": {"type": "Point", "coordinates": [84.85026, 25.5400286]}, "properties": {"highway": "street_lamp", "lamp_mount": "bent_mast", "lamp_type": "led", "ref": "130"}, "geohash": "tus36c6j6"},{"type": "Feature", "geometry": {"type": "Point", "coordinates": [84.8522801, 25.5388529]}, "properties": {"highway": "street_lamp", "lamp_mount": "bent_mast", "lamp_type": "led", "ref": "106"}, "geohash": "tus36c5w9"},{"type": "Feature", "geometry": {"type": "Point", "coordinates": [84.8520445, 25.5371403]}, "properties": {"highway": "street_lamp", "lamp_mount": "bent_mast", "lamp_type": "led", "ref": "142"}, "geohash": "tus36bgke"},{"type": "Feature", "geometry": {"type": "Point", "coordinates": [84.855892, 25.5449546]}, "properties": {"highway": "street_lamp", "lamp_mount": "bent_mast", "lamp_type": "led", "ref": "215"}, "geohash": "tus36fq4j"},{"type": "Feature", "geometry": {"type": "Point", "coordinates": [84.8502492, 25.5402285]}, "properties": {"highway": "street_lamp", "lamp_mount": "bent_mast", "lamp_type": "led", "ref": "131"}, "geohash": "tus36c6nd"},{"type": "Feature", "geometry": {"type": "Point", "coordinates": [84.8527395, 25.5393965]}, "properties": {"highway": "street_lamp", "lamp_mount": "bent_mast", "lamp_type": "led", "ref": "103"}, "geohash": "tus36c7cu"},{"type": "Feature", "geometry": {"type": "Point", "coordinates": [84.8504072, 25.5405716]}, "properties": {"highway": "street_lamp", "lamp_mount": "bent_mast", "lamp_type": "led", "ref": "193"}, "geohash": "tus36cd0t"},{"type": "Feature", "geometry": {"type": "Point", "coordinates": [84.8507175, 25.5405712]}, "properties": {"highway": "street_lamp", "lamp_mount": "bent_mast", "lamp_type": "led", "ref": "194"}, "geohash": "tus36cd2t"},{"type": "Feature", "geometry": {"type": "Point", "coordinates": [84.8502034, 25.5412551]}, "properties": {"highway": "street_lamp", "lamp_mount": "bent_mast", "lamp_type": "led", "ref": "166"}, "geohash": "tus36cdh9"},{"type": "Feature", "geometry": {"type": "Point", "coordinates": [84.8502758, 25.5396505]}, "properties": {"highway": "street_lamp", "lamp_mount": "bent_mast", "lamp_type": "led", "ref": "127"}, "geohash": "tus36c654"},{"type": "Feature", "geometry": {"type": "Point", "coordinates": [84.8551271, 25.5428074]}, "properties": {"highway": "street_lamp", "lamp_mount": "bent_mast", "lamp_type": "led", "ref": "85"}, "geohash": "tus36cvte"},{"type": "Feature", "geometry": {"type": "Point", "coordinates": [84.8557395, 25.5444742]}, "properties": {"highway": "street_lamp", "lamp_mount": "bent_mast", "lamp_type": "led", "ref": "77"}, "geohash": "tus36fnp6"},{"type": "Feature", "geometry": {"type": "Point", "coordinates": [86.9494009, 25.2436335]}, "properties": {"highway": "street_lamp", "lamp_type": "led", "support": "pole"}, "geohash": "tumzde6wg"},{"type": "Feature", "geometry": {"type": "Point", "coordinates": [86.9486166, 25.2459065]}, "properties": {"highway": "street_lamp", "lamp_type": "LED"}, "geohash": "tumzdefh1"},{"type": "Feature", "geometry": {"type": "Point", "coordinates": [86.9487382, 25.2465611]}, "properties": {"highway": "street_lamp", "lamp_type": "LED"}, "geohash": "tumzdefpu"},{"type": "Feature", "geometry": {"type": "Point", "coordinates": [86.9490167, 25.2472379]}, "properties": {"highway": "street_lamp", "lamp_type": "LED"}, "geohash": "tumzds47f"},{"type": "Feature", "geometry": {"type": "Point", "coordinates": [86.9484848, 25.2478849]}, "properties": {"highway": "street_lamp", "lamp_type": "LED"}, "geohash": "tumzds1zw"},{"type": "Feature", "geometry": {"type": "Point", "coordinates": [86.9497387, 25.2476985]}, "properties": {"highway": "street_lamp", "lamp_type": "LED"}, "geohash": "tumzds4ye"},{"type": "Feature", "geometry": {"type": "Point", "coordinates": [86.9504294, 25.2476787]}, "properties": {"highway": "street_lamp", "lamp_type": "LED"}, "geohash": "tumzds5q7"},{"type": "Feature", "geometry": {"type": "Point", "coordinates": [86.9516989, 25.2475084]}, "properties": {"highway": "street_lamp", "lamp_type": "LED"}, "geohash": "tumzdshm3"},{"type": "Feature", "geometry": {"type": "Point", "coordinates": [86.9365585, 25.2395134]}, "properties": {"highway": "street_lamp", "lamp_type": "LED"}, "geohash": "tumzd69qb"},{"type": "Feature", "geometry": {"type": "Point", "coordinates": [86.9360136, 25.2395138]}, "properties": {"highway": "street_lamp", "lamp_type": "LED"}, "geohash": "tumzd68yg"},{"type": "Feature", "geometry": {"type": "Point", "coordinates": [86.932849, 25.2396133]}, "properties": {"highway": "street_lamp", "lamp_type": "LED"}, "geohash": "tumzd4wx6"},{"type": "Feature", "geometry": {"type": "Point", "coordinates": [86.9349637, 25.2396191]}, "properties": {"highway": "street_lamp", "lamp_type": "LED"}, "geohash": "tumzd68p7"},{"type": "Feature", "geometry": {"type": "Point", "coordinates": [86.9378854, 25.2381424]}, "properties": {"highway": "street_lamp"}, "geohash": "tumzd66nz"},{"type": "Feature", "geometry": {"type": "Point", "coordinates": [86.9390011, 25.2384982]}, "properties": {"highway": "street_lamp"}, "geohash": "tumzd6e0c"},{"type": "Feature", "geometry": {"type": "Point", "coordinates": [86.939409, 25.2383846]}, "properties": {"highway": "street_lamp"}, "geohash": "tumzd6e25"},{"type": "Feature", "geometry": {"type": "Point", "coordinates": [86.9390308, 25.2396035]}, "properties": {"highway": "street_lamp"}, "geohash": "tumzd6ep6"},{"type": "Feature", "geometry": {"type": "Point", "coordinates": [86.9337335, 25.2396155]}, "properties": {"highway": "street_lamp", "lamp_type": "LED"}, "geohash": "tumzd4xpq"},{"type": "Feature", "geometry": {"type": "Point", "coordinates": [86.933307, 25.2396783]}, "properties": {"highway": "street_lamp", "lamp_type": "LED"}, "geohash": "tumzd4wzu"},{"type": "Feature", "geometry": {"type": "Point", "coordinates": [86.9345072, 25.2395937]}, "properties": {"highway": "street_lamp", "lamp_type": "LED"}, "geohash": "tumzd4xz2"},{"type": "Feature", "geometry": {"type": "Point", "coordinates": [86.9467605, 25.247915]}, "properties": {"highway": "street_lamp", "lamp_type": "LED"}, "geohash": "tumzds0xy"},{"type": "Feature", "geometry": {"type": "Point", "coordinates": [86.9446524, 25.248042]}, "properties": {"highway": "street_lamp", "lamp_type": "LED"}, "geohash": "tumzdkr0t"},{"type": "Feature", "geometry": {"type": "Point", "coordinates": [86.9468627, 25.2460382]}, "properties": {"highway": "street_lamp", "lamp_type": "LED"}, "geohash": "tumzdebub"},{"type": "Feature", "geometry": {"type": "Point", "coordinates": [86.9464678, 25.2468887]}, "properties": {"highway": "street_lamp", "lamp_type": "LED"}, "geohash": "tumzds03z"},{"type": "Feature", "geometry": {"type": "Point", "coordinates": [86.947781, 25.2469041]}, "properties": {"highway": "street_lamp", "lamp_type": "LED"}, "geohash": "tumzds13y"},{"type": "Feature", "geometry": {"type": "Point", "coordinates": [86.9465429, 25.2423675]}, "properties": {"highway": "street_lamp", "lamp_type": "LED"}, "geohash": "tumzde0x3"},{"type": "Feature", "geometry": {"type": "Point", "coordinates": [86.9467148, 25.2433708]}, "properties": {"highway": "street_lamp", "lamp_type": "LED"}, "geohash": "tumzde2tm"},{"type": "Feature", "geometry": {"type": "Point", "coordinates": [86.9342096, 25.2396848]}, "properties": {"highway": "street_lamp", "lamp_type": "LED"}, "geohash": "tumzd4xxc"},{"type": "Feature", "geometry": {"type": "Point", "coordinates": [86.9477835, 25.2451573]}, "properties": {"highway": "street_lamp", "lamp_type": "LED"}, "geohash": "tumzde9rw"},{"type": "Feature", "geometry": {"type": "Point", "coordinates": [86.9420406, 25.2483243]}, "properties": {"highway": "street_lamp", "lamp_type": "LED"}, "geohash": "tumzdkm60"},{"type": "Feature", "geometry": {"type": "Point", "coordinates": [86.9402377, 25.2486007]}, "properties": {"highway": "street_lamp", "lamp_type": "LED"}, "geohash": "tumzdk7gy"},{"type": "Feature", "geometry": {"type": "Point", "coordinates": [86.9355237, 25.2396023]}, "properties": {"highway": "street_lamp", "lamp_type": "LED"}, "geohash": "tumzd68x2"},{"type": "Feature", "geometry": {"type": "Point", "coordinates": [86.9376148, 25.2391832]}, "properties": {"highway": "street_lamp"}, "geohash": "tumzd6dhc"},{"type": "Feature", "geometry": {"type": "Point", "coordinates": [86.9400793, 25.2397433]}, "properties": {"highway": "street_lamp"}, "geohash": "tumzd6gb4"},{"type": "Feature", "geometry": {"type": "Point", "coordinates": [86.9322375, 25.2395498]}, "properties": {"highway": "street_lamp", "lamp_type": "LED"}, "geohash": "tumzd4wp5"},{"type": "Feature", "geometry": {"type": "Point", "coordinates": [86.9384707, 25.2387521]}, "properties": {"highway": "street_lamp"}, "geohash": "tumzd6ddm"},{"type": "Feature", "geometry": {"type": "Point", "coordinates": [86.93959, 25.2397574]}, "properties": {"highway": "street_lamp"}, "geohash": "tumzd6g2p"},{"type": "Feature", "geometry": {"type": "Point", "coordinates": [86.9406095, 25.2398521]}, "properties": {"highway": "street_lamp"}, "geohash": "tumzd6u0z"},{"type": "Feature", "geometry": {"type": "Point", "coordinates": [86.9383999, 25.2396474]}, "properties": {"highway": "street_lamp"}, "geohash": "tumzd6dxe"},{"type": "Feature", "geometry": {"type": "Point", "coordinates": [86.9379811, 25.2390118]}, "properties": {"highway": "street_lamp"}, "geohash": "tumzd6d7c"},{"type": "Feature", "geometry": {"type": "Point", "coordinates": [86.9380712, 25.2384994]}, "properties": {"highway": "street_lamp"}, "geohash": "tumzd6d2g"},{"type": "Feature", "geometry": {"type": "Point", "coordinates": [86.9426189, 25.2398658]}, "properties": {"highway": "street_lamp"}, "geohash": "tumzd6v8v"},{"type": "Feature", "geometry": {"type": "Point", "coordinates": [86.9440884, 25.2398658]}, "properties": {"highway": "street_lamp"}, "geohash": "tumzd6ybb"},{"type": "Feature", "geometry": {"type": "Point", "coordinates": [86.9420517, 25.2398553]}, "properties": {"highway": "street_lamp"}, "geohash": "tumzd6v2b"},{"type": "Feature", "geometry": {"type": "Point", "coordinates": [86.9435554, 25.2397797]}, "properties": {"highway": "street_lamp"}, "geohash": "tumzd6y27"},{"type": "Feature", "geometry": {"type": "Point", "coordinates": [86.9435554, 25.2397797]}, "properties": {"highway": "street_lamp"}, "geohash": "tumzd6y27"},{"type": "Feature", "geometry": {"type": "Point", "coordinates": [86.94449, 25.2398344]}, "properties": {"highway": "street_lamp"}, "geohash": "tumzd6z09"},{"type": "Feature", "geometry": {"type": "Point", "coordinates": [84.7226992, 25.7877593]}, "properties": {"highway": "street_lamp", "lamp_mount": "bent_mast", "lamp_type": "led"}, "geohash": "tus4xyt0t"},{"type": "Feature", "geometry": {"type": "Point", "coordinates": [84.7226887, 25.7879267]}, "properties": {"highway": "street_lamp", "lamp_mount": "bent_mast", "lamp_type": "led"}, "geohash": "tus4xyt1t"},{"type": "Feature", "geometry": {"type": "Point", "coordinates": [84.722675, 25.7879293]}, "properties": {"highway": "street_lamp", "lamp_mount": "bent_mast", "lamp_type": "led"}, "geohash": "tus4xyt1t"},{"type": "Feature", "geometry": {"type": "Point", "coordinates": [84.7229472, 25.7878822]}, "properties": {"highway": "street_lamp", "lamp_mount": "bent_mast", "lamp_type": "led"}, "geohash": "tus4xyt37"},{"type": "Feature", "geometry": {"type": "Point", "coordinates": [84.7229392, 25.7878836]}, "properties": {"highway": "street_lamp", "lamp_mount": "bent_mast", "lamp_type": "led"}, "geohash": "tus4xyt37"},{"type": "Feature", "geometry": {"type": "Point", "coordinates": [84.7229476, 25.7877172]}, "properties": {"highway": "street_lamp", "lamp_mount": "bent_mast", "lamp_type": "led"}, "geohash": "tus4xyt27"},{"type": "Feature", "geometry": {"type": "Point", "coordinates": [84.7229396, 25.7877186]}, "properties": {"highway": "street_lamp", "lamp_mount": "bent_mast", "lamp_type": "led"}, "geohash": "tus4xyt27"},{"type": "Feature", "geometry": {"type": "Point", "coordinates": [84.7226912, 25.7877607]}, "properties": {"highway": "street_lamp", "lamp_mount": "bent_mast", "lamp_type": "led"}, "geohash": "tus4xyt0t"}]}